{
  "type": "FeatureCollection",
  "features": [
    {
      "type": "Feature",
      "geometry": {
        "type": "Point",
        "coordinates": [
          77.5577315,
          13.0766407
        ]
      },
      "properties": {
        "id": 308715244,
        "name": "Vidyaranyapura",
        "type": "place",
        "subtype": "suburb",
        "population": null,
        "tags": {
          "name": "Vidyaranyapura",
          "name:etymology:wikidata": "Q2726403",
          "name:etymology:wikipedia": "en:Vidyaranya",
          "name:kn": "ವಿದ್ಯಾರಣ್ಯಪುರ",
          "name:ta": "வித்யாரன்யபுரா",
          "place": "suburb",
          "wikipedia": "Vidyaranyapura"
        }
      }
    },
    {
      "type": "Feature",
      "geometry": {
        "type": "Point",
        "coordinates": [
          77.583333,
          13.0
        ]
      },
      "properties": {
        "id": 316417066,
        "name": "Bangalore Urban",
        "type": "place",
        "subtype": "county",
        "population": null,
        "tags": {
          "gns:dsg": "ADM2",
          "gns:uni": "-2902455",
          "name": "Bangalore Urban",
          "name:en": "Bangalore Urban",
          "name:kn": "ಬೆಂಗಳೂರು ನಗರ",
          "place": "county",
          "source": "GNS"
        }
      }
    },
    {
      "type": "Feature",
      "geometry": {
        "type": "Point",
        "coordinates": [
          77.6381958,
          12.9624669
        ]
      },
      "properties": {
        "id": 347261886,
        "name": "Domlur",
        "type": "place",
        "subtype": "quarter",
        "population": null,
        "tags": {
          "is_in": "Bangalore",
          "name": "Domlur",
          "name:kn": "ದೊಮ್ಮಲೂರು",
          "name:ml": "ദൊമ്മലൂർ",
          "name:ta": "டோம்லூர்",
          "place": "quarter",
          "wikidata": "Q3595289",
          "wikimedia_commons": "Category:Domlur",
          "wikipedia": "en:Domlur"
        }
      }
    },
    {
      "type": "Feature",
      "geometry": {
        "type": "Point",
        "coordinates": [
          77.6479018,
          12.9628452
        ]
      },
      "properties": {
        "id": 347262164,
        "name": "Kodihalli",
        "type": "place",
        "subtype": "quarter",
        "population": null,
        "tags": {
          "is_in": "Bangalore",
          "name": "Kodihalli",
          "name:kn": "ಕೋಡಿಹಳ್ಳಿ",
          "name:ml": "കോടിഹള്ളി",
          "place": "quarter"
        }
      }
    },
    {
      "type": "Feature",
      "geometry": {
        "type": "Point",
        "coordinates": [
          77.7497448,
          12.9696365
        ]
      },
      "properties": {
        "id": 377219489,
        "name": "Whitefield",
        "type": "place",
        "subtype": "suburb",
        "population": null,
        "tags": {
          "alt_name": "ವೈಟ್ ಫೀಲ್ಡ್",
          "int_name": "Whitefield",
          "is_in:city": "Bangalore",
          "name": "Whitefield",
          "name:kn": "ವೈಟ್‌ಫೀಲ್ಡ್‌",
          "name:ml": "വൈറ്റ്ഫീൽഡ്",
          "name:ta": "வொயிட்ஃபீல்டு",
          "name:te": "వైట్‌ఫీల్డ్",
          "old_name": "Whitefield",
          "pin": "560066",
          "place": "suburb",
          "wikidata": "Q5321082",
          "wikipedia": "en:Whitefield, Bangalore"
        }
      }
    },
    {
      "type": "Feature",
      "geometry": {
        "type": "Point",
        "coordinates": [
          77.717936,
          12.9652094
        ]
      },
      "properties": {
        "id": 378717492,
        "name": "Brookefield",
        "type": "place",
        "subtype": "quarter",
        "population": null,
        "tags": {
          "is_in:city": "Bangalore",
          "name": "Brookefield",
          "name:kn": "ಬ್ರೂಕ್ ಫೀಲ್ಡ್ಸ್",
          "name:ml": "ബ്രൂക്ക്ഫീൽഡ്സ്",
          "name:ta": "ப்ரூக்ஃபீல்டு",
          "place": "quarter",
          "wikidata": "Q4974507",
          "wikipedia": "en:Brookefield"
        }
      }
    },
    {
      "type": "Feature",
      "geometry": {
        "type": "Point",
        "coordinates": [
          77.6196815,
          13.0660294
        ]
      },
      "properties": {
        "id": 391881071,
        "name": "Srirampura",
        "type": "place",
        "subtype": "neighbourhood",
        "population": null,
        "tags": {
          "name": "Srirampura",
          "name:kn": "ರಾಮಪುರ",
          "name:ta": "ஸ்ரீராம்புரா",
          "place": "neighbourhood"
        }
      }
    },
    {
      "type": "Feature",
      "geometry": {
        "type": "Point",
        "coordinates": [
          77.6333905,
          13.0720352
        ]
      },
      "properties": {
        "id": 410861186,
        "name": "R K Hegde Nagara",
        "type": "place",
        "subtype": "quarter",
        "population": null,
        "tags": {
          "alt_name": "Hegde Nagar; Hegdenagar",
          "name": "R K Hegde Nagara",
          "name:kn": "ಹೆಗ್ಡೆನಗರ",
          "place": "quarter"
        }
      }
    },
    {
      "type": "Feature",
      "geometry": {
        "type": "Point",
        "coordinates": [
          77.6379402,
          13.0713622
        ]
      },
      "properties": {
        "id": 410861196,
        "name": "Shabarinagara",
        "type": "place",
        "subtype": "neighbourhood",
        "population": null,
        "tags": {
          "name": "Shabarinagara",
          "name:kn": "ಶಬರಿನಗರ",
          "place": "neighbourhood"
        }
      }
    },
    {
      "type": "Feature",
      "geometry": {
        "type": "Point",
        "coordinates": [
          77.6493895,
          13.0613601
        ]
      },
      "properties": {
        "id": 411430090,
        "name": "Kothanur",
        "type": "place",
        "subtype": "quarter",
        "population": null,
        "tags": {
          "is_in": "Karnataka,India,Asia",
          "name": "Kothanur",
          "name:kn": "ಕೊತನೂರು",
          "place": "quarter"
        }
      }
    },
    {
      "type": "Feature",
      "geometry": {
        "type": "Point",
        "coordinates": [
          77.6446688,
          13.0486343
        ]
      },
      "properties": {
        "id": 412647768,
        "name": "Geddalahalli",
        "type": "place",
        "subtype": "quarter",
        "population": null,
        "tags": {
          "is_in": "Karnataka,India,Asia",
          "name": "Geddalahalli",
          "name:kn": "ಗೆದ್ದೆಲಹಳ್ಳಿ",
          "place": "quarter"
        }
      }
    },
    {
      "type": "Feature",
      "geometry": {
        "type": "Point",
        "coordinates": [
          77.6710224,
          13.0543306
        ]
      },
      "properties": {
        "id": 419795521,
        "name": "Bileshivale",
        "type": "place",
        "subtype": "village",
        "population": null,
        "tags": {
          "is_in": "Asia,India,Karnataka",
          "name": "Bileshivale",
          "name:kn": "ಬಿಳಿಶಿವಾಲೆ",
          "name:kn:iso15919": "Biḷiśivāle",
          "place": "village"
        }
      }
    },
    {
      "type": "Feature",
      "geometry": {
        "type": "Point",
        "coordinates": [
          77.6731772,
          13.0712038
        ]
      },
      "properties": {
        "id": 419800580,
        "name": "Dodda Gubbi",
        "type": "place",
        "subtype": "village",
        "population": null,
        "tags": {
          "is_in": "Asia,India,Karnataka",
          "name": "Dodda Gubbi",
          "name:kn": "ದೊಡ್ಡ ಗುಬ್ಬಿ",
          "place": "village"
        }
      }
    },
    {
      "type": "Feature",
      "geometry": {
        "type": "Point",
        "coordinates": [
          77.6591321,
          13.0564575
        ]
      },
      "properties": {
        "id": 420076871,
        "name": "Kyalasanahalli",
        "type": "place",
        "subtype": "village",
        "population": null,
        "tags": {
          "name": "Kyalasanahalli",
          "name:kn": "ಕ್ಯಾಲಸನಹಳ್ಳಿ",
          "place": "village"
        }
      }
    },
    {
      "type": "Feature",
      "geometry": {
        "type": "Point",
        "coordinates": [
          77.6821872,
          13.0687589
        ]
      },
      "properties": {
        "id": 420080581,
        "name": "Anagalapura",
        "type": "place",
        "subtype": "village",
        "population": null,
        "tags": {
          "name": "Anagalapura",
          "name:kn": "ಅಣಗಲಪುರ",
          "name:kn:iso15919": "Aṇagalapura",
          "place": "village"
        }
      }
    },
    {
      "type": "Feature",
      "geometry": {
        "type": "Point",
        "coordinates": [
          77.6809788,
          13.0765576
        ]
      },
      "properties": {
        "id": 420082930,
        "name": "Bande Bommasandra",
        "type": "place",
        "subtype": "village",
        "population": null,
        "tags": {
          "is_in": "Asia,India,Karnataka",
          "name": "Bande Bommasandra",
          "name:kn": "ಬಂಡೆ ಬೊಮ್ಮಸಂದ್ರ",
          "place": "village"
        }
      }
    },
    {
      "type": "Feature",
      "geometry": {
        "type": "Point",
        "coordinates": [
          77.6495031,
          13.0553214
        ]
      },
      "properties": {
        "id": 420087906,
        "name": "Chikkabyrathi",
        "type": "place",
        "subtype": "neighbourhood",
        "population": null,
        "tags": {
          "is_in": "Asia,India,Karnataka",
          "name": "Chikkabyrathi",
          "name:kn": "ಚಿಕ್ಕಬೈರತಿ",
          "place": "neighbourhood"
        }
      }
    },
    {
      "type": "Feature",
      "geometry": {
        "type": "Point",
        "coordinates": [
          77.6520993,
          13.0563529
        ]
      },
      "properties": {
        "id": 420088225,
        "name": "Byrathi",
        "type": "place",
        "subtype": "neighbourhood",
        "population": null,
        "tags": {
          "is_in": "Asia,India,Karnataka",
          "name": "Byrathi",
          "name:kn": "ಭೈರತಿ",
          "name:kn:iso15919": "Bhairati",
          "place": "neighbourhood"
        }
      }
    },
    {
      "type": "Feature",
      "geometry": {
        "type": "Point",
        "coordinates": [
          77.5753419,
          12.9931876
        ]
      },
      "properties": {
        "id": 427531067,
        "name": "Seshadripuram",
        "type": "place",
        "subtype": "quarter",
        "population": null,
        "tags": {
          "is_in": "Bengaluru",
          "name": "Seshadripuram",
          "name:kn": "ಶೇಷಾದ್ರಿಪುರಂ",
          "name:ml": "ശേഷാദ്രിപുരം",
          "name:ta": "ஷேஷாத்ரிபுரம்",
          "place": "quarter"
        }
      }
    },
    {
      "type": "Feature",
      "geometry": {
        "type": "Point",
        "coordinates": [
          77.5703253,
          13.0027353
        ]
      },
      "properties": {
        "id": 427595936,
        "name": "Malleswaram",
        "type": "place",
        "subtype": "suburb",
        "population": null,
        "tags": {
          "alt_name": "Malleshwaram",
          "is_in": "Bengaluru",
          "name": "Malleswaram",
          "name:kn": "ಮಲ್ಲೇಶ್ವರಂ",
          "name:ml": "മല്ലേശ്വരം",
          "name:ta": "மல்லேஷ்வரம்",
          "place": "suburb"
        }
      }
    },
    {
      "type": "Feature",
      "geometry": {
        "type": "Point",
        "coordinates": [
          77.5922609,
          12.9664555
        ]
      },
      "properties": {
        "id": 428464052,
        "name": "Sampangirama Nagar",
        "type": "place",
        "subtype": "neighbourhood",
        "population": null,
        "tags": {
          "name": "Sampangirama Nagar",
          "name:kn": "ಸಂಪಾಂಗಿರಾಮನಗರ",
          "name:ml": "സമ്പങ്കിരാമനഗർ",
          "place": "neighbourhood"
        }
      }
    },
    {
      "type": "Feature",
      "geometry": {
        "type": "Point",
        "coordinates": [
          77.5924278,
          12.9555367
        ]
      },
      "properties": {
        "id": 428464054,
        "name": "Shanti Nagar",
        "type": "place",
        "subtype": "suburb",
        "population": null,
        "tags": {
          "is_in": "Bengaluru",
          "name": "Shanti Nagar",
          "name:kn": "ಶಾಂತಿನಗರ",
          "name:ml": "ശാന്തിനഗർ",
          "name:ta": "சாந்தி நகர்",
          "place": "suburb"
        }
      }
    },
    {
      "type": "Feature",
      "geometry": {
        "type": "Point",
        "coordinates": [
          77.6054496,
          12.9855286
        ]
      },
      "properties": {
        "id": 429303186,
        "name": "Shivajinagar",
        "type": "place",
        "subtype": "suburb",
        "population": null,
        "tags": {
          "is_in": "Bengaluru",
          "name": "Shivajinagar",
          "name:hi": "शिवाजीनगर",
          "name:kn": "ಶಿವಾಜಿನಗರ",
          "name:ml": "ശിവാജിനഗർ",
          "name:ta": "சிவாஜி நகர்",
          "old_name": "Blackpully",
          "place": "suburb"
        }
      }
    },
    {
      "type": "Feature",
      "geometry": {
        "type": "Point",
        "coordinates": [
          77.5800313,
          12.9771534
        ]
      },
      "properties": {
        "id": 429697299,
        "name": "Gandhinagar",
        "type": "place",
        "subtype": "suburb",
        "population": null,
        "tags": {
          "alt_name": "Gandhi Nagar",
          "is_in": "Bengaluru",
          "name": "Gandhinagar",
          "name:hi": "गान्धी नगर",
          "name:hi-Latn": "Gāndhī Nagar",
          "name:kn": "ಗಾಂಧಿನಗರ",
          "name:kn-Latn": "Gāndhinagara",
          "name:ml": "ഗാന്ധിനഗർ",
          "name:ta": "காந்தி நகர்",
          "name:ur": "گاندھی نگر",
          "name:ur-Latn": "Gāndhī Nagar",
          "place": "suburb",
          "wikidata": "Q28173580"
        }
      }
    },
    {
      "type": "Feature",
      "geometry": {
        "type": "Point",
        "coordinates": [
          77.5761103,
          12.9531831
        ]
      },
      "properties": {
        "id": 429736137,
        "name": "VV Puram",
        "type": "place",
        "subtype": "quarter",
        "population": null,
        "tags": {
          "full_name": "Visvesvarapuram",
          "is_in": "Bengaluru",
          "name": "VV Puram",
          "name:hi": "विश्वेश्वरपुरम",
          "name:kn": "ವಿಶ್ವೇಶ್ವರಪುರಂ",
          "name:ru": "вишвешварапурам",
          "name:sr": "вишвешварапурам",
          "name:ta": "விஸ்வேஸ்வரபுரம்",
          "place": "quarter"
        }
      }
    },
    {
      "type": "Feature",
      "geometry": {
        "type": "Point",
        "coordinates": [
          77.5824229,
          12.9292731
        ]
      },
      "properties": {
        "id": 429853334,
        "name": "Jayanagar",
        "type": "place",
        "subtype": "suburb",
        "population": null,
        "tags": {
          "is_in": "Bengaluru",
          "name": "Jayanagar",
          "name:etymology:wikidata": "Q1391321",
          "name:etymology:wikipedia": "en:Jayachamarajendra Wadiyar",
          "name:kn": "ಜಯನಗರ",
          "name:ml": "ജയനഗർ",
          "name:ta": "ஜெயாநகர்",
          "place": "suburb"
        }
      }
    },
    {
      "type": "Feature",
      "geometry": {
        "type": "Point",
        "coordinates": [
          77.5866067,
          12.9096941
        ]
      },
      "properties": {
        "id": 429853335,
        "name": "JP Nagar",
        "type": "place",
        "subtype": "suburb",
        "population": null,
        "tags": {
          "alt_name": "Jayaprakash Narayan Nagar",
          "full_name": "Jayaprakash Nagar",
          "name": "JP Nagar",
          "name:etymology:wikidata": "Q734509",
          "name:etymology:wikipedia": "en:Jayaprakash Narayan",
          "name:kn": "ಜಯಪ್ರಕಾಶ ನಾರಾಯಣ ನಗರ",
          "name:ta": "ஜேபி நகர்",
          "official_name": "Jayaprakash Nagara",
          "old_name": "Sarakki Layout",
          "place": "suburb",
          "short_name": "J. P. Nagar",
          "wikidata": "Q6106701",
          "wikipedia": "en:Jayaprakash Nagar, Bangalore"
        }
      }
    },
    {
      "type": "Feature",
      "geometry": {
        "type": "Point",
        "coordinates": [
          77.5637191,
          12.9268667
        ]
      },
      "properties": {
        "id": 429853336,
        "name": "Banashankari 2nd Stage",
        "type": "place",
        "subtype": "quarter",
        "population": null,
        "tags": {
          "is_in": "Bengaluru",
          "name": "Banashankari 2nd Stage",
          "name:kn": "ಬನಶಂಕರಿ",
          "name:ta": "பனசங்கரி கட்டம் 2",
          "place": "quarter"
        }
      }
    },
    {
      "type": "Feature",
      "geometry": {
        "type": "Point",
        "coordinates": [
          77.5629161,
          12.9584184
        ]
      },
      "properties": {
        "id": 429853694,
        "name": "Chamarajapete",
        "type": "place",
        "subtype": "suburb",
        "population": null,
        "tags": {
          "alt_name": "Chamrajpet",
          "is_in": "Bengaluru",
          "name": "Chamarajapete",
          "name:kn": "ಚಾಮರಾಜಪೇಟೆ",
          "name:ta": "சாம்ராஜ்பேட்டே",
          "place": "suburb"
        }
      }
    },
    {
      "type": "Feature",
      "geometry": {
        "type": "Point",
        "coordinates": [
          77.5638092,
          12.9909874
        ]
      },
      "properties": {
        "id": 429857521,
        "name": "Sriramapuram",
        "type": "place",
        "subtype": "quarter",
        "population": null,
        "tags": {
          "is_in": "Bengaluru",
          "name": "Sriramapuram",
          "name:hi": "श्रीरामपुरम",
          "name:kn": "ಶ್ರೀರಾಮಪುರಂ",
          "name:ta": "ஸ்ரீராம்புரம்",
          "place": "quarter"
        }
      }
    },
    {
      "type": "Feature",
      "geometry": {
        "type": "Point",
        "coordinates": [
          77.554883,
          12.9882338
        ]
      },
      "properties": {
        "id": 429857523,
        "name": "Rajajinagar",
        "type": "place",
        "subtype": "suburb",
        "population": null,
        "tags": {
          "alt_name": "Rajajinagar",
          "name": "Rajajinagar",
          "name:etymology:wikidata": "Q378404",
          "name:etymology:wikipedia": "en:C. Rajagopalachari",
          "name:hi": "राजाजीनगर",
          "name:kn": "ರಾಜಾಜಿನಗರ",
          "name:ta": "ராஜாஜி நகர்",
          "old_name": "Industrial Suburb",
          "place": "suburb",
          "postal_code": "560010",
          "wikipedia": "en:Rajajinagar"
        }
      }
    },
    {
      "type": "Feature",
      "geometry": {
        "type": "Point",
        "coordinates": [
          77.5354092,
          12.9663993
        ]
      },
      "properties": {
        "id": 429857524,
        "name": "Vijaya Nagar",
        "type": "place",
        "subtype": "suburb",
        "population": null,
        "tags": {
          "is_in": "Bengaluru",
          "name": "Vijaya Nagar",
          "name:kn": "ವಿಜಯನಗರ",
          "name:ta": "விஜயா‌ நகர்",
          "place": "suburb"
        }
      }
    },
    {
      "type": "Feature",
      "geometry": {
        "type": "Point",
        "coordinates": [
          77.5358407,
          12.9609115
        ]
      },
      "properties": {
        "id": 429857525,
        "name": "Hampi Nagar",
        "type": "place",
        "subtype": "quarter",
        "population": null,
        "tags": {
          "alt_name": "RPC Layout",
          "is_in": "Bengaluru",
          "name": "Hampi Nagar",
          "name:kn": "ಹಂಪಿನಗರ",
          "name:ta": "ஹம்பி நகர்",
          "place": "quarter"
        }
      }
    },
    {
      "type": "Feature",
      "geometry": {
        "type": "Point",
        "coordinates": [
          77.5819643,
          12.9528478
        ]
      },
      "properties": {
        "id": 429876575,
        "name": "Mavalli",
        "type": "place",
        "subtype": "neighbourhood",
        "population": null,
        "tags": {
          "name": "Mavalli",
          "name:kn": "ಮಾವಳ್ಳಿ",
          "place": "neighbourhood"
        }
      }
    },
    {
      "type": "Feature",
      "geometry": {
        "type": "Point",
        "coordinates": [
          77.617629,
          12.9238149
        ]
      },
      "properties": {
        "id": 429918281,
        "name": "Madiwala",
        "type": "place",
        "subtype": "quarter",
        "population": null,
        "tags": {
          "is_in": "Bengaluru",
          "name": "Madiwala",
          "name:kn": "ಮಡಿವಾಳ",
          "name:ml": "മഡിവാള",
          "name:ta": "மடிவாலா",
          "place": "quarter",
          "wikidata": "Q6728242",
          "wikimedia_commons": "Category:Madiwala",
          "wikipedia": "en:Madiwala"
        }
      }
    },
    {
      "type": "Feature",
      "geometry": {
        "type": "Point",
        "coordinates": [
          77.624081,
          12.9357366
        ]
      },
      "properties": {
        "id": 429918282,
        "name": "Koramangala",
        "type": "place",
        "subtype": "suburb",
        "population": null,
        "tags": {
          "is_in": "Bengaluru",
          "name": "Koramangala",
          "name:kn": "ಕೋರಮಂಗಲ",
          "name:ml": "കോരമംഗല",
          "name:ta": "கோரமங்கலா",
          "name:te": "కోరమంగళ",
          "place": "suburb"
        }
      }
    },
    {
      "type": "Feature",
      "geometry": {
        "type": "Point",
        "coordinates": [
          77.6088867,
          12.9440234
        ]
      },
      "properties": {
        "id": 429921850,
        "name": "Adugodi",
        "type": "place",
        "subtype": "quarter",
        "population": null,
        "tags": {
          "name": "Adugodi",
          "name:kn": "ಅಡುಗೊಡಿ",
          "name:ml": "അഡുഗോഡി",
          "name:ta": "அடுகோடி",
          "place": "quarter"
        }
      }
    },
    {
      "type": "Feature",
      "geometry": {
        "type": "Point",
        "coordinates": [
          77.5968273,
          12.9489339
        ]
      },
      "properties": {
        "id": 429921851,
        "name": "Wilson Garden",
        "type": "place",
        "subtype": "quarter",
        "population": null,
        "tags": {
          "name": "Wilson Garden",
          "name:kn": "ವಿಲ್ಸನ್ ಗಾರ್ಡನ್",
          "name:ta": "வில்சன் தோட்டம்",
          "place": "quarter"
        }
      }
    },
    {
      "type": "Feature",
      "geometry": {
        "type": "Point",
        "coordinates": [
          77.6152935,
          12.9612736
        ]
      },
      "properties": {
        "id": 429921852,
        "name": "Austin Town",
        "type": "place",
        "subtype": "suburb",
        "population": null,
        "tags": {
          "is_in": "Bengaluru",
          "name": "Austin Town",
          "name:kn": "ಆಸ್ಟಿನ್ ರಸ್ತೆ",
          "name:ml": "ഓസ്റ്റിൻ ടൗൺ",
          "name:ta": "ஆஸ்டின் டவுன்",
          "official_name": "F Kittel Nagar",
          "official_name:kn": "ಎಫ್ ಕಿಟ್ಟೆಲ್ ನಗರ",
          "place": "suburb",
          "wikidata": "Q18750174",
          "wikipedia": "en:Austin Town"
        }
      }
    },
    {
      "type": "Feature",
      "geometry": {
        "type": "Point",
        "coordinates": [
          77.6092319,
          12.9694359
        ]
      },
      "properties": {
        "id": 429921853,
        "name": "Ashok Nagar",
        "type": "place",
        "subtype": "quarter",
        "population": null,
        "tags": {
          "is_in": "Bengaluru",
          "name": "Ashok Nagar",
          "name:kn": "ಅಶೋಕ ನಗರ",
          "name:ml": "അശോക് നഗർ",
          "old_name": "Shoolay",
          "place": "quarter"
        }
      }
    },
    {
      "type": "Feature",
      "geometry": {
        "type": "Point",
        "coordinates": [
          77.6231374,
          12.9529247
        ]
      },
      "properties": {
        "id": 429921854,
        "name": "Viveknagar",
        "type": "place",
        "subtype": "neighbourhood",
        "population": null,
        "tags": {
          "alt_name": "Vivek Nagar",
          "name": "Viveknagar",
          "name:kn": "ವಿವೇಕನಗರ",
          "name:ml": "വിവേക്നഗർ",
          "name:ta": "விவேக்நகர்",
          "place": "neighbourhood"
        }
      }
    },
    {
      "type": "Feature",
      "geometry": {
        "type": "Point",
        "coordinates": [
          77.6274776,
          12.945245
        ]
      },
      "properties": {
        "id": 429921855,
        "name": "Ejipura",
        "type": "place",
        "subtype": "quarter",
        "population": null,
        "tags": {
          "is_in": "Bengaluru",
          "name": "Ejipura",
          "name:kn": "ಈಜಿಪುರ",
          "name:kn:iso15919": "Ījipura",
          "name:ml": "ഈജിപുര",
          "name:ta": "எஜ்ஜிபுரா",
          "place": "quarter",
          "wikipedia": "en:Ejipura"
        }
      }
    },
    {
      "type": "Feature",
      "geometry": {
        "type": "Point",
        "coordinates": [
          77.5852286,
          12.9684991
        ]
      },
      "properties": {
        "id": 429921856,
        "name": "Cubbonpet",
        "type": "place",
        "subtype": "neighbourhood",
        "population": null,
        "tags": {
          "name": "Cubbonpet",
          "name:kn": "ಕಬ್ಬನ್ ಪೇಟೆ",
          "place": "neighbourhood"
        }
      }
    },
    {
      "type": "Feature",
      "geometry": {
        "type": "Point",
        "coordinates": [
          77.576627,
          12.967815
        ]
      },
      "properties": {
        "id": 429921857,
        "name": "Old Tharagupete",
        "type": "place",
        "subtype": "neighbourhood",
        "population": null,
        "tags": {
          "name": "Old Tharagupete",
          "name:kn": "ಹಳೆ ತರಗುಪೇಟೆ",
          "place": "neighbourhood"
        }
      }
    },
    {
      "type": "Feature",
      "geometry": {
        "type": "Point",
        "coordinates": [
          77.573524,
          12.9725763
        ]
      },
      "properties": {
        "id": 429921858,
        "name": "Sowrashtrapet",
        "type": "place",
        "subtype": "locality",
        "population": null,
        "tags": {
          "name": "Sowrashtrapet",
          "name:kn": "ಸೌರಾಷ್ಟ್ರಪೇಟೆ",
          "place": "locality"
        }
      }
    },
    {
      "type": "Feature",
      "geometry": {
        "type": "Point",
        "coordinates": [
          77.5738753,
          12.9699379
        ]
      },
      "properties": {
        "id": 429921859,
        "name": "Sultanpete",
        "type": "place",
        "subtype": "neighbourhood",
        "population": null,
        "tags": {
          "name": "Sultanpete",
          "name:kn": "ಸುಲ್ತಾನ್ ಪೇಟೆ",
          "place": "neighbourhood"
        }
      }
    },
    {
      "type": "Feature",
      "geometry": {
        "type": "Point",
        "coordinates": [
          77.5724588,
          12.9675442
        ]
      },
      "properties": {
        "id": 429921860,
        "name": "Ranasingpete",
        "type": "place",
        "subtype": "neighbourhood",
        "population": null,
        "tags": {
          "name": "Ranasingpete",
          "name:kn": "ರಣಸಿಂಗಪೇಟೆ",
          "place": "neighbourhood"
        }
      }
    },
    {
      "type": "Feature",
      "geometry": {
        "type": "Point",
        "coordinates": [
          77.5756901,
          12.9697837
        ]
      },
      "properties": {
        "id": 429921862,
        "name": "Chikkapete",
        "type": "place",
        "subtype": "suburb",
        "population": null,
        "tags": {
          "alt_name": "Chickpete",
          "name": "Chikkapete",
          "name:kn": "ಚಿಕ್ಕಪೇಟೆ",
          "name:ml": "ചിക്കപ്പേട്ട",
          "name:ta": "சிக்கப்பேட்டே",
          "place": "suburb",
          "wikidata": "Q5096366",
          "wikipedia": "en:Chickpet"
        }
      }
    },
    {
      "type": "Feature",
      "geometry": {
        "type": "Point",
        "coordinates": [
          77.5759323,
          12.9731178
        ]
      },
      "properties": {
        "id": 429921863,
        "name": "Balepet",
        "type": "place",
        "subtype": "neighbourhood",
        "population": null,
        "tags": {
          "name": "Balepet",
          "name:kn": "ಬಾಳೆಪೇಟೆ",
          "place": "neighbourhood"
        }
      }
    },
    {
      "type": "Feature",
      "geometry": {
        "type": "Point",
        "coordinates": [
          77.5768148,
          12.958189
        ]
      },
      "properties": {
        "id": 429921864,
        "name": "Kalasipalyam",
        "type": "place",
        "subtype": "quarter",
        "population": null,
        "tags": {
          "is_in": "Bengaluru",
          "name": "Kalasipalyam",
          "name:kn": "ಕಲಾಸಿಪಾಳ್ಯಂ",
          "name:ml": "കലാസിപാല്യ",
          "name:ta": "கலாஸிபல்யம்",
          "place": "quarter"
        }
      }
    },
    {
      "type": "Feature",
      "geometry": {
        "type": "Point",
        "coordinates": [
          77.5916651,
          12.9182594
        ]
      },
      "properties": {
        "id": 429937955,
        "name": "Marenahalli",
        "type": "place",
        "subtype": "quarter",
        "population": null,
        "tags": {
          "is_in": "Bengaluru",
          "name": "Marenahalli",
          "name:kn": "ಮರೇನಹಳ್ಳಿ",
          "name:ta": "மரனஹள்ளி",
          "place": "quarter"
        }
      }
    },
    {
      "type": "Feature",
      "geometry": {
        "type": "Point",
        "coordinates": [
          77.5755021,
          12.9417261
        ]
      },
      "properties": {
        "id": 429937956,
        "name": "Basavanagudi",
        "type": "place",
        "subtype": "suburb",
        "population": null,
        "tags": {
          "is_in": "Bengaluru",
          "name": "Basavanagudi",
          "name:kn": "ಬಸವನಗುಡಿ",
          "name:ta": "பசவனகுடி",
          "place": "suburb"
        }
      }
    },
    {
      "type": "Feature",
      "geometry": {
        "type": "Point",
        "coordinates": [
          77.6036815,
          12.997343
        ]
      },
      "properties": {
        "id": 430043564,
        "name": "Benson Town",
        "type": "place",
        "subtype": "quarter",
        "population": null,
        "tags": {
          "alt_name": "Bydarahalli",
          "is_in": "Bengaluru",
          "name": "Benson Town",
          "name:kn": "ಬೆನ್ಸನ್ ಟೌನ್",
          "name:ml": "ബെൻസൺ ടൗൺ",
          "name:ta": "பென்சன் டவுன்",
          "official_name": "Kadamba Nagar",
          "official_name:kn": "ಕದಂಬನಗರ",
          "place": "quarter"
        }
      }
    },
    {
      "type": "Feature",
      "geometry": {
        "type": "Point",
        "coordinates": [
          77.595715,
          13.0227204
        ]
      },
      "properties": {
        "id": 430043651,
        "name": "RT Nagar",
        "type": "place",
        "subtype": "suburb",
        "population": null,
        "tags": {
          "alt_name": "RT Nagar",
          "full_name": "Rabindranath Tagore Nagar",
          "full_name:ta": "ரபிந்ரநாத் தாகூர்‌ நகர்",
          "is_in": "Bengaluru",
          "name": "RT Nagar",
          "name:etymology:wikidata": "Q7241",
          "name:etymology:wikipedia": "en:Rabindranath Tagore",
          "name:kn": "ರವೀಂದ್ರನಾಥ ಠಾಗೋರ್ ನಗರ",
          "name:ta": "ஆர்டி நகர்",
          "place": "suburb"
        }
      }
    },
    {
      "type": "Feature",
      "geometry": {
        "type": "Point",
        "coordinates": [
          77.5883569,
          13.0232471
        ]
      },
      "properties": {
        "id": 430043772,
        "name": "Ganga Nagar",
        "type": "place",
        "subtype": "quarter",
        "population": null,
        "tags": {
          "alt_name": "Gangenahalli",
          "is_in": "Bengaluru",
          "name": "Ganga Nagar",
          "name:kn": "ಗಂಗಾನಗರ",
          "place": "quarter"
        }
      }
    },
    {
      "type": "Feature",
      "geometry": {
        "type": "Point",
        "coordinates": [
          77.6136744,
          12.9975851
        ]
      },
      "properties": {
        "id": 430051517,
        "name": "Frazer Town",
        "type": "place",
        "subtype": "suburb",
        "population": null,
        "tags": {
          "is_in": "Bengaluru",
          "name": "Frazer Town",
          "name:kn": "ಫ್ರೇಜರ್ ಟೌನ್",
          "name:ml": "ഫ്രേസർ ടൗൺ",
          "official_name": "Pulakeshi Nagar",
          "official_name:kn": "ಪುಲಾಕ್ಷಿ ನಗರ್",
          "place": "suburb",
          "wikidata": "Q18750232",
          "wikimedia_commons": "Category:Fraser Town, Bangalore",
          "wikipedia": "en:Fraser Town, Bangalore"
        }
      }
    },
    {
      "type": "Feature",
      "geometry": {
        "type": "Point",
        "coordinates": [
          77.6239259,
          12.9954832
        ]
      },
      "properties": {
        "id": 430051518,
        "name": "Cox Town",
        "type": "place",
        "subtype": "quarter",
        "population": null,
        "tags": {
          "alt_name": "Sarvagnanagar",
          "is_in": "Bengaluru",
          "name": "Cox Town",
          "name:kn": "ಕಾಕ್ಸ್ ಟೌನ್",
          "name:ml": "കോക്സ് ടൗൺ",
          "official_name": "Jeevanahalli",
          "official_name:kn": "ಜೀವವನಹಳ್ಳಿ",
          "place": "quarter",
          "wikidata": "Q18750207",
          "wikipedia": "en:Cox Town, Bangalore"
        }
      }
    },
    {
      "type": "Feature",
      "geometry": {
        "type": "Point",
        "coordinates": [
          77.6170601,
          13.0042369
        ]
      },
      "properties": {
        "id": 430051519,
        "name": "Richards Town",
        "type": "place",
        "subtype": "quarter",
        "population": null,
        "tags": {
          "is_in": "Bengaluru",
          "name": "Richards Town",
          "name:kn": "ರಿಚರ್ಡ್ಸ್ ಟೌನ್",
          "place": "quarter"
        }
      }
    },
    {
      "type": "Feature",
      "geometry": {
        "type": "Point",
        "coordinates": [
          77.5581786,
          13.0333587
        ]
      },
      "properties": {
        "id": 431530915,
        "name": "Mathikere",
        "type": "place",
        "subtype": "suburb",
        "population": null,
        "tags": {
          "name": "Mathikere",
          "name:kn": "ಮತ್ತಿಕೆರೆ",
          "name:ml": "മത്തികെരെ",
          "place": "suburb",
          "wikidata": "Q4933004",
          "wikimedia_commons": "Category:Mathikere",
          "wikipedia": "en:Mathikere"
        }
      }
    },
    {
      "type": "Feature",
      "geometry": {
        "type": "Point",
        "coordinates": [
          77.5539052,
          13.0470701
        ]
      },
      "properties": {
        "id": 433747869,
        "name": "BEL Colony",
        "type": "place",
        "subtype": "neighbourhood",
        "population": null,
        "tags": {
          "name": "BEL Colony",
          "name:kn": "ಬಿಇಎಲ್ ಕಾಲೋನಿ",
          "place": "neighbourhood"
        }
      }
    },
    {
      "type": "Feature",
      "geometry": {
        "type": "Point",
        "coordinates": [
          77.5483803,
          13.0464531
        ]
      },
      "properties": {
        "id": 433748247,
        "name": "Jalahalli",
        "type": "place",
        "subtype": "suburb",
        "population": null,
        "tags": {
          "name": "Jalahalli",
          "name:kn": "ಜಾಲಹಳ್ಳಿ",
          "place": "suburb"
        }
      }
    },
    {
      "type": "Feature",
      "geometry": {
        "type": "Point",
        "coordinates": [
          77.6912841,
          13.052449
        ]
      },
      "properties": {
        "id": 440668802,
        "name": "Ramapura",
        "type": "place",
        "subtype": "village",
        "population": null,
        "tags": {
          "is_in": "Asia,India,Karnataka",
          "name": "Ramapura",
          "name:kn": "ರಾಮಪುರ",
          "name:ta": "ராமபுரா",
          "place": "village"
        }
      }
    },
    {
      "type": "Feature",
      "geometry": {
        "type": "Point",
        "coordinates": [
          77.7051427,
          13.0559357
        ]
      },
      "properties": {
        "id": 440670278,
        "name": "Aduru",
        "type": "place",
        "subtype": "village",
        "population": null,
        "tags": {
          "name": "Aduru",
          "name:kn": "ಆದೂರು",
          "place": "village"
        }
      }
    },
    {
      "type": "Feature",
      "geometry": {
        "type": "Point",
        "coordinates": [
          77.7227811,
          13.0468085
        ]
      },
      "properties": {
        "id": 440670333,
        "name": "Hirandahalli",
        "type": "place",
        "subtype": "village",
        "population": null,
        "tags": {
          "is_in": "Asia,India,Karnataka",
          "name": "Hirandahalli",
          "name:kn": "ಹಿರಂಡಹಳ್ಳಿ",
          "place": "village"
        }
      }
    },
    {
      "type": "Feature",
      "geometry": {
        "type": "Point",
        "coordinates": [
          77.7156056,
          13.0605545
        ]
      },
      "properties": {
        "id": 440670334,
        "name": "Bidarahalli",
        "type": "place",
        "subtype": "village",
        "population": null,
        "tags": {
          "is_in": "Asia,India,Karnataka",
          "name": "Bidarahalli",
          "name:kn": "ಬೀದರಹಳ್ಳಿ",
          "place": "village"
        }
      }
    },
    {
      "type": "Feature",
      "geometry": {
        "type": "Point",
        "coordinates": [
          77.7141892,
          13.0868953
        ]
      },
      "properties": {
        "id": 440673983,
        "name": "Gundur",
        "type": "place",
        "subtype": "village",
        "population": null,
        "tags": {
          "is_in": "Asia,India,Karnataka",
          "name": "Gundur",
          "name:kn": "ಗುಂಡೂರು",
          "place": "village"
        }
      }
    },
    {
      "type": "Feature",
      "geometry": {
        "type": "Point",
        "coordinates": [
          77.7389164,
          13.0478619
        ]
      },
      "properties": {
        "id": 440675871,
        "name": "Chimasandra",
        "type": "place",
        "subtype": "village",
        "population": null,
        "tags": {
          "is_in": "Asia,India,Karnataka",
          "name": "Chimasandra",
          "name:kn": "ಚೀಮಸಂದ್ರ",
          "name:kn:iso15919": "Cīmasandra",
          "place": "village"
        }
      }
    },
    {
      "type": "Feature",
      "geometry": {
        "type": "Point",
        "coordinates": [
          77.7365655,
          13.0352777
        ]
      },
      "properties": {
        "id": 440676245,
        "name": "Avalahalli",
        "type": "place",
        "subtype": "village",
        "population": null,
        "tags": {
          "name": "Avalahalli",
          "name:kn": "ಬೀದರಹಳ್ಳಿ",
          "name:ta": "அவலஹள்ளி",
          "place": "village"
        }
      }
    },
    {
      "type": "Feature",
      "geometry": {
        "type": "Point",
        "coordinates": [
          77.6738079,
          13.0350897
        ]
      },
      "properties": {
        "id": 440680091,
        "name": "Kalkere",
        "type": "place",
        "subtype": "neighbourhood",
        "population": null,
        "tags": {
          "is_in": "Asia,India,Karnataka",
          "name": "Kalkere",
          "name:kn": "ಕಾಲ್ಕೆರೆ",
          "place": "neighbourhood"
        }
      }
    },
    {
      "type": "Feature",
      "geometry": {
        "type": "Point",
        "coordinates": [
          77.6659373,
          13.0276391
        ]
      },
      "properties": {
        "id": 440684547,
        "name": "Jayantinagara",
        "type": "place",
        "subtype": "neighbourhood",
        "population": null,
        "tags": {
          "is_in": "Asia,India,Karnataka",
          "name": "Jayantinagara",
          "name:kn": "ಜಯಂತಿನಗರ",
          "name:ta": "ஜெயந்திநகரா",
          "place": "neighbourhood"
        }
      }
    },
    {
      "type": "Feature",
      "geometry": {
        "type": "Point",
        "coordinates": [
          77.7200164,
          13.0721257
        ]
      },
      "properties": {
        "id": 440691901,
        "name": "Byappanahalli",
        "type": "place",
        "subtype": "village",
        "population": null,
        "tags": {
          "name": "Byappanahalli",
          "name:kn": "ಬೈಪನಹಳ್ಳಿ",
          "place": "village"
        }
      }
    },
    {
      "type": "Feature",
      "geometry": {
        "type": "Point",
        "coordinates": [
          77.6984163,
          12.9552572
        ]
      },
      "properties": {
        "id": 442068273,
        "name": "Marathahalli",
        "type": "place",
        "subtype": "suburb",
        "population": null,
        "tags": {
          "is_in": "Bangalore",
          "name": "Marathahalli",
          "name:etymology:wikidata": "Q1031955",
          "name:etymology:wikipedia": "en:HAL HF-24 Marut",
          "name:kn": "ಮಾರತಹಳ್ಳಿ",
          "name:or": "ମାରତହଳ୍ଳି",
          "name:ta": "மாரத்தஹல்லி",
          "place": "suburb"
        }
      }
    },
    {
      "type": "Feature",
      "geometry": {
        "type": "Point",
        "coordinates": [
          77.7031243,
          12.9582555
        ]
      },
      "properties": {
        "id": 442068820,
        "name": "Ashwath Nagar",
        "type": "place",
        "subtype": "neighbourhood",
        "population": null,
        "tags": {
          "is_in": "Marthahalli",
          "name": "Ashwath Nagar",
          "name:kn": "ಅಶ್ವಥ ನಗರ",
          "name:ta": "அஷ்வத் நகர்",
          "place": "neighbourhood"
        }
      }
    },
    {
      "type": "Feature",
      "geometry": {
        "type": "Point",
        "coordinates": [
          77.7022271,
          12.960877
        ]
      },
      "properties": {
        "id": 442068822,
        "name": "Hemanth Nagar",
        "type": "place",
        "subtype": "locality",
        "population": null,
        "tags": {
          "is_in": "Marthahalli",
          "name": "Hemanth Nagar",
          "name:kn": "ಹೇಮಂತನಗರ",
          "place": "locality"
        }
      }
    },
    {
      "type": "Feature",
      "geometry": {
        "type": "Point",
        "coordinates": [
          77.7005306,
          12.9610371
        ]
      },
      "properties": {
        "id": 442068826,
        "name": "Ananda Nagara",
        "type": "place",
        "subtype": "neighbourhood",
        "population": null,
        "tags": {
          "is_in": "Marthahalli",
          "name": "Ananda Nagara",
          "name:kn": "ಆನಂದ ನಗರ",
          "name:ta": "அனந்த நகரா",
          "place": "neighbourhood"
        }
      }
    },
    {
      "type": "Feature",
      "geometry": {
        "type": "Point",
        "coordinates": [
          77.6964768,
          12.9713194
        ]
      },
      "properties": {
        "id": 442075234,
        "name": "Doddanekundi",
        "type": "place",
        "subtype": "quarter",
        "population": null,
        "tags": {
          "is_in:city": "Bangalore",
          "name": "Doddanekundi",
          "name:kn": "ದೊಡ್ಡನೆಕುಂದಿ",
          "name:ta": "டொட்டனகுன்டி",
          "place": "quarter"
        }
      }
    },
    {
      "type": "Feature",
      "geometry": {
        "type": "Point",
        "coordinates": [
          77.695935,
          13.007516
        ]
      },
      "properties": {
        "id": 442134548,
        "name": "KR Puram",
        "type": "place",
        "subtype": "suburb",
        "population": null,
        "tags": {
          "alt_name": "KR Pura",
          "full_name": "Krishnarajapuram",
          "name": "KR Puram",
          "name:kn": "ಕೃಷ್ಣರಾಜಪುರ",
          "name:ml": "കൃഷ്ണരാജപുരം",
          "name:ta": "கிருஷ்ணராஜபுரம்",
          "place": "suburb"
        }
      }
    },
    {
      "type": "Feature",
      "geometry": {
        "type": "Point",
        "coordinates": [
          77.6870604,
          13.0090688
        ]
      },
      "properties": {
        "id": 442438416,
        "name": "ITI Colony",
        "type": "place",
        "subtype": "quarter",
        "population": null,
        "tags": {
          "name": "ITI Colony",
          "name:kn": "ಐಟಿಐ ಕಾಲೊನಿ",
          "place": "quarter"
        }
      }
    },
    {
      "type": "Feature",
      "geometry": {
        "type": "Point",
        "coordinates": [
          77.6777817,
          13.0120218
        ]
      },
      "properties": {
        "id": 442438417,
        "name": "Ramamurthy Nagar",
        "type": "place",
        "subtype": "suburb",
        "population": null,
        "tags": {
          "alt_name": "Ramamurthi Nagar",
          "is_in:city": "Bangalore",
          "name": "Ramamurthy Nagar",
          "name:kn": "ರಾಮಮೂರ್ತಿ ನಗರ",
          "name:ta": "ராமமூர்த்தி நகர்",
          "place": "suburb"
        }
      }
    },
    {
      "type": "Feature",
      "geometry": {
        "type": "Point",
        "coordinates": [
          77.6603231,
          13.0044979
        ]
      },
      "properties": {
        "id": 442438418,
        "name": "Kasturi Nagar",
        "type": "place",
        "subtype": "quarter",
        "population": null,
        "tags": {
          "name": "Kasturi Nagar",
          "name:kn": "ಕಸ್ತೂರಿ ನಗರ",
          "name:ta": "கஸ்தூரி நகர்",
          "note": "Appropriately tag place=*",
          "place": "quarter"
        }
      }
    },
    {
      "type": "Feature",
      "geometry": {
        "type": "Point",
        "coordinates": [
          77.6435238,
          13.0347892
        ]
      },
      "properties": {
        "id": 443615519,
        "name": "Poojappa Layout",
        "type": "place",
        "subtype": "neighbourhood",
        "population": null,
        "tags": {
          "name": "Poojappa Layout",
          "name:kn": "ಪೂಜಪ್ಪ ಲೇಔಟ್",
          "place": "neighbourhood"
        }
      }
    },
    {
      "type": "Feature",
      "geometry": {
        "type": "Point",
        "coordinates": [
          77.650469,
          13.0283523
        ]
      },
      "properties": {
        "id": 443634185,
        "name": "Babusabpalya",
        "type": "place",
        "subtype": "neighbourhood",
        "population": null,
        "tags": {
          "name": "Babusabpalya",
          "name:kn": "ಬಾಬುಸಪಾಳ್ಯ",
          "place": "neighbourhood"
        }
      }
    },
    {
      "type": "Feature",
      "geometry": {
        "type": "Point",
        "coordinates": [
          77.6463658,
          13.0299462
        ]
      },
      "properties": {
        "id": 443634193,
        "name": "GNR Gardens",
        "type": "place",
        "subtype": "neighbourhood",
        "population": null,
        "tags": {
          "name": "GNR Gardens",
          "name:kn": "ಜಿಎನ್ಆರ್ ಗಾರ್ಡನ್ಸ್",
          "place": "neighbourhood"
        }
      }
    },
    {
      "type": "Feature",
      "geometry": {
        "type": "Point",
        "coordinates": [
          77.6533197,
          12.9963408
        ]
      },
      "properties": {
        "id": 443807286,
        "name": "Baiyyappanahalli",
        "type": "place",
        "subtype": "suburb",
        "population": null,
        "tags": {
          "name": "Baiyyappanahalli",
          "name:kn": "ಬೈಯಪ್ಪನಹಳ್ಳಿ",
          "name:ml": "ബൈയ്യപ്പനഹള്ളി",
          "name:ta": "பையப்பனஹல்லி",
          "place": "suburb"
        }
      }
    },
    {
      "type": "Feature",
      "geometry": {
        "type": "Point",
        "coordinates": [
          77.6518539,
          13.0141618
        ]
      },
      "properties": {
        "id": 443807287,
        "name": "Banaswadi",
        "type": "place",
        "subtype": "suburb",
        "population": null,
        "tags": {
          "name": "Banaswadi",
          "name:kn": "ಬಾಣಸವಾಡಿ",
          "name:ml": "ബാണസവാടി",
          "name:ta": "பனஸ்வாடி",
          "place": "suburb",
          "wikidata": "Q4853963",
          "wikimedia_commons": "Category:Banaswadi",
          "wikipedia": "en:Banaswadi"
        }
      }
    },
    {
      "type": "Feature",
      "geometry": {
        "type": "Point",
        "coordinates": [
          77.5530824,
          13.0221838
        ]
      },
      "properties": {
        "id": 445363393,
        "name": "Yeswanthpur",
        "type": "place",
        "subtype": "suburb",
        "population": null,
        "tags": {
          "alt_name": "Yeshwantpur",
          "name": "Yeswanthpur",
          "name:kn": "ಯಶ್ವಂತಪುರ",
          "name:ml": "യശ്വന്ത്പൂർ",
          "name:ta": "யெஷ்வந்த்பூர்",
          "place": "suburb",
          "postal_code": "560022",
          "wikipedia": "en:Yeswanthpur"
        }
      }
    },
    {
      "type": "Feature",
      "geometry": {
        "type": "Point",
        "coordinates": [
          77.5348261,
          13.0119743
        ]
      },
      "properties": {
        "id": 446812243,
        "name": "Nandini Layout",
        "type": "place",
        "subtype": "quarter",
        "population": null,
        "tags": {
          "name": "Nandini Layout",
          "name:kn": "ನಂದಿನಿ ಲೇಔಟ್",
          "name:ta": "நந்தினி லேஅவுட்",
          "place": "quarter",
          "postal_code": "560096",
          "wikipedia": "en:Nandini Layout"
        }
      }
    },
    {
      "type": "Feature",
      "geometry": {
        "type": "Point",
        "coordinates": [
          77.6239038,
          12.9089453
        ]
      },
      "properties": {
        "id": 447032045,
        "name": "Bommanahalli",
        "type": "place",
        "subtype": "quarter",
        "population": null,
        "tags": {
          "is_in": "Bengaluru",
          "name": "Bommanahalli",
          "name:kn": "ಬೊಮ್ಮನಹಳ್ಳಿ",
          "name:ml": "ബൊമ്മനഹള്ളി",
          "name:ta": "பொம்மனஹல்லி",
          "place": "quarter",
          "wikidata": "Q857762",
          "wikipedia": "en:Bommanahalli"
        }
      }
    },
    {
      "type": "Feature",
      "geometry": {
        "type": "Point",
        "coordinates": [
          77.6102821,
          12.9140008
        ]
      },
      "properties": {
        "id": 447032046,
        "name": "BTM Layout",
        "type": "place",
        "subtype": "suburb",
        "population": null,
        "tags": {
          "is_in": "Bengaluru",
          "name": "BTM Layout",
          "name:kn": "ಬಿಟಿಎಂ ಲೇಔಟ್",
          "name:ta": "பிடிஎம் லேஅவுட்",
          "place": "suburb"
        }
      }
    },
    {
      "type": "Feature",
      "geometry": {
        "type": "Point",
        "coordinates": [
          77.5806991,
          12.895432
        ]
      },
      "properties": {
        "id": 447032050,
        "name": "Puttenahalli",
        "type": "place",
        "subtype": "quarter",
        "population": null,
        "tags": {
          "is_in": "Bengaluru",
          "name": "Puttenahalli",
          "name:hi": "पुट्टन्नाहल्ली",
          "name:kn": "ಪುಟ್ಟೇನಹಳ್ಳಿ",
          "name:ml": "പുറ്റേനഹള്ളി",
          "name:ta": "புட்டனஹல்லி",
          "place": "quarter"
        }
      }
    },
    {
      "type": "Feature",
      "geometry": {
        "type": "Point",
        "coordinates": [
          77.5560752,
          12.916279
        ]
      },
      "properties": {
        "id": 447033407,
        "name": "Padmanabha Nagar",
        "type": "place",
        "subtype": "quarter",
        "population": null,
        "tags": {
          "is_in": "Bengaluru",
          "name": "Padmanabha Nagar",
          "name:kn": "ಪದ್ಮನಾಭ ನಗರ",
          "name:ta": "பத்மநாபா நகர்",
          "note": "Appropriately tag place=*",
          "place": "quarter"
        }
      }
    },
    {
      "type": "Feature",
      "geometry": {
        "type": "Point",
        "coordinates": [
          77.5573828,
          12.8974283
        ]
      },
      "properties": {
        "id": 447033409,
        "name": "ISRO Layout",
        "type": "place",
        "subtype": "quarter",
        "population": null,
        "tags": {
          "is_in": "Bengaluru",
          "name": "ISRO Layout",
          "name:kn": "ಇಸ್ರೋ ಬಡಾವಣೆ",
          "name:ml": "ഇസ്രോ ലേഔട്ട്",
          "name:ta": "இஸ்ரோ லேஅவுட்",
          "place": "quarter"
        }
      }
    },
    {
      "type": "Feature",
      "geometry": {
        "type": "Point",
        "coordinates": [
          77.5595021,
          12.9067683
        ]
      },
      "properties": {
        "id": 447033411,
        "name": "Kumaraswamy Layout",
        "type": "place",
        "subtype": "quarter",
        "population": null,
        "tags": {
          "is_in": "Bengaluru",
          "name": "Kumaraswamy Layout",
          "name:kn": "ಕುಮಾರಸ್ವಾಮಿ ಬಡಾವಣೆ",
          "name:ta": "குமாரசுவாமி லேஅவுட்",
          "note": "Appropriately tag place=*",
          "place": "quarter"
        }
      }
    },
    {
      "type": "Feature",
      "geometry": {
        "type": "Point",
        "coordinates": [
          77.5155224,
          12.9274413
        ]
      },
      "properties": {
        "id": 447063719,
        "name": "Rajarajeshwari Nagar",
        "type": "place",
        "subtype": "suburb",
        "population": "23282",
        "tags": {
          "is_in": "Bengaluru",
          "name": "Rajarajeshwari Nagar",
          "name:kn": "ರಾಜರಾಜೇಶ್ವರಿ ನಗರ",
          "name:kn:iso15919": "Rājarājēśvari Nagara",
          "name:ta": "ராஜராஜேஸ்வரி நகர்",
          "place": "suburb",
          "population": "23282",
          "wikidata": "Q5320813",
          "wikimedia_commons": "Category:Rajarajeshwari Nagar, Bangalore",
          "wikipedia": "en:Rajarajeshwari Nagar, Bangalore"
        }
      }
    },
    {
      "type": "Feature",
      "geometry": {
        "type": "Point",
        "coordinates": [
          77.5112326,
          12.9433485
        ]
      },
      "properties": {
        "id": 447063720,
        "name": "Jnana Bharathi",
        "type": "place",
        "subtype": "suburb",
        "population": null,
        "tags": {
          "is_in": "Bengaluru",
          "name": "Jnana Bharathi",
          "name:kn": "ಜ್ಞಾನ ಭಾರತಿ",
          "name:ta": "ஞான பாரதி",
          "place": "suburb"
        }
      }
    },
    {
      "type": "Feature",
      "geometry": {
        "type": "Point",
        "coordinates": [
          77.5373998,
          13.0267718
        ]
      },
      "properties": {
        "id": 448112477,
        "name": "Goragunte Palya",
        "type": "place",
        "subtype": "quarter",
        "population": null,
        "tags": {
          "name": "Goragunte Palya",
          "name:kn": "ಗೊರಗುಂಟೆ ಪಾಳ್ಯ",
          "place": "quarter"
        }
      }
    },
    {
      "type": "Feature",
      "geometry": {
        "type": "Point",
        "coordinates": [
          77.6404672,
          12.9732913
        ]
      },
      "properties": {
        "id": 448991617,
        "name": "Indiranagar",
        "type": "place",
        "subtype": "suburb",
        "population": null,
        "tags": {
          "alt_name": "Indira Nagar",
          "name": "Indiranagar",
          "name:etymology:wikidata": "Q1149",
          "name:etymology:wikipedia": "en:Indira Gandhi",
          "name:kn": "ಇಂದಿರಾನಗರ",
          "name:ml": "ഇന്ദിരാനഗർ",
          "name:ta": "இந்திரா நகர்",
          "place": "suburb",
          "wikidata": "Q6025083",
          "wikimedia_commons": "Category:Indiranagar",
          "wikipedia": "en:Indiranagar"
        }
      }
    },
    {
      "type": "Feature",
      "geometry": {
        "type": "Point",
        "coordinates": [
          77.6633431,
          12.922544
        ]
      },
      "properties": {
        "id": 456013553,
        "name": "Iblur",
        "type": "place",
        "subtype": "quarter",
        "population": null,
        "tags": {
          "name": "Iblur",
          "name:kn": "ಇಬ್ಬಲೂರು",
          "name:ml": "ഇബലുർ",
          "name:ta": "இப்லூர்",
          "place": "quarter"
        }
      }
    },
    {
      "type": "Feature",
      "geometry": {
        "type": "Point",
        "coordinates": [
          77.6770417,
          12.9292114
        ]
      },
      "properties": {
        "id": 456016705,
        "name": "Bellanduru",
        "type": "place",
        "subtype": "suburb",
        "population": null,
        "tags": {
          "name": "Bellanduru",
          "name:kn": "ಬೆಳ್ಳಂದೂರು",
          "name:ta": "பெல்லந்தூரு",
          "place": "suburb"
        }
      }
    },
    {
      "type": "Feature",
      "geometry": {
        "type": "Point",
        "coordinates": [
          77.6388622,
          12.9116225
        ]
      },
      "properties": {
        "id": 456016994,
        "name": "HSR Layout",
        "type": "place",
        "subtype": "suburb",
        "population": null,
        "tags": {
          "alt_name": "Hosur-Sarjapur Road Layout",
          "name": "HSR Layout",
          "name:kn": "ಎಚ್ಎಸ್ಆರ್ ಲೇಔಟ್",
          "name:ta": "ஹெச் எஸ் ஆர் லேஅவுட்",
          "place": "suburb",
          "wikidata": "Q5635997",
          "wikipedia": "en:HSR Layout"
        }
      }
    },
    {
      "type": "Feature",
      "geometry": {
        "type": "Point",
        "coordinates": [
          77.5660317,
          12.9832823
        ]
      },
      "properties": {
        "id": 456112031,
        "name": "Okalipuram",
        "type": "place",
        "subtype": "quarter",
        "population": null,
        "tags": {
          "name": "Okalipuram",
          "name:kn": "ಓಕಳಿಪುರಂ",
          "name:ta": "ஒக்கலிபுரம்",
          "place": "quarter"
        }
      }
    },
    {
      "type": "Feature",
      "geometry": {
        "type": "Point",
        "coordinates": [
          77.5622224,
          12.9851843
        ]
      },
      "properties": {
        "id": 456112035,
        "name": "Ramachandra Pura",
        "type": "place",
        "subtype": "neighbourhood",
        "population": null,
        "tags": {
          "name": "Ramachandra Pura",
          "name:kn": "ರಾಮಚಂದ್ರಪುರ",
          "place": "neighbourhood"
        }
      }
    },
    {
      "type": "Feature",
      "geometry": {
        "type": "Point",
        "coordinates": [
          77.4842926,
          12.9229728
        ]
      },
      "properties": {
        "id": 458104498,
        "name": "Kengeri",
        "type": "place",
        "subtype": "suburb",
        "population": null,
        "tags": {
          "alt_name": "Kengeri Satellite Town",
          "alt_name:kn": "ಕೆಂಗೇರಿ ಸ್ಯಾಟಿಲೈಟ್ ಟೌನ್",
          "name": "Kengeri",
          "name:kn": "ಕೆಂಗೇರಿ",
          "name:kn:iso15919": "Keṅgēri",
          "name:ml": "കെങ്കേരി",
          "name:ta": "கெங்கேரி",
          "place": "suburb"
        }
      }
    },
    {
      "type": "Feature",
      "geometry": {
        "type": "Point",
        "coordinates": [
          77.5969579,
          13.0011064
        ]
      },
      "properties": {
        "id": 458272897,
        "name": "Jayamahal Extension",
        "type": "place",
        "subtype": "neighbourhood",
        "population": null,
        "tags": {
          "name": "Jayamahal Extension",
          "name:kn": "ಜಯಮಹಲ್ ಎಕ್ಸ್‌ಟೆನ್ಷನ್",
          "place": "neighbourhood"
        }
      }
    },
    {
      "type": "Feature",
      "geometry": {
        "type": "Point",
        "coordinates": [
          77.6140918,
          12.9521793
        ]
      },
      "properties": {
        "id": 459781784,
        "name": "Neelasandra",
        "type": "place",
        "subtype": "quarter",
        "population": null,
        "tags": {
          "is_in": "Bengaluru",
          "name": "Neelasandra",
          "name:kn": "ನೀಲಸಂದ್ರ",
          "name:ml": "നീലസാന്ദ്ര",
          "name:ta": "நீலசந்த்ரா",
          "name:te": "నీలసంద్ర",
          "place": "quarter"
        }
      }
    },
    {
      "type": "Feature",
      "geometry": {
        "type": "Point",
        "coordinates": [
          77.6174963,
          12.9466371
        ]
      },
      "properties": {
        "id": 459782030,
        "name": "Rajendranagar",
        "type": "place",
        "subtype": "neighbourhood",
        "population": null,
        "tags": {
          "is_in": "Bengaluru",
          "name": "Rajendranagar",
          "name:kn": "ರಾಜೇಂದ್ರ ನಗರ",
          "name:ta": "ராஜேந்திரா நகர்",
          "place": "neighbourhood"
        }
      }
    },
    {
      "type": "Feature",
      "geometry": {
        "type": "Point",
        "coordinates": [
          77.6153858,
          12.9566722
        ]
      },
      "properties": {
        "id": 459811879,
        "name": "Austin Town BDA Layout",
        "type": "place",
        "subtype": "neighbourhood",
        "population": null,
        "tags": {
          "name": "Austin Town BDA Layout",
          "name:kn": "ಆಷ್ಟಿನ್ ಟೌನ್",
          "place": "neighbourhood"
        }
      }
    },
    {
      "type": "Feature",
      "geometry": {
        "type": "Point",
        "coordinates": [
          77.5994394,
          12.9714173
        ]
      },
      "properties": {
        "id": 459815995,
        "name": "Shanthala Nagar",
        "type": "place",
        "subtype": "quarter",
        "population": null,
        "tags": {
          "is_in": "Bengaluru",
          "name": "Shanthala Nagar",
          "name:kn": "ಶಾಂತಲಾ ನಗರ",
          "name:ml": "ശാന്തല നഗർ",
          "old_name": "MacIvor Town",
          "old_name:kn": "ಮ್ಯಾಕ್ಲೊವರ್ ಟೌನ್",
          "old_name:ml": "മക്‌ഐവർ ടൗൺ",
          "place": "quarter"
        }
      }
    },
    {
      "type": "Feature",
      "geometry": {
        "type": "Point",
        "coordinates": [
          77.5808641,
          13.0110193
        ]
      },
      "properties": {
        "id": 461539035,
        "name": "Sadashivanagar",
        "type": "place",
        "subtype": "suburb",
        "population": null,
        "tags": {
          "alt_name": "Sadashiva Nagar",
          "name": "Sadashivanagar",
          "name:kn": "ಸದಾಶಿವನಗರ",
          "name:ml": "സദാശിവനഗർ",
          "name:ta": "சதாசிவ நகர்",
          "official_name": "Rajmahal Vilas Extension",
          "old_name": "Upper Palace Orchard",
          "place": "suburb",
          "wikidata": "Q7397583",
          "wikipedia": "en:Sadashivanagar"
        }
      }
    },
    {
      "type": "Feature",
      "geometry": {
        "type": "Point",
        "coordinates": [
          77.5567994,
          13.0044454
        ]
      },
      "properties": {
        "id": 461539223,
        "name": "Subrahmanya Nagar",
        "type": "place",
        "subtype": "quarter",
        "population": null,
        "tags": {
          "name": "Subrahmanya Nagar",
          "name:kn": "ಸುಬ್ರಹ್ಮಣ್ಯ ನಗರ",
          "name:ta": "சுப்ரமண்யா நகர்",
          "place": "quarter"
        }
      }
    },
    {
      "type": "Feature",
      "geometry": {
        "type": "Point",
        "coordinates": [
          77.5803858,
          13.0004165
        ]
      },
      "properties": {
        "id": 461755005,
        "name": "Guttahalli",
        "type": "place",
        "subtype": "quarter",
        "population": null,
        "tags": {
          "full_name": "Palace Guttahalli",
          "name": "Guttahalli",
          "name:kn": "ಗುಟ್ಟಹಳ್ಳಿ",
          "name:ml": "ഗുട്ടഹള്ളി",
          "name:ta": "குட்டஹள்ளி",
          "place": "quarter",
          "short_name": "PG Halli"
        }
      }
    },
    {
      "type": "Feature",
      "geometry": {
        "type": "Point",
        "coordinates": [
          77.591459,
          12.9921738
        ]
      },
      "properties": {
        "id": 461755226,
        "name": "Vasanth Nagar",
        "type": "place",
        "subtype": "suburb",
        "population": null,
        "tags": {
          "name": "Vasanth Nagar",
          "name:hi": "वसंतनगर",
          "name:kn": "ವಸಂತ ನಗರ",
          "name:ml": "വസന്തനഗർ",
          "name:ta": "வசந்த் நகர்",
          "place": "suburb",
          "wikidata": "Q7916349",
          "wikipedia": "en:Vasanth Nagar"
        }
      }
    },
    {
      "type": "Feature",
      "geometry": {
        "type": "Point",
        "coordinates": [
          77.5278438,
          13.046636
        ]
      },
      "properties": {
        "id": 492698586,
        "name": "Siddartha Nagar",
        "type": "place",
        "subtype": "locality",
        "population": null,
        "tags": {
          "name": "Siddartha Nagar",
          "name:kn": "ಸಿದ್ಧಾರ್ಥನಗರ",
          "place": "locality"
        }
      }
    },
    {
      "type": "Feature",
      "geometry": {
        "type": "Point",
        "coordinates": [
          77.6033847,
          12.9263385
        ]
      },
      "properties": {
        "id": 493530617,
        "name": "Bismillah Nagar",
        "type": "place",
        "subtype": "neighbourhood",
        "population": null,
        "tags": {
          "name": "Bismillah Nagar",
          "name:kn": "ಬಿಸ್ಮಿಲ್ಲಾ ನಗರ",
          "name:ta": "பிஸ்மில்லா நகர்",
          "place": "neighbourhood"
        }
      }
    },
    {
      "type": "Feature",
      "geometry": {
        "type": "Point",
        "coordinates": [
          77.5988922,
          12.9253908
        ]
      },
      "properties": {
        "id": 493530639,
        "name": "NAL Layout",
        "type": "place",
        "subtype": "neighbourhood",
        "population": null,
        "tags": {
          "name": "NAL Layout",
          "name:kn": "ಎನ್ಎಎಲ್ ಬಡಾವಣೆ",
          "place": "neighbourhood"
        }
      }
    },
    {
      "type": "Feature",
      "geometry": {
        "type": "Point",
        "coordinates": [
          77.5934343,
          12.9307256
        ]
      },
      "properties": {
        "id": 493538966,
        "name": "RBI Colony",
        "type": "place",
        "subtype": "locality",
        "population": null,
        "tags": {
          "name": "RBI Colony",
          "name:kn": "ಆರ್ ಬಿ ಐ ಕಾಲೋನಿ",
          "place": "locality"
        }
      }
    },
    {
      "type": "Feature",
      "geometry": {
        "type": "Point",
        "coordinates": [
          77.5968998,
          12.930774
        ]
      },
      "properties": {
        "id": 493538968,
        "name": "Rajanna Layout",
        "type": "place",
        "subtype": "locality",
        "population": null,
        "tags": {
          "name": "Rajanna Layout",
          "name:kn": "ರಾಜಣ್ಣ ಬಡಾವಣೆ",
          "place": "locality"
        }
      }
    },
    {
      "type": "Feature",
      "geometry": {
        "type": "Point",
        "coordinates": [
          77.5908939,
          12.9311905
        ]
      },
      "properties": {
        "id": 493538970,
        "name": "Canara Bank Colony",
        "type": "place",
        "subtype": "neighbourhood",
        "population": null,
        "tags": {
          "name": "Canara Bank Colony",
          "name:kn": "ಕೆನರಾ ಬ್ಯಾಂಕ್ ಕಲೋನಿ",
          "name:ta": "கனரா வங்கி காலனி",
          "place": "neighbourhood"
        }
      }
    },
    {
      "type": "Feature",
      "geometry": {
        "type": "Point",
        "coordinates": [
          77.5899211,
          12.930301
        ]
      },
      "properties": {
        "id": 493538972,
        "name": "LIC Colony",
        "type": "place",
        "subtype": "locality",
        "population": null,
        "tags": {
          "name": "LIC Colony",
          "name:kn": "ಎಲ್ ಐ ಸಿ ಕಾಲೋನಿ",
          "place": "locality"
        }
      }
    },
    {
      "type": "Feature",
      "geometry": {
        "type": "Point",
        "coordinates": [
          77.5947124,
          12.9275876
        ]
      },
      "properties": {
        "id": 493538976,
        "name": "Tilak Nagar",
        "type": "place",
        "subtype": "neighbourhood",
        "population": null,
        "tags": {
          "name": "Tilak Nagar",
          "name:kn": "ತಿಲಕ್ ನಗರ",
          "name:ta": "திலக் நகர்",
          "place": "neighbourhood"
        }
      }
    },
    {
      "type": "Feature",
      "geometry": {
        "type": "Point",
        "coordinates": [
          77.5776307,
          12.9197152
        ]
      },
      "properties": {
        "id": 494013059,
        "name": "Jayanagar 8th Block",
        "type": "place",
        "subtype": "quarter",
        "population": null,
        "tags": {
          "name": "Jayanagar 8th Block",
          "name:kn": "ಜಯನಗರ ೮ನೇ ಬಡಾವಣೆ",
          "place": "quarter"
        }
      }
    },
    {
      "type": "Feature",
      "geometry": {
        "type": "Point",
        "coordinates": [
          77.5835041,
          12.9265737
        ]
      },
      "properties": {
        "id": 494013065,
        "name": "Jayanagar 4th Block",
        "type": "place",
        "subtype": "quarter",
        "population": null,
        "tags": {
          "name": "Jayanagar 4th Block",
          "name:kn": "ಜಯನಗರ ೪ನೇ ಬಡಾವಣೆ",
          "place": "quarter"
        }
      }
    },
    {
      "type": "Feature",
      "geometry": {
        "type": "Point",
        "coordinates": [
          77.583381,
          12.9196037
        ]
      },
      "properties": {
        "id": 494013068,
        "name": "Jayanagar 5th Block",
        "type": "place",
        "subtype": "quarter",
        "population": null,
        "tags": {
          "name": "Jayanagar 5th Block",
          "name:kn": "ಜಯನಗರ ೫ನೇ ಬಡಾವಣೆ",
          "name:ta": "ஜெயாநகர் கட்டம் 5",
          "place": "quarter"
        }
      }
    },
    {
      "type": "Feature",
      "geometry": {
        "type": "Point",
        "coordinates": [
          77.5775504,
          12.9254648
        ]
      },
      "properties": {
        "id": 494013077,
        "name": "Jayanagar 7th Block",
        "type": "place",
        "subtype": "quarter",
        "population": null,
        "tags": {
          "name": "Jayanagar 7th Block",
          "name:kn": "ಜಯನಗರ ೭ನೇ ಬಡಾವಣೆ",
          "place": "quarter"
        }
      }
    },
    {
      "type": "Feature",
      "geometry": {
        "type": "Point",
        "coordinates": [
          77.611496,
          12.9115924
        ]
      },
      "properties": {
        "id": 494013080,
        "name": "IAS Officers Colony",
        "type": "place",
        "subtype": "neighbourhood",
        "population": null,
        "tags": {
          "alt_name": "MCHS Colony",
          "is_in": "BTM Layout",
          "name": "IAS Officers Colony",
          "name:kn": "ಐಎಎಸ್ ಅಧಿಕಾರಿಗಳ ಕಾಲೋನಿ",
          "place": "neighbourhood"
        }
      }
    },
    {
      "type": "Feature",
      "geometry": {
        "type": "Point",
        "coordinates": [
          77.5922433,
          12.9237881
        ]
      },
      "properties": {
        "id": 494013086,
        "name": "Jayanagar 4T Block",
        "type": "place",
        "subtype": "quarter",
        "population": null,
        "tags": {
          "name": "Jayanagar 4T Block",
          "name:kn": "ಜಯನಗರ ೪ನೇ ಟಿ ಹಂತ",
          "place": "quarter"
        }
      }
    },
    {
      "type": "Feature",
      "geometry": {
        "type": "Point",
        "coordinates": [
          77.6006286,
          12.9151131
        ]
      },
      "properties": {
        "id": 494238049,
        "name": "MICO Layout",
        "type": "place",
        "subtype": "locality",
        "population": null,
        "tags": {
          "name": "MICO Layout",
          "name:kn": "ಮೈಕೊ ಲೇಔಟ್",
          "place": "locality"
        }
      }
    },
    {
      "type": "Feature",
      "geometry": {
        "type": "Point",
        "coordinates": [
          77.5921272,
          12.9189992
        ]
      },
      "properties": {
        "id": 494240021,
        "name": "Jayanagar 9th Block",
        "type": "place",
        "subtype": "quarter",
        "population": null,
        "tags": {
          "name": "Jayanagar 9th Block",
          "name:kn": "ಜಯನಗರ ೯ನೇ ಬ್ಲಾಕ್",
          "place": "quarter"
        }
      }
    },
    {
      "type": "Feature",
      "geometry": {
        "type": "Point",
        "coordinates": [
          77.5798871,
          12.9119148
        ]
      },
      "properties": {
        "id": 494248860,
        "name": "JP Nagar 1st Phase",
        "type": "place",
        "subtype": "quarter",
        "population": null,
        "tags": {
          "is_in": "JP Nagar",
          "name": "JP Nagar 1st Phase",
          "name:kn": "ಜೆಪಿನಗರ ೧ನೇ ಹಂತ",
          "place": "quarter"
        }
      }
    },
    {
      "type": "Feature",
      "geometry": {
        "type": "Point",
        "coordinates": [
          77.5905671,
          12.9118413
        ]
      },
      "properties": {
        "id": 494248872,
        "name": "JP Nagar 2nd Phase",
        "type": "place",
        "subtype": "quarter",
        "population": null,
        "tags": {
          "is_in": "JP Nagar",
          "name": "JP Nagar 2nd Phase",
          "name:kn": "ಜೆಪಿನಗರ ೨ನೇ ಹಂತ",
          "place": "quarter"
        }
      }
    },
    {
      "type": "Feature",
      "geometry": {
        "type": "Point",
        "coordinates": [
          77.5976188,
          12.9117853
        ]
      },
      "properties": {
        "id": 494248874,
        "name": "JP Nagar 3rd Phase",
        "type": "place",
        "subtype": "quarter",
        "population": null,
        "tags": {
          "is_in": "JP Nagar",
          "name": "JP Nagar 3rd Phase",
          "name:kn": "ಜೆಪಿ ನಗರ ೩ನೇ ಹಂತ",
          "place": "quarter"
        }
      }
    },
    {
      "type": "Feature",
      "geometry": {
        "type": "Point",
        "coordinates": [
          77.4804128,
          13.0577334
        ]
      },
      "properties": {
        "id": 503002343,
        "name": "Anchepalya",
        "type": "place",
        "subtype": "quarter",
        "population": null,
        "tags": {
          "name": "Anchepalya",
          "name:kn": "ಅಂಚೇಪಾಳ್ಯ",
          "name:kn:iso15919": "Añcēpāḷya",
          "place": "quarter"
        }
      }
    },
    {
      "type": "Feature",
      "geometry": {
        "type": "Point",
        "coordinates": [
          77.4729679,
          13.0531988
        ]
      },
      "properties": {
        "id": 503002366,
        "name": "Madhavara",
        "type": "place",
        "subtype": "suburb",
        "population": null,
        "tags": {
          "name": "Madhavara",
          "name:kn": "ಮಾದವಾರ",
          "name:kn:iso15919": "Mādavāra",
          "place": "suburb"
        }
      }
    },
    {
      "type": "Feature",
      "geometry": {
        "type": "Point",
        "coordinates": [
          77.4615112,
          13.0592472
        ]
      },
      "properties": {
        "id": 503002530,
        "name": "Madanayakanahalli",
        "type": "place",
        "subtype": "village",
        "population": null,
        "tags": {
          "name": "Madanayakanahalli",
          "name:kn": "ಮಾದನಾಯಕನಹಳ್ಳಿ",
          "name:kn:iso15919": "Mādanāyakanahaḷḷi",
          "place": "village"
        }
      }
    },
    {
      "type": "Feature",
      "geometry": {
        "type": "Point",
        "coordinates": [
          77.6242433,
          12.9243692
        ]
      },
      "properties": {
        "id": 503050594,
        "name": "Koramangala 2nd Block",
        "type": "place",
        "subtype": "neighbourhood",
        "population": null,
        "tags": {
          "is_in": "Koramangala",
          "name": "Koramangala 2nd Block",
          "name:kn": "ಕೋರಮಂಗಲ ೨ನೇ ಬ್ಲಾಕ್",
          "place": "neighbourhood"
        }
      }
    },
    {
      "type": "Feature",
      "geometry": {
        "type": "Point",
        "coordinates": [
          77.5468052,
          13.0828609
        ]
      },
      "properties": {
        "id": 503518563,
        "name": "MS Palaya",
        "type": "place",
        "subtype": "quarter",
        "population": null,
        "tags": {
          "alt_name": "Mohammad Sab Palya",
          "name": "MS Palaya",
          "name:kn": "ಮೊಹಮ್ಮದ್ ಸಾಬ್ ಪಾಳ್ಯ",
          "place": "quarter"
        }
      }
    },
    {
      "type": "Feature",
      "geometry": {
        "type": "Point",
        "coordinates": [
          77.5354745,
          13.0620306
        ]
      },
      "properties": {
        "id": 503532428,
        "name": "Kammagondanahalli",
        "type": "place",
        "subtype": "quarter",
        "population": null,
        "tags": {
          "name": "Kammagondanahalli",
          "name:kn": "ಕಮ್ಮಗೊಂಡನಹಳ್ಳಿ",
          "place": "quarter"
        }
      }
    },
    {
      "type": "Feature",
      "geometry": {
        "type": "Point",
        "coordinates": [
          77.5585125,
          13.0627536
        ]
      },
      "properties": {
        "id": 503571062,
        "name": "Doddabomasandra",
        "type": "place",
        "subtype": "quarter",
        "population": null,
        "tags": {
          "name": "Doddabomasandra",
          "name:kn": "ದೊಡ್ಡಬೊಮ್ಮಸಂದ್ರ",
          "name:ml": "ദൊഡ്ഡബൊമ്മസന്ദ്ര",
          "place": "quarter"
        }
      }
    },
    {
      "type": "Feature",
      "geometry": {
        "type": "Point",
        "coordinates": [
          77.5601262,
          13.0566583
        ]
      },
      "properties": {
        "id": 503573878,
        "name": "BEL Colony",
        "type": "place",
        "subtype": "neighbourhood",
        "population": null,
        "tags": {
          "name": "BEL Colony",
          "name:kn": "ಬಿಇಎಲ್ ಕಾಲೋನಿ",
          "place": "neighbourhood"
        }
      }
    },
    {
      "type": "Feature",
      "geometry": {
        "type": "Point",
        "coordinates": [
          77.6391534,
          12.979342
        ]
      },
      "properties": {
        "id": 513600978,
        "name": "Indiranagar 1st Stage",
        "type": "place",
        "subtype": "neighbourhood",
        "population": null,
        "tags": {
          "is_in": "Indiranagar",
          "name": "Indiranagar 1st Stage",
          "name:kn": "ಇಂದಿರಾನಗರ ೧ನೇ ಹಂತ",
          "place": "neighbourhood"
        }
      }
    },
    {
      "type": "Feature",
      "geometry": {
        "type": "Point",
        "coordinates": [
          77.63869,
          12.9770856
        ]
      },
      "properties": {
        "id": 513600979,
        "name": "Indiranagar 2nd Stage",
        "type": "place",
        "subtype": "neighbourhood",
        "population": null,
        "tags": {
          "alt_name": "Indira Nagar 2nd Stage",
          "is_in": "Indira Nagar",
          "name": "Indiranagar 2nd Stage",
          "name:kn": "ಇಂದಿರಾನಗರ ೨ನೇ ಹಂತ",
          "place": "neighbourhood"
        }
      }
    },
    {
      "type": "Feature",
      "geometry": {
        "type": "Point",
        "coordinates": [
          77.6388731,
          12.9731648
        ]
      },
      "properties": {
        "id": 513600980,
        "name": "Motappanapalya",
        "type": "place",
        "subtype": "neighbourhood",
        "population": null,
        "tags": {
          "is_in": "Indira Nagar",
          "name": "Motappanapalya",
          "name:kn": "ಮೊಟ್ಟಪ್ಪನಪಾಳ್ಯ",
          "place": "neighbourhood"
        }
      }
    },
    {
      "type": "Feature",
      "geometry": {
        "type": "Point",
        "coordinates": [
          77.6568367,
          12.9678074
        ]
      },
      "properties": {
        "id": 513600981,
        "name": "Jeevan Bhima Nagar",
        "type": "place",
        "subtype": "quarter",
        "population": null,
        "tags": {
          "name": "Jeevan Bhima Nagar",
          "name:kn": "ಜೀವನ ಭೀಮ ನಗರ",
          "name:ta": "ஜீவன் பீமா நகர்",
          "place": "quarter",
          "wikidata": "Q6173081",
          "wikimedia_commons": "Category:Jeevanbheemanagar",
          "wikipedia": "en:Jeevanbimanagar"
        }
      }
    },
    {
      "type": "Feature",
      "geometry": {
        "type": "Point",
        "coordinates": [
          77.6377909,
          12.959142
        ]
      },
      "properties": {
        "id": 513652499,
        "name": "Domlur 1st Stage",
        "type": "place",
        "subtype": "neighbourhood",
        "population": null,
        "tags": {
          "is_in": "Domlur",
          "name": "Domlur 1st Stage",
          "name:kn": "ದೊಮ್ಮಲೂರು ೧ನೇ ಹಂತ",
          "place": "neighbourhood"
        }
      }
    },
    {
      "type": "Feature",
      "geometry": {
        "type": "Point",
        "coordinates": [
          77.6536931,
          12.9736956
        ]
      },
      "properties": {
        "id": 513652501,
        "name": "New Thippasandra",
        "type": "place",
        "subtype": "neighbourhood",
        "population": null,
        "tags": {
          "name": "New Thippasandra",
          "name:kn": "ಹೊಸ ತಿಪ್ಪಸಂದ್ರ",
          "place": "neighbourhood"
        }
      }
    },
    {
      "type": "Feature",
      "geometry": {
        "type": "Point",
        "coordinates": [
          77.6635462,
          12.96218
        ]
      },
      "properties": {
        "id": 513652502,
        "name": "Vimanapura",
        "type": "place",
        "subtype": "quarter",
        "population": null,
        "tags": {
          "name": "Vimanapura",
          "name:kn": "ವಿಮಾನಪುರ",
          "name:ml": "വിമാനപുര",
          "name:ta": "விமானபுரா",
          "place": "quarter"
        }
      }
    },
    {
      "type": "Feature",
      "geometry": {
        "type": "Point",
        "coordinates": [
          77.6575713,
          12.9561284
        ]
      },
      "properties": {
        "id": 513660180,
        "name": "Murugeshpalaya",
        "type": "place",
        "subtype": "quarter",
        "population": null,
        "tags": {
          "name": "Murugeshpalaya",
          "name:kn": "ಮುರುಗೇಶಪಾಳ್ಯ",
          "name:ml": "മുറഗേഷ്പാളയ",
          "name:ta": "முருகேஷ்பாலையா",
          "place": "quarter"
        }
      }
    },
    {
      "type": "Feature",
      "geometry": {
        "type": "Point",
        "coordinates": [
          77.6567503,
          12.9617767
        ]
      },
      "properties": {
        "id": 513660186,
        "name": "NR Colony",
        "type": "place",
        "subtype": "neighbourhood",
        "population": null,
        "tags": {
          "alt_name": "Nanja Reddy Colony",
          "name": "NR Colony",
          "name:kn": "ನಂಜರೆಡ್ಡಿ ಕಾಲೋನಿ",
          "place": "neighbourhood"
        }
      }
    },
    {
      "type": "Feature",
      "geometry": {
        "type": "Point",
        "coordinates": [
          77.6623373,
          12.9586061
        ]
      },
      "properties": {
        "id": 513660192,
        "name": "Konena Agrahara",
        "type": "place",
        "subtype": "neighbourhood",
        "population": null,
        "tags": {
          "name": "Konena Agrahara",
          "name:kn": "ಕೊನೆನ ಅಗ್ರಹಾರ",
          "place": "neighbourhood"
        }
      }
    },
    {
      "type": "Feature",
      "geometry": {
        "type": "Point",
        "coordinates": [
          77.6251814,
          13.0021998
        ]
      },
      "properties": {
        "id": 514409999,
        "name": "Cooke Town",
        "type": "place",
        "subtype": "quarter",
        "population": null,
        "tags": {
          "is_in": "Bengaluru",
          "name": "Cooke Town",
          "name:kn": "ಕುಕ್ ಟೌನ್",
          "name:ml": "കുക്ക് ടൗൺ",
          "place": "quarter",
          "wikidata": "Q23018874",
          "wikipedia": "en:Cooke Town"
        }
      }
    },
    {
      "type": "Feature",
      "geometry": {
        "type": "Point",
        "coordinates": [
          77.5695288,
          13.0360109
        ]
      },
      "properties": {
        "id": 529003770,
        "name": "RMV 2nd Stage",
        "type": "place",
        "subtype": "suburb",
        "population": null,
        "tags": {
          "full_name": "Raj Mahal Vilas 2nd Stage",
          "name": "RMV 2nd Stage",
          "name:kn": "ರಾಜ್ ಮಹಲ್ ವಿಲಾಸ್",
          "place": "suburb"
        }
      }
    },
    {
      "type": "Feature",
      "geometry": {
        "type": "Point",
        "coordinates": [
          77.5919,
          13.0382184
        ]
      },
      "properties": {
        "id": 529277252,
        "name": "Hebbal",
        "type": "place",
        "subtype": "suburb",
        "population": null,
        "tags": {
          "is_in": "Bengaluru",
          "name": "Hebbal",
          "name:kn": "ಹೆಬ್ಬಾಳು",
          "name:ml": "ഹെബ്ബാൾ",
          "name:ta": "ஹெப்பால்",
          "place": "suburb",
          "wikidata": "Q4801570",
          "wikimedia_commons": "Category:Hebbal",
          "wikipedia": "en:Hebbal, Bangalore"
        }
      }
    },
    {
      "type": "Feature",
      "geometry": {
        "type": "Point",
        "coordinates": [
          77.577971,
          13.0364992
        ]
      },
      "properties": {
        "id": 529291178,
        "name": "Sanjay Nagara",
        "type": "place",
        "subtype": "quarter",
        "population": null,
        "tags": {
          "is_in": "Bengaluru",
          "name": "Sanjay Nagara",
          "name:kn": "ಸಂಜಯನಗರ",
          "place": "quarter",
          "wikidata": "Q7418494",
          "wikipedia": "en:Sanjaynagar"
        }
      }
    },
    {
      "type": "Feature",
      "geometry": {
        "type": "Point",
        "coordinates": [
          77.5750273,
          13.0287429
        ]
      },
      "properties": {
        "id": 529291184,
        "name": "RMV 2nd Stage 2nd Block",
        "type": "place",
        "subtype": "neighbourhood",
        "population": null,
        "tags": {
          "name": "RMV 2nd Stage 2nd Block",
          "name:kn": "ಆರ್‌ಎಂವಿ ೨ನೇ ಹಂತ - ೨ನೇ ಬ್ಲಾಕ್",
          "place": "neighbourhood"
        }
      }
    },
    {
      "type": "Feature",
      "geometry": {
        "type": "Point",
        "coordinates": [
          77.5588323,
          13.0405384
        ]
      },
      "properties": {
        "id": 529372193,
        "name": "Sundar Nagar",
        "type": "place",
        "subtype": "neighbourhood",
        "population": null,
        "tags": {
          "alt_name": "Sundaranagar",
          "name": "Sundar Nagar",
          "name:kn": "ಸುಂದರನಗರ",
          "place": "neighbourhood"
        }
      }
    },
    {
      "type": "Feature",
      "geometry": {
        "type": "Point",
        "coordinates": [
          77.5858824,
          13.0629067
        ]
      },
      "properties": {
        "id": 533558712,
        "name": "Sahakaranagara",
        "type": "place",
        "subtype": "suburb",
        "population": null,
        "tags": {
          "name": "Sahakaranagara",
          "name:kn": "ಸಹಕಾರನಗರ",
          "name:ml": "സഹകാരനഗർ",
          "place": "suburb",
          "wikidata": "Q7399436",
          "wikimedia_commons": "Category:Sahakara Nagar",
          "wikipedia": "en:Sahakara Nagar"
        }
      }
    },
    {
      "type": "Feature",
      "geometry": {
        "type": "Point",
        "coordinates": [
          77.621897,
          13.067129
        ]
      },
      "properties": {
        "id": 533581425,
        "name": "Arkavathy Layout",
        "type": "place",
        "subtype": "suburb",
        "population": null,
        "tags": {
          "name": "Arkavathy Layout",
          "name:kn": "ಅರ್ಕಾವತಿ ಬಡಾವಣೆ",
          "name:ta": "அர்க்காவதி லேஅவுட்",
          "place": "suburb"
        }
      }
    },
    {
      "type": "Feature",
      "geometry": {
        "type": "Point",
        "coordinates": [
          77.6098227,
          13.0747163
        ]
      },
      "properties": {
        "id": 533583774,
        "name": "Arkavathy Layout 7th Block",
        "type": "place",
        "subtype": "neighbourhood",
        "population": null,
        "tags": {
          "is_in": "Arkavathy Layout",
          "name": "Arkavathy Layout 7th Block",
          "name:kn": "ಅರ್ಕಾವತಿ ಬಡಾವಣೆ ೭ನೇ ಹಂತ",
          "place": "neighbourhood"
        }
      }
    },
    {
      "type": "Feature",
      "geometry": {
        "type": "Point",
        "coordinates": [
          77.6083207,
          13.0840392
        ]
      },
      "properties": {
        "id": 533583971,
        "name": "Arkavathy Layout 1st Block",
        "type": "place",
        "subtype": "neighbourhood",
        "population": null,
        "tags": {
          "is_in": "Arkavathy Layout",
          "name": "Arkavathy Layout 1st Block",
          "name:kn": "ಅರ್ಕಾವತಿ ಬಡಾವಣೆ ೧ನೇ ಹಂತ",
          "place": "neighbourhood"
        }
      }
    },
    {
      "type": "Feature",
      "geometry": {
        "type": "Point",
        "coordinates": [
          77.6068938,
          13.0784743
        ]
      },
      "properties": {
        "id": 533588736,
        "name": "Jakkur",
        "type": "place",
        "subtype": "suburb",
        "population": null,
        "tags": {
          "name": "Jakkur",
          "name:kn": "ಜಕ್ಕೂರು",
          "name:kn:iso15919": "Jakkūru",
          "name:ml": "ജക്കൂർ",
          "name:ta": "ஜக்கூர்",
          "place": "suburb"
        }
      }
    },
    {
      "type": "Feature",
      "geometry": {
        "type": "Point",
        "coordinates": [
          77.6203434,
          13.0757551
        ]
      },
      "properties": {
        "id": 533592521,
        "name": "Arkavathy Layout 3rd Block",
        "type": "place",
        "subtype": "neighbourhood",
        "population": null,
        "tags": {
          "is_in": "Arkavathy Layout",
          "name": "Arkavathy Layout 3rd Block",
          "name:kn": "ಅರ್ಕಾವತಿ ಬಡಾವಣೆ ೩ನೇ ಹಂತ",
          "place": "neighbourhood"
        }
      }
    },
    {
      "type": "Feature",
      "geometry": {
        "type": "Point",
        "coordinates": [
          77.6152451,
          13.0725802
        ]
      },
      "properties": {
        "id": 533595969,
        "name": "MCECHS Layout",
        "type": "place",
        "subtype": "neighbourhood",
        "population": null,
        "tags": {
          "is_in": "Arkavathy Layout",
          "name": "MCECHS Layout",
          "name:kn": "ಎಂಸಿಇಸಿಎಚ್ಎಸ್ ಲೇಔಟ್",
          "place": "neighbourhood"
        }
      }
    },
    {
      "type": "Feature",
      "geometry": {
        "type": "Point",
        "coordinates": [
          77.6154768,
          13.0691775
        ]
      },
      "properties": {
        "id": 533596428,
        "name": "Telecom Layout",
        "type": "place",
        "subtype": "neighbourhood",
        "population": null,
        "tags": {
          "is_in": "Arkavathy Layout",
          "name": "Telecom Layout",
          "name:kn": "ಟೆಲಿಕಾಂ ಲೇಔಟ್",
          "place": "neighbourhood"
        }
      }
    },
    {
      "type": "Feature",
      "geometry": {
        "type": "Point",
        "coordinates": [
          77.6662218,
          13.0806067
        ]
      },
      "properties": {
        "id": 548633836,
        "name": "Chikkagubbi",
        "type": "place",
        "subtype": "village",
        "population": null,
        "tags": {
          "is_in": "Asia,India,Karnataka",
          "name": "Chikkagubbi",
          "name:kn": "ಚಿಕ್ಕಗುಬ್ಬಿ",
          "name:kn:iso15919": "Cikkagubbi",
          "place": "village"
        }
      }
    },
    {
      "type": "Feature",
      "geometry": {
        "type": "Point",
        "coordinates": [
          77.675794,
          13.0830453
        ]
      },
      "properties": {
        "id": 548633848,
        "name": "Gollahalli",
        "type": "place",
        "subtype": "village",
        "population": null,
        "tags": {
          "is_in": "Asia,India,Karnataka",
          "name": "Gollahalli",
          "name:kn": "ಗೊಲ್ಲಹಳ್ಳಿ",
          "place": "village"
        }
      }
    },
    {
      "type": "Feature",
      "geometry": {
        "type": "Point",
        "coordinates": [
          77.6916126,
          13.0806375
        ]
      },
      "properties": {
        "id": 548636643,
        "name": "Kadaagrahara",
        "type": "place",
        "subtype": "village",
        "population": null,
        "tags": {
          "is_in": "Asia,India,Karnataka",
          "name": "Kadaagrahara",
          "name:kn": "ಕಾಡಅಗ್ರಹಾರ",
          "name:kn:iso15919": "Kāḍaagrahāra",
          "place": "village"
        }
      }
    },
    {
      "type": "Feature",
      "geometry": {
        "type": "Point",
        "coordinates": [
          77.6692734,
          13.0606148
        ]
      },
      "properties": {
        "id": 565301088,
        "name": "Hanumanthanagar",
        "type": "place",
        "subtype": "neighbourhood",
        "population": null,
        "tags": {
          "is_in": "Asia,India,Karnataka",
          "name": "Hanumanthanagar",
          "name:kn": "ಹನುಮಂತನಗರ",
          "place": "neighbourhood"
        }
      }
    },
    {
      "type": "Feature",
      "geometry": {
        "type": "Point",
        "coordinates": [
          77.6862593,
          13.086031
        ]
      },
      "properties": {
        "id": 565301339,
        "name": "Yarappanahalli",
        "type": "place",
        "subtype": "village",
        "population": null,
        "tags": {
          "name": "Yarappanahalli",
          "name:kn": "ಯರಪ್ಪನಹಳ್ಳಿ",
          "name:kn:iso15919": "Yarappanahaḷḷi",
          "place": "village"
        }
      }
    },
    {
      "type": "Feature",
      "geometry": {
        "type": "Point",
        "coordinates": [
          77.6468085,
          13.0386734
        ]
      },
      "properties": {
        "id": 567770959,
        "name": "Agara",
        "type": "place",
        "subtype": "neighbourhood",
        "population": null,
        "tags": {
          "alt_name": "Agra",
          "is_in": "Asia,India,Karnataka",
          "name": "Agara",
          "name:kn": "ಆಗರ",
          "place": "neighbourhood"
        }
      }
    },
    {
      "type": "Feature",
      "geometry": {
        "type": "Point",
        "coordinates": [
          77.6424998,
          13.0286557
        ]
      },
      "properties": {
        "id": 567771160,
        "name": "Chelekere",
        "type": "place",
        "subtype": "neighbourhood",
        "population": null,
        "tags": {
          "alt_name": "Chellakere",
          "is_in": "Asia,India,Karnataka",
          "name": "Chelekere",
          "name:kn": "ಚೆಳ್ಳಕೆರೆ",
          "place": "neighbourhood"
        }
      }
    },
    {
      "type": "Feature",
      "geometry": {
        "type": "Point",
        "coordinates": [
          77.6403368,
          13.0221416
        ]
      },
      "properties": {
        "id": 567772575,
        "name": "Kalyan Nagar",
        "type": "place",
        "subtype": "suburb",
        "population": null,
        "tags": {
          "name": "Kalyan Nagar",
          "name:kn": "ಕಲ್ಯಾಣನಗರ",
          "name:ta": "கல்யாண் நகர்",
          "place": "suburb"
        }
      }
    },
    {
      "type": "Feature",
      "geometry": {
        "type": "Point",
        "coordinates": [
          77.7004245,
          13.0115433
        ]
      },
      "properties": {
        "id": 567773467,
        "name": "Shree Vinayaka Layout",
        "type": "place",
        "subtype": "neighbourhood",
        "population": null,
        "tags": {
          "name": "Shree Vinayaka Layout",
          "name:kn": "ವಿನಾಯಕ ಬಡಾವಣೆ",
          "place": "neighbourhood"
        }
      }
    },
    {
      "type": "Feature",
      "geometry": {
        "type": "Point",
        "coordinates": [
          77.6704866,
          13.0074103
        ]
      },
      "properties": {
        "id": 567774040,
        "name": "Dooravaninagar",
        "type": "place",
        "subtype": "quarter",
        "population": null,
        "tags": {
          "name": "Dooravaninagar",
          "name:kn": "ದೂರವಾಣಿನಗರ",
          "name:ml": "ദൂരവാണിനഗർ",
          "place": "quarter"
        }
      }
    },
    {
      "type": "Feature",
      "geometry": {
        "type": "Point",
        "coordinates": [
          77.5797506,
          13.0043153
        ]
      },
      "properties": {
        "id": 568282200,
        "name": "Lower Palace Orchard",
        "type": "place",
        "subtype": "neighbourhood",
        "population": null,
        "tags": {
          "name": "Lower Palace Orchard",
          "name:kn": "ಲೋಅರ್ ಪ್ಯಾಲೆಸ್ ಒರ್ಚಾರ್ಡ್",
          "place": "neighbourhood"
        }
      }
    },
    {
      "type": "Feature",
      "geometry": {
        "type": "Point",
        "coordinates": [
          77.5455438,
          12.9055682
        ]
      },
      "properties": {
        "id": 573534505,
        "name": "Uttarahalli",
        "type": "place",
        "subtype": "suburb",
        "population": null,
        "tags": {
          "is_in": "Bengaluru",
          "name": "Uttarahalli",
          "name:kn": "ಉತ್ತರಹಳ್ಳಿ",
          "name:ta": "உத்தரஹல்லி",
          "place": "suburb"
        }
      }
    },
    {
      "type": "Feature",
      "geometry": {
        "type": "Point",
        "coordinates": [
          77.4797902,
          12.9583897
        ]
      },
      "properties": {
        "id": 574606489,
        "name": "Ullalu",
        "type": "place",
        "subtype": "quarter",
        "population": null,
        "tags": {
          "alt_name": "Ullalu Upanagara",
          "alt_name:kn": "ಉಲ್ಲಾಳು ಉಪನಗರ",
          "name": "Ullalu",
          "name:kn": "ಉಳ್ಳಾಲು",
          "place": "quarter"
        }
      }
    },
    {
      "type": "Feature",
      "geometry": {
        "type": "Point",
        "coordinates": [
          77.6924156,
          12.9934976
        ]
      },
      "properties": {
        "id": 574853138,
        "name": "Mahadevapura",
        "type": "place",
        "subtype": "suburb",
        "population": null,
        "tags": {
          "is_in": "Bangalore;Karnataka;India",
          "name": "Mahadevapura",
          "name:kn": "ಮಹಾದೇವಪುರ",
          "name:ta": "மஹாதேவபுரா",
          "place": "suburb",
          "wikidata": "Q2240888",
          "wikimedia_commons": "Category:Mahadevapura",
          "wikipedia": "en:Mahadevapura, Bangalore"
        }
      }
    },
    {
      "type": "Feature",
      "geometry": {
        "type": "Point",
        "coordinates": [
          77.6082063,
          13.0374105
        ]
      },
      "properties": {
        "id": 582576115,
        "name": "Kanaka Nagar",
        "type": "place",
        "subtype": "neighbourhood",
        "population": null,
        "tags": {
          "name": "Kanaka Nagar",
          "name:kn": "ಕನಕ ನಗರ",
          "place": "neighbourhood"
        }
      }
    },
    {
      "type": "Feature",
      "geometry": {
        "type": "Point",
        "coordinates": [
          77.5324669,
          13.0466974
        ]
      },
      "properties": {
        "id": 589789927,
        "name": "HMT Watch Factory Colony",
        "type": "place",
        "subtype": "neighbourhood",
        "population": null,
        "tags": {
          "name": "HMT Watch Factory Colony",
          "name:kn": "ಎಚ್ಎಂಟಿ ವಾಚ್ ಫ್ಯಾಕ್ಟರಿ ಕಾಲೋನಿ",
          "place": "neighbourhood"
        }
      }
    },
    {
      "type": "Feature",
      "geometry": {
        "type": "Point",
        "coordinates": [
          77.5492146,
          13.0450669
        ]
      },
      "properties": {
        "id": 590004335,
        "name": "Bahubali Nagar",
        "type": "place",
        "subtype": "locality",
        "population": null,
        "tags": {
          "name": "Bahubali Nagar",
          "name:kn": "ಬಾಹುಬಲಿನಗರ",
          "place": "locality"
        }
      }
    },
    {
      "type": "Feature",
      "geometry": {
        "type": "Point",
        "coordinates": [
          77.658947,
          12.9545209
        ]
      },
      "properties": {
        "id": 595167032,
        "name": "Vinayaka Nagar B Block",
        "type": "place",
        "subtype": "neighbourhood",
        "population": null,
        "tags": {
          "name": "Vinayaka Nagar B Block",
          "name:kn": "ವಿನಾಯಕ ನಗರ ಬಿ ಬ್ಲಾಕ್",
          "place": "neighbourhood"
        }
      }
    },
    {
      "type": "Feature",
      "geometry": {
        "type": "Point",
        "coordinates": [
          77.6524936,
          13.0252226
        ]
      },
      "properties": {
        "id": 595301768,
        "name": "CNR Layout",
        "type": "place",
        "subtype": "neighbourhood",
        "population": null,
        "tags": {
          "alt_name": "Chikka Nanjunda Reddy Layout",
          "name": "CNR Layout",
          "name:kn": "ನಂಜುಡ್ಡರೆಡ್ಡಿ ಲೇಔಟ್",
          "place": "neighbourhood"
        }
      }
    },
    {
      "type": "Feature",
      "geometry": {
        "type": "Point",
        "coordinates": [
          77.6511525,
          13.0270728
        ]
      },
      "properties": {
        "id": 595302508,
        "name": "Malappa Layout",
        "type": "place",
        "subtype": "neighbourhood",
        "population": null,
        "tags": {
          "name": "Malappa Layout",
          "name:kn": "ಮಲಪ್ಪ ಲೇಔಟ್",
          "place": "neighbourhood"
        }
      }
    },
    {
      "type": "Feature",
      "geometry": {
        "type": "Point",
        "coordinates": [
          77.6527986,
          13.0225678
        ]
      },
      "properties": {
        "id": 595304404,
        "name": "Bank Avenue Colony",
        "type": "place",
        "subtype": "neighbourhood",
        "population": null,
        "tags": {
          "name": "Bank Avenue Colony",
          "name:kn": "ಬ್ಯಾಂಕ್ ಅವೆನ್ಯೂ ಕಾಲೊನಿ",
          "place": "neighbourhood"
        }
      }
    },
    {
      "type": "Feature",
      "geometry": {
        "type": "Point",
        "coordinates": [
          77.6432902,
          13.0376905
        ]
      },
      "properties": {
        "id": 595688375,
        "name": "Hennur Gardens",
        "type": "place",
        "subtype": "neighbourhood",
        "population": null,
        "tags": {
          "name": "Hennur Gardens",
          "name:kn": "ಹೆಣ್ಣುರ್ ಗಾರ್ಡನ್ಸ್",
          "place": "neighbourhood"
        }
      }
    },
    {
      "type": "Feature",
      "geometry": {
        "type": "Point",
        "coordinates": [
          77.6535472,
          13.0775838
        ]
      },
      "properties": {
        "id": 597066208,
        "name": "Sri Krishna Nagar",
        "type": "place",
        "subtype": "neighbourhood",
        "population": null,
        "tags": {
          "name": "Sri Krishna Nagar",
          "name:kn": "ಶ್ರೀಕೃಷ್ಣ ನಗರ",
          "place": "neighbourhood"
        }
      }
    },
    {
      "type": "Feature",
      "geometry": {
        "type": "Point",
        "coordinates": [
          77.6580404,
          13.0247314
        ]
      },
      "properties": {
        "id": 597694337,
        "name": "Post & Telegraph Layout",
        "type": "place",
        "subtype": "neighbourhood",
        "population": null,
        "tags": {
          "name": "Post & Telegraph Layout",
          "name:kn": "ಪೊಸ್ಟ್ ಮತ್ತು ಟೆಲಿಗ್ರಾಫ್ ಲೇಔಟ್",
          "place": "neighbourhood"
        }
      }
    },
    {
      "type": "Feature",
      "geometry": {
        "type": "Point",
        "coordinates": [
          77.5511385,
          13.0310241
        ]
      },
      "properties": {
        "id": 598947872,
        "name": "Mohan Kumar Nagar",
        "type": "place",
        "subtype": "neighbourhood",
        "population": null,
        "tags": {
          "name": "Mohan Kumar Nagar",
          "name:kn": "ಮೋಹನ್ ಕುಮಾರ್ ನಗರ",
          "place": "neighbourhood"
        }
      }
    },
    {
      "type": "Feature",
      "geometry": {
        "type": "Point",
        "coordinates": [
          77.5515216,
          13.0399894
        ]
      },
      "properties": {
        "id": 598947913,
        "name": "Muthyalamma Nagar",
        "type": "place",
        "subtype": "locality",
        "population": null,
        "tags": {
          "name": "Muthyalamma Nagar",
          "name:kn": "ಮುತ್ಯಲಮ್ಮ ನಗರ",
          "place": "locality"
        }
      }
    },
    {
      "type": "Feature",
      "geometry": {
        "type": "Point",
        "coordinates": [
          77.5562302,
          13.040969
        ]
      },
      "properties": {
        "id": 598947998,
        "name": "Gokula",
        "type": "place",
        "subtype": "quarter",
        "population": null,
        "tags": {
          "name": "Gokula",
          "name:kn": "ಗೋಕುಲ",
          "place": "quarter"
        }
      }
    },
    {
      "type": "Feature",
      "geometry": {
        "type": "Point",
        "coordinates": [
          77.5668197,
          13.0333103
        ]
      },
      "properties": {
        "id": 598948010,
        "name": "MSR Nagar",
        "type": "place",
        "subtype": "neighbourhood",
        "population": null,
        "tags": {
          "name": "MSR Nagar",
          "name:kn": "ಎಂಎಸ್ಆರ್ ನಗರ",
          "place": "neighbourhood"
        }
      }
    },
    {
      "type": "Feature",
      "geometry": {
        "type": "Point",
        "coordinates": [
          77.5129632,
          13.0283168
        ]
      },
      "properties": {
        "id": 599212727,
        "name": "Peenya 2nd Stage",
        "type": "place",
        "subtype": "neighbourhood",
        "population": null,
        "tags": {
          "name": "Peenya 2nd Stage",
          "name:kn": "ಪೀಣ್ಯ ೨ನೇ ಹಂತ",
          "place": "neighbourhood"
        }
      }
    },
    {
      "type": "Feature",
      "geometry": {
        "type": "Point",
        "coordinates": [
          77.6649767,
          12.9856478
        ]
      },
      "properties": {
        "id": 628634429,
        "name": "C V Raman Nagar",
        "type": "place",
        "subtype": "suburb",
        "population": null,
        "tags": {
          "alt_name": "C V Raman Nagar",
          "name": "C V Raman Nagar",
          "name:hi": "सी वी रमन नगर",
          "name:kn": "ಸಿ ವಿ ರಾಮನ್ ನಗರ",
          "name:ta": "சி வி ராமன் நகர்",
          "place": "suburb",
          "wikidata": "Q5014804",
          "wikipedia": "en:CV Raman Nagar"
        }
      }
    },
    {
      "type": "Feature",
      "geometry": {
        "type": "Point",
        "coordinates": [
          77.5275223,
          13.0645499
        ]
      },
      "properties": {
        "id": 646342132,
        "name": "Raghavendra Colony",
        "type": "place",
        "subtype": "neighbourhood",
        "population": null,
        "tags": {
          "name": "Raghavendra Colony",
          "name:kn": "ರಾಘಾವೇಂದ್ರ ಕಾಲೋನಿ",
          "place": "neighbourhood"
        }
      }
    },
    {
      "type": "Feature",
      "geometry": {
        "type": "Point",
        "coordinates": [
          77.5658857,
          12.9656327
        ]
      },
      "properties": {
        "id": 648975553,
        "name": "Cottonpete",
        "type": "place",
        "subtype": "neighbourhood",
        "population": null,
        "tags": {
          "name": "Cottonpete",
          "name:kn": "ಕಾಟನ್ ಪೇಟೆ",
          "name:ta": "காட்டன்பேட்டே",
          "place": "neighbourhood"
        }
      }
    },
    {
      "type": "Feature",
      "geometry": {
        "type": "Point",
        "coordinates": [
          77.6521533,
          13.0308767
        ]
      },
      "properties": {
        "id": 652356552,
        "name": "Prakruthi Township",
        "type": "place",
        "subtype": "neighbourhood",
        "population": null,
        "tags": {
          "name": "Prakruthi Township",
          "name:kn": "ಪ್ರಕೃತಿ ಟೌನ್‌ಶಿಪ್",
          "place": "neighbourhood"
        }
      }
    },
    {
      "type": "Feature",
      "geometry": {
        "type": "Point",
        "coordinates": [
          77.5830766,
          12.9865133
        ]
      },
      "properties": {
        "id": 665045361,
        "name": "High Grounds",
        "type": "place",
        "subtype": "quarter",
        "population": null,
        "tags": {
          "name": "High Grounds",
          "name:kn": "ಹೈ ಗ್ರೌಂಡ್ಸ್",
          "place": "quarter"
        }
      }
    },
    {
      "type": "Feature",
      "geometry": {
        "type": "Point",
        "coordinates": [
          77.6156693,
          12.9498455
        ]
      },
      "properties": {
        "id": 666849453,
        "name": "L.R. Nagar 1st Stage",
        "type": "place",
        "subtype": "neighbourhood",
        "population": null,
        "tags": {
          "is_in": "Bengaluru",
          "name": "L.R. Nagar 1st Stage",
          "name:kn": "ಎಲ್ಆರ್ ನಗರ ೧ನೇ ಹಂತ",
          "place": "neighbourhood"
        }
      }
    },
    {
      "type": "Feature",
      "geometry": {
        "type": "Point",
        "coordinates": [
          77.6174553,
          12.9496935
        ]
      },
      "properties": {
        "id": 666849455,
        "name": "L.R. Nagar 2nd Stage",
        "type": "place",
        "subtype": "neighbourhood",
        "population": null,
        "tags": {
          "is_in": "Bengaluru",
          "name": "L.R. Nagar 2nd Stage",
          "name:kn": "ಎಲ್ಆರ್ ನಗರ ೨ನೇ ಹಂತ",
          "place": "neighbourhood"
        }
      }
    },
    {
      "type": "Feature",
      "geometry": {
        "type": "Point",
        "coordinates": [
          77.6184873,
          12.9490851
        ]
      },
      "properties": {
        "id": 666849457,
        "name": "Ambedkar Nagar",
        "type": "place",
        "subtype": "neighbourhood",
        "population": null,
        "tags": {
          "is_in": "Bengaluru",
          "name": "Ambedkar Nagar",
          "name:kn": "ಅಂಬೇಡ್ಕರ್ ನಗರ",
          "name:ml": "അംബേദ്കർ നഗർ",
          "place": "neighbourhood"
        }
      }
    },
    {
      "type": "Feature",
      "geometry": {
        "type": "Point",
        "coordinates": [
          77.5494998,
          12.9629437
        ]
      },
      "properties": {
        "id": 679886682,
        "name": "Goripalya",
        "type": "place",
        "subtype": "neighbourhood",
        "population": null,
        "tags": {
          "alt_name": "Devaraj Urs Nagar",
          "name": "Goripalya",
          "name:kn": "ಗೋರಿಪಾಳ್ಯ",
          "name:ta": "கோரிபால்யா",
          "place": "neighbourhood"
        }
      }
    },
    {
      "type": "Feature",
      "geometry": {
        "type": "Point",
        "coordinates": [
          77.5427797,
          12.9690686
        ]
      },
      "properties": {
        "id": 683061164,
        "name": "Hosahalli",
        "type": "place",
        "subtype": "neighbourhood",
        "population": null,
        "tags": {
          "name": "Hosahalli",
          "name:kn": "ಹೊಸಹಳ್ಳಿ",
          "place": "neighbourhood"
        }
      }
    },
    {
      "type": "Feature",
      "geometry": {
        "type": "Point",
        "coordinates": [
          77.7130369,
          12.964118
        ]
      },
      "properties": {
        "id": 695071972,
        "name": "AECS Layout",
        "type": "place",
        "subtype": "quarter",
        "population": null,
        "tags": {
          "is_in": "Bangalore",
          "name": "AECS Layout",
          "name:kn": "ಎಇಸಿಎಸ್ ಲೇಔಟ್",
          "place": "quarter"
        }
      }
    },
    {
      "type": "Feature",
      "geometry": {
        "type": "Point",
        "coordinates": [
          77.5378332,
          12.9301881
        ]
      },
      "properties": {
        "id": 699684156,
        "name": "Hosakerehalli",
        "type": "place",
        "subtype": "quarter",
        "population": null,
        "tags": {
          "is_in": "Bangalore",
          "name": "Hosakerehalli",
          "name:kn": "ಹೊಸಕೆರೆಹಳ್ಳಿ",
          "name:ta": "ஹொசக்கேரேஹல்லி",
          "note": "Appropriately tag place=*",
          "place": "quarter"
        }
      }
    },
    {
      "type": "Feature",
      "geometry": {
        "type": "Point",
        "coordinates": [
          77.5512728,
          12.9541051
        ]
      },
      "properties": {
        "id": 699684267,
        "name": "Kasturibai Nagar",
        "type": "place",
        "subtype": "neighbourhood",
        "population": null,
        "tags": {
          "name": "Kasturibai Nagar",
          "name:kn": "ಕಸ್ತೂರಿಬಾಯಿ ನಗರ",
          "name:ta": "கஸ்தூரிபாய் நகர்",
          "place": "neighbourhood"
        }
      }
    },
    {
      "type": "Feature",
      "geometry": {
        "type": "Point",
        "coordinates": [
          77.6383676,
          12.9640664
        ]
      },
      "properties": {
        "id": 710722699,
        "name": "Domlur 2nd Stage",
        "type": "place",
        "subtype": "neighbourhood",
        "population": null,
        "tags": {
          "is_in": "Domlur",
          "name": "Domlur 2nd Stage",
          "name:kn": "ದೊಮ್ಮಲೂರು ೨ನೇ ಹಂತ",
          "place": "neighbourhood"
        }
      }
    },
    {
      "type": "Feature",
      "geometry": {
        "type": "Point",
        "coordinates": [
          77.6176375,
          12.9599932
        ]
      },
      "properties": {
        "id": 718385669,
        "name": "Vannarapete",
        "type": "place",
        "subtype": "neighbourhood",
        "population": null,
        "tags": {
          "name": "Vannarapete",
          "name:kn": "ವನ್ನರಪೇಟೆ",
          "name:ta": "வன்னாரப்பேட்டே",
          "place": "neighbourhood"
        }
      }
    },
    {
      "type": "Feature",
      "geometry": {
        "type": "Point",
        "coordinates": [
          77.535647,
          12.9526939
        ]
      },
      "properties": {
        "id": 733519844,
        "name": "Deepanjali Nagar",
        "type": "place",
        "subtype": "locality",
        "population": null,
        "tags": {
          "name": "Deepanjali Nagar",
          "name:kn": "ದೀಪಾಂಜಲಿ ನಗರ",
          "place": "locality"
        }
      }
    },
    {
      "type": "Feature",
      "geometry": {
        "type": "Point",
        "coordinates": [
          77.5402492,
          12.9556699
        ]
      },
      "properties": {
        "id": 733519845,
        "name": "Bapuji Nagar",
        "type": "place",
        "subtype": "quarter",
        "population": null,
        "tags": {
          "name": "Bapuji Nagar",
          "name:kn": "ಬಾಪೂಜಿ ನಗರ",
          "name:ta": "பாபுஜி நகர்",
          "place": "quarter"
        }
      }
    },
    {
      "type": "Feature",
      "geometry": {
        "type": "Point",
        "coordinates": [
          77.5396256,
          12.9463411
        ]
      },
      "properties": {
        "id": 733519847,
        "name": "Ganapathy Nagar",
        "type": "place",
        "subtype": "neighbourhood",
        "population": null,
        "tags": {
          "name": "Ganapathy Nagar",
          "name:kn": "ಗಣಪತಿ ನಗರ",
          "place": "neighbourhood"
        }
      }
    },
    {
      "type": "Feature",
      "geometry": {
        "type": "Point",
        "coordinates": [
          77.5444995,
          12.9401439
        ]
      },
      "properties": {
        "id": 733519855,
        "name": "Girinagar",
        "type": "place",
        "subtype": "quarter",
        "population": null,
        "tags": {
          "name": "Girinagar",
          "name:kn": "ಗಿರಿನಗರ",
          "name:ta": "கிரிநகர்",
          "place": "quarter"
        }
      }
    },
    {
      "type": "Feature",
      "geometry": {
        "type": "Point",
        "coordinates": [
          77.5413592,
          12.9476325
        ]
      },
      "properties": {
        "id": 733519858,
        "name": "Byataranyapura",
        "type": "place",
        "subtype": "quarter",
        "population": null,
        "tags": {
          "name": "Byataranyapura",
          "name:kn": "ಬ್ಯಾಟರಾಯನಪುರ",
          "place": "quarter"
        }
      }
    },
    {
      "type": "Feature",
      "geometry": {
        "type": "Point",
        "coordinates": [
          77.5354516,
          12.9466873
        ]
      },
      "properties": {
        "id": 733519862,
        "name": "KHR Colony",
        "type": "place",
        "subtype": "locality",
        "population": null,
        "tags": {
          "name": "KHR Colony",
          "name:kn": "ಕೆಎಚ್ಆರ್ ಕಾಲೊನಿ",
          "place": "locality"
        }
      }
    },
    {
      "type": "Feature",
      "geometry": {
        "type": "Point",
        "coordinates": [
          77.6435315,
          12.976171
        ]
      },
      "properties": {
        "id": 736207253,
        "name": "Defence Colony",
        "type": "place",
        "subtype": "neighbourhood",
        "population": null,
        "tags": {
          "is_in": "Indira Nagar",
          "name": "Defence Colony",
          "name:kn": "ಡಿಫೆನ್ಸ್ ಕಾಲೋನಿ",
          "place": "neighbourhood"
        }
      }
    },
    {
      "type": "Feature",
      "geometry": {
        "type": "Point",
        "coordinates": [
          77.5921346,
          12.9420915
        ]
      },
      "properties": {
        "id": 769260893,
        "name": "Someshwaranagar",
        "type": "place",
        "subtype": "neighbourhood",
        "population": null,
        "tags": {
          "is_in": "Bangalore",
          "name": "Someshwaranagar",
          "name:kn": "ಸೋಮೇಶ್ವರನಗರ",
          "name:ta": "சோமேஷ்வரா நகர்",
          "place": "neighbourhood"
        }
      }
    },
    {
      "type": "Feature",
      "geometry": {
        "type": "Point",
        "coordinates": [
          77.6504121,
          13.0234077
        ]
      },
      "properties": {
        "id": 821795981,
        "name": "Nanjappa Garden",
        "type": "place",
        "subtype": "neighbourhood",
        "population": null,
        "tags": {
          "name": "Nanjappa Garden",
          "name:kn": "ನಂಜಪ್ಪ ಗಾರ್ಡನ್",
          "place": "neighbourhood"
        }
      }
    },
    {
      "type": "Feature",
      "geometry": {
        "type": "Point",
        "coordinates": [
          77.7251308,
          12.9048732
        ]
      },
      "properties": {
        "id": 833667753,
        "name": "Mulluru",
        "type": "place",
        "subtype": "suburb",
        "population": null,
        "tags": {
          "name": "Mulluru",
          "name:kn": "ಮುಳ್ಳೂರು",
          "name:kn:iso15919": "Muḷḷūru",
          "name:ta": "முல்லூரு",
          "place": "suburb"
        }
      }
    },
    {
      "type": "Feature",
      "geometry": {
        "type": "Point",
        "coordinates": [
          77.7327804,
          12.9123295
        ]
      },
      "properties": {
        "id": 833667754,
        "name": "Kachamaranahalli",
        "type": "place",
        "subtype": "quarter",
        "population": null,
        "tags": {
          "name": "Kachamaranahalli",
          "name:kn": "ಕಾಚಮಾರನಹಳ್ಳಿ",
          "name:kn:iso15919": "Kācamāranahaḷḷi",
          "place": "quarter"
        }
      }
    },
    {
      "type": "Feature",
      "geometry": {
        "type": "Point",
        "coordinates": [
          77.7361016,
          12.9209772
        ]
      },
      "properties": {
        "id": 833667755,
        "name": "Gunjur",
        "type": "place",
        "subtype": "suburb",
        "population": null,
        "tags": {
          "name": "Gunjur",
          "name:kn": "ಗುಂಜೂರು",
          "name:kn:iso15919": "Guñjūru",
          "name:ta": "குஞ்சூரு",
          "place": "suburb"
        }
      }
    },
    {
      "type": "Feature",
      "geometry": {
        "type": "Point",
        "coordinates": [
          77.7292185,
          12.8881819
        ]
      },
      "properties": {
        "id": 833667757,
        "name": "Sulikunte",
        "type": "place",
        "subtype": "suburb",
        "population": null,
        "tags": {
          "name": "Sulikunte",
          "name:kn": "ಸೂಲಿಕುಂಟೆ",
          "name:kn:iso15919": "Sūlikuṇṭe",
          "name:ta": "சுளிகுன்டே",
          "place": "suburb"
        }
      }
    },
    {
      "type": "Feature",
      "geometry": {
        "type": "Point",
        "coordinates": [
          77.7280705,
          12.9377243
        ]
      },
      "properties": {
        "id": 833667966,
        "name": "Balagere",
        "type": "place",
        "subtype": "suburb",
        "population": null,
        "tags": {
          "is_in:state": "Karnataka",
          "name": "Balagere",
          "name:kn": "ಬಾಲಗೆರೆ",
          "name:ta": "பாலகேரே",
          "place": "suburb"
        }
      }
    },
    {
      "type": "Feature",
      "geometry": {
        "type": "Point",
        "coordinates": [
          77.746988,
          12.9406508
        ]
      },
      "properties": {
        "id": 833667967,
        "name": "Varthur",
        "type": "place",
        "subtype": "suburb",
        "population": null,
        "tags": {
          "alt_name": "Varthuru",
          "name": "Varthur",
          "name:kn": "ವರ್ತೂರು",
          "name:ml": "വർത്തൂർ",
          "name:ta": "வர்தூர்",
          "place": "suburb",
          "wikidata": "Q7916202",
          "wikimedia_commons": "Category:Varthur",
          "wikipedia": "en:Varthur"
        }
      }
    },
    {
      "type": "Feature",
      "geometry": {
        "type": "Point",
        "coordinates": [
          77.7158986,
          12.8872616
        ]
      },
      "properties": {
        "id": 833668150,
        "name": "Kodati",
        "type": "place",
        "subtype": "suburb",
        "population": null,
        "tags": {
          "name": "Kodati",
          "name:kn": "ಕೊಡತಿ",
          "name:kn:iso15919": "Koḍati",
          "name:ml": "കൊടതി",
          "name:ta": "கோடட்டி",
          "place": "suburb"
        }
      }
    },
    {
      "type": "Feature",
      "geometry": {
        "type": "Point",
        "coordinates": [
          77.5493787,
          12.9232498
        ]
      },
      "properties": {
        "id": 841805570,
        "name": "Bhuvaneshwari Nagar",
        "type": "place",
        "subtype": "neighbourhood",
        "population": null,
        "tags": {
          "is_in": "Bangalore",
          "name": "Bhuvaneshwari Nagar",
          "name:kn": "ಭುವನೇಶ್ವರಿ ನಗರ",
          "name:ta": "புவனேஷ்வரி நகர்",
          "place": "neighbourhood"
        }
      }
    },
    {
      "type": "Feature",
      "geometry": {
        "type": "Point",
        "coordinates": [
          77.5444573,
          12.9250047
        ]
      },
      "properties": {
        "id": 841805600,
        "name": "Ittamadu",
        "type": "place",
        "subtype": "neighbourhood",
        "population": null,
        "tags": {
          "is_in": "Bangalore",
          "name": "Ittamadu",
          "name:kn": "ಇತ್ತಮಡು",
          "place": "neighbourhood"
        }
      }
    },
    {
      "type": "Feature",
      "geometry": {
        "type": "Point",
        "coordinates": [
          77.5340498,
          12.9127651
        ]
      },
      "properties": {
        "id": 841805641,
        "name": "AGS Layout",
        "type": "place",
        "subtype": "neighbourhood",
        "population": null,
        "tags": {
          "name": "AGS Layout",
          "name:kn": "ಎಜಿಎಸ್ ಲೇಔಟ್",
          "place": "neighbourhood"
        }
      }
    },
    {
      "type": "Feature",
      "geometry": {
        "type": "Point",
        "coordinates": [
          77.5635429,
          12.940641
        ]
      },
      "properties": {
        "id": 841805643,
        "name": "Hanumantha Nagar",
        "type": "place",
        "subtype": "quarter",
        "population": null,
        "tags": {
          "is_in": "Bengaluru",
          "name": "Hanumantha Nagar",
          "name:kn": "ಹನುಮಂತ ನಗರ",
          "name:ta": "ஹனுமந்த்தா நகர்",
          "place": "quarter"
        }
      }
    },
    {
      "type": "Feature",
      "geometry": {
        "type": "Point",
        "coordinates": [
          77.5488835,
          12.9280952
        ]
      },
      "properties": {
        "id": 841805674,
        "name": "Katriguppe",
        "type": "place",
        "subtype": "neighbourhood",
        "population": null,
        "tags": {
          "is_in": "Bangalore",
          "name": "Katriguppe",
          "name:kn": "ಕತ್ರಿಗುಪ್ಪೆ",
          "place": "neighbourhood"
        }
      }
    },
    {
      "type": "Feature",
      "geometry": {
        "type": "Point",
        "coordinates": [
          77.5921251,
          13.0276524
        ]
      },
      "properties": {
        "id": 850751602,
        "name": "HMT Layout",
        "type": "place",
        "subtype": "neighbourhood",
        "population": null,
        "tags": {
          "is_in": "RT Nagar",
          "name": "HMT Layout",
          "name:kn": "ಎಚ್ಎಂಟಿ ಲೇಔಟ್",
          "place": "neighbourhood"
        }
      }
    },
    {
      "type": "Feature",
      "geometry": {
        "type": "Point",
        "coordinates": [
          77.5950711,
          13.0279472
        ]
      },
      "properties": {
        "id": 850751624,
        "name": "VV Nagar",
        "type": "place",
        "subtype": "neighbourhood",
        "population": null,
        "tags": {
          "is_in": "RT Nagar",
          "name": "VV Nagar",
          "name:kn": "ವಿವಿ ನಗರ",
          "name:ta": "விவி நகர்",
          "place": "neighbourhood"
        }
      }
    },
    {
      "type": "Feature",
      "geometry": {
        "type": "Point",
        "coordinates": [
          77.6224071,
          13.0065573
        ]
      },
      "properties": {
        "id": 857189302,
        "name": "St. Thomas Town",
        "type": "place",
        "subtype": "neighbourhood",
        "population": null,
        "tags": {
          "alt_name": "BL Rice Nagar",
          "is_in": "Bengaluru",
          "name": "St. Thomas Town",
          "name:kn": "ಸೆಂಟ್ ತಾಮಸ್ ಟೌನ್",
          "name:ml": "സെന്റ് തോമസ് ടൗൺ",
          "place": "neighbourhood"
        }
      }
    },
    {
      "type": "Feature",
      "geometry": {
        "type": "Point",
        "coordinates": [
          77.5402044,
          12.9437456
        ]
      },
      "properties": {
        "id": 951469149,
        "name": "Avalahalli",
        "type": "place",
        "subtype": "quarter",
        "population": null,
        "tags": {
          "is_in": "Bangalore South",
          "name": "Avalahalli",
          "name:kn": "ಅವಲಹಳ್ಳಿ",
          "name:ta": "அவலஹள்ளி",
          "place": "quarter"
        }
      }
    },
    {
      "type": "Feature",
      "geometry": {
        "type": "Point",
        "coordinates": [
          77.5860438,
          13.0837692
        ]
      },
      "properties": {
        "id": 960240551,
        "name": "Judicial Layout",
        "type": "place",
        "subtype": "quarter",
        "population": null,
        "tags": {
          "name": "Judicial Layout",
          "name:kn": "ಜುಡಿಷಿಯಲ್ ಲೇಔಟ್",
          "place": "quarter"
        }
      }
    },
    {
      "type": "Feature",
      "geometry": {
        "type": "Point",
        "coordinates": [
          77.6648221,
          12.9682545
        ]
      },
      "properties": {
        "id": 961374022,
        "name": "Jagadish Nagar",
        "type": "place",
        "subtype": "neighbourhood",
        "population": null,
        "tags": {
          "is_in": "Bangalore",
          "name": "Jagadish Nagar",
          "name:kn": "ಜಗದೀಶ ನಗರ",
          "name:ta": "ஜகதீஷ் நகர்",
          "place": "neighbourhood"
        }
      }
    },
    {
      "type": "Feature",
      "geometry": {
        "type": "Point",
        "coordinates": [
          77.55459,
          12.9567265
        ]
      },
      "properties": {
        "id": 1007655139,
        "name": "Valmiki Nagar",
        "type": "place",
        "subtype": "neighbourhood",
        "population": null,
        "tags": {
          "name": "Valmiki Nagar",
          "name:kn": "ವಾಲ್ಮೀಕಿನಗರ",
          "name:ta": "வால்மிகி நகர்",
          "place": "neighbourhood"
        }
      }
    },
    {
      "type": "Feature",
      "geometry": {
        "type": "Point",
        "coordinates": [
          77.6177709,
          12.9349632
        ]
      },
      "properties": {
        "id": 1088522380,
        "name": "KHB Colony",
        "type": "place",
        "subtype": "locality",
        "population": null,
        "tags": {
          "is_in": "Koramangla 5th Block",
          "name": "KHB Colony",
          "name:kn": "ಕೆ ಎಚ್ ಬಿ ಕಾಲೋನಿ",
          "place": "locality"
        }
      }
    },
    {
      "type": "Feature",
      "geometry": {
        "type": "Point",
        "coordinates": [
          77.5618693,
          13.0364348
        ]
      },
      "properties": {
        "id": 1096656632,
        "name": "Nethaji Circle",
        "type": "place",
        "subtype": "locality",
        "population": null,
        "tags": {
          "highway": "mini_roundabout",
          "name": "Nethaji Circle",
          "name:kn": "ನೇತಾಜಿ ವೃತ್ತ",
          "place": "locality"
        }
      }
    },
    {
      "type": "Feature",
      "geometry": {
        "type": "Point",
        "coordinates": [
          77.6176267,
          12.9015883
        ]
      },
      "properties": {
        "id": 1099038300,
        "name": "Vakil Marina Layout",
        "type": "place",
        "subtype": "neighbourhood",
        "population": null,
        "tags": {
          "name": "Vakil Marina Layout",
          "name:kn": "ವಕಿಲ್ ಮರಿನ ಲೇಔಟ್",
          "place": "neighbourhood"
        }
      }
    },
    {
      "type": "Feature",
      "geometry": {
        "type": "Point",
        "coordinates": [
          77.6666656,
          12.9942607
        ]
      },
      "properties": {
        "id": 1129381521,
        "name": "Pai Layout",
        "type": "place",
        "subtype": "locality",
        "population": null,
        "tags": {
          "name": "Pai Layout",
          "name:kn": "ಪೈ ಲೇಔಟ್",
          "place": "locality"
        }
      }
    },
    {
      "type": "Feature",
      "geometry": {
        "type": "Point",
        "coordinates": [
          77.7405826,
          12.9558969
        ]
      },
      "properties": {
        "id": 1170262388,
        "name": "Ramagondanahalli",
        "type": "place",
        "subtype": "quarter",
        "population": null,
        "tags": {
          "name": "Ramagondanahalli",
          "name:kn": "ರಾಮಗೊಂಡನಹಳ್ಳಿ",
          "name:ml": "രാമഗൊണ്ടനഹള്ളി",
          "place": "quarter"
        }
      }
    },
    {
      "type": "Feature",
      "geometry": {
        "type": "Point",
        "coordinates": [
          77.6337669,
          12.9743818
        ]
      },
      "properties": {
        "id": 1232740569,
        "name": "Eshwara Layout",
        "type": "place",
        "subtype": "neighbourhood",
        "population": null,
        "tags": {
          "name": "Eshwara Layout",
          "name:kn": "ಈಶ್ವರ ಬಡಾವಣೆ",
          "place": "neighbourhood"
        }
      }
    },
    {
      "type": "Feature",
      "geometry": {
        "type": "Point",
        "coordinates": [
          77.6322716,
          12.9764755
        ]
      },
      "properties": {
        "id": 1232740599,
        "name": "LBS Nagar",
        "type": "place",
        "subtype": "neighbourhood",
        "population": null,
        "tags": {
          "name": "LBS Nagar",
          "name:kn": "ಎಲ್ ಬಿ ಎಸ್ ನಗರ",
          "place": "neighbourhood"
        }
      }
    },
    {
      "type": "Feature",
      "geometry": {
        "type": "Point",
        "coordinates": [
          77.5678155,
          13.0413668
        ]
      },
      "properties": {
        "id": 1232839896,
        "name": "Dollars Colony",
        "type": "place",
        "subtype": "neighbourhood",
        "population": null,
        "tags": {
          "alt_name": "HIG Colony",
          "name": "Dollars Colony",
          "name:kn": "ಡಾಲರ್ಸ್ ಕಾಲೋನಿ",
          "place": "neighbourhood",
          "wikipedia": "en:Dollars Colony"
        }
      }
    },
    {
      "type": "Feature",
      "geometry": {
        "type": "Point",
        "coordinates": [
          77.5736828,
          13.046814
        ]
      },
      "properties": {
        "id": 1232882583,
        "name": "Nagashettyhalli",
        "type": "place",
        "subtype": "quarter",
        "population": null,
        "tags": {
          "name": "Nagashettyhalli",
          "name:kn": "ನಾಗಶೆಟ್ಟಿಹಳ್ಳಿ",
          "name:ml": "നാഗഷെട്ടിഹള്ളി",
          "place": "quarter"
        }
      }
    },
    {
      "type": "Feature",
      "geometry": {
        "type": "Point",
        "coordinates": [
          77.5782619,
          13.0420008
        ]
      },
      "properties": {
        "id": 1232919267,
        "name": "Bhoopasandra",
        "type": "place",
        "subtype": "quarter",
        "population": null,
        "tags": {
          "name": "Bhoopasandra",
          "name:kn": "ಭೂಪಸಂದ್ರ",
          "name:ml": "ഭൂപസന്ദ്ര",
          "place": "quarter"
        }
      }
    },
    {
      "type": "Feature",
      "geometry": {
        "type": "Point",
        "coordinates": [
          77.6344738,
          12.9225582
        ]
      },
      "properties": {
        "id": 1278162245,
        "name": "Venkatpura",
        "type": "place",
        "subtype": "neighbourhood",
        "population": null,
        "tags": {
          "name": "Venkatpura",
          "name:kn": "ವೆಂಕಟಪುರ",
          "name:ta": "வெங்கடபுரா",
          "place": "neighbourhood"
        }
      }
    },
    {
      "type": "Feature",
      "geometry": {
        "type": "Point",
        "coordinates": [
          77.6324307,
          12.9347699
        ]
      },
      "properties": {
        "id": 1278162259,
        "name": "ST Bed Layout",
        "type": "place",
        "subtype": "neighbourhood",
        "population": null,
        "tags": {
          "alt_name": "Sinivagilu Tank Bed Layout",
          "name": "ST Bed Layout",
          "name:kn": "ಎಸ್‌ಟಿ ಬೆಡ್ ಲೇಔಟ್",
          "place": "neighbourhood"
        }
      }
    },
    {
      "type": "Feature",
      "geometry": {
        "type": "Point",
        "coordinates": [
          77.5130777,
          12.9664182
        ]
      },
      "properties": {
        "id": 1285911548,
        "name": "Nagarabhavi",
        "type": "place",
        "subtype": "suburb",
        "population": null,
        "tags": {
          "name": "Nagarabhavi",
          "name:kn": "ನಾಗರಭಾವಿ",
          "place": "suburb"
        }
      }
    },
    {
      "type": "Feature",
      "geometry": {
        "type": "Point",
        "coordinates": [
          77.5093895,
          12.9592694
        ]
      },
      "properties": {
        "id": 1285970570,
        "name": "NGEF Layout",
        "type": "place",
        "subtype": "neighbourhood",
        "population": null,
        "tags": {
          "name": "NGEF Layout",
          "name:kn": "ಎನ್‌ಜಿಇಎಫ್ ಲೇಔಟ್",
          "place": "neighbourhood"
        }
      }
    },
    {
      "type": "Feature",
      "geometry": {
        "type": "Point",
        "coordinates": [
          77.7345023,
          12.9696615
        ]
      },
      "properties": {
        "id": 1368829011,
        "name": "Nallurahalli",
        "type": "place",
        "subtype": "quarter",
        "population": null,
        "tags": {
          "name": "Nallurahalli",
          "name:kn": "ನಲ್ಲೂರಹಳ್ಳಿ",
          "name:kn:iso15919": "Nallūrahaḷḷi",
          "name:ml": "നല്ലൂരഹള്ളി",
          "place": "quarter"
        }
      }
    },
    {
      "type": "Feature",
      "geometry": {
        "type": "Point",
        "coordinates": [
          77.7148942,
          12.9728468
        ]
      },
      "properties": {
        "id": 1370044733,
        "name": "Green Domain Layout",
        "type": "place",
        "subtype": "neighbourhood",
        "population": null,
        "tags": {
          "name": "Green Domain Layout",
          "name:kn": "ಗ್ರೀನ್ ಡೊಮೆನ್ ಲೇಔಟ್",
          "place": "neighbourhood"
        }
      }
    },
    {
      "type": "Feature",
      "geometry": {
        "type": "Point",
        "coordinates": [
          77.635802,
          12.9624344
        ]
      },
      "properties": {
        "id": 1420058875,
        "name": "Domlur Village",
        "type": "place",
        "subtype": "neighbourhood",
        "population": null,
        "tags": {
          "name": "Domlur Village",
          "name:kn": "ದೊಮ್ಮಲೂರು ಗ್ರಾಮ",
          "place": "neighbourhood"
        }
      }
    },
    {
      "type": "Feature",
      "geometry": {
        "type": "Point",
        "coordinates": [
          77.6396382,
          12.9674584
        ]
      },
      "properties": {
        "id": 1420066610,
        "name": "Doopanahalli",
        "type": "place",
        "subtype": "neighbourhood",
        "population": null,
        "tags": {
          "name": "Doopanahalli",
          "name:kn": "ದೂಪನಹಳ್ಳಿ",
          "name:ta": "தூப்பனஹல்லி",
          "place": "neighbourhood"
        }
      }
    },
    {
      "type": "Feature",
      "geometry": {
        "type": "Point",
        "coordinates": [
          77.5392611,
          12.9265788
        ]
      },
      "properties": {
        "id": 1433644252,
        "name": "Dattatreya Nagara",
        "type": "place",
        "subtype": "neighbourhood",
        "population": null,
        "tags": {
          "name": "Dattatreya Nagara",
          "name:kn": "ದತ್ತಾತ್ರೇಯ ನಗರ",
          "place": "neighbourhood"
        }
      }
    },
    {
      "type": "Feature",
      "geometry": {
        "type": "Point",
        "coordinates": [
          77.5385709,
          12.986475
        ]
      },
      "properties": {
        "id": 1440229422,
        "name": "Basaveshwaranagar 2nd Stage",
        "type": "place",
        "subtype": "neighbourhood",
        "population": null,
        "tags": {
          "alt_name": "Basaveshwaranagar",
          "name": "Basaveshwaranagar 2nd Stage",
          "name:kn": "ಬಸವೇಶ್ವರ ನಗರ ೨ನೆ ಹಂತ",
          "place": "neighbourhood"
        }
      }
    },
    {
      "type": "Feature",
      "geometry": {
        "type": "Point",
        "coordinates": [
          77.6246697,
          12.9778793
        ]
      },
      "properties": {
        "id": 1453825863,
        "name": "Halasuru",
        "type": "place",
        "subtype": "suburb",
        "population": null,
        "tags": {
          "alt_name": "Ulsoor",
          "name": "Halasuru",
          "name:kn": "ಹಲಸೂರು",
          "name:ml": "ഹലസൂരു",
          "name:ta": "ஹலசூரு",
          "old_name": "Ulsoor",
          "place": "suburb",
          "wikidata": "Q7334412",
          "wikimedia_commons": "Category:Ulsoor",
          "wikipedia": "en:Ulsoor"
        }
      }
    },
    {
      "type": "Feature",
      "geometry": {
        "type": "Point",
        "coordinates": [
          77.5794033,
          13.0254406
        ]
      },
      "properties": {
        "id": 1456740144,
        "name": "Ashwath Nagar",
        "type": "place",
        "subtype": "neighbourhood",
        "population": null,
        "tags": {
          "name": "Ashwath Nagar",
          "name:kn": "ಅಶ್ವತ್ ನಗರ",
          "place": "neighbourhood"
        }
      }
    },
    {
      "type": "Feature",
      "geometry": {
        "type": "Point",
        "coordinates": [
          77.7214391,
          12.9908029
        ]
      },
      "properties": {
        "id": 1456749191,
        "name": "Rajpalya",
        "type": "place",
        "subtype": "locality",
        "population": null,
        "tags": {
          "name": "Rajpalya",
          "name:kn": "ರಾಜ್‌ಪಾಳ್ಯ",
          "place": "locality"
        }
      }
    },
    {
      "type": "Feature",
      "geometry": {
        "type": "Point",
        "coordinates": [
          77.7162015,
          12.9919033
        ]
      },
      "properties": {
        "id": 1457440304,
        "name": "Hoodi",
        "type": "place",
        "subtype": "suburb",
        "population": null,
        "tags": {
          "name": "Hoodi",
          "name:kn": "ಹೂಡಿ",
          "place": "suburb"
        }
      }
    },
    {
      "type": "Feature",
      "geometry": {
        "type": "Point",
        "coordinates": [
          77.7005156,
          12.993425
        ]
      },
      "properties": {
        "id": 1457440309,
        "name": "Garudacharpalya",
        "type": "place",
        "subtype": "neighbourhood",
        "population": null,
        "tags": {
          "name": "Garudacharpalya",
          "name:kn": "ಗರುಡಚಾರ್ ಪಾಳ್ಯ",
          "name:ml": "ഗരുഡചാര് പാല്യ",
          "place": "neighbourhood",
          "wikidata": "Q24931939",
          "wikipedia": "en:Garudacharpalya"
        }
      }
    },
    {
      "type": "Feature",
      "geometry": {
        "type": "Point",
        "coordinates": [
          77.6848622,
          12.9980556
        ]
      },
      "properties": {
        "id": 1457440311,
        "name": "B. Narayanapura",
        "type": "place",
        "subtype": "quarter",
        "population": null,
        "tags": {
          "name": "B. Narayanapura",
          "name:kn": "ಬಿ. ನಾರಯಣಪುರ",
          "place": "quarter"
        }
      }
    },
    {
      "type": "Feature",
      "geometry": {
        "type": "Point",
        "coordinates": [
          77.7489244,
          12.983525
        ]
      },
      "properties": {
        "id": 1457470051,
        "name": "Prashanth Extension",
        "type": "place",
        "subtype": "neighbourhood",
        "population": null,
        "tags": {
          "name": "Prashanth Extension",
          "name:kn": "ಪ್ರಶಾಂತ್ ಎಕ್ಸ್‌ಟೆನ್ಶನ್",
          "name:ml": "പ്രശാന്ത് എക്സ്റ്റൻഷൻ",
          "place": "neighbourhood"
        }
      }
    },
    {
      "type": "Feature",
      "geometry": {
        "type": "Point",
        "coordinates": [
          77.7065133,
          12.9111998
        ]
      },
      "properties": {
        "id": 1457470082,
        "name": "Carmelaram",
        "type": "place",
        "subtype": "suburb",
        "population": null,
        "tags": {
          "name": "Carmelaram",
          "name:kn": "ಕರ್ಮೇಲರಮ್",
          "name:ml": "കർമ്മേലരം",
          "name:ta": "கார்மேலரம்",
          "place": "suburb",
          "wikidata": "Q5043342",
          "wikipedia": "en:Carmelaram"
        }
      }
    },
    {
      "type": "Feature",
      "geometry": {
        "type": "Point",
        "coordinates": [
          77.7164745,
          12.9824429
        ]
      },
      "properties": {
        "id": 1457470098,
        "name": "Sitaramapalya",
        "type": "place",
        "subtype": "quarter",
        "population": null,
        "tags": {
          "alt_name": "Seetaramayyanapalya",
          "name": "Sitaramapalya",
          "name:kn": "ಸೀತಾರಾಮಪಾಳ್ಯ",
          "name:ta": "சீத்தாராம்பாலையா",
          "place": "quarter"
        }
      }
    },
    {
      "type": "Feature",
      "geometry": {
        "type": "Point",
        "coordinates": [
          77.7213154,
          12.9547872
        ]
      },
      "properties": {
        "id": 1459472864,
        "name": "Thubarahalli",
        "type": "place",
        "subtype": "neighbourhood",
        "population": null,
        "tags": {
          "name": "Thubarahalli",
          "name:kn": "ತೂಬರಹಳ್ಳಿ",
          "place": "neighbourhood"
        }
      }
    },
    {
      "type": "Feature",
      "geometry": {
        "type": "Point",
        "coordinates": [
          77.7309743,
          12.9542596
        ]
      },
      "properties": {
        "id": 1459472876,
        "name": "Siddapura",
        "type": "place",
        "subtype": "neighbourhood",
        "population": null,
        "tags": {
          "is_in": "Whitefield, Bangalore, Karnataka, India",
          "name": "Siddapura",
          "name:kn": "ಸಿದ್ದಾಪುರ",
          "name:ta": "சித்த்ப்புரா",
          "place": "neighbourhood"
        }
      }
    },
    {
      "type": "Feature",
      "geometry": {
        "type": "Point",
        "coordinates": [
          77.733422,
          12.9784752
        ]
      },
      "properties": {
        "id": 1459772969,
        "name": "Pattanduru Agrahara",
        "type": "place",
        "subtype": "suburb",
        "population": null,
        "tags": {
          "name": "Pattanduru Agrahara",
          "name:kn": "ಪಟ್ಟಂದೂರು ಅಗ್ರಹಾರ",
          "place": "suburb"
        }
      }
    },
    {
      "type": "Feature",
      "geometry": {
        "type": "Point",
        "coordinates": [
          77.6543602,
          12.9536329
        ]
      },
      "properties": {
        "id": 1460725252,
        "name": "Manjunath Nagar",
        "type": "place",
        "subtype": "neighbourhood",
        "population": null,
        "tags": {
          "name": "Manjunath Nagar",
          "name:kn": "ಮಂಜುನಾಥ ನಗರ",
          "name:ta": "மஞ்சுநாத் நகர்",
          "place": "neighbourhood"
        }
      }
    },
    {
      "type": "Feature",
      "geometry": {
        "type": "Point",
        "coordinates": [
          77.7415588,
          12.9643292
        ]
      },
      "properties": {
        "id": 1471872391,
        "name": "R. Narayanapura",
        "type": "place",
        "subtype": "neighbourhood",
        "population": null,
        "tags": {
          "name": "R. Narayanapura",
          "name:kn": "ಆರ್. ನಾರಾಯಣಪುರ",
          "place": "neighbourhood"
        }
      }
    },
    {
      "type": "Feature",
      "geometry": {
        "type": "Point",
        "coordinates": [
          77.6277757,
          12.9701231
        ]
      },
      "properties": {
        "id": 1473221118,
        "name": "Cambridge Layout",
        "type": "place",
        "subtype": "neighbourhood",
        "population": null,
        "tags": {
          "name": "Cambridge Layout",
          "name:kn": "ಕ್ಯಾಂಬ್ರಿಜ್ ಬಡಾವಣೆ",
          "place": "neighbourhood"
        }
      }
    },
    {
      "type": "Feature",
      "geometry": {
        "type": "Point",
        "coordinates": [
          77.6724503,
          12.9963615
        ]
      },
      "properties": {
        "id": 1483255832,
        "name": "Udaya Nagar",
        "type": "place",
        "subtype": "neighbourhood",
        "population": null,
        "tags": {
          "name": "Udaya Nagar",
          "name:kn": "ಉದಯನಗರ",
          "name:ml": "ഉദയനഗർ",
          "place": "neighbourhood"
        }
      }
    },
    {
      "type": "Feature",
      "geometry": {
        "type": "Point",
        "coordinates": [
          77.7522339,
          12.9728917
        ]
      },
      "properties": {
        "id": 1485730749,
        "name": "Sai Layout",
        "type": "place",
        "subtype": "neighbourhood",
        "population": null,
        "tags": {
          "addr:postcode": "560066",
          "is_in": "Whitefield, Bangalore, Karnataka, India",
          "name": "Sai Layout",
          "name:kn": "ಸಾಯಿ ಲೇಔಟ್",
          "place": "neighbourhood"
        }
      }
    },
    {
      "type": "Feature",
      "geometry": {
        "type": "Point",
        "coordinates": [
          77.7220587,
          12.9933277
        ]
      },
      "properties": {
        "id": 1489288914,
        "name": "Tigalarapalya",
        "type": "place",
        "subtype": "neighbourhood",
        "population": null,
        "tags": {
          "name": "Tigalarapalya",
          "name:kn": "ತಿಗಲಾರಪಾಳ್ಯ",
          "place": "neighbourhood"
        }
      }
    },
    {
      "type": "Feature",
      "geometry": {
        "type": "Point",
        "coordinates": [
          77.7497624,
          12.9921197
        ]
      },
      "properties": {
        "id": 1497218663,
        "name": "Kadugodi Colony",
        "type": "place",
        "subtype": "neighbourhood",
        "population": null,
        "tags": {
          "name": "Kadugodi Colony",
          "name:kn": "ಕಾಡುಗೋಡಿ ಕಾಲೋನಿ",
          "place": "neighbourhood"
        }
      }
    },
    {
      "type": "Feature",
      "geometry": {
        "type": "Point",
        "coordinates": [
          77.7559192,
          12.9848621
        ]
      },
      "properties": {
        "id": 1497326585,
        "name": "Maithri Layout",
        "type": "place",
        "subtype": "neighbourhood",
        "population": null,
        "tags": {
          "name": "Maithri Layout",
          "name:kn": "ಮೈತ್ರಿ ಲೇಔಟ್",
          "place": "neighbourhood"
        }
      }
    },
    {
      "type": "Feature",
      "geometry": {
        "type": "Point",
        "coordinates": [
          77.5291685,
          12.9628474
        ]
      },
      "properties": {
        "id": 1584391092,
        "name": "Attiguppe",
        "type": "place",
        "subtype": "quarter",
        "population": null,
        "tags": {
          "name": "Attiguppe",
          "name:kn": "ಅತ್ತಿಗುಪ್ಪೆ",
          "place": "quarter"
        }
      }
    },
    {
      "type": "Feature",
      "geometry": {
        "type": "Point",
        "coordinates": [
          77.7521212,
          12.9688091
        ]
      },
      "properties": {
        "id": 1584511575,
        "name": "Vinayaka Layout",
        "type": "place",
        "subtype": "neighbourhood",
        "population": null,
        "tags": {
          "addr:postcode": "560066",
          "is_in": "Whitefield, Bangalore, Karnataka, India",
          "name": "Vinayaka Layout",
          "name:kn": "ವಿನಾಯಕ ಬಡಾವಣೆ",
          "place": "neighbourhood"
        }
      }
    },
    {
      "type": "Feature",
      "geometry": {
        "type": "Point",
        "coordinates": [
          77.7549625,
          12.9712593
        ]
      },
      "properties": {
        "id": 1585471056,
        "name": "Gandhipura",
        "type": "place",
        "subtype": "village",
        "population": null,
        "tags": {
          "addr:postcode": "560066",
          "is_in": "Whitefield, Bangalore, Karnataka, India",
          "name": "Gandhipura",
          "name:kn": "ಗಾಂಧಿಪುರ",
          "name:ta": "காந்திபுரா",
          "place": "village"
        }
      }
    },
    {
      "type": "Feature",
      "geometry": {
        "type": "Point",
        "coordinates": [
          77.5285915,
          12.9407019
        ]
      },
      "properties": {
        "id": 1588150107,
        "name": "Pantarapalya",
        "type": "place",
        "subtype": "neighbourhood",
        "population": null,
        "tags": {
          "name": "Pantarapalya",
          "name:kn": "ಪಂತರಪಾಳ್ಯ",
          "place": "neighbourhood"
        }
      }
    },
    {
      "type": "Feature",
      "geometry": {
        "type": "Point",
        "coordinates": [
          77.5207301,
          13.0108677
        ]
      },
      "properties": {
        "id": 1588150119,
        "name": "Laggere",
        "type": "place",
        "subtype": "suburb",
        "population": null,
        "tags": {
          "addr:postcode": "560058",
          "name": "Laggere",
          "name:kn": "ಲಗ್ಗೆರೆ",
          "place": "suburb"
        }
      }
    },
    {
      "type": "Feature",
      "geometry": {
        "type": "Point",
        "coordinates": [
          77.5065272,
          12.995024
        ]
      },
      "properties": {
        "id": 1588150120,
        "name": "Sunkadakatte",
        "type": "place",
        "subtype": "quarter",
        "population": null,
        "tags": {
          "name": "Sunkadakatte",
          "name:kn": "ಸುಂಕದಕಟ್ಟೆ",
          "place": "quarter"
        }
      }
    },
    {
      "type": "Feature",
      "geometry": {
        "type": "Point",
        "coordinates": [
          77.5250913,
          12.9590406
        ]
      },
      "properties": {
        "id": 1588150121,
        "name": "Chandra Layout",
        "type": "place",
        "subtype": "quarter",
        "population": null,
        "tags": {
          "name": "Chandra Layout",
          "name:kn": "ಚಂದ್ರ ಲೇಔಟ್",
          "place": "quarter"
        }
      }
    },
    {
      "type": "Feature",
      "geometry": {
        "type": "Point",
        "coordinates": [
          77.5333268,
          12.9297622
        ]
      },
      "properties": {
        "id": 1588150122,
        "name": "Pushpagiri Nagar",
        "type": "place",
        "subtype": "neighbourhood",
        "population": null,
        "tags": {
          "name": "Pushpagiri Nagar",
          "name:kn": "ಪುಷ್ಪಗಿರಿ ನಗರ",
          "place": "neighbourhood"
        }
      }
    },
    {
      "type": "Feature",
      "geometry": {
        "type": "Point",
        "coordinates": [
          77.506701,
          12.9200602
        ]
      },
      "properties": {
        "id": 1588150123,
        "name": "Pattanagere",
        "type": "place",
        "subtype": "quarter",
        "population": null,
        "tags": {
          "name": "Pattanagere",
          "name:kn": "ಪಟ್ಟಣಗೆರೆ",
          "name:ta": "பட்டனகேரே",
          "place": "quarter"
        }
      }
    },
    {
      "type": "Feature",
      "geometry": {
        "type": "Point",
        "coordinates": [
          77.5226376,
          12.9823617
        ]
      },
      "properties": {
        "id": 1588150128,
        "name": "Kamakshipalya",
        "type": "place",
        "subtype": "quarter",
        "population": null,
        "tags": {
          "name": "Kamakshipalya",
          "name:kn": "ಕಾಮಾಕ್ಷಿಪಾಳ್ಯ",
          "name:ta": "காமாக்‌ஷிபால்யா",
          "note": "Appropriately tag place=*",
          "place": "quarter"
        }
      }
    },
    {
      "type": "Feature",
      "geometry": {
        "type": "Point",
        "coordinates": [
          77.4932278,
          12.915939
        ]
      },
      "properties": {
        "id": 1588150132,
        "name": "Mailasandra",
        "type": "place",
        "subtype": "village",
        "population": null,
        "tags": {
          "name": "Mailasandra",
          "name:kn": "ಮೈಲಸಂದ್ರ",
          "name:ml": "മൈലസന്ദ്ര",
          "name:ta": "மைலசந்த்ரா",
          "place": "village"
        }
      }
    },
    {
      "type": "Feature",
      "geometry": {
        "type": "Point",
        "coordinates": [
          77.5118053,
          12.9845494
        ]
      },
      "properties": {
        "id": 1588432381,
        "name": "Kottigepalya",
        "type": "place",
        "subtype": "locality",
        "population": null,
        "tags": {
          "name": "Kottigepalya",
          "name:kn": "ಕೊಟ್ಟಿಗೆಪಾಳ್ಯ",
          "place": "locality"
        }
      }
    },
    {
      "type": "Feature",
      "geometry": {
        "type": "Point",
        "coordinates": [
          77.4830332,
          13.0085936
        ]
      },
      "properties": {
        "id": 1589241314,
        "name": "Andrahalli",
        "type": "place",
        "subtype": "neighbourhood",
        "population": null,
        "tags": {
          "name": "Andrahalli",
          "name:kn": "ಅಂದ್ರಹಳ್ಳಿ",
          "place": "neighbourhood"
        }
      }
    },
    {
      "type": "Feature",
      "geometry": {
        "type": "Point",
        "coordinates": [
          77.7187843,
          12.9684441
        ]
      },
      "properties": {
        "id": 1589513001,
        "name": "Kundalahalli",
        "type": "place",
        "subtype": "quarter",
        "population": null,
        "tags": {
          "name": "Kundalahalli",
          "name:kn": "ಕುಂದಲಹಳ್ಳಿ",
          "name:kn:iso15919": "Kundalahaḷḷi",
          "name:ta": "குண்டலஹல்லி",
          "place": "quarter",
          "wikipedia": "en:Kundalahalli"
        }
      }
    },
    {
      "type": "Feature",
      "geometry": {
        "type": "Point",
        "coordinates": [
          77.7473882,
          13.0017965
        ]
      },
      "properties": {
        "id": 1601001587,
        "name": "Kumbena Agrahara",
        "type": "place",
        "subtype": "village",
        "population": null,
        "tags": {
          "name": "Kumbena Agrahara",
          "name:kn": "ಕುಂಬೇನ ಅಗ್ರಹಾರ",
          "name:kn:iso15919": "Kuṁbēna Agrahāra",
          "place": "village"
        }
      }
    },
    {
      "type": "Feature",
      "geometry": {
        "type": "Point",
        "coordinates": [
          77.7375086,
          12.9989026
        ]
      },
      "properties": {
        "id": 1601001714,
        "name": "Sadaramangala",
        "type": "place",
        "subtype": "village",
        "population": null,
        "tags": {
          "name": "Sadaramangala",
          "name:kn": "ಸಾದರಮಂಗಲ",
          "name:kn:iso15919": "Sādaramaṅgala",
          "place": "village"
        }
      }
    },
    {
      "type": "Feature",
      "geometry": {
        "type": "Point",
        "coordinates": [
          77.6967935,
          12.9395328
        ]
      },
      "properties": {
        "id": 1615766957,
        "name": "Kaadubeesanahalli",
        "type": "place",
        "subtype": "quarter",
        "population": null,
        "tags": {
          "name": "Kaadubeesanahalli",
          "name:kn": "ಕಾಡುಬಿಸನಹಳ್ಳಿ",
          "name:ml": "കാടുബിസനഹള്ളി",
          "name:ta": "காடுபீசனஹல்லி",
          "place": "quarter"
        }
      }
    },
    {
      "type": "Feature",
      "geometry": {
        "type": "Point",
        "coordinates": [
          77.7047541,
          12.9351457
        ]
      },
      "properties": {
        "id": 1615767014,
        "name": "Panathur",
        "type": "place",
        "subtype": "suburb",
        "population": null,
        "tags": {
          "name": "Panathur",
          "name:kn": "ಪಣತೂರು",
          "place": "suburb"
        }
      }
    },
    {
      "type": "Feature",
      "geometry": {
        "type": "Point",
        "coordinates": [
          77.7538267,
          12.9472552
        ]
      },
      "properties": {
        "id": 1615776526,
        "name": "Sorahunase",
        "type": "place",
        "subtype": "quarter",
        "population": null,
        "tags": {
          "alt_name": "Sorhunsi",
          "name": "Sorahunase",
          "name:kn": "ಸೋರಹುಣಸೆ",
          "name:kn:iso15919": "Sōrahuṇase",
          "place": "quarter"
        }
      }
    },
    {
      "type": "Feature",
      "geometry": {
        "type": "Point",
        "coordinates": [
          77.5511533,
          13.0031286
        ]
      },
      "properties": {
        "id": 1616772424,
        "name": "Rajajinagar 1st Block",
        "type": "place",
        "subtype": "neighbourhood",
        "population": null,
        "tags": {
          "name": "Rajajinagar 1st Block",
          "name:kn": "ರಾಜಾಜಿನಗರ ೧ನೇ ಬ್ಲಾಕ್",
          "place": "neighbourhood"
        }
      }
    },
    {
      "type": "Feature",
      "geometry": {
        "type": "Point",
        "coordinates": [
          77.5518985,
          12.9833269
        ]
      },
      "properties": {
        "id": 1616772428,
        "name": "Rajajinagar 5th Block",
        "type": "place",
        "subtype": "neighbourhood",
        "population": null,
        "tags": {
          "name": "Rajajinagar 5th Block",
          "name:kn": "ರಾಜಾಜಿನಗರ 5ನೇ ಬ್ಲಾಕ್",
          "place": "neighbourhood"
        }
      }
    },
    {
      "type": "Feature",
      "geometry": {
        "type": "Point",
        "coordinates": [
          77.5526874,
          12.9881787
        ]
      },
      "properties": {
        "id": 1616772430,
        "name": "Rajajinagar 3rd Block",
        "type": "place",
        "subtype": "neighbourhood",
        "population": null,
        "tags": {
          "name": "Rajajinagar 3rd Block",
          "name:kn": "ರಾಜಾಜಿನಗರ ೩ನೇ ಬ್ಲಾಕ್",
          "place": "neighbourhood"
        }
      }
    },
    {
      "type": "Feature",
      "geometry": {
        "type": "Point",
        "coordinates": [
          77.5771223,
          13.0351918
        ]
      },
      "properties": {
        "id": 1619884911,
        "name": "Postal Colony",
        "type": "place",
        "subtype": "neighbourhood",
        "population": null,
        "tags": {
          "name": "Postal Colony",
          "name:kn": "ಪೊಷ್ಟಲ್ ಕಾಲೋನಿ",
          "place": "neighbourhood"
        }
      }
    },
    {
      "type": "Feature",
      "geometry": {
        "type": "Point",
        "coordinates": [
          77.5804761,
          13.0309281
        ]
      },
      "properties": {
        "id": 1619884912,
        "name": "KEB Layout",
        "type": "place",
        "subtype": "neighbourhood",
        "population": null,
        "tags": {
          "name": "KEB Layout",
          "name:kn": "ಕೆಇಬಿ ಲೇಔಟ್",
          "place": "neighbourhood"
        }
      }
    },
    {
      "type": "Feature",
      "geometry": {
        "type": "Point",
        "coordinates": [
          77.5781101,
          13.0222132
        ]
      },
      "properties": {
        "id": 1619884913,
        "name": "RMV 2nd Stage 1st Block",
        "type": "place",
        "subtype": "neighbourhood",
        "population": null,
        "tags": {
          "name": "RMV 2nd Stage 1st Block",
          "name:kn": "ಆರ್‌ಎಂವಿ ೨ನೇ ಹಂತ - ೧ನೇ ಬ್ಲಾಕ್",
          "place": "neighbourhood"
        }
      }
    },
    {
      "type": "Feature",
      "geometry": {
        "type": "Point",
        "coordinates": [
          77.7052095,
          12.9977886
        ]
      },
      "properties": {
        "id": 1660031421,
        "name": "Kaveri Nagara",
        "type": "place",
        "subtype": "neighbourhood",
        "population": null,
        "tags": {
          "name": "Kaveri Nagara",
          "name:kn": "ಕಾವೇರಿ ನಗರ",
          "name:ta": "காவேரி நகரா",
          "place": "neighbourhood"
        }
      }
    },
    {
      "type": "Feature",
      "geometry": {
        "type": "Point",
        "coordinates": [
          77.6626028,
          12.9949194
        ]
      },
      "properties": {
        "id": 1681877266,
        "name": "Benniganahalli",
        "type": "place",
        "subtype": "neighbourhood",
        "population": null,
        "tags": {
          "name": "Benniganahalli",
          "name:kn": "ಬೆನ್ನಿಗಾನಹಳ್ಳಿ",
          "place": "neighbourhood"
        }
      }
    },
    {
      "type": "Feature",
      "geometry": {
        "type": "Point",
        "coordinates": [
          77.7436455,
          12.977178
        ]
      },
      "properties": {
        "id": 1684218036,
        "name": "Prithvi Layout",
        "type": "place",
        "subtype": "neighbourhood",
        "population": null,
        "tags": {
          "name": "Prithvi Layout",
          "name:kn": "ಪೃತ್ವಿ ಲೇಔಟ್",
          "place": "neighbourhood"
        }
      }
    },
    {
      "type": "Feature",
      "geometry": {
        "type": "Point",
        "coordinates": [
          77.6731578,
          12.9997859
        ]
      },
      "properties": {
        "id": 1693175446,
        "name": "Darga Mohalla",
        "type": "place",
        "subtype": "neighbourhood",
        "population": null,
        "tags": {
          "name": "Darga Mohalla",
          "name:kn": "ದರ್ಗಾ ಮೊಹಲ್ಲಾ",
          "place": "neighbourhood"
        }
      }
    },
    {
      "type": "Feature",
      "geometry": {
        "type": "Point",
        "coordinates": [
          77.6907504,
          12.9917803
        ]
      },
      "properties": {
        "id": 1717891654,
        "name": "Maheshwari Nagar",
        "type": "place",
        "subtype": "locality",
        "population": null,
        "tags": {
          "name": "Maheshwari Nagar",
          "name:kn": "ಮಹೇಶ್ವರಿ ನಗರ",
          "place": "locality"
        }
      }
    },
    {
      "type": "Feature",
      "geometry": {
        "type": "Point",
        "coordinates": [
          77.6916674,
          12.9919817
        ]
      },
      "properties": {
        "id": 1717892732,
        "name": "B Chikkanna Layout",
        "type": "place",
        "subtype": "locality",
        "population": null,
        "tags": {
          "name": "B Chikkanna Layout",
          "name:kn": "ಬಿ ಚಿಕ್ಕಣ್ಣ ಲೇಔಟ್",
          "place": "locality"
        }
      }
    },
    {
      "type": "Feature",
      "geometry": {
        "type": "Point",
        "coordinates": [
          77.688917,
          12.991282
        ]
      },
      "properties": {
        "id": 1717893278,
        "name": "Saraswathi Nagar",
        "type": "place",
        "subtype": "locality",
        "population": null,
        "tags": {
          "name": "Saraswathi Nagar",
          "name:kn": "ಸರಸ್ವತೀ ನಗರ",
          "place": "locality"
        }
      }
    },
    {
      "type": "Feature",
      "geometry": {
        "type": "Point",
        "coordinates": [
          77.6900527,
          12.9896897
        ]
      },
      "properties": {
        "id": 1717894443,
        "name": "Shivaganga Layout",
        "type": "place",
        "subtype": "neighbourhood",
        "population": null,
        "tags": {
          "name": "Shivaganga Layout",
          "name:kn": "ಶಿವಗಂಗ ಲೇಔಟ್",
          "place": "neighbourhood"
        }
      }
    },
    {
      "type": "Feature",
      "geometry": {
        "type": "Point",
        "coordinates": [
          77.6188862,
          12.9140788
        ]
      },
      "properties": {
        "id": 1757013241,
        "name": "BTM 2nd Stage",
        "type": "place",
        "subtype": "neighbourhood",
        "population": null,
        "tags": {
          "name": "BTM 2nd Stage",
          "name:kn": "ಬಿಟಿಎಂ ೨ನೇ ಹಂತ",
          "place": "neighbourhood"
        }
      }
    },
    {
      "type": "Feature",
      "geometry": {
        "type": "Point",
        "coordinates": [
          77.6729865,
          12.963659
        ]
      },
      "properties": {
        "id": 1773577331,
        "name": "Annasandra Palya",
        "type": "place",
        "subtype": "neighbourhood",
        "population": null,
        "tags": {
          "name": "Annasandra Palya",
          "name:kn": "ಅನ್ನಸಂದ್ರ ಪಾಳ್ಯ",
          "place": "neighbourhood"
        }
      }
    },
    {
      "type": "Feature",
      "geometry": {
        "type": "Point",
        "coordinates": [
          77.6715478,
          12.9678103
        ]
      },
      "properties": {
        "id": 1773577354,
        "name": "Lal Bahadur Shastri Nagar",
        "type": "place",
        "subtype": "neighbourhood",
        "population": null,
        "tags": {
          "name": "Lal Bahadur Shastri Nagar",
          "name:kn": "ಲಾಲ್ ಬಹದ್ದೂರ್ ಶಾಸ್ತ್ರೀ ನಗರ",
          "place": "neighbourhood"
        }
      }
    },
    {
      "type": "Feature",
      "geometry": {
        "type": "Point",
        "coordinates": [
          77.5306387,
          12.9687739
        ]
      },
      "properties": {
        "id": 1778942637,
        "name": "Marenahalli",
        "type": "place",
        "subtype": "neighbourhood",
        "population": null,
        "tags": {
          "name": "Marenahalli",
          "name:kn": "ಮರೆನಹಳ್ಳಿ",
          "place": "neighbourhood"
        }
      }
    },
    {
      "type": "Feature",
      "geometry": {
        "type": "Point",
        "coordinates": [
          77.5290026,
          12.9716073
        ]
      },
      "properties": {
        "id": 1778942893,
        "name": "Saraswathi Nagara",
        "type": "place",
        "subtype": "neighbourhood",
        "population": null,
        "tags": {
          "name": "Saraswathi Nagara",
          "name:kn": "ಸರಸ್ವತಿ ನಗರ",
          "place": "neighbourhood"
        }
      }
    },
    {
      "type": "Feature",
      "geometry": {
        "type": "Point",
        "coordinates": [
          77.5313254,
          12.9776188
        ]
      },
      "properties": {
        "id": 1778943773,
        "name": "Prashanth Nagar",
        "type": "place",
        "subtype": "neighbourhood",
        "population": null,
        "tags": {
          "name": "Prashanth Nagar",
          "name:kn": "ಪ್ರಶಾಂತ್ ನಗರ",
          "place": "neighbourhood"
        }
      }
    },
    {
      "type": "Feature",
      "geometry": {
        "type": "Point",
        "coordinates": [
          77.5161012,
          12.9778698
        ]
      },
      "properties": {
        "id": 1778944439,
        "name": "Malagala",
        "type": "place",
        "subtype": "neighbourhood",
        "population": null,
        "tags": {
          "name": "Malagala",
          "name:kn": "ಮಲಗಲ",
          "place": "neighbourhood"
        }
      }
    },
    {
      "type": "Feature",
      "geometry": {
        "type": "Point",
        "coordinates": [
          77.5313329,
          12.955703
        ]
      },
      "properties": {
        "id": 1778951068,
        "name": "BCC Layout",
        "type": "place",
        "subtype": "quarter",
        "population": null,
        "tags": {
          "name": "BCC Layout",
          "name:kn": "ಬಿಸಿಸಿ ಲೇಔಟ್",
          "place": "quarter"
        }
      }
    },
    {
      "type": "Feature",
      "geometry": {
        "type": "Point",
        "coordinates": [
          77.5427194,
          12.9784134
        ]
      },
      "properties": {
        "id": 1778956732,
        "name": "Dasarahalli",
        "type": "place",
        "subtype": "neighbourhood",
        "population": null,
        "tags": {
          "name": "Dasarahalli",
          "name:kn": "ದಾಸರಹಳ್ಳಿ",
          "name:ta": "தசரஹல்லி",
          "place": "neighbourhood"
        }
      }
    },
    {
      "type": "Feature",
      "geometry": {
        "type": "Point",
        "coordinates": [
          77.5268568,
          12.9731025
        ]
      },
      "properties": {
        "id": 1808809378,
        "name": "Kaveri Layout",
        "type": "place",
        "subtype": "neighbourhood",
        "population": null,
        "tags": {
          "name": "Kaveri Layout",
          "name:kn": "ಕಾವೇರಿ ಬಡಾವಣೆ",
          "place": "neighbourhood"
        }
      }
    },
    {
      "type": "Feature",
      "geometry": {
        "type": "Point",
        "coordinates": [
          77.6282108,
          13.0234478
        ]
      },
      "properties": {
        "id": 1808835507,
        "name": "HRBR Layout 2nd Block",
        "type": "place",
        "subtype": "quarter",
        "population": null,
        "tags": {
          "is_in:suburb": "HRBR Layout",
          "name": "HRBR Layout 2nd Block",
          "name:kn": "ಎಚ್ರ್‌ಬಿಆರ್ ಲೇಔಟ್ ೨ನೇ ಬ್ಲಾಕ್",
          "place": "quarter"
        }
      }
    },
    {
      "type": "Feature",
      "geometry": {
        "type": "Point",
        "coordinates": [
          77.6347105,
          13.0250556
        ]
      },
      "properties": {
        "id": 1808835508,
        "name": "HRBR Layout 3rd Block",
        "type": "place",
        "subtype": "quarter",
        "population": null,
        "tags": {
          "is_in:suburb": "HRBR Layout",
          "name": "HRBR Layout 3rd Block",
          "name:kn": "ಎಚ್ರ್‌ಆರ್‌ಬಿಆರ್ ಲೇಔಟ್",
          "place": "quarter"
        }
      }
    },
    {
      "type": "Feature",
      "geometry": {
        "type": "Point",
        "coordinates": [
          77.5284446,
          12.9681052
        ]
      },
      "properties": {
        "id": 1809694369,
        "name": "GKW Layout",
        "type": "place",
        "subtype": "neighbourhood",
        "population": null,
        "tags": {
          "name": "GKW Layout",
          "name:kn": "ಜಿಕೆಡಬ್ಲು ಲೇಔಟ್",
          "place": "neighbourhood"
        }
      }
    },
    {
      "type": "Feature",
      "geometry": {
        "type": "Point",
        "coordinates": [
          77.5301934,
          12.9675066
        ]
      },
      "properties": {
        "id": 1809694382,
        "name": "Vinayaka Layout",
        "type": "place",
        "subtype": "neighbourhood",
        "population": null,
        "tags": {
          "name": "Vinayaka Layout",
          "name:kn": "ವಿನಾಯಕ ಲೇಔಟ್",
          "place": "neighbourhood"
        }
      }
    },
    {
      "type": "Feature",
      "geometry": {
        "type": "Point",
        "coordinates": [
          77.5353937,
          12.9730957
        ]
      },
      "properties": {
        "id": 1809717632,
        "name": "M C Layout",
        "type": "place",
        "subtype": "neighbourhood",
        "population": null,
        "tags": {
          "name": "M C Layout",
          "name:kn": "ಎಂ ಸಿ ಲೇಔಟ್",
          "place": "neighbourhood"
        }
      }
    },
    {
      "type": "Feature",
      "geometry": {
        "type": "Point",
        "coordinates": [
          77.534246,
          12.9719088
        ]
      },
      "properties": {
        "id": 1809717633,
        "name": "Binny Layout",
        "type": "place",
        "subtype": "neighbourhood",
        "population": null,
        "tags": {
          "name": "Binny Layout",
          "name:kn": "ಬಿನ್ನಿ ಬಡಾವಣೆ",
          "place": "neighbourhood"
        }
      }
    },
    {
      "type": "Feature",
      "geometry": {
        "type": "Point",
        "coordinates": [
          77.5467051,
          12.965528
        ]
      },
      "properties": {
        "id": 1809760725,
        "name": "Telecom Layout",
        "type": "place",
        "subtype": "neighbourhood",
        "population": null,
        "tags": {
          "name": "Telecom Layout",
          "name:kn": "ಟೆಲಿಕಾಂ ಲೇಔಟ್",
          "place": "neighbourhood"
        }
      }
    },
    {
      "type": "Feature",
      "geometry": {
        "type": "Point",
        "coordinates": [
          77.5016708,
          12.9665733
        ]
      },
      "properties": {
        "id": 1811327702,
        "name": "ITI Layout",
        "type": "place",
        "subtype": "neighbourhood",
        "population": null,
        "tags": {
          "name": "ITI Layout",
          "name:kn": "ಐಟಿಐ ಲೇಔಟ್",
          "place": "neighbourhood"
        }
      }
    },
    {
      "type": "Feature",
      "geometry": {
        "type": "Point",
        "coordinates": [
          77.5310839,
          12.9725171
        ]
      },
      "properties": {
        "id": 1813491559,
        "name": "NHCS Layout",
        "type": "place",
        "subtype": "neighbourhood",
        "population": null,
        "tags": {
          "name": "NHCS Layout",
          "name:kn": "ಎನ್‌ಎಚ್‌ಸಿಎಸ್ ಲೇಔಟ್",
          "place": "neighbourhood"
        }
      }
    },
    {
      "type": "Feature",
      "geometry": {
        "type": "Point",
        "coordinates": [
          77.53298,
          12.9738535
        ]
      },
      "properties": {
        "id": 1813491561,
        "name": "Central Excise Layout",
        "type": "place",
        "subtype": "neighbourhood",
        "population": null,
        "tags": {
          "name": "Central Excise Layout",
          "name:kn": "ಕೇಂದ್ರ ಅಬಕಾರಿ ಬಡಾವಣೆ",
          "place": "neighbourhood"
        }
      }
    },
    {
      "type": "Feature",
      "geometry": {
        "type": "Point",
        "coordinates": [
          77.5364001,
          13.0007963
        ]
      },
      "properties": {
        "id": 1813493059,
        "name": "Kurubara Halli",
        "type": "place",
        "subtype": "quarter",
        "population": null,
        "tags": {
          "name": "Kurubara Halli",
          "name:kn": "ಕುರುಬರಹಳ್ಳಿ",
          "name:ta": "குருபரஹள்ளி",
          "place": "quarter"
        }
      }
    },
    {
      "type": "Feature",
      "geometry": {
        "type": "Point",
        "coordinates": [
          77.5537486,
          12.9783352
        ]
      },
      "properties": {
        "id": 1813501240,
        "name": "Rajajinagar 6th Block",
        "type": "place",
        "subtype": "neighbourhood",
        "population": null,
        "tags": {
          "name": "Rajajinagar 6th Block",
          "name:kn": "ರಾಜಾಜಿನಗರ ೬ನೇ ಬ್ಲಾಕ್",
          "place": "neighbourhood"
        }
      }
    },
    {
      "type": "Feature",
      "geometry": {
        "type": "Point",
        "coordinates": [
          77.5764654,
          13.0268483
        ]
      },
      "properties": {
        "id": 1828581707,
        "name": "Poojary Layout",
        "type": "place",
        "subtype": "neighbourhood",
        "population": null,
        "tags": {
          "name": "Poojary Layout",
          "name:kn": "ಪೂಜಾರಿ ಲೇಔಟ್",
          "place": "neighbourhood"
        }
      }
    },
    {
      "type": "Feature",
      "geometry": {
        "type": "Point",
        "coordinates": [
          77.5541768,
          12.9438817
        ]
      },
      "properties": {
        "id": 1836982724,
        "name": "Srinagar",
        "type": "place",
        "subtype": "quarter",
        "population": null,
        "tags": {
          "name": "Srinagar",
          "name:kn": "ಶ್ರೀನಗರ",
          "place": "quarter"
        }
      }
    },
    {
      "type": "Feature",
      "geometry": {
        "type": "Point",
        "coordinates": [
          77.5971229,
          12.9990834
        ]
      },
      "properties": {
        "id": 1837595255,
        "name": "Jayamahal",
        "type": "place",
        "subtype": "quarter",
        "population": null,
        "tags": {
          "name": "Jayamahal",
          "name:kn": "ಜಯಮಹಲ್",
          "place": "quarter"
        }
      }
    },
    {
      "type": "Feature",
      "geometry": {
        "type": "Point",
        "coordinates": [
          77.6046949,
          13.0294119
        ]
      },
      "properties": {
        "id": 1837595256,
        "name": "Sulthanpalya",
        "type": "place",
        "subtype": "suburb",
        "population": null,
        "tags": {
          "name": "Sulthanpalya",
          "name:kn": "ಸುಲ್ತಾನ್ ಪಾಳ್ಯ",
          "place": "suburb"
        }
      }
    },
    {
      "type": "Feature",
      "geometry": {
        "type": "Point",
        "coordinates": [
          77.6178772,
          12.9852683
        ]
      },
      "properties": {
        "id": 1837948053,
        "name": "Kothandram Layout",
        "type": "place",
        "subtype": "neighbourhood",
        "population": null,
        "tags": {
          "name": "Kothandram Layout",
          "name:kn": "ಕೋದಂಡರಾಮ ಲೇಔಟ್",
          "place": "neighbourhood"
        }
      }
    },
    {
      "type": "Feature",
      "geometry": {
        "type": "Point",
        "coordinates": [
          77.528243,
          12.9764697
        ]
      },
      "properties": {
        "id": 1843653195,
        "name": "Sampige Layout",
        "type": "place",
        "subtype": "neighbourhood",
        "population": null,
        "tags": {
          "name": "Sampige Layout",
          "name:kn": "ಸಂಪಿಗೆ ಲೇಔಟ್",
          "place": "neighbourhood"
        }
      }
    },
    {
      "type": "Feature",
      "geometry": {
        "type": "Point",
        "coordinates": [
          77.5291201,
          12.9739241
        ]
      },
      "properties": {
        "id": 1843653226,
        "name": "Amarjyothi Nagar",
        "type": "place",
        "subtype": "neighbourhood",
        "population": null,
        "tags": {
          "name": "Amarjyothi Nagar",
          "name:kn": "ಅಮರಜ್ಯೋತಿ ನಗರ",
          "place": "neighbourhood"
        }
      }
    },
    {
      "type": "Feature",
      "geometry": {
        "type": "Point",
        "coordinates": [
          77.5255041,
          12.9769861
        ]
      },
      "properties": {
        "id": 1843665966,
        "name": "Kaveri Pura",
        "type": "place",
        "subtype": "neighbourhood",
        "population": null,
        "tags": {
          "name": "Kaveri Pura",
          "name:kn": "ಕಾವೇರಿ ಪುರ",
          "place": "neighbourhood"
        }
      }
    },
    {
      "type": "Feature",
      "geometry": {
        "type": "Point",
        "coordinates": [
          77.5361122,
          12.9771613
        ]
      },
      "properties": {
        "id": 1843719321,
        "name": "Govindaraj Nagara",
        "type": "place",
        "subtype": "quarter",
        "population": null,
        "tags": {
          "name": "Govindaraj Nagara",
          "name:kn": "ಗೋವಿಂದರಾಜ ನಗರ",
          "note": "Appropriately tag place=*",
          "place": "quarter",
          "source": "Survey"
        }
      }
    },
    {
      "type": "Feature",
      "geometry": {
        "type": "Point",
        "coordinates": [
          77.6306777,
          12.9775466
        ]
      },
      "properties": {
        "id": 1844365244,
        "name": "Lakshmipuram",
        "type": "place",
        "subtype": "neighbourhood",
        "population": null,
        "tags": {
          "name": "Lakshmipuram",
          "name:kn": "ಲಕ್ಷ್ಮೀಪುರಂ",
          "place": "neighbourhood"
        }
      }
    },
    {
      "type": "Feature",
      "geometry": {
        "type": "Point",
        "coordinates": [
          77.6437106,
          12.9689409
        ]
      },
      "properties": {
        "id": 1857028749,
        "name": "HAL 2nd Stage",
        "type": "place",
        "subtype": "neighbourhood",
        "population": null,
        "tags": {
          "name": "HAL 2nd Stage",
          "name:kn": "ಎಚ್ಎಎಲ್ ೨ನೇ ಹಂತ",
          "place": "neighbourhood"
        }
      }
    },
    {
      "type": "Feature",
      "geometry": {
        "type": "Point",
        "coordinates": [
          77.7566409,
          13.0441926
        ]
      },
      "properties": {
        "id": 1872737385,
        "name": "Konadasapura",
        "type": "place",
        "subtype": "village",
        "population": null,
        "tags": {
          "name": "Konadasapura",
          "name:kn": "ಕೊನದಾಸಪುರ",
          "place": "village"
        }
      }
    },
    {
      "type": "Feature",
      "geometry": {
        "type": "Point",
        "coordinates": [
          77.756275,
          13.0056657
        ]
      },
      "properties": {
        "id": 1872737389,
        "name": "Belthur",
        "type": "place",
        "subtype": "village",
        "population": null,
        "tags": {
          "alt_name": "Belatturu",
          "name": "Belthur",
          "name:kn": "ಬೆಳತ್ತೂರು",
          "name:kn:iso15919": "Beḷattūru",
          "place": "village"
        }
      }
    },
    {
      "type": "Feature",
      "geometry": {
        "type": "Point",
        "coordinates": [
          77.7188315,
          12.9228378
        ]
      },
      "properties": {
        "id": 1872804077,
        "name": "Gunjur Palya",
        "type": "place",
        "subtype": "quarter",
        "population": null,
        "tags": {
          "name": "Gunjur Palya",
          "name:kn": "ಗುಂಜೂರು ಪಾಳ್ಯ",
          "name:ta": "குஞ்சூர் பால்யா",
          "place": "quarter"
        }
      }
    },
    {
      "type": "Feature",
      "geometry": {
        "type": "Point",
        "coordinates": [
          77.6948847,
          12.9082413
        ]
      },
      "properties": {
        "id": 1872804083,
        "name": "Doddakannalli",
        "type": "place",
        "subtype": "suburb",
        "population": null,
        "tags": {
          "name": "Doddakannalli",
          "name:kn": "ದೊಡ್ಡಕನ್ನಲ್ಲಿ",
          "place": "suburb"
        }
      }
    },
    {
      "type": "Feature",
      "geometry": {
        "type": "Point",
        "coordinates": [
          77.7471953,
          12.9055432
        ]
      },
      "properties": {
        "id": 1872804090,
        "name": "Heggondahalli",
        "type": "place",
        "subtype": "village",
        "population": null,
        "tags": {
          "name": "Heggondahalli",
          "name:kn": "ಹೆಗ್ಗೊಂಡಹಳ್ಳಿ",
          "name:kn:iso15919": "Heggoṇḍahaḷḷi",
          "place": "village"
        }
      }
    },
    {
      "type": "Feature",
      "geometry": {
        "type": "Point",
        "coordinates": [
          77.7370228,
          13.0816555
        ]
      },
      "properties": {
        "id": 1883718496,
        "name": "Mandur",
        "type": "place",
        "subtype": "village",
        "population": null,
        "tags": {
          "name": "Mandur",
          "name:en": "Manduru",
          "name:kn": "ಮಂಡೂರು",
          "place": "village"
        }
      }
    },
    {
      "type": "Feature",
      "geometry": {
        "type": "Point",
        "coordinates": [
          77.6416769,
          12.9839881
        ]
      },
      "properties": {
        "id": 1966567908,
        "name": "Binnamangala",
        "type": "place",
        "subtype": "neighbourhood",
        "population": null,
        "tags": {
          "is_in": "Indira Nagar",
          "name": "Binnamangala",
          "name:kn": "ಬಿನ್ನಮಂಗಲ",
          "name:ml": "ബിന്നമംഗല",
          "name:ta": "பின்னமங்கலா",
          "place": "neighbourhood"
        }
      }
    },
    {
      "type": "Feature",
      "geometry": {
        "type": "Point",
        "coordinates": [
          77.580509,
          12.8884396
        ]
      },
      "properties": {
        "id": 2019307544,
        "name": "RBI Layout",
        "type": "place",
        "subtype": "neighbourhood",
        "population": null,
        "tags": {
          "name": "RBI Layout",
          "name:kn": "ಆರ್‌ಬಿಐ ಲೇಔಟ್",
          "place": "neighbourhood"
        }
      }
    },
    {
      "type": "Feature",
      "geometry": {
        "type": "Point",
        "coordinates": [
          77.5828765,
          12.8823286
        ]
      },
      "properties": {
        "id": 2020102551,
        "name": "Navodaya Nagar",
        "type": "place",
        "subtype": "neighbourhood",
        "population": null,
        "tags": {
          "name": "Navodaya Nagar",
          "name:kn": "ನವೋದಯ ನಗರ",
          "name:ta": "நவோதயா நகர்",
          "place": "neighbourhood"
        }
      }
    },
    {
      "type": "Feature",
      "geometry": {
        "type": "Point",
        "coordinates": [
          77.5824835,
          12.8831747
        ]
      },
      "properties": {
        "id": 2020104723,
        "name": "Shreyas Colony",
        "type": "place",
        "subtype": "neighbourhood",
        "population": null,
        "tags": {
          "name": "Shreyas Colony",
          "name:kn": "ಶ್ರೇಯಸ್ ಕಾಲೋನಿ",
          "place": "neighbourhood"
        }
      }
    },
    {
      "type": "Feature",
      "geometry": {
        "type": "Point",
        "coordinates": [
          77.5810914,
          12.8929519
        ]
      },
      "properties": {
        "id": 2021561645,
        "name": "Sri Rama Layout",
        "type": "place",
        "subtype": "neighbourhood",
        "population": null,
        "tags": {
          "name": "Sri Rama Layout",
          "name:kn": "ಶ್ರೀರಾಮ ಲೇಔಟ್",
          "place": "neighbourhood"
        }
      }
    },
    {
      "type": "Feature",
      "geometry": {
        "type": "Point",
        "coordinates": [
          77.5825355,
          12.8947001
        ]
      },
      "properties": {
        "id": 2021572119,
        "name": "Jagruthi Colony",
        "type": "place",
        "subtype": "neighbourhood",
        "population": null,
        "tags": {
          "name": "Jagruthi Colony",
          "name:kn": "ಜಾಗೃತಿ ಕಾಲೋನಿ",
          "place": "neighbourhood"
        }
      }
    },
    {
      "type": "Feature",
      "geometry": {
        "type": "Point",
        "coordinates": [
          77.5631012,
          12.9976424
        ]
      },
      "properties": {
        "id": 2026076829,
        "name": "Maruthi Extension",
        "type": "place",
        "subtype": "neighbourhood",
        "population": null,
        "tags": {
          "name": "Maruthi Extension",
          "name:kn": "ಮಾರುತಿ ಬಡಾವಣೆ",
          "place": "neighbourhood"
        }
      }
    },
    {
      "type": "Feature",
      "geometry": {
        "type": "Point",
        "coordinates": [
          77.5590106,
          13.0000366
        ]
      },
      "properties": {
        "id": 2026076832,
        "name": "Gayatri Nagar",
        "type": "place",
        "subtype": "quarter",
        "population": null,
        "tags": {
          "name": "Gayatri Nagar",
          "name:kn": "ಗಾಯತ್ರಿನಗರ",
          "name:ta": "காயத்ரி நகர்",
          "place": "quarter"
        }
      }
    },
    {
      "type": "Feature",
      "geometry": {
        "type": "Point",
        "coordinates": [
          77.5777361,
          12.8918543
        ]
      },
      "properties": {
        "id": 2026433130,
        "name": "Sri Guru Raghavendra Nagar",
        "type": "place",
        "subtype": "neighbourhood",
        "population": null,
        "tags": {
          "name": "Sri Guru Raghavendra Nagar",
          "name:kn": "ಶ್ರೀ ಗುರುರಾಘುವೇಂದ್ರ ನಗರ",
          "name:ta": "ஸ்ரீ குரு ராகவேந்திரா நகர்",
          "place": "neighbourhood"
        }
      }
    },
    {
      "type": "Feature",
      "geometry": {
        "type": "Point",
        "coordinates": [
          77.5786648,
          12.8925603
        ]
      },
      "properties": {
        "id": 2026433977,
        "name": "Lakshmi Nagar",
        "type": "place",
        "subtype": "neighbourhood",
        "population": null,
        "tags": {
          "name": "Lakshmi Nagar",
          "name:kn": "ಲಕ್ಷ್ಮೀ ನಗರ",
          "place": "neighbourhood"
        }
      }
    },
    {
      "type": "Feature",
      "geometry": {
        "type": "Point",
        "coordinates": [
          77.5759295,
          12.8917159
        ]
      },
      "properties": {
        "id": 2026453731,
        "name": "Eshwara Layout",
        "type": "place",
        "subtype": "neighbourhood",
        "population": null,
        "tags": {
          "name": "Eshwara Layout",
          "name:kn": "ಈಶ್ವರ ಲೇಔಟ್",
          "place": "neighbourhood"
        }
      }
    },
    {
      "type": "Feature",
      "geometry": {
        "type": "Point",
        "coordinates": [
          77.5759964,
          12.890563
        ]
      },
      "properties": {
        "id": 2026489565,
        "name": "Yadava Layout",
        "type": "place",
        "subtype": "neighbourhood",
        "population": null,
        "tags": {
          "name": "Yadava Layout",
          "name:kn": "ಯಾದವ ಲೇಔಟ್",
          "name:ta": "யாதவா‌ லேஅவுட்",
          "place": "neighbourhood"
        }
      }
    },
    {
      "type": "Feature",
      "geometry": {
        "type": "Point",
        "coordinates": [
          77.5837404,
          12.893481
        ]
      },
      "properties": {
        "id": 2030156020,
        "name": "Bank of Baroda Colony",
        "type": "place",
        "subtype": "neighbourhood",
        "population": null,
        "tags": {
          "name": "Bank of Baroda Colony",
          "name:kn": "ಬ್ಯಾಂಕ್ ಆಫ್ ಬರೋಡ ಕಾಲೋನಿ",
          "place": "neighbourhood"
        }
      }
    },
    {
      "type": "Feature",
      "geometry": {
        "type": "Point",
        "coordinates": [
          77.5854089,
          12.8853616
        ]
      },
      "properties": {
        "id": 2034326521,
        "name": "Sun City Layout",
        "type": "place",
        "subtype": "neighbourhood",
        "population": null,
        "tags": {
          "name": "Sun City Layout",
          "name:kn": "ಸನ್ ಸಿಟಿ ಲೇಔಟ್",
          "name:ta": "சன் சிட்டி லேஅவுட்",
          "place": "neighbourhood"
        }
      }
    },
    {
      "type": "Feature",
      "geometry": {
        "type": "Point",
        "coordinates": [
          77.6815209,
          12.9463287
        ]
      },
      "properties": {
        "id": 2041858605,
        "name": "Yemaluru",
        "type": "place",
        "subtype": "quarter",
        "population": null,
        "tags": {
          "name": "Yemaluru",
          "name:kn": "ಯಮಲೂರು",
          "name:ta": "ஏமலூரு",
          "place": "quarter"
        }
      }
    },
    {
      "type": "Feature",
      "geometry": {
        "type": "Point",
        "coordinates": [
          77.5753526,
          13.0311884
        ]
      },
      "properties": {
        "id": 2041904658,
        "name": "AECS Layout",
        "type": "place",
        "subtype": "neighbourhood",
        "population": null,
        "tags": {
          "name": "AECS Layout",
          "name:kn": "ಎಇಸಿಎಸ್ ಲೇಔಟ್",
          "place": "neighbourhood"
        }
      }
    },
    {
      "type": "Feature",
      "geometry": {
        "type": "Point",
        "coordinates": [
          77.5800418,
          12.8971719
        ]
      },
      "properties": {
        "id": 2046148406,
        "name": "Ramappa Layout",
        "type": "place",
        "subtype": "neighbourhood",
        "population": null,
        "tags": {
          "name": "Ramappa Layout",
          "name:kn": "ರಾಮಪ್ಪ ಲೇಔಟ್",
          "place": "neighbourhood"
        }
      }
    },
    {
      "type": "Feature",
      "geometry": {
        "type": "Point",
        "coordinates": [
          77.6743533,
          12.9744129
        ]
      },
      "properties": {
        "id": 2055469746,
        "name": "Malleshpalya",
        "type": "place",
        "subtype": "quarter",
        "population": null,
        "tags": {
          "name": "Malleshpalya",
          "name:kn": "ಮಲ್ಲೇಶ್ ಪಾಳ್ಯ",
          "name:ta": "மல்லேஷ்பாலையா",
          "place": "quarter"
        }
      }
    },
    {
      "type": "Feature",
      "geometry": {
        "type": "Point",
        "coordinates": [
          77.5836989,
          12.8900173
        ]
      },
      "properties": {
        "id": 2063164108,
        "name": "Nataraja Layout",
        "type": "place",
        "subtype": "neighbourhood",
        "population": null,
        "tags": {
          "name": "Nataraja Layout",
          "name:kn": "ನಟರಾಜ ಲೇಔಟ್",
          "place": "neighbourhood"
        }
      }
    },
    {
      "type": "Feature",
      "geometry": {
        "type": "Point",
        "coordinates": [
          77.588126,
          12.8833125
        ]
      },
      "properties": {
        "id": 2066481132,
        "name": "M S Ramaiah City",
        "type": "place",
        "subtype": "neighbourhood",
        "population": null,
        "tags": {
          "name": "M S Ramaiah City",
          "name:kn": "ಎಂ ಎಸ್ ರಾಮಯ್ಯ ನಗರ",
          "place": "neighbourhood"
        }
      }
    },
    {
      "type": "Feature",
      "geometry": {
        "type": "Point",
        "coordinates": [
          77.5837803,
          12.8829972
        ]
      },
      "properties": {
        "id": 2066488017,
        "name": "Nrupathunga Nagar",
        "type": "place",
        "subtype": "neighbourhood",
        "population": null,
        "tags": {
          "name": "Nrupathunga Nagar",
          "name:kn": "ನೃಪತುಂಗ ನಗರ",
          "place": "neighbourhood"
        }
      }
    },
    {
      "type": "Feature",
      "geometry": {
        "type": "Point",
        "coordinates": [
          77.5696419,
          13.0307999
        ]
      },
      "properties": {
        "id": 2084115337,
        "name": "Jaladarshini Layout",
        "type": "place",
        "subtype": "neighbourhood",
        "population": null,
        "tags": {
          "name": "Jaladarshini Layout",
          "name:kn": "ಜಲದರ್ಶಿನಿ ಬಡಾವಣೆ",
          "place": "neighbourhood"
        }
      }
    },
    {
      "type": "Feature",
      "geometry": {
        "type": "Point",
        "coordinates": [
          77.5737868,
          13.0550859
        ]
      },
      "properties": {
        "id": 2112118396,
        "name": "Tatanagar",
        "type": "place",
        "subtype": "quarter",
        "population": null,
        "tags": {
          "name": "Tatanagar",
          "name:kn": "ಟಾಟಾನಗರ",
          "place": "quarter"
        }
      }
    },
    {
      "type": "Feature",
      "geometry": {
        "type": "Point",
        "coordinates": [
          77.6756305,
          12.9746062
        ]
      },
      "properties": {
        "id": 2119786182,
        "name": "Maruthi Nagar",
        "type": "place",
        "subtype": "neighbourhood",
        "population": null,
        "tags": {
          "name": "Maruthi Nagar",
          "name:kn": "ಮಾರುತಿ ನಗರ",
          "place": "neighbourhood"
        }
      }
    },
    {
      "type": "Feature",
      "geometry": {
        "type": "Point",
        "coordinates": [
          77.7206079,
          13.0278454
        ]
      },
      "properties": {
        "id": 2126383119,
        "name": "Medahalli",
        "type": "place",
        "subtype": "village",
        "population": null,
        "tags": {
          "name": "Medahalli",
          "name:kn": "ಮೇಡಹಳ್ಳಿ",
          "name:ml": "മേഡഹള്ളി",
          "place": "village"
        }
      }
    },
    {
      "type": "Feature",
      "geometry": {
        "type": "Point",
        "coordinates": [
          77.7564648,
          13.0585572
        ]
      },
      "properties": {
        "id": 2126383121,
        "name": "Nimbekaipura",
        "type": "place",
        "subtype": "hamlet",
        "population": null,
        "tags": {
          "name": "Nimbekaipura",
          "name:kn": "ನಿಂಬೇಕಾಯಿಪುರ",
          "name:kn:iso15919": "Niṁbēkāyipura",
          "place": "hamlet"
        }
      }
    },
    {
      "type": "Feature",
      "geometry": {
        "type": "Point",
        "coordinates": [
          77.7478367,
          13.0392632
        ]
      },
      "properties": {
        "id": 2126383122,
        "name": "Bandapura",
        "type": "place",
        "subtype": "village",
        "population": null,
        "tags": {
          "name": "Bandapura",
          "name:kn": "ಬಂಡಪುರ",
          "name:kn:iso15919": "Baṁḍapura",
          "place": "village"
        }
      }
    },
    {
      "type": "Feature",
      "geometry": {
        "type": "Point",
        "coordinates": [
          77.7465943,
          13.0742536
        ]
      },
      "properties": {
        "id": 2126383124,
        "name": "Bommenahalli",
        "type": "place",
        "subtype": "village",
        "population": null,
        "tags": {
          "name": "Bommenahalli",
          "name:kn": "ಬೊಮ್ಮೇನಹಳ್ಳಿ",
          "place": "village"
        }
      }
    },
    {
      "type": "Feature",
      "geometry": {
        "type": "Point",
        "coordinates": [
          77.734857,
          13.0331172
        ]
      },
      "properties": {
        "id": 2126383127,
        "name": "Virgonagar",
        "type": "place",
        "subtype": "neighbourhood",
        "population": null,
        "tags": {
          "name": "Virgonagar",
          "name:kn": "ವಿರ್ಗೊನಗರ",
          "place": "neighbourhood"
        }
      }
    },
    {
      "type": "Feature",
      "geometry": {
        "type": "Point",
        "coordinates": [
          77.7561532,
          13.0772988
        ]
      },
      "properties": {
        "id": 2126383129,
        "name": "Lagumenahalli",
        "type": "place",
        "subtype": "hamlet",
        "population": null,
        "tags": {
          "name": "Lagumenahalli",
          "name:kn": "ಲಗುಮೇನಹಳ್ಳಿ",
          "name:kn:iso15919": "Lagumēnahaḷḷi",
          "place": "hamlet"
        }
      }
    },
    {
      "type": "Feature",
      "geometry": {
        "type": "Point",
        "coordinates": [
          77.7376035,
          13.0244206
        ]
      },
      "properties": {
        "id": 2126383132,
        "name": "Veeranahalli",
        "type": "place",
        "subtype": "hamlet",
        "population": null,
        "tags": {
          "name": "Veeranahalli",
          "name:kn": "ವೀರನಹಳ್ಳಿ",
          "place": "hamlet"
        }
      }
    },
    {
      "type": "Feature",
      "geometry": {
        "type": "Point",
        "coordinates": [
          77.714279,
          13.0258004
        ]
      },
      "properties": {
        "id": 2126383133,
        "name": "Bhattarahalli",
        "type": "place",
        "subtype": "neighbourhood",
        "population": null,
        "tags": {
          "name": "Bhattarahalli",
          "name:kn": "ಭಟ್ಟರಹಳ್ಳಿ",
          "place": "neighbourhood"
        }
      }
    },
    {
      "type": "Feature",
      "geometry": {
        "type": "Point",
        "coordinates": [
          77.7469162,
          13.0238561
        ]
      },
      "properties": {
        "id": 2126383134,
        "name": "Doddabanahalli",
        "type": "place",
        "subtype": "village",
        "population": null,
        "tags": {
          "name": "Doddabanahalli",
          "name:kn": "ದೊಡ್ಡಬನಹಳ್ಳಿ",
          "name:kn:iso15919": "Doḍḍabanahaḷḷi",
          "place": "village"
        }
      }
    },
    {
      "type": "Feature",
      "geometry": {
        "type": "Point",
        "coordinates": [
          77.7427748,
          13.0309211
        ]
      },
      "properties": {
        "id": 2126383139,
        "name": "Bidare Agrahara",
        "type": "place",
        "subtype": "village",
        "population": null,
        "tags": {
          "name": "Bidare Agrahara",
          "name:kn": "ಬಿದರೆ ಅಗ್ರಹಾರ",
          "place": "village"
        }
      }
    },
    {
      "type": "Feature",
      "geometry": {
        "type": "Point",
        "coordinates": [
          77.7423548,
          12.9198797
        ]
      },
      "properties": {
        "id": 2127078558,
        "name": "Gunjur Hosahalli",
        "type": "place",
        "subtype": "neighbourhood",
        "population": null,
        "tags": {
          "name": "Gunjur Hosahalli",
          "name:kn": "ಗುಂಜೂರು ಹೊಸಹಳ್ಳಿ",
          "place": "neighbourhood"
        }
      }
    },
    {
      "type": "Feature",
      "geometry": {
        "type": "Point",
        "coordinates": [
          77.7555189,
          12.9097581
        ]
      },
      "properties": {
        "id": 2127078559,
        "name": "Ramanayakanahalli",
        "type": "place",
        "subtype": "village",
        "population": null,
        "tags": {
          "name": "Ramanayakanahalli",
          "name:kn": "ರಾಮನಾಯಕನಹಳ್ಳಿ",
          "name:kn:iso15919": "Rāmanāyakanahaḷḷi",
          "place": "village"
        }
      }
    },
    {
      "type": "Feature",
      "geometry": {
        "type": "Point",
        "coordinates": [
          77.5828148,
          12.9034217
        ]
      },
      "properties": {
        "id": 2180747096,
        "name": "K R Layout",
        "type": "place",
        "subtype": "neighbourhood",
        "population": null,
        "tags": {
          "name": "K R Layout",
          "name:kn": "ಕೆ ಆರ್ ಲೇಔಟ್",
          "name:ta": "கே ஆர் லேஅவுட்",
          "place": "neighbourhood",
          "source": "voice"
        }
      }
    },
    {
      "type": "Feature",
      "geometry": {
        "type": "Point",
        "coordinates": [
          77.5708953,
          12.8830861
        ]
      },
      "properties": {
        "id": 2181320617,
        "name": "Srinidhi Layout",
        "type": "place",
        "subtype": "neighbourhood",
        "population": null,
        "tags": {
          "name": "Srinidhi Layout",
          "name:kn": "ಶ್ರೀನಿಧಿ ಲೇಔಟ್",
          "name:ta": "ஸ்ரீநிதி லேஅவுட்",
          "place": "neighbourhood"
        }
      }
    },
    {
      "type": "Feature",
      "geometry": {
        "type": "Point",
        "coordinates": [
          77.5946165,
          12.8917559
        ]
      },
      "properties": {
        "id": 2194305511,
        "name": "Govinda Reddy Layout",
        "type": "place",
        "subtype": "neighbourhood",
        "population": null,
        "tags": {
          "name": "Govinda Reddy Layout",
          "name:kn": "ಗೋವಿಂದ ರೆಡ್ಡಿ ಲೇಔಟ್",
          "name:ta": "கோவிந்த ரெட்டி லேஅவுட்",
          "place": "neighbourhood",
          "source": "voice"
        }
      }
    },
    {
      "type": "Feature",
      "geometry": {
        "type": "Point",
        "coordinates": [
          77.5941914,
          12.8905542
        ]
      },
      "properties": {
        "id": 2194305512,
        "name": "Mico Arekere Layout 1st Stage",
        "type": "place",
        "subtype": "neighbourhood",
        "population": null,
        "tags": {
          "name": "Mico Arekere Layout 1st Stage",
          "name:kn": "ಮಿಕೊ ಅರಕೆರೆ ಲೇಔಟ್ ೧ನೇ ಹಂತ",
          "place": "neighbourhood",
          "source": "voice"
        }
      }
    },
    {
      "type": "Feature",
      "geometry": {
        "type": "Point",
        "coordinates": [
          77.5416809,
          12.8856635
        ]
      },
      "properties": {
        "id": 2257735535,
        "name": "Gubbalala",
        "type": "place",
        "subtype": "village",
        "population": null,
        "tags": {
          "is_in": "Bangalore, Karnataka, India",
          "name": "Gubbalala",
          "name:kn": "ಗುಬ್ಬಲಾಲ",
          "name:ta": "குப்பாலாலா",
          "place": "village"
        }
      }
    },
    {
      "type": "Feature",
      "geometry": {
        "type": "Point",
        "coordinates": [
          77.6491037,
          12.9548407
        ]
      },
      "properties": {
        "id": 2268546047,
        "name": "Rustum Bagh",
        "type": "place",
        "subtype": "neighbourhood",
        "population": null,
        "tags": {
          "name": "Rustum Bagh",
          "name:kn": "ರುಸ್ತುಂ ಬಾಗ್",
          "place": "neighbourhood"
        }
      }
    },
    {
      "type": "Feature",
      "geometry": {
        "type": "Point",
        "coordinates": [
          77.6864573,
          12.9960265
        ]
      },
      "properties": {
        "id": 2287630829,
        "name": "Kamdhenu Nagar",
        "type": "place",
        "subtype": "neighbourhood",
        "population": null,
        "tags": {
          "name": "Kamdhenu Nagar",
          "name:kn": "ಕಾಮಧೇನು ನಗರ್",
          "place": "neighbourhood"
        }
      }
    },
    {
      "type": "Feature",
      "geometry": {
        "type": "Point",
        "coordinates": [
          77.5018935,
          13.0803772
        ]
      },
      "properties": {
        "id": 2289167450,
        "name": "Chikka Banavara",
        "type": "place",
        "subtype": "suburb",
        "population": null,
        "tags": {
          "alt_name": "Chikbanavar",
          "name": "Chikka Banavara",
          "name:kn": "ಚಿಕ್ಕಬಾಣಾವರ",
          "name:kn:iso15919": "Cikkabāṇāvara",
          "name:ml": "ചിക്കബാണാവര",
          "place": "suburb",
          "wikidata": "Q5097436",
          "wikipedia": "en:Chikkabanavara"
        }
      }
    },
    {
      "type": "Feature",
      "geometry": {
        "type": "Point",
        "coordinates": [
          77.5304186,
          12.9936933
        ]
      },
      "properties": {
        "id": 2293216873,
        "name": "Griha Laxmi Colony",
        "type": "place",
        "subtype": "locality",
        "population": null,
        "tags": {
          "name": "Griha Laxmi Colony",
          "name:kn": "ಗೃಹ ಲಕ್ಷ್ಮೀ ಕಾಲೋನಿ",
          "place": "locality"
        }
      }
    },
    {
      "type": "Feature",
      "geometry": {
        "type": "Point",
        "coordinates": [
          77.6941986,
          12.892338
        ]
      },
      "properties": {
        "id": 2301140139,
        "name": "Chikkanayakanahalli",
        "type": "place",
        "subtype": "suburb",
        "population": null,
        "tags": {
          "name": "Chikkanayakanahalli",
          "name:kn": "ಚಿಕ್ಕನಾಯಕನಹಳ್ಳಿ",
          "place": "suburb"
        }
      }
    },
    {
      "type": "Feature",
      "geometry": {
        "type": "Point",
        "coordinates": [
          77.7019298,
          12.9524629
        ]
      },
      "properties": {
        "id": 2319910870,
        "name": "Vivekananda Layout",
        "type": "place",
        "subtype": "locality",
        "population": null,
        "tags": {
          "name": "Vivekananda Layout",
          "name:kn": "ವಿವೇಕಾನಂದ ಬಡಾವಣೆ",
          "name:ta": "விவேகானந்தா லேஅவுட்",
          "place": "locality"
        }
      }
    },
    {
      "type": "Feature",
      "geometry": {
        "type": "Point",
        "coordinates": [
          77.5611156,
          13.0233739
        ]
      },
      "properties": {
        "id": 2324491538,
        "name": "Deewanarapalya",
        "type": "place",
        "subtype": "neighbourhood",
        "population": null,
        "tags": {
          "alt_name": "Diwanarapalya",
          "name": "Deewanarapalya",
          "name:kn": "ದೀವಾನರಪಾಳ್ಯ",
          "name:ml": "ദീവാനരപാല്യ",
          "place": "neighbourhood"
        }
      }
    },
    {
      "type": "Feature",
      "geometry": {
        "type": "Point",
        "coordinates": [
          77.5966914,
          13.0357115
        ]
      },
      "properties": {
        "id": 2460375183,
        "name": "Amarjyothi Nagara",
        "type": "place",
        "subtype": "neighbourhood",
        "population": null,
        "tags": {
          "name": "Amarjyothi Nagara",
          "name:kn": "ಅಮರಜ್ಯೋತಿ ನಗರ",
          "place": "neighbourhood"
        }
      }
    },
    {
      "type": "Feature",
      "geometry": {
        "type": "Point",
        "coordinates": [
          77.6060803,
          13.0503251
        ]
      },
      "properties": {
        "id": 2460400524,
        "name": "Coffee Board Layout",
        "type": "place",
        "subtype": "neighbourhood",
        "population": null,
        "tags": {
          "name": "Coffee Board Layout",
          "name:kn": "ಕಾಫಿ ಬೋರ್ಡ್ ಲೇಔಟ್",
          "place": "neighbourhood"
        }
      }
    },
    {
      "type": "Feature",
      "geometry": {
        "type": "Point",
        "coordinates": [
          77.6115282,
          13.0562455
        ]
      },
      "properties": {
        "id": 2460558609,
        "name": "Dasarahalli",
        "type": "place",
        "subtype": "neighbourhood",
        "population": null,
        "tags": {
          "name": "Dasarahalli",
          "name:kn": "ದಾಸರಹಳ್ಳಿ",
          "place": "neighbourhood"
        }
      }
    },
    {
      "type": "Feature",
      "geometry": {
        "type": "Point",
        "coordinates": [
          77.5767725,
          13.0601125
        ]
      },
      "properties": {
        "id": 2461346892,
        "name": "Kodigehalli",
        "type": "place",
        "subtype": "quarter",
        "population": null,
        "tags": {
          "name": "Kodigehalli",
          "name:kn": "ಕೊಡಿಗೆಹಳ್ಳಿ",
          "place": "quarter"
        }
      }
    },
    {
      "type": "Feature",
      "geometry": {
        "type": "Point",
        "coordinates": [
          77.5669771,
          13.0737171
        ]
      },
      "properties": {
        "id": 2461361313,
        "name": "Thindlu",
        "type": "place",
        "subtype": "quarter",
        "population": null,
        "tags": {
          "name": "Thindlu",
          "name:kn": "ತಿಂಡ್ಲು",
          "place": "quarter",
          "wikidata": "Q19898633",
          "wikipedia": "en:Thindlu"
        }
      }
    },
    {
      "type": "Feature",
      "geometry": {
        "type": "Point",
        "coordinates": [
          77.6140682,
          13.0272035
        ]
      },
      "properties": {
        "id": 2463032631,
        "name": "Shampura",
        "type": "place",
        "subtype": "neighbourhood",
        "population": null,
        "tags": {
          "name": "Shampura",
          "name:kn": "ಶಾಂಪುರ",
          "place": "neighbourhood"
        }
      }
    },
    {
      "type": "Feature",
      "geometry": {
        "type": "Point",
        "coordinates": [
          77.623602,
          13.0374647
        ]
      },
      "properties": {
        "id": 2463849020,
        "name": "Nagavara",
        "type": "place",
        "subtype": "suburb",
        "population": null,
        "tags": {
          "name": "Nagavara",
          "name:kn": "ನಾಗವಾರ",
          "name:ml": "നാഗവാര",
          "name:ta": "நாகவரா",
          "place": "suburb"
        }
      }
    },
    {
      "type": "Feature",
      "geometry": {
        "type": "Point",
        "coordinates": [
          77.7094296,
          13.0027899
        ]
      },
      "properties": {
        "id": 2473283550,
        "name": "Ayyappanagara",
        "type": "place",
        "subtype": "neighbourhood",
        "population": null,
        "tags": {
          "name": "Ayyappanagara",
          "name:kn": "ಅಯ್ಯಪ್ಪನಗರ",
          "name:ta": "ஐயப்பநகரா",
          "place": "neighbourhood"
        }
      }
    },
    {
      "type": "Feature",
      "geometry": {
        "type": "Point",
        "coordinates": [
          77.6601508,
          13.0273312
        ]
      },
      "properties": {
        "id": 2474931873,
        "name": "Horamavu",
        "type": "place",
        "subtype": "suburb",
        "population": null,
        "tags": {
          "name": "Horamavu",
          "name:kn": "ಹೊರಮಾವು",
          "place": "suburb"
        }
      }
    },
    {
      "type": "Feature",
      "geometry": {
        "type": "Point",
        "coordinates": [
          77.6796248,
          13.040022
        ]
      },
      "properties": {
        "id": 2474952651,
        "name": "K. Channasandra",
        "type": "place",
        "subtype": "quarter",
        "population": null,
        "tags": {
          "name": "K. Channasandra",
          "name:kn": "ಕೆ. ಚನ್ನಸಂದ್ರ",
          "name:ml": "കെ. ചന്നസന്ദ്ര",
          "place": "quarter"
        }
      }
    },
    {
      "type": "Feature",
      "geometry": {
        "type": "Point",
        "coordinates": [
          77.7103158,
          13.0374788
        ]
      },
      "properties": {
        "id": 2477436176,
        "name": "Kittaganuru",
        "type": "place",
        "subtype": "village",
        "population": null,
        "tags": {
          "name": "Kittaganuru",
          "name:kn": "ಕಿತ್ತಗನೂರು",
          "place": "village"
        }
      }
    },
    {
      "type": "Feature",
      "geometry": {
        "type": "Point",
        "coordinates": [
          77.6927879,
          13.0375814
        ]
      },
      "properties": {
        "id": 2477486442,
        "name": "Maragondanahalli",
        "type": "place",
        "subtype": "neighbourhood",
        "population": null,
        "tags": {
          "name": "Maragondanahalli",
          "name:kn": "ಮಾರಗೊಂಡನಹಳ್ಳಿ",
          "place": "neighbourhood"
        }
      }
    },
    {
      "type": "Feature",
      "geometry": {
        "type": "Point",
        "coordinates": [
          77.6860657,
          13.0304962
        ]
      },
      "properties": {
        "id": 2477505097,
        "name": "Varanasi",
        "type": "place",
        "subtype": "neighbourhood",
        "population": null,
        "tags": {
          "name": "Varanasi",
          "name:kn": "ವಾರಣಾಸಿ",
          "name:ta": "வாரணாசி",
          "place": "neighbourhood"
        }
      }
    },
    {
      "type": "Feature",
      "geometry": {
        "type": "Point",
        "coordinates": [
          77.6784643,
          12.9819618
        ]
      },
      "properties": {
        "id": 2477612828,
        "name": "Kaggadasapura",
        "type": "place",
        "subtype": "quarter",
        "population": null,
        "tags": {
          "name": "Kaggadasapura",
          "name:kn": "ಕಗ್ಗದಾಸಪುರ",
          "place": "quarter",
          "wikidata": "Q15232316",
          "wikipedia": "en:Kaggadasapura"
        }
      }
    },
    {
      "type": "Feature",
      "geometry": {
        "type": "Point",
        "coordinates": [
          77.7056756,
          13.0039325
        ]
      },
      "properties": {
        "id": 2485942194,
        "name": "Devasandra",
        "type": "place",
        "subtype": "neighbourhood",
        "population": null,
        "tags": {
          "name": "Devasandra",
          "name:kn": "ದೇವಸಂದ್ರ",
          "place": "neighbourhood"
        }
      }
    },
    {
      "type": "Feature",
      "geometry": {
        "type": "Point",
        "coordinates": [
          77.6800333,
          12.9633466
        ]
      },
      "properties": {
        "id": 2516173087,
        "name": "Ramesh Nagar",
        "type": "place",
        "subtype": "neighbourhood",
        "population": null,
        "tags": {
          "name": "Ramesh Nagar",
          "name:kn": "ರಮೇಶ ನಗರ",
          "name:ta": "ரமேஷ் நகர்",
          "place": "neighbourhood"
        }
      }
    },
    {
      "type": "Feature",
      "geometry": {
        "type": "Point",
        "coordinates": [
          77.7541058,
          12.9645584
        ]
      },
      "properties": {
        "id": 2578488037,
        "name": "Vinayakanagar",
        "type": "place",
        "subtype": "neighbourhood",
        "population": null,
        "tags": {
          "alt_name": "Danamande",
          "name": "Vinayakanagar",
          "name:kn": "ವಿನಾಯಕನಗರ",
          "place": "neighbourhood"
        }
      }
    },
    {
      "type": "Feature",
      "geometry": {
        "type": "Point",
        "coordinates": [
          77.4285758,
          12.9030993
        ]
      },
      "properties": {
        "id": 2593549125,
        "name": "Vinayaka Nagara",
        "type": "place",
        "subtype": "village",
        "population": null,
        "tags": {
          "name": "Vinayaka Nagara",
          "name:kn": "ವಿನಾಯಕ ನಗರ",
          "name:kn:iso15919": "Vināyaka Nagara",
          "place": "village"
        }
      }
    },
    {
      "type": "Feature",
      "geometry": {
        "type": "Point",
        "coordinates": [
          77.4424749,
          12.8846483
        ]
      },
      "properties": {
        "id": 2593549161,
        "name": "Gerupalya",
        "type": "place",
        "subtype": "neighbourhood",
        "population": null,
        "tags": {
          "name": "Gerupalya",
          "name:kn": "ಗೇರುಪಾಳ್ಯ",
          "place": "neighbourhood"
        }
      }
    },
    {
      "type": "Feature",
      "geometry": {
        "type": "Point",
        "coordinates": [
          77.4588601,
          12.8914655
        ]
      },
      "properties": {
        "id": 2593549174,
        "name": "Anchepalya",
        "type": "place",
        "subtype": "neighbourhood",
        "population": null,
        "tags": {
          "name": "Anchepalya",
          "name:kn": "ಅಂಚೇಪಾಳ್ಯ",
          "place": "neighbourhood"
        }
      }
    },
    {
      "type": "Feature",
      "geometry": {
        "type": "Point",
        "coordinates": [
          77.4185281,
          12.906985
        ]
      },
      "properties": {
        "id": 2593549193,
        "name": "Ramohalli",
        "type": "place",
        "subtype": "village",
        "population": null,
        "tags": {
          "name": "Ramohalli",
          "name:kn": "ರಾಮೋಹಳ್ಳಿ",
          "name:kn:iso15919": "Rāmōhaḷḷi",
          "place": "village",
          "source": "State records and AMS maps"
        }
      }
    },
    {
      "type": "Feature",
      "geometry": {
        "type": "Point",
        "coordinates": [
          77.4539979,
          12.8960653
        ]
      },
      "properties": {
        "id": 2595129918,
        "name": "Challaghatta",
        "type": "place",
        "subtype": "suburb",
        "population": null,
        "tags": {
          "name": "Challaghatta",
          "name:kn": "ಚಳ್ಳಘಟ್ಟ",
          "name:kn:iso15919": "Caḷḷaghaṭṭa",
          "name:ml": "ചള്ളഘട്ട",
          "name:ta": "சல்லகட்டா",
          "place": "suburb"
        }
      }
    },
    {
      "type": "Feature",
      "geometry": {
        "type": "Point",
        "coordinates": [
          77.4433764,
          12.9115638
        ]
      },
      "properties": {
        "id": 2595129920,
        "name": "Bettana Palya",
        "type": "place",
        "subtype": "neighbourhood",
        "population": null,
        "tags": {
          "name": "Bettana Palya",
          "name:kn": "ಬೆಟ್ಟನಪಾಳ್ಯ",
          "place": "neighbourhood"
        }
      }
    },
    {
      "type": "Feature",
      "geometry": {
        "type": "Point",
        "coordinates": [
          77.4386455,
          12.9042968
        ]
      },
      "properties": {
        "id": 2595139570,
        "name": "Bhimanakuppe",
        "type": "place",
        "subtype": "neighbourhood",
        "population": null,
        "tags": {
          "name": "Bhimanakuppe",
          "name:kn": "ಭೀಮನಕುಪ್ಪೆ",
          "name:kn:iso15919": "Bhīmanakuppe",
          "place": "neighbourhood"
        }
      }
    },
    {
      "type": "Feature",
      "geometry": {
        "type": "Point",
        "coordinates": [
          77.6339258,
          13.054713
        ]
      },
      "properties": {
        "id": 2632734413,
        "name": "Thanisandra",
        "type": "place",
        "subtype": "quarter",
        "population": null,
        "tags": {
          "name": "Thanisandra",
          "name:kn": "ಥಣಿಸಂದ್ರ",
          "name:ml": "ധണിസന്ദ്ര",
          "name:ta": "தனிசந்த்ரா",
          "place": "quarter"
        }
      }
    },
    {
      "type": "Feature",
      "geometry": {
        "type": "Point",
        "coordinates": [
          77.6792809,
          13.0194149
        ]
      },
      "properties": {
        "id": 2633822842,
        "name": "Kowdenahalli",
        "type": "place",
        "subtype": "neighbourhood",
        "population": null,
        "tags": {
          "name": "Kowdenahalli",
          "name:kn": "ಕೌದೇನಹಳ್ಳಿ",
          "name:ta": "கவுடேனஹல்லி",
          "place": "neighbourhood"
        }
      }
    },
    {
      "type": "Feature",
      "geometry": {
        "type": "Point",
        "coordinates": [
          77.6182669,
          13.0816353
        ]
      },
      "properties": {
        "id": 2651559397,
        "name": "Sampigehalli",
        "type": "place",
        "subtype": "neighbourhood",
        "population": null,
        "tags": {
          "name": "Sampigehalli",
          "name:kn": "ಸಂಪಿಗೆಹಳ್ಳಿ",
          "place": "neighbourhood"
        }
      }
    },
    {
      "type": "Feature",
      "geometry": {
        "type": "Point",
        "coordinates": [
          77.6592222,
          13.0155749
        ]
      },
      "properties": {
        "id": 2850425009,
        "name": "Vijaya Bank Colony",
        "type": "place",
        "subtype": "neighbourhood",
        "population": null,
        "tags": {
          "name": "Vijaya Bank Colony",
          "name:kn": "ವಿಜಯ ಬ್ಯಾಂಕ್ ಕಾಲೋನಿ",
          "place": "neighbourhood"
        }
      }
    },
    {
      "type": "Feature",
      "geometry": {
        "type": "Point",
        "coordinates": [
          77.7320471,
          13.0138919
        ]
      },
      "properties": {
        "id": 2890884561,
        "name": "Kurudu Sonnenahalli",
        "type": "place",
        "subtype": "neighbourhood",
        "population": null,
        "tags": {
          "name": "Kurudu Sonnenahalli",
          "name:kn": "ಕುರುಡು ಸೊನ್ನೇನಹಳ್ಳಿ",
          "place": "neighbourhood"
        }
      }
    },
    {
      "type": "Feature",
      "geometry": {
        "type": "Point",
        "coordinates": [
          77.7405444,
          13.011174
        ]
      },
      "properties": {
        "id": 2890884564,
        "name": "K Dommasandra",
        "type": "place",
        "subtype": "village",
        "population": null,
        "tags": {
          "name": "K Dommasandra",
          "name:kn": "ಕೆ ದೊಮ್ಮಸಂದ್ರ",
          "name:kn:iso15919": "Ke Dommasaṁdra",
          "place": "village"
        }
      }
    },
    {
      "type": "Feature",
      "geometry": {
        "type": "Point",
        "coordinates": [
          77.7272835,
          13.0031666
        ]
      },
      "properties": {
        "id": 2890884582,
        "name": "Kodigehalli",
        "type": "place",
        "subtype": "village",
        "population": null,
        "tags": {
          "name": "Kodigehalli",
          "name:kn": "ಕೊಡಿಗೇಹಳ್ಳಿ ಕೆರೆ",
          "name:ta": "கொடிகேஹல்லி",
          "place": "village"
        }
      }
    },
    {
      "type": "Feature",
      "geometry": {
        "type": "Point",
        "coordinates": [
          77.5109895,
          13.0890496
        ]
      },
      "properties": {
        "id": 2893323815,
        "name": "Ganigarahalli",
        "type": "place",
        "subtype": "neighbourhood",
        "population": null,
        "tags": {
          "name": "Ganigarahalli",
          "name:kn": "ಗಾಣಿಗರಹಳ್ಳಿ",
          "name:kn:iso15919": "Gāṇigarahaḷḷi",
          "place": "neighbourhood"
        }
      }
    },
    {
      "type": "Feature",
      "geometry": {
        "type": "Point",
        "coordinates": [
          77.520684,
          13.0869293
        ]
      },
      "properties": {
        "id": 2893323817,
        "name": "Somashettihalli",
        "type": "place",
        "subtype": "neighbourhood",
        "population": null,
        "tags": {
          "name": "Somashettihalli",
          "name:kn": "ಸೋಮಶೆಟ್ಟಿಹಳ್ಳಿ",
          "name:kn:iso15919": "Sōmaśeṭṭihaḷḷi",
          "place": "neighbourhood"
        }
      }
    },
    {
      "type": "Feature",
      "geometry": {
        "type": "Point",
        "coordinates": [
          77.6907933,
          12.9786665
        ]
      },
      "properties": {
        "id": 2909040800,
        "name": "Ferns Habitat",
        "type": "place",
        "subtype": "neighbourhood",
        "population": null,
        "tags": {
          "name": "Ferns Habitat",
          "name:kn": "ಫರ್ನ್ಸ್ ಹ್ಯಾಬಿಟಾಟ್",
          "place": "neighbourhood"
        }
      }
    },
    {
      "type": "Feature",
      "geometry": {
        "type": "Point",
        "coordinates": [
          77.6524573,
          12.8994357
        ]
      },
      "properties": {
        "id": 2909527109,
        "name": "Somasundarapalya",
        "type": "place",
        "subtype": "neighbourhood",
        "population": null,
        "tags": {
          "name": "Somasundarapalya",
          "name:kn": "ಸೋಮಸುಂದರಪಾಳ್ಯ",
          "name:ta": "சோமசுந்தரபால்யா",
          "place": "neighbourhood"
        }
      }
    },
    {
      "type": "Feature",
      "geometry": {
        "type": "Point",
        "coordinates": [
          77.6692313,
          12.9630327
        ]
      },
      "properties": {
        "id": 2937449063,
        "name": "Islampur",
        "type": "place",
        "subtype": "neighbourhood",
        "population": null,
        "tags": {
          "name": "Islampur",
          "name:kn": "ಇಸ್ಲಾಂಪುರ",
          "place": "neighbourhood"
        }
      }
    },
    {
      "type": "Feature",
      "geometry": {
        "type": "Point",
        "coordinates": [
          77.7044101,
          12.9612778
        ]
      },
      "properties": {
        "id": 2937449067,
        "name": "Chinnappanahalli",
        "type": "place",
        "subtype": "neighbourhood",
        "population": null,
        "tags": {
          "name": "Chinnappanahalli",
          "name:kn": "ಚಿನ್ನಪ್ಪನಹಳ್ಳಿ",
          "place": "neighbourhood"
        }
      }
    },
    {
      "type": "Feature",
      "geometry": {
        "type": "Point",
        "coordinates": [
          77.6712268,
          12.963786
        ]
      },
      "properties": {
        "id": 2937449068,
        "name": "Kareem Nagar",
        "type": "place",
        "subtype": "neighbourhood",
        "population": null,
        "tags": {
          "name": "Kareem Nagar",
          "name:kn": "ಕರೀಮ್ ನಗರ",
          "place": "neighbourhood"
        }
      }
    },
    {
      "type": "Feature",
      "geometry": {
        "type": "Point",
        "coordinates": [
          77.7103962,
          12.9628131
        ]
      },
      "properties": {
        "id": 2937449074,
        "name": "AECS Layout D Block",
        "type": "place",
        "subtype": "neighbourhood",
        "population": null,
        "tags": {
          "is_in": "AECS Layout",
          "name": "AECS Layout D Block",
          "name:kn": "ಎಇಸಿಎಸ್ ಲೇಔಟ್ ಡಿ ಬ್ಲಾಕ್",
          "place": "neighbourhood"
        }
      }
    },
    {
      "type": "Feature",
      "geometry": {
        "type": "Point",
        "coordinates": [
          77.7158229,
          12.9651088
        ]
      },
      "properties": {
        "id": 2937449079,
        "name": "AECS Layout B Block",
        "type": "place",
        "subtype": "neighbourhood",
        "population": null,
        "tags": {
          "is_in": "AECS Layout",
          "name": "AECS Layout B Block",
          "name:kn": "ಎಇಸಿಎಸ್ ಲೇಔಟ್ ಬಿ ಬ್ಲಾಕ್",
          "place": "neighbourhood"
        }
      }
    },
    {
      "type": "Feature",
      "geometry": {
        "type": "Point",
        "coordinates": [
          77.711188,
          12.9645343
        ]
      },
      "properties": {
        "id": 2937449082,
        "name": "AECS Layout A Block",
        "type": "place",
        "subtype": "neighbourhood",
        "population": null,
        "tags": {
          "is_in": "AECS Layout",
          "name": "AECS Layout A Block",
          "name:kn": "ಎಇಸಿಎಸ್ ಲೇಔಟ್ ಎ ಬ್ಲಾಕ್",
          "place": "neighbourhood"
        }
      }
    },
    {
      "type": "Feature",
      "geometry": {
        "type": "Point",
        "coordinates": [
          77.6649676,
          12.9670219
        ]
      },
      "properties": {
        "id": 2937449083,
        "name": "Nellurupuram",
        "type": "place",
        "subtype": "neighbourhood",
        "population": null,
        "tags": {
          "name": "Nellurupuram",
          "name:kn": "ನೆಲ್ಲೂರುಪುರಂ",
          "place": "neighbourhood"
        }
      }
    },
    {
      "type": "Feature",
      "geometry": {
        "type": "Point",
        "coordinates": [
          77.607945,
          12.9140082
        ]
      },
      "properties": {
        "id": 2941483808,
        "name": "BTM Layout 2nd Stage",
        "type": "place",
        "subtype": "quarter",
        "population": null,
        "tags": {
          "name": "BTM Layout 2nd Stage",
          "name:kn": "ಬಿಟಿಎಂ ಬಡಾವಣೆ ೨ನೇ ಹಂತ",
          "place": "quarter"
        }
      }
    },
    {
      "type": "Feature",
      "geometry": {
        "type": "Point",
        "coordinates": [
          77.6112906,
          12.9190004
        ]
      },
      "properties": {
        "id": 2941483809,
        "name": "BTM Layout 1st Stage",
        "type": "place",
        "subtype": "quarter",
        "population": null,
        "tags": {
          "name": "BTM Layout 1st Stage",
          "name:kn": "ಬಿಟಿಎಂ ಬಡಾವಣೆ ೧ನೇ ಹಂತ",
          "place": "quarter"
        }
      }
    },
    {
      "type": "Feature",
      "geometry": {
        "type": "Point",
        "coordinates": [
          77.6028358,
          12.9128289
        ]
      },
      "properties": {
        "id": 2941487973,
        "name": "MICO Layout",
        "type": "place",
        "subtype": "neighbourhood",
        "population": null,
        "tags": {
          "is_in": "BTM Layout",
          "name": "MICO Layout",
          "name:kn": "ಮಿಕೊ ಬಡಾವಣೆ",
          "place": "neighbourhood"
        }
      }
    },
    {
      "type": "Feature",
      "geometry": {
        "type": "Point",
        "coordinates": [
          77.6123722,
          12.9076689
        ]
      },
      "properties": {
        "id": 2941487974,
        "name": "Mahadeshwara Nagara",
        "type": "place",
        "subtype": "neighbourhood",
        "population": null,
        "tags": {
          "is_in": "BTM Layout",
          "name": "Mahadeshwara Nagara",
          "name:kn": "ಮಹಾದೇಶ್ವರ ನಗರ",
          "place": "neighbourhood"
        }
      }
    },
    {
      "type": "Feature",
      "geometry": {
        "type": "Point",
        "coordinates": [
          77.5884756,
          12.9180954
        ]
      },
      "properties": {
        "id": 2941488876,
        "name": "DK Naik Nagar",
        "type": "place",
        "subtype": "neighbourhood",
        "population": null,
        "tags": {
          "name": "DK Naik Nagar",
          "name:kn": "ಡಿಕೆ ನಾಯ್ಕ್ ನಗರ",
          "place": "neighbourhood"
        }
      }
    },
    {
      "type": "Feature",
      "geometry": {
        "type": "Point",
        "coordinates": [
          77.5782213,
          12.9307493
        ]
      },
      "properties": {
        "id": 2941488877,
        "name": "Jayanagar 6th Block",
        "type": "place",
        "subtype": "quarter",
        "population": null,
        "tags": {
          "name": "Jayanagar 6th Block",
          "name:kn": "ಜಯನಗರ ಆರನೇ ಬಡಾವಣೆ",
          "place": "quarter"
        }
      }
    },
    {
      "type": "Feature",
      "geometry": {
        "type": "Point",
        "coordinates": [
          77.5909242,
          12.933659
        ]
      },
      "properties": {
        "id": 2941512413,
        "name": "Jayanagar East",
        "type": "place",
        "subtype": "quarter",
        "population": null,
        "tags": {
          "name": "Jayanagar East",
          "name:hi": "जयानगर पूर्व",
          "name:kn": "ಜಯನಗರ ಪೂರ್ವ",
          "name:ta": "ஜெயாநகர் கிழக்கு",
          "place": "quarter"
        }
      }
    },
    {
      "type": "Feature",
      "geometry": {
        "type": "Point",
        "coordinates": [
          77.5750504,
          12.9325983
        ]
      },
      "properties": {
        "id": 2941546952,
        "name": "Yediyuru",
        "type": "place",
        "subtype": "neighbourhood",
        "population": null,
        "tags": {
          "name": "Yediyuru",
          "name:kn": "ಯಡಿಯೂರು",
          "place": "neighbourhood"
        }
      }
    },
    {
      "type": "Feature",
      "geometry": {
        "type": "Point",
        "coordinates": [
          77.4643962,
          12.9299613
        ]
      },
      "properties": {
        "id": 2978709369,
        "name": "Kommaghatta",
        "type": "place",
        "subtype": "neighbourhood",
        "population": null,
        "tags": {
          "name": "Kommaghatta",
          "name:kn": "ಕೊಮ್ಮಘಟ್ಟ",
          "name:kn:iso15919": "Kommaghaṭṭa",
          "place": "neighbourhood"
        }
      }
    },
    {
      "type": "Feature",
      "geometry": {
        "type": "Point",
        "coordinates": [
          77.4673094,
          12.9448546
        ]
      },
      "properties": {
        "id": 2978709370,
        "name": "Ramasandra",
        "type": "place",
        "subtype": "neighbourhood",
        "population": null,
        "tags": {
          "name": "Ramasandra",
          "name:kn": "ರಾಮಸಂದ್ರ",
          "name:kn:iso15919": "Rāmasandra",
          "place": "neighbourhood",
          "source": "State records and AMS maps"
        }
      }
    },
    {
      "type": "Feature",
      "geometry": {
        "type": "Point",
        "coordinates": [
          77.448365,
          12.9390332
        ]
      },
      "properties": {
        "id": 2978709371,
        "name": "Sulikere",
        "type": "place",
        "subtype": "quarter",
        "population": ">5,000",
        "tags": {
          "name": "Sulikere",
          "name:kn": "ಸೂಲಿಕೆರೆ",
          "name:kn:iso15919": "Sūlikere",
          "place": "quarter",
          "population": ">5,000"
        }
      }
    },
    {
      "type": "Feature",
      "geometry": {
        "type": "Point",
        "coordinates": [
          77.7028418,
          12.9540365
        ]
      },
      "properties": {
        "id": 3197268233,
        "name": "Ayappa Layout",
        "type": "place",
        "subtype": "locality",
        "population": null,
        "tags": {
          "name": "Ayappa Layout",
          "name:kn": "ಅಯ್ಯಪ್ಪ ಲೇಔಟ್",
          "place": "locality"
        }
      }
    },
    {
      "type": "Feature",
      "geometry": {
        "type": "Point",
        "coordinates": [
          77.6349677,
          12.9644251
        ]
      },
      "properties": {
        "id": 3198681423,
        "name": "Domlur BDA Layout",
        "type": "place",
        "subtype": "neighbourhood",
        "population": null,
        "tags": {
          "name": "Domlur BDA Layout",
          "name:kn": "ದೊಮ್ಮಲೂರು ಬಿಡಿಎ ಬಡಾವಣೆ",
          "place": "neighbourhood"
        }
      }
    },
    {
      "type": "Feature",
      "geometry": {
        "type": "Point",
        "coordinates": [
          77.6958748,
          12.9578658
        ]
      },
      "properties": {
        "id": 3220081437,
        "name": "Sanjay Nagar",
        "type": "place",
        "subtype": "neighbourhood",
        "population": null,
        "tags": {
          "name": "Sanjay Nagar",
          "name:kn": "ಸಂಜಯ ನಗರ",
          "place": "neighbourhood"
        }
      }
    },
    {
      "type": "Feature",
      "geometry": {
        "type": "Point",
        "coordinates": [
          77.637603,
          12.9243496
        ]
      },
      "properties": {
        "id": 3221362711,
        "name": "Jakkasandra",
        "type": "place",
        "subtype": "neighbourhood",
        "population": null,
        "tags": {
          "name": "Jakkasandra",
          "name:kn": "ಜಕ್ಕಸಂದ್ರ",
          "name:ml": "ജാക്കസാന്ത്ര",
          "name:ta": "ஜக்கசந்த்ரா",
          "place": "neighbourhood"
        }
      }
    },
    {
      "type": "Feature",
      "geometry": {
        "type": "Point",
        "coordinates": [
          77.6341185,
          12.9188265
        ]
      },
      "properties": {
        "id": 3221362712,
        "name": "Teacher's Colony",
        "type": "place",
        "subtype": "neighbourhood",
        "population": null,
        "tags": {
          "alt_name": "Teachers Colony",
          "name": "Teacher's Colony",
          "name:kn": "ಟೇಚರ್ಸ್ ಕಾಲೋನಿ",
          "place": "neighbourhood"
        }
      }
    },
    {
      "type": "Feature",
      "geometry": {
        "type": "Point",
        "coordinates": [
          77.7033003,
          12.9530508
        ]
      },
      "properties": {
        "id": 3222889690,
        "name": "P R Layout",
        "type": "place",
        "subtype": "neighbourhood",
        "population": null,
        "tags": {
          "name": "P R Layout",
          "name:kn": "ಪಿ ಆರ್ ಲೇಔಟ್",
          "place": "neighbourhood"
        }
      }
    },
    {
      "type": "Feature",
      "geometry": {
        "type": "Point",
        "coordinates": [
          77.4188547,
          12.9377252
        ]
      },
      "properties": {
        "id": 3223411552,
        "name": "Gulaganjanahalli",
        "type": "place",
        "subtype": "village",
        "population": null,
        "tags": {
          "name": "Gulaganjanahalli",
          "name:kn": "ಗುಲಗಂಜನಹಳ್ಳಿ",
          "name:kn:iso15919": "Gulagañjanahaḷḷi",
          "name:ta": "குலகஞ்சனஹள்ளி",
          "place": "village"
        }
      }
    },
    {
      "type": "Feature",
      "geometry": {
        "type": "Point",
        "coordinates": [
          77.4187957,
          12.9799728
        ]
      },
      "properties": {
        "id": 3223411553,
        "name": "Honnaganahatti",
        "type": "place",
        "subtype": "village",
        "population": null,
        "tags": {
          "name": "Honnaganahatti",
          "name:kn": "ಹೊನ್ನಗನಹಟ್ಟಿ",
          "name:kn:iso15919": "Honnaganahaṭṭi",
          "place": "village"
        }
      }
    },
    {
      "type": "Feature",
      "geometry": {
        "type": "Point",
        "coordinates": [
          77.4954936,
          12.9395391
        ]
      },
      "properties": {
        "id": 3223411557,
        "name": "Nagadevanahalli",
        "type": "place",
        "subtype": "neighbourhood",
        "population": null,
        "tags": {
          "name": "Nagadevanahalli",
          "name:kn": "ನಾಗದೇವನಹಳ್ಳಿ",
          "name:kn:iso15919": "Nāgadēvanahaḷḷi",
          "place": "neighbourhood"
        }
      }
    },
    {
      "type": "Feature",
      "geometry": {
        "type": "Point",
        "coordinates": [
          77.4216543,
          12.959303
        ]
      },
      "properties": {
        "id": 3223411559,
        "name": "Yalachaguppe",
        "type": "place",
        "subtype": "village",
        "population": null,
        "tags": {
          "name": "Yalachaguppe",
          "name:kn": "ಯಲಚಗುಪ್ಪೆ",
          "name:kn:iso15919": "Yalacaguppe",
          "place": "village"
        }
      }
    },
    {
      "type": "Feature",
      "geometry": {
        "type": "Point",
        "coordinates": [
          77.631707,
          12.9143405
        ]
      },
      "properties": {
        "id": 3240677957,
        "name": "Sector 6",
        "type": "place",
        "subtype": "quarter",
        "population": null,
        "tags": {
          "name": "Sector 6",
          "name:kn": "ಸೆಕ್ಟರ್ ೬",
          "place": "quarter"
        }
      }
    },
    {
      "type": "Feature",
      "geometry": {
        "type": "Point",
        "coordinates": [
          77.4650694,
          13.0856034
        ]
      },
      "properties": {
        "id": 3292215327,
        "name": "Aluru",
        "type": "place",
        "subtype": "village",
        "population": null,
        "tags": {
          "name": "Aluru",
          "name:kn": "ಆಲೂರು",
          "name:kn:iso15919": "Ālūru",
          "place": "village"
        }
      }
    },
    {
      "type": "Feature",
      "geometry": {
        "type": "Point",
        "coordinates": [
          77.4225682,
          13.0784775
        ]
      },
      "properties": {
        "id": 3292215328,
        "name": "Arishinakunte",
        "type": "place",
        "subtype": "village",
        "population": null,
        "tags": {
          "name": "Arishinakunte",
          "name:kn": "ಅರಿಶಿನಕುಂಟೆ",
          "name:kn:iso15919": "Ariśinakuṇṭe",
          "place": "village"
        }
      }
    },
    {
      "type": "Feature",
      "geometry": {
        "type": "Point",
        "coordinates": [
          77.4874879,
          13.0491569
        ]
      },
      "properties": {
        "id": 3292215332,
        "name": "Chikkabidarakallu",
        "type": "place",
        "subtype": "village",
        "population": null,
        "tags": {
          "name": "Chikkabidarakallu",
          "name:kn": "ಚಿಕ್ಕಬಿದರಕಲ್ಲು",
          "name:kn:iso15919": "Cikkabidarakallu",
          "place": "village"
        }
      }
    },
    {
      "type": "Feature",
      "geometry": {
        "type": "Point",
        "coordinates": [
          77.4364795,
          13.0758896
        ]
      },
      "properties": {
        "id": 3292215333,
        "name": "Dasanapura",
        "type": "place",
        "subtype": "village",
        "population": null,
        "tags": {
          "name": "Dasanapura",
          "name:kn": "ದಾಸನಪುರ",
          "name:kn:iso15919": "Dāsanapura",
          "place": "village"
        }
      }
    },
    {
      "type": "Feature",
      "geometry": {
        "type": "Point",
        "coordinates": [
          77.4939999,
          13.0352169
        ]
      },
      "properties": {
        "id": 3292215334,
        "name": "Doddabidarakallu",
        "type": "place",
        "subtype": "neighbourhood",
        "population": null,
        "tags": {
          "name": "Doddabidarakallu",
          "name:kn": "ದೊಡ್ಡಬಿದರಕಲ್ಲು",
          "name:kn:iso15919": "Doḍḍabidarakallu",
          "name:ml": "ദൊഡ്ഡബിദരകല്ലു",
          "place": "neighbourhood"
        }
      }
    },
    {
      "type": "Feature",
      "geometry": {
        "type": "Point",
        "coordinates": [
          77.4675283,
          13.0221902
        ]
      },
      "properties": {
        "id": 3292215335,
        "name": "Gangodanahalli",
        "type": "place",
        "subtype": "village",
        "population": null,
        "tags": {
          "name": "Gangodanahalli",
          "name:kn": "ಗಂಗೊಂಡನಹಳ್ಳಿ",
          "name:kn:iso15919": "Gaṅgoṇḍanahaḷḷi",
          "place": "village"
        }
      }
    },
    {
      "type": "Feature",
      "geometry": {
        "type": "Point",
        "coordinates": [
          77.4575528,
          13.0757454
        ]
      },
      "properties": {
        "id": 3292215336,
        "name": "Heggadadevanapura",
        "type": "place",
        "subtype": "village",
        "population": null,
        "tags": {
          "name": "Heggadadevanapura",
          "name:kn": "ಹೆಗ್ಗಡದೇವನಪುರ",
          "name:kn:iso15919": "Heggaḍadēvanapura",
          "place": "village"
        }
      }
    },
    {
      "type": "Feature",
      "geometry": {
        "type": "Point",
        "coordinates": [
          77.4699806,
          12.9997576
        ]
      },
      "properties": {
        "id": 3292215341,
        "name": "Kachohalli",
        "type": "place",
        "subtype": "village",
        "population": null,
        "tags": {
          "name": "Kachohalli",
          "name:kn": "ಕಾಚೋಹಳ್ಳಿ",
          "name:kn:iso15919": "Kācōhaḷḷi",
          "place": "village"
        }
      }
    },
    {
      "type": "Feature",
      "geometry": {
        "type": "Point",
        "coordinates": [
          77.419034,
          13.0096828
        ]
      },
      "properties": {
        "id": 3292215343,
        "name": "Kittanahalli",
        "type": "place",
        "subtype": "village",
        "population": null,
        "tags": {
          "name": "Kittanahalli",
          "name:kn": "ಕಿತ್ತನಹಳ್ಳಿ",
          "name:kn:iso15919": "Kittanahaḷḷi",
          "place": "village"
        }
      }
    },
    {
      "type": "Feature",
      "geometry": {
        "type": "Point",
        "coordinates": [
          77.4719555,
          13.075789
        ]
      },
      "properties": {
        "id": 3292215344,
        "name": "Kuduregere",
        "type": "place",
        "subtype": "village",
        "population": null,
        "tags": {
          "name": "Kuduregere",
          "name:kn": "ಕುದುರೆಗೆರೆ",
          "name:kn:iso15919": "Kuduregere",
          "place": "village"
        }
      }
    },
    {
      "type": "Feature",
      "geometry": {
        "type": "Point",
        "coordinates": [
          77.462165,
          13.0371838
        ]
      },
      "properties": {
        "id": 3292215345,
        "name": "Lakshmipura",
        "type": "place",
        "subtype": "village",
        "population": null,
        "tags": {
          "name": "Lakshmipura",
          "name:kn": "ಲಕ್ಷ್ಮೀಪುರ",
          "name:kn:iso15919": "Lakṣmīpura",
          "place": "village"
        }
      }
    },
    {
      "type": "Feature",
      "geometry": {
        "type": "Point",
        "coordinates": [
          77.4520643,
          13.0065559
        ]
      },
      "properties": {
        "id": 3292215346,
        "name": "Machohalli",
        "type": "place",
        "subtype": "village",
        "population": null,
        "tags": {
          "name": "Machohalli",
          "name:kn": "ಮಾಚೋಹಳ್ಳಿ",
          "place": "village"
        }
      }
    },
    {
      "type": "Feature",
      "geometry": {
        "type": "Point",
        "coordinates": [
          77.4234593,
          13.0264938
        ]
      },
      "properties": {
        "id": 3292215352,
        "name": "Ravutanahalli",
        "type": "place",
        "subtype": "village",
        "population": null,
        "tags": {
          "name": "Ravutanahalli",
          "name:kn": "ರಾವುತನಹಳ್ಳಿ",
          "name:kn:iso15919": "Rāvutanahaḷḷi",
          "place": "village"
        }
      }
    },
    {
      "type": "Feature",
      "geometry": {
        "type": "Point",
        "coordinates": [
          77.6553966,
          12.9574268
        ]
      },
      "properties": {
        "id": 3298072118,
        "name": "Kaveri Nagara",
        "type": "place",
        "subtype": "neighbourhood",
        "population": null,
        "tags": {
          "name": "Kaveri Nagara",
          "name:kn": "ಕಾವೇರಿ ನಗರ",
          "place": "neighbourhood"
        }
      }
    },
    {
      "type": "Feature",
      "geometry": {
        "type": "Point",
        "coordinates": [
          77.6548187,
          12.9584666
        ]
      },
      "properties": {
        "id": 3298072119,
        "name": "Thimmah Reddy Colony",
        "type": "place",
        "subtype": "neighbourhood",
        "population": null,
        "tags": {
          "name": "Thimmah Reddy Colony",
          "name:kn": "ತಿಮ್ಮಯ್ಯ ರೆಡ್ಡಿ ಕಾಲೋನಿ",
          "place": "neighbourhood"
        }
      }
    },
    {
      "type": "Feature",
      "geometry": {
        "type": "Point",
        "coordinates": [
          77.6585404,
          12.9619868
        ]
      },
      "properties": {
        "id": 3298345986,
        "name": "BDA Layout",
        "type": "place",
        "subtype": "neighbourhood",
        "population": null,
        "tags": {
          "name": "BDA Layout",
          "name:kn": "ಬಿಡಿಎ ಬಡಾವಣೆ",
          "name:ml": "ബി ടി എ ലേഔട്ട്",
          "place": "neighbourhood"
        }
      }
    },
    {
      "type": "Feature",
      "geometry": {
        "type": "Point",
        "coordinates": [
          77.6684717,
          12.9721937
        ]
      },
      "properties": {
        "id": 3298366363,
        "name": "BEML Township",
        "type": "place",
        "subtype": "neighbourhood",
        "population": null,
        "tags": {
          "name": "BEML Township",
          "name:kn": "ಬೆಮಲ್ ಟೌನಷಿಪ್",
          "place": "neighbourhood"
        }
      }
    },
    {
      "type": "Feature",
      "geometry": {
        "type": "Point",
        "coordinates": [
          77.6521258,
          12.9752334
        ]
      },
      "properties": {
        "id": 3298366364,
        "name": "Bhoomi Reddy Colony",
        "type": "place",
        "subtype": "neighbourhood",
        "population": null,
        "tags": {
          "name": "Bhoomi Reddy Colony",
          "name:kn": "ಭೂಮಿ ರೆಡ್ಡಿ ಕಾಲೋನಿ",
          "place": "neighbourhood"
        }
      }
    },
    {
      "type": "Feature",
      "geometry": {
        "type": "Point",
        "coordinates": [
          77.6654084,
          12.974779
        ]
      },
      "properties": {
        "id": 3298370234,
        "name": "GM Palya",
        "type": "place",
        "subtype": "quarter",
        "population": null,
        "tags": {
          "alt_name": "Garkemanthana Palya",
          "name": "GM Palya",
          "name:kn": "ಜಿಎಂ ಪಾಳ್ಯ",
          "place": "quarter"
        }
      }
    },
    {
      "type": "Feature",
      "geometry": {
        "type": "Point",
        "coordinates": [
          77.6497819,
          12.9715338
        ]
      },
      "properties": {
        "id": 3298378274,
        "name": "HAL 3rd Stage",
        "type": "place",
        "subtype": "neighbourhood",
        "population": null,
        "tags": {
          "name": "HAL 3rd Stage",
          "name:kn": "ಎಚ್ಎಎಲ್ ೩ನೇ ಹಂತ",
          "place": "neighbourhood"
        }
      }
    },
    {
      "type": "Feature",
      "geometry": {
        "type": "Point",
        "coordinates": [
          77.6509982,
          12.973936
        ]
      },
      "properties": {
        "id": 3298378275,
        "name": "Thippasandra",
        "type": "place",
        "subtype": "quarter",
        "population": null,
        "tags": {
          "name": "Thippasandra",
          "name:kn": "ತಿಪ್ಪಸಂದ್ರ",
          "place": "quarter"
        }
      }
    },
    {
      "type": "Feature",
      "geometry": {
        "type": "Point",
        "coordinates": [
          77.6824619,
          12.9736159
        ]
      },
      "properties": {
        "id": 3298378276,
        "name": "Vignananagar",
        "type": "place",
        "subtype": "quarter",
        "population": null,
        "tags": {
          "name": "Vignananagar",
          "name:kn": "ವಿಜ್ಞಾನನಗರ",
          "place": "quarter"
        }
      }
    },
    {
      "type": "Feature",
      "geometry": {
        "type": "Point",
        "coordinates": [
          77.6566216,
          12.9832023
        ]
      },
      "properties": {
        "id": 3298494103,
        "name": "Sudgunte Palya",
        "type": "place",
        "subtype": "neighbourhood",
        "population": null,
        "tags": {
          "name": "Sudgunte Palya",
          "name:kn": "ಸುದಗುಂಟೆ ಪಾಳ್ಯ",
          "place": "neighbourhood"
        }
      }
    },
    {
      "type": "Feature",
      "geometry": {
        "type": "Point",
        "coordinates": [
          77.6483163,
          12.9088805
        ]
      },
      "properties": {
        "id": 3298876842,
        "name": "Sector 2",
        "type": "place",
        "subtype": "quarter",
        "population": null,
        "tags": {
          "name": "Sector 2",
          "name:kn": "ಸೆಕ್ಟರ್ ೨",
          "place": "quarter"
        }
      }
    },
    {
      "type": "Feature",
      "geometry": {
        "type": "Point",
        "coordinates": [
          77.6565969,
          12.9549208
        ]
      },
      "properties": {
        "id": 3298916255,
        "name": "KR Garden",
        "type": "place",
        "subtype": "neighbourhood",
        "population": null,
        "tags": {
          "name": "KR Garden",
          "name:kn": "ಕೆಆರ್ ಗಾರ್ಡನ್",
          "place": "neighbourhood"
        }
      }
    },
    {
      "type": "Feature",
      "geometry": {
        "type": "Point",
        "coordinates": [
          77.6571392,
          12.9581991
        ]
      },
      "properties": {
        "id": 3298916259,
        "name": "Sri Ram Nagar",
        "type": "place",
        "subtype": "neighbourhood",
        "population": null,
        "tags": {
          "name": "Sri Ram Nagar",
          "name:kn": "ಶ್ರೀರಾಮ ನಗರ",
          "place": "neighbourhood"
        }
      }
    },
    {
      "type": "Feature",
      "geometry": {
        "type": "Point",
        "coordinates": [
          77.6511086,
          12.9559345
        ]
      },
      "properties": {
        "id": 3299018377,
        "name": "NR Layout",
        "type": "place",
        "subtype": "neighbourhood",
        "population": null,
        "tags": {
          "name": "NR Layout",
          "name:kn": "ಎನ್ ಆರ್ ಲೇಔಟ್",
          "place": "neighbourhood"
        }
      }
    },
    {
      "type": "Feature",
      "geometry": {
        "type": "Point",
        "coordinates": [
          77.6506725,
          12.954706
        ]
      },
      "properties": {
        "id": 3299018378,
        "name": "SR Layout",
        "type": "place",
        "subtype": "neighbourhood",
        "population": null,
        "tags": {
          "name": "SR Layout",
          "name:kn": "ಎಸ್ ಆರ್ ಬಡಾವಣೆ",
          "place": "neighbourhood"
        }
      }
    },
    {
      "type": "Feature",
      "geometry": {
        "type": "Point",
        "coordinates": [
          77.6323745,
          12.905811
        ]
      },
      "properties": {
        "id": 3300149441,
        "name": "Mangamannapalya",
        "type": "place",
        "subtype": "neighbourhood",
        "population": null,
        "tags": {
          "name": "Mangamannapalya",
          "name:kn": "ಮಂಗಮ್ಮನಪಾಳ್ಯ",
          "name:ta": "மங்கமன்னாபால்யா",
          "place": "neighbourhood"
        }
      }
    },
    {
      "type": "Feature",
      "geometry": {
        "type": "Point",
        "coordinates": [
          77.649014,
          12.9157227
        ]
      },
      "properties": {
        "id": 3300149442,
        "name": "Sector 1",
        "type": "place",
        "subtype": "quarter",
        "population": null,
        "tags": {
          "name": "Sector 1",
          "name:kn": "ಸೆಕ್ಟರ್ ೧",
          "place": "quarter"
        }
      }
    },
    {
      "type": "Feature",
      "geometry": {
        "type": "Point",
        "coordinates": [
          77.6414091,
          12.9090825
        ]
      },
      "properties": {
        "id": 3300149443,
        "name": "Sector 3",
        "type": "place",
        "subtype": "quarter",
        "population": null,
        "tags": {
          "name": "Sector 3",
          "name:kn": "ಸೆಕ್ಟರ್ ೩",
          "place": "quarter"
        }
      }
    },
    {
      "type": "Feature",
      "geometry": {
        "type": "Point",
        "coordinates": [
          77.6418499,
          12.9144684
        ]
      },
      "properties": {
        "id": 3300149444,
        "name": "Sector 4",
        "type": "place",
        "subtype": "quarter",
        "population": null,
        "tags": {
          "name": "Sector 4",
          "name:kn": "ಸೆಕ್ಟರ್ ೪",
          "place": "quarter"
        }
      }
    },
    {
      "type": "Feature",
      "geometry": {
        "type": "Point",
        "coordinates": [
          77.6351171,
          12.9100092
        ]
      },
      "properties": {
        "id": 3300149445,
        "name": "Sector 7",
        "type": "place",
        "subtype": "quarter",
        "population": null,
        "tags": {
          "name": "Sector 7",
          "name:kn": "ಸೆಕ್ಟರ್ ೭",
          "place": "quarter"
        }
      }
    },
    {
      "type": "Feature",
      "geometry": {
        "type": "Point",
        "coordinates": [
          77.5997061,
          12.9432228
        ]
      },
      "properties": {
        "id": 3304147661,
        "name": "Lakkasandra",
        "type": "place",
        "subtype": "quarter",
        "population": null,
        "tags": {
          "name": "Lakkasandra",
          "name:kn": "ಲಕ್ಕಸಂದ್ರ",
          "name:ml": "ലക്കസന്ദ്ര",
          "place": "quarter"
        }
      }
    },
    {
      "type": "Feature",
      "geometry": {
        "type": "Point",
        "coordinates": [
          77.7456311,
          12.9563879
        ]
      },
      "properties": {
        "id": 3304315699,
        "name": "Varthur Kodi",
        "type": "place",
        "subtype": "neighbourhood",
        "population": null,
        "tags": {
          "name": "Varthur Kodi",
          "name:kn": "ವರ್ತೂರು ಕೋಡಿ",
          "place": "neighbourhood"
        }
      }
    },
    {
      "type": "Feature",
      "geometry": {
        "type": "Point",
        "coordinates": [
          77.6138927,
          12.9224501
        ]
      },
      "properties": {
        "id": 3304756734,
        "name": "Maruthi Nagara",
        "type": "place",
        "subtype": "neighbourhood",
        "population": null,
        "tags": {
          "name": "Maruthi Nagara",
          "name:kn": "ಮಾರುತಿ ನಗರ",
          "name:ml": "മാരുതിനഗര",
          "place": "neighbourhood"
        }
      }
    },
    {
      "type": "Feature",
      "geometry": {
        "type": "Point",
        "coordinates": [
          77.6612636,
          12.9547408
        ]
      },
      "properties": {
        "id": 3305256982,
        "name": "Air View Colony",
        "type": "place",
        "subtype": "neighbourhood",
        "population": null,
        "tags": {
          "name": "Air View Colony",
          "name:kn": "ಏರ್ ವೀವ್ ಕಾಲೋನಿ",
          "name:ml": "എയർ വ്യൂ കോളനി",
          "place": "neighbourhood"
        }
      }
    },
    {
      "type": "Feature",
      "geometry": {
        "type": "Point",
        "coordinates": [
          77.6555716,
          12.8889126
        ]
      },
      "properties": {
        "id": 3305446529,
        "name": "Kudlu",
        "type": "place",
        "subtype": "suburb",
        "population": null,
        "tags": {
          "name": "Kudlu",
          "name:kn": "ಕುಡ್ಲು",
          "name:ml": "കുഡ്‌ലു",
          "name:ta": "குட்லு",
          "place": "suburb"
        }
      }
    },
    {
      "type": "Feature",
      "geometry": {
        "type": "Point",
        "coordinates": [
          77.713218,
          12.9595347
        ]
      },
      "properties": {
        "id": 3305446531,
        "name": "Vaikuntam Layout",
        "type": "place",
        "subtype": "neighbourhood",
        "population": null,
        "tags": {
          "name": "Vaikuntam Layout",
          "name:kn": "ವೈಕುಂಟಂ ಲೇಔಟ್",
          "place": "neighbourhood"
        }
      }
    },
    {
      "type": "Feature",
      "geometry": {
        "type": "Point",
        "coordinates": [
          77.5273253,
          13.0329419
        ]
      },
      "properties": {
        "id": 3305850521,
        "name": "Peenya",
        "type": "place",
        "subtype": "suburb",
        "population": null,
        "tags": {
          "name": "Peenya",
          "name:kn": "ಪೀಣ್ಯ",
          "name:ml": "പീണ്യ",
          "place": "suburb",
          "wikidata": "Q7160315",
          "wikipedia": "en:Peenya"
        }
      }
    },
    {
      "type": "Feature",
      "geometry": {
        "type": "Point",
        "coordinates": [
          77.5539819,
          12.9393328
        ]
      },
      "properties": {
        "id": 3305862534,
        "name": "Banashankari 1st Stage",
        "type": "place",
        "subtype": "quarter",
        "population": null,
        "tags": {
          "is_in": "Bengaluru",
          "name": "Banashankari 1st Stage",
          "name:kn": "ಬನಶಂಕರಿ ೧ನೇ ಹಂತ",
          "place": "quarter"
        }
      }
    },
    {
      "type": "Feature",
      "geometry": {
        "type": "Point",
        "coordinates": [
          77.5479272,
          12.9315578
        ]
      },
      "properties": {
        "id": 3305862535,
        "name": "Banashankari 3rd Stage",
        "type": "place",
        "subtype": "quarter",
        "population": null,
        "tags": {
          "is_in": "Bengaluru",
          "name": "Banashankari 3rd Stage",
          "name:kn": "ಬನಶಂಕರಿ ೩ನೇ ಹಂತ",
          "place": "quarter"
        }
      }
    },
    {
      "type": "Feature",
      "geometry": {
        "type": "Point",
        "coordinates": [
          77.5683011,
          12.931392
        ]
      },
      "properties": {
        "id": 3305862536,
        "name": "Thyagaraja Nagar",
        "type": "place",
        "subtype": "quarter",
        "population": null,
        "tags": {
          "name": "Thyagaraja Nagar",
          "name:hi": "त्यागराज नगर",
          "name:kn": "ತ್ಯಾಗರಾಜ ನಗರ",
          "name:ta": "தியாகராஜா நகர்",
          "place": "quarter",
          "wikidata": "Q7799554",
          "wikipedia": "en:Thyagarajanagar"
        }
      }
    },
    {
      "type": "Feature",
      "geometry": {
        "type": "Point",
        "coordinates": [
          77.660725,
          12.9566767
        ]
      },
      "properties": {
        "id": 3307159546,
        "name": "Annaniappa Layout",
        "type": "place",
        "subtype": "neighbourhood",
        "population": null,
        "tags": {
          "name": "Annaniappa Layout",
          "name:kn": "ಅಣ್ಣನಿಯಪ್ಪ ಲೇಔಟ್",
          "place": "neighbourhood"
        }
      }
    },
    {
      "type": "Feature",
      "geometry": {
        "type": "Point",
        "coordinates": [
          77.6591919,
          12.9569693
        ]
      },
      "properties": {
        "id": 3307159547,
        "name": "Vinayaka Nagar A Block",
        "type": "place",
        "subtype": "neighbourhood",
        "population": null,
        "tags": {
          "name": "Vinayaka Nagar A Block",
          "name:kn": "ವಿನಾಯಕನಗರ 'ಎ' ಬ್ಲಾಕ್",
          "place": "neighbourhood"
        }
      }
    },
    {
      "type": "Feature",
      "geometry": {
        "type": "Point",
        "coordinates": [
          77.6532017,
          12.9530641
        ]
      },
      "properties": {
        "id": 3307191849,
        "name": "Muniyappa Layout",
        "type": "place",
        "subtype": "neighbourhood",
        "population": null,
        "tags": {
          "name": "Muniyappa Layout",
          "name:kn": "ಮುನಿಯಪ್ಪ ಲೇಔಟ್",
          "place": "neighbourhood"
        }
      }
    },
    {
      "type": "Feature",
      "geometry": {
        "type": "Point",
        "coordinates": [
          77.628026,
          12.9746882
        ]
      },
      "properties": {
        "id": 3311193161,
        "name": "Jogupalya",
        "type": "place",
        "subtype": "neighbourhood",
        "population": null,
        "tags": {
          "name": "Jogupalya",
          "name:kn": "ಜೋಗುಪಾಳ್ಯ",
          "place": "neighbourhood"
        }
      }
    },
    {
      "type": "Feature",
      "geometry": {
        "type": "Point",
        "coordinates": [
          77.6316363,
          12.9748063
        ]
      },
      "properties": {
        "id": 3311194760,
        "name": "Saraswathipuram",
        "type": "place",
        "subtype": "neighbourhood",
        "population": null,
        "tags": {
          "name": "Saraswathipuram",
          "name:kn": "ಸರಸ್ವತಿಪುರಂ",
          "place": "neighbourhood"
        }
      }
    },
    {
      "type": "Feature",
      "geometry": {
        "type": "Point",
        "coordinates": [
          77.6253437,
          12.9689797
        ]
      },
      "properties": {
        "id": 3311194761,
        "name": "Gowthamapura",
        "type": "place",
        "subtype": "neighbourhood",
        "population": null,
        "tags": {
          "alt_name": "Jogupalya",
          "name": "Gowthamapura",
          "name:kn": "ಗೌತಮಪುರಂ",
          "name:ml": "ഗൗതംപുര",
          "place": "neighbourhood"
        }
      }
    },
    {
      "type": "Feature",
      "geometry": {
        "type": "Point",
        "coordinates": [
          77.6753587,
          12.9930799
        ]
      },
      "properties": {
        "id": 3323252233,
        "name": "A Narayanapura",
        "type": "place",
        "subtype": "neighbourhood",
        "population": null,
        "tags": {
          "name": "A Narayanapura",
          "name:kn": "ಎ ನಾರಾಯಣಪುರ",
          "place": "neighbourhood"
        }
      }
    },
    {
      "type": "Feature",
      "geometry": {
        "type": "Point",
        "coordinates": [
          77.6267881,
          13.0093949
        ]
      },
      "properties": {
        "id": 3352043893,
        "name": "Lingarajapuram",
        "type": "place",
        "subtype": "suburb",
        "population": null,
        "tags": {
          "alt_name": "Lingarajapura",
          "name": "Lingarajapuram",
          "name:kn": "ಲಿಂಗರಾಜಪುರಂ",
          "name:ml": "ലിംഗരാജപുരം",
          "name:ta": "லிங்கராஜபுரம்",
          "place": "suburb"
        }
      }
    },
    {
      "type": "Feature",
      "geometry": {
        "type": "Point",
        "coordinates": [
          77.637243,
          12.9741879
        ]
      },
      "properties": {
        "id": 3384271515,
        "name": "Appareddipalaya",
        "type": "place",
        "subtype": "neighbourhood",
        "population": null,
        "tags": {
          "is_in": "Indira Nagar",
          "name": "Appareddipalaya",
          "name:kn": "ಅಪ್ಪರೆಡ್ಡಿಪಾಳ್ಯ",
          "place": "neighbourhood"
        }
      }
    },
    {
      "type": "Feature",
      "geometry": {
        "type": "Point",
        "coordinates": [
          77.635328,
          12.9867555
        ]
      },
      "properties": {
        "id": 3384271516,
        "name": "Kadiranpalaya",
        "type": "place",
        "subtype": "neighbourhood",
        "population": null,
        "tags": {
          "name": "Kadiranpalaya",
          "name:kn": "ಕದಿರನ್ಪಾಳ್ಯ",
          "place": "neighbourhood"
        }
      }
    },
    {
      "type": "Feature",
      "geometry": {
        "type": "Point",
        "coordinates": [
          77.6542086,
          12.9690711
        ]
      },
      "properties": {
        "id": 3384271517,
        "name": "LIC Colony",
        "type": "place",
        "subtype": "neighbourhood",
        "population": null,
        "tags": {
          "is_in": "Jeevan Bhima Nagar",
          "name": "LIC Colony",
          "name:kn": "ಎಲ್ಐಸಿ ಕಾಲೋನಿ",
          "place": "neighbourhood"
        }
      }
    },
    {
      "type": "Feature",
      "geometry": {
        "type": "Point",
        "coordinates": [
          77.6464991,
          12.9720823
        ]
      },
      "properties": {
        "id": 3384271518,
        "name": "Old Thippasandra",
        "type": "place",
        "subtype": "neighbourhood",
        "population": null,
        "tags": {
          "is_in": "Indira Nagar",
          "name": "Old Thippasandra",
          "name:kn": "ಹಳೆ ತಿಪ್ಪಸಂದ್ರ",
          "place": "neighbourhood"
        }
      }
    },
    {
      "type": "Feature",
      "geometry": {
        "type": "Point",
        "coordinates": [
          77.6483709,
          12.9816939
        ]
      },
      "properties": {
        "id": 3384284801,
        "name": "BM Kaval",
        "type": "place",
        "subtype": "neighbourhood",
        "population": null,
        "tags": {
          "is_in": "Indira Nagar",
          "name": "BM Kaval",
          "name:kn": "ಬಿಎಂ ಕಾವಲ್",
          "place": "neighbourhood"
        }
      }
    },
    {
      "type": "Feature",
      "geometry": {
        "type": "Point",
        "coordinates": [
          77.6465951,
          12.981094
        ]
      },
      "properties": {
        "id": 3384284802,
        "name": "Michaelpalya",
        "type": "place",
        "subtype": "neighbourhood",
        "population": null,
        "tags": {
          "is_in": "Indira Nagar",
          "name": "Michaelpalya",
          "name:kn": "ಮೈಕಲ್ ಪಾಳ್ಯ",
          "place": "neighbourhood"
        }
      }
    },
    {
      "type": "Feature",
      "geometry": {
        "type": "Point",
        "coordinates": [
          77.4854975,
          12.8819289
        ]
      },
      "properties": {
        "id": 3388810808,
        "name": "Hemmigepura",
        "type": "place",
        "subtype": "village",
        "population": null,
        "tags": {
          "name": "Hemmigepura",
          "name:kn": "ಹೆಮ್ಮಿಗೆಪುರ",
          "name:ta": "ஹெம்மிகேபுரா",
          "place": "village"
        }
      }
    },
    {
      "type": "Feature",
      "geometry": {
        "type": "Point",
        "coordinates": [
          77.590082,
          12.9767936
        ]
      },
      "properties": {
        "id": 3401391999,
        "name": "Bengaluru",
        "type": "place",
        "subtype": "city",
        "population": "10839725",
        "tags": {
          "alt_name": "Bangalore",
          "capital": "4",
          "ele": "920",
          "is_capital": "state",
          "is_in:iso_3166_2": "IN-KA",
          "name": "Bengaluru",
          "name:af": "Bangalore",
          "name:am": "በንጋሉሩ",
          "name:ar": "بنغالور",
          "name:as": "বাংগালোৰ",
          "name:az": "Banqalor",
          "name:ba": "Бангалор",
          "name:be": "Бангалор",
          "name:bg": "Бенгалуру",
          "name:bh": "बंगलौर",
          "name:bn": "বেঙ্গালুরু",
          "name:ca": "Bangalore",
          "name:ce": "Бангалор",
          "name:cs": "Bengalúru",
          "name:cy": "Bangalore",
          "name:da": "Bangalore",
          "name:de": "Bangalore",
          "name:el": "Μπανγκαλόρ",
          "name:en": "Bengaluru",
          "name:eo": "Bengaluro",
          "name:es": "Bangalore",
          "name:eu": "Bangalore",
          "name:fa": "بنگلور",
          "name:fi": "Bangalore",
          "name:fj": "Begaluru",
          "name:fr": "Bangalore",
          "name:ga": "Bangalore",
          "name:gd": "Bangalore",
          "name:gl": "Bangalore",
          "name:gu": "બેંગલુરુ",
          "name:he": "בנגלור",
          "name:hi": "बेंगालुरू",
          "name:hr": "Bengaluru",
          "name:hy": "Բանգալոր",
          "name:ie": "Bangalore",
          "name:io": "Bangalore",
          "name:is": "Bangalore",
          "name:it": "Bangalore",
          "name:ja": "バンガロール",
          "name:jv": "Bangalore",
          "name:ka": "ბენგალურუ",
          "name:kn": "ಬೆಂಗಳೂರು",
          "name:ko": "벵갈루루",
          "name:ks": "بنگلور",
          "name:ku": "Bangalor",
          "name:kw": "Bengalour",
          "name:ky": "Бангалор",
          "name:la": "Bengalurus",
          "name:lt": "Bengalūras",
          "name:lv": "Bengalūru",
          "name:mg": "Bangalore",
          "name:mi": "Pangaruru",
          "name:ml": "ബെംഗളൂരു",
          "name:mn": "Бангалор",
          "name:mr": "बंगळूर",
          "name:ms": "Bangalore",
          "name:my": "ဘန်ဂလိုမြို့",
          "name:nb": "Bangalore",
          "name:ne": "बेङ्गलोर",
          "name:nl": "Bangalore",
          "name:nn": "Bangalore",
          "name:ny": "Bangalore",
          "name:oc": "Bengaluri",
          "name:or": "ବେଙ୍ଗାଳୁରୁ",
          "name:os": "Бангалор",
          "name:pa": "ਬੇਂਗਾਲ਼ੁਰੂ",
          "name:ps": "بنگلور",
          "name:pt": "Bangalor",
          "name:qu": "Bangalore",
          "name:ru": "Бангалор",
          "name:sa": "बेङ्गळूरु",
          "name:sd": "بنگلورو",
          "name:si": "බැංගලෝර්",
          "name:sk": "Bangalúr",
          "name:sr": "Бангалор",
          "name:sv": "Bangalore",
          "name:sw": "Bangalore",
          "name:ta": "பெங்களூரு",
          "name:te": "బెంగళూరు",
          "name:tg": "Бангалор",
          "name:th": "บังคาลอร์",
          "name:tl": "Bangalore",
          "name:tr": "Bangalore",
          "name:tt": "Bäñgäluru",
          "name:tw": "Bangalore",
          "name:ug": "Ban'galor",
          "name:uk": "Бенґалуру",
          "name:ur": "بنگلور",
          "name:uz": "Bangalor",
          "name:vo": "Bangalore",
          "name:yi": "באנגאלאר",
          "name:yo": "Bangalore",
          "name:zh": "班加罗尔",
          "old_name": "Bangalore",
          "old_name_1": "Bangalore",
          "place": "city",
          "population": "10839725",
          "postal_code": "560001",
          "source:name:oc": "Lo Congrès",
          "wikidata": "Q1355",
          "wikipedia": "es:Bangalore"
        }
      }
    },
    {
      "type": "Feature",
      "geometry": {
        "type": "Point",
        "coordinates": [
          77.6027552,
          12.9456451
        ]
      },
      "properties": {
        "id": 3406880172,
        "name": "Eramma Layout",
        "type": "place",
        "subtype": "neighbourhood",
        "population": null,
        "tags": {
          "name": "Eramma Layout",
          "name:kn": "ಈರಮ್ಮಾ ಬಡಾವಣೆ",
          "place": "neighbourhood"
        }
      }
    },
    {
      "type": "Feature",
      "geometry": {
        "type": "Point",
        "coordinates": [
          77.5521201,
          12.9140392
        ]
      },
      "properties": {
        "id": 3414616703,
        "name": "Seven Hills Layout",
        "type": "place",
        "subtype": "neighbourhood",
        "population": null,
        "tags": {
          "name": "Seven Hills Layout",
          "name:kn": "ಸಪ್ತಗಿರಿ ಲೇಔಟ್",
          "old_name": "Sapthagiri Layout",
          "place": "neighbourhood"
        }
      }
    },
    {
      "type": "Feature",
      "geometry": {
        "type": "Point",
        "coordinates": [
          77.6096252,
          12.9315457
        ]
      },
      "properties": {
        "id": 3415500221,
        "name": "Sadgunte Palya",
        "type": "place",
        "subtype": "neighbourhood",
        "population": null,
        "tags": {
          "name": "Sadgunte Palya",
          "name:kn": "ಸದಗುಂಟೆ ಪಾಳ್ಯ",
          "place": "neighbourhood"
        }
      }
    },
    {
      "type": "Feature",
      "geometry": {
        "type": "Point",
        "coordinates": [
          77.5202254,
          13.0194736
        ]
      },
      "properties": {
        "id": 3416332352,
        "name": "MEI Colony",
        "type": "place",
        "subtype": "neighbourhood",
        "population": null,
        "tags": {
          "name": "MEI Colony",
          "name:kn": "ಎಂಇಐ ಕಾಲೋನಿ",
          "place": "neighbourhood"
        }
      }
    },
    {
      "type": "Feature",
      "geometry": {
        "type": "Point",
        "coordinates": [
          77.5830336,
          12.933863
        ]
      },
      "properties": {
        "id": 3416382485,
        "name": "Jayanagar 3rd Block",
        "type": "place",
        "subtype": "quarter",
        "population": null,
        "tags": {
          "name": "Jayanagar 3rd Block",
          "name:kn": "ಜಯನಗರ ೩ನೇ ಬ್ಲಾಕ್",
          "place": "quarter"
        }
      }
    },
    {
      "type": "Feature",
      "geometry": {
        "type": "Point",
        "coordinates": [
          77.5653751,
          12.9043655
        ]
      },
      "properties": {
        "id": 3417085495,
        "name": "Rajotsava Nagar",
        "type": "place",
        "subtype": "neighbourhood",
        "population": null,
        "tags": {
          "name": "Rajotsava Nagar",
          "name:kn": "ರಾಜೊತ್ಸವ ನಗರ",
          "name:ta": "ராஜோட்சவா‌ நகர்",
          "place": "neighbourhood"
        }
      }
    },
    {
      "type": "Feature",
      "geometry": {
        "type": "Point",
        "coordinates": [
          77.5537191,
          12.8962755
        ]
      },
      "properties": {
        "id": 3417090911,
        "name": "Kalyani Nagara",
        "type": "place",
        "subtype": "neighbourhood",
        "population": null,
        "tags": {
          "name": "Kalyani Nagara",
          "name:kn": "ಕಲ್ಯಾಣಿ ನಗರ",
          "place": "neighbourhood"
        }
      }
    },
    {
      "type": "Feature",
      "geometry": {
        "type": "Point",
        "coordinates": [
          77.5476337,
          12.9121916
        ]
      },
      "properties": {
        "id": 3417117772,
        "name": "Chikkalasandra",
        "type": "place",
        "subtype": "quarter",
        "population": null,
        "tags": {
          "is_in": "Bengaluru",
          "name": "Chikkalasandra",
          "name:kn": "ಚಿಕ್ಕಲಸಂದ್ರ",
          "name:ta": "சிக்லலசந்த்ரா",
          "place": "quarter",
          "wikidata": "Q24936341",
          "wikipedia": "en:Chikkalasandra"
        }
      }
    },
    {
      "type": "Feature",
      "geometry": {
        "type": "Point",
        "coordinates": [
          77.5661511,
          12.9146164
        ]
      },
      "properties": {
        "id": 3417123994,
        "name": "Kadirenahalli",
        "type": "place",
        "subtype": "quarter",
        "population": null,
        "tags": {
          "name": "Kadirenahalli",
          "name:kn": "ಕದಿರೇನಹಳ್ಳಿ",
          "name:ta": "கடிரேனஹல்லி",
          "place": "quarter"
        }
      }
    },
    {
      "type": "Feature",
      "geometry": {
        "type": "Point",
        "coordinates": [
          77.6173368,
          12.8997376
        ]
      },
      "properties": {
        "id": 3417139770,
        "name": "Lake City",
        "type": "place",
        "subtype": "neighbourhood",
        "population": null,
        "tags": {
          "name": "Lake City",
          "name:kn": "ಲೇಕ್ ಸಿಟಿ",
          "place": "neighbourhood"
        }
      }
    },
    {
      "type": "Feature",
      "geometry": {
        "type": "Point",
        "coordinates": [
          77.5751704,
          13.0042636
        ]
      },
      "properties": {
        "id": 3422921187,
        "name": "Vyalikaval",
        "type": "place",
        "subtype": "neighbourhood",
        "population": null,
        "tags": {
          "name": "Vyalikaval",
          "name:kn": "ವ್ಯಾಲಿಕಾವಲ್",
          "place": "neighbourhood",
          "wikidata": "Q7943870",
          "wikipedia": "en:Vyalikaval"
        }
      }
    },
    {
      "type": "Feature",
      "geometry": {
        "type": "Point",
        "coordinates": [
          77.5857284,
          12.9968123
        ]
      },
      "properties": {
        "id": 3422943096,
        "name": "Chakravarty Layout",
        "type": "place",
        "subtype": "neighbourhood",
        "population": null,
        "tags": {
          "name": "Chakravarty Layout",
          "name:kn": "ಚಕ್ರವರ್ತಿ ಲೇಔಟ್",
          "place": "neighbourhood"
        }
      }
    },
    {
      "type": "Feature",
      "geometry": {
        "type": "Point",
        "coordinates": [
          77.5550809,
          12.9012176
        ]
      },
      "properties": {
        "id": 3440756328,
        "name": "Vittal Nagar",
        "type": "place",
        "subtype": "neighbourhood",
        "population": null,
        "tags": {
          "name": "Vittal Nagar",
          "name:kn": "ವಿಠ್ಠಲ ನಗರ",
          "name:ta": "விட்டால் நகர்",
          "place": "neighbourhood"
        }
      }
    },
    {
      "type": "Feature",
      "geometry": {
        "type": "Point",
        "coordinates": [
          77.6633556,
          12.9922512
        ]
      },
      "properties": {
        "id": 3451666071,
        "name": "Putanna Garden",
        "type": "place",
        "subtype": "neighbourhood",
        "population": null,
        "tags": {
          "name": "Putanna Garden",
          "name:kn": "ಪುಟ್ಟಣ್ಣ ಗಾರ್ಡನ್",
          "place": "neighbourhood"
        }
      }
    },
    {
      "type": "Feature",
      "geometry": {
        "type": "Point",
        "coordinates": [
          77.6527383,
          12.9709603
        ]
      },
      "properties": {
        "id": 3474697231,
        "name": "Puttappa Layout",
        "type": "place",
        "subtype": "neighbourhood",
        "population": null,
        "tags": {
          "name": "Puttappa Layout",
          "name:kn": "ಪುಟ್ಟಪ್ಪ ಲೇಔಟ್",
          "place": "neighbourhood"
        }
      }
    },
    {
      "type": "Feature",
      "geometry": {
        "type": "Point",
        "coordinates": [
          77.6379716,
          13.0295035
        ]
      },
      "properties": {
        "id": 3481707802,
        "name": "Palm Grove",
        "type": "place",
        "subtype": "neighbourhood",
        "population": null,
        "tags": {
          "name": "Palm Grove",
          "name:kn": "ಪಾಂ ಗ್ರೋ",
          "place": "neighbourhood"
        }
      }
    },
    {
      "type": "Feature",
      "geometry": {
        "type": "Point",
        "coordinates": [
          77.5641719,
          12.9359484
        ]
      },
      "properties": {
        "id": 3496616935,
        "name": "Ashokanagara",
        "type": "place",
        "subtype": "neighbourhood",
        "population": null,
        "tags": {
          "name": "Ashokanagara",
          "name:kn": "ಅಶೋಕನಗರ",
          "name:ta": "அசோக்கநகரா",
          "place": "neighbourhood"
        }
      }
    },
    {
      "type": "Feature",
      "geometry": {
        "type": "Point",
        "coordinates": [
          77.6427434,
          12.9566279
        ]
      },
      "properties": {
        "id": 3497378217,
        "name": "Amarjyothi Layout",
        "type": "place",
        "subtype": "neighbourhood",
        "population": null,
        "tags": {
          "name": "Amarjyothi Layout",
          "name:kn": "ಅಮರಜ್ಯೋತಿ ಲೇಔಟ್",
          "name:ml": "അമർജ്യോതി ലേഔട്ട്",
          "place": "neighbourhood"
        }
      }
    },
    {
      "type": "Feature",
      "geometry": {
        "type": "Point",
        "coordinates": [
          77.6228944,
          12.9792343
        ]
      },
      "properties": {
        "id": 3532995084,
        "name": "MV Garden",
        "type": "place",
        "subtype": "neighbourhood",
        "population": null,
        "tags": {
          "name": "MV Garden",
          "name:kn": "ಎಮ್ ವಿ ಗಾರ್ಡನ್",
          "place": "neighbourhood"
        }
      }
    },
    {
      "type": "Feature",
      "geometry": {
        "type": "Point",
        "coordinates": [
          77.5162181,
          13.0794128
        ]
      },
      "properties": {
        "id": 3590694358,
        "name": "Kere Guddadahalli",
        "type": "place",
        "subtype": "locality",
        "population": null,
        "tags": {
          "name": "Kere Guddadahalli",
          "name:kn": "ಕೆರೆಗುಡ್ಡದಹಳ್ಳಿ",
          "place": "locality"
        }
      }
    },
    {
      "type": "Feature",
      "geometry": {
        "type": "Point",
        "coordinates": [
          77.6247821,
          12.9796895
        ]
      },
      "properties": {
        "id": 3643239014,
        "name": "Gupta Layout",
        "type": "place",
        "subtype": "neighbourhood",
        "population": null,
        "tags": {
          "name": "Gupta Layout",
          "name:kn": "ಗುಪ್ತ ಲೇಔಟ್",
          "place": "neighbourhood"
        }
      }
    },
    {
      "type": "Feature",
      "geometry": {
        "type": "Point",
        "coordinates": [
          77.6415509,
          12.9795785
        ]
      },
      "properties": {
        "id": 3648204414,
        "name": "Old Binnamangala",
        "type": "place",
        "subtype": "neighbourhood",
        "population": null,
        "tags": {
          "name": "Old Binnamangala",
          "name:kn": "ಹಳೆ ಬಿನ್ನಮಂಗಲ",
          "place": "neighbourhood"
        }
      }
    },
    {
      "type": "Feature",
      "geometry": {
        "type": "Point",
        "coordinates": [
          77.6086395,
          12.9825003
        ]
      },
      "properties": {
        "id": 3677885587,
        "name": "Commercial Street Market",
        "type": "place",
        "subtype": "neighbourhood",
        "population": null,
        "tags": {
          "name": "Commercial Street Market",
          "name:kn": "ಕಮರ್ಷಿಯಲ್ ಸ್ಟ್ರೀಟ್ ಮಾರ್ಕೆಟ್",
          "place": "neighbourhood"
        }
      }
    },
    {
      "type": "Feature",
      "geometry": {
        "type": "Point",
        "coordinates": [
          77.7506234,
          12.9657494
        ]
      },
      "properties": {
        "id": 3713012264,
        "name": "Narayanappa Gardens",
        "type": "place",
        "subtype": "neighbourhood",
        "population": null,
        "tags": {
          "name": "Narayanappa Gardens",
          "name:kn": "ನಾರಾಯಣಪ್ಪ ಗಾರ್ಡನ್ಸ್",
          "place": "neighbourhood"
        }
      }
    },
    {
      "type": "Feature",
      "geometry": {
        "type": "Point",
        "coordinates": [
          77.6701877,
          12.9269039
        ]
      },
      "properties": {
        "id": 3740872036,
        "name": "Green Glen Layout",
        "type": "place",
        "subtype": "neighbourhood",
        "population": null,
        "tags": {
          "name": "Green Glen Layout",
          "name:kn": "ಗ್ರೀನ್ ಗ್ಲೆನ್ ಲೇಔಟ್",
          "place": "neighbourhood"
        }
      }
    },
    {
      "type": "Feature",
      "geometry": {
        "type": "Point",
        "coordinates": [
          77.605818,
          12.9801622
        ]
      },
      "properties": {
        "id": 3741070642,
        "name": "Tasker Town",
        "type": "place",
        "subtype": "neighbourhood",
        "population": null,
        "tags": {
          "name": "Tasker Town",
          "name:kn": "ಟಾಸ್ಕರ್ ಟೌನ್",
          "official_name": "Swami Shivanandapuram",
          "place": "neighbourhood"
        }
      }
    },
    {
      "type": "Feature",
      "geometry": {
        "type": "Point",
        "coordinates": [
          77.659472,
          12.9645936
        ]
      },
      "properties": {
        "id": 3750759553,
        "name": "Anandapuram",
        "type": "place",
        "subtype": "neighbourhood",
        "population": null,
        "tags": {
          "name": "Anandapuram",
          "name:kn": "ಆನಂದಪುರಂ",
          "name:ml": "അനന്തപുരം",
          "place": "neighbourhood"
        }
      }
    },
    {
      "type": "Feature",
      "geometry": {
        "type": "Point",
        "coordinates": [
          77.6609288,
          12.9460886
        ]
      },
      "properties": {
        "id": 3771990411,
        "name": "Belure Ambedkar Nagar",
        "type": "place",
        "subtype": "neighbourhood",
        "population": null,
        "tags": {
          "name": "Belure Ambedkar Nagar",
          "name:kn": "ಬೆಲುರೆ ಅಂಬೇಡ್ಕರ್ ನಗರ್",
          "place": "neighbourhood"
        }
      }
    },
    {
      "type": "Feature",
      "geometry": {
        "type": "Point",
        "coordinates": [
          77.7008465,
          12.9367661
        ]
      },
      "properties": {
        "id": 3771990412,
        "name": "Kaverappa Layout",
        "type": "place",
        "subtype": "neighbourhood",
        "population": null,
        "tags": {
          "name": "Kaverappa Layout",
          "name:kn": "ಕಾವೇರಪ್ಪ ಲೇಔಟ್",
          "place": "neighbourhood"
        }
      }
    },
    {
      "type": "Feature",
      "geometry": {
        "type": "Point",
        "coordinates": [
          77.6556269,
          12.943102
        ]
      },
      "properties": {
        "id": 3772206672,
        "name": "Belur Nagasandra",
        "type": "place",
        "subtype": "neighbourhood",
        "population": null,
        "tags": {
          "name": "Belur Nagasandra",
          "name:kn": "ಬೇಲೂರು ನಾಗಸಂದ್ರ",
          "name:ml": "ബേലൂർ നാഗസാന്ത്ര",
          "place": "neighbourhood"
        }
      }
    },
    {
      "type": "Feature",
      "geometry": {
        "type": "Point",
        "coordinates": [
          77.651534,
          12.9451006
        ]
      },
      "properties": {
        "id": 3772206673,
        "name": "Challaghatta",
        "type": "place",
        "subtype": "neighbourhood",
        "population": null,
        "tags": {
          "name": "Challaghatta",
          "name:kn": "ಚಲ್ಲಘಟ್ಟ",
          "name:ml": "ചള്ളഘട്ട",
          "name:ta": "சல்லகட்டா",
          "place": "neighbourhood"
        }
      }
    },
    {
      "type": "Feature",
      "geometry": {
        "type": "Point",
        "coordinates": [
          77.6873031,
          12.9371495
        ]
      },
      "properties": {
        "id": 3772206674,
        "name": "Kariyammana Agrahara",
        "type": "place",
        "subtype": "neighbourhood",
        "population": null,
        "tags": {
          "name": "Kariyammana Agrahara",
          "name:kn": "ಕರಿಯಮ್ಮ ಅಗ್ರಹರ",
          "place": "neighbourhood"
        }
      }
    },
    {
      "type": "Feature",
      "geometry": {
        "type": "Point",
        "coordinates": [
          77.6301239,
          12.9981729
        ]
      },
      "properties": {
        "id": 3887129211,
        "name": "ITC Colony",
        "type": "place",
        "subtype": "neighbourhood",
        "population": null,
        "tags": {
          "name": "ITC Colony",
          "name:kn": "ಐ.ಟಿ.ಸಿ ಕಾಲೋನಿ",
          "place": "neighbourhood"
        }
      }
    },
    {
      "type": "Feature",
      "geometry": {
        "type": "Point",
        "coordinates": [
          77.628189,
          12.9995526
        ]
      },
      "properties": {
        "id": 3897575412,
        "name": "MSO Colony",
        "type": "place",
        "subtype": "neighbourhood",
        "population": null,
        "tags": {
          "name": "MSO Colony",
          "name:kn": "ಎಂಎಸ್ಒ ಕಾಲೋನಿ",
          "place": "neighbourhood"
        }
      }
    },
    {
      "type": "Feature",
      "geometry": {
        "type": "Point",
        "coordinates": [
          77.5009307,
          13.0669639
        ]
      },
      "properties": {
        "id": 3930393428,
        "name": "Kirloskar Layout",
        "type": "place",
        "subtype": "neighbourhood",
        "population": null,
        "tags": {
          "name": "Kirloskar Layout",
          "name:kn": "ಕಿರ್ಲೋಸ್ಕರ ಬಡಾವಣೆ",
          "place": "neighbourhood"
        }
      }
    },
    {
      "type": "Feature",
      "geometry": {
        "type": "Point",
        "coordinates": [
          77.5019592,
          12.8819899
        ]
      },
      "properties": {
        "id": 3983628502,
        "name": "Gattigerepalya",
        "type": "place",
        "subtype": "neighbourhood",
        "population": null,
        "tags": {
          "name": "Gattigerepalya",
          "name:kn": "ಗಟ್ಟಿಗೆರೆಪಾಳ್ಯ",
          "name:ta": "கட்டிகேரேபால்யா",
          "place": "neighbourhood"
        }
      }
    },
    {
      "type": "Feature",
      "geometry": {
        "type": "Point",
        "coordinates": [
          77.5120658,
          12.8971756
        ]
      },
      "properties": {
        "id": 3983628610,
        "name": "Ganakkal",
        "type": "place",
        "subtype": "quarter",
        "population": null,
        "tags": {
          "name": "Ganakkal",
          "name:kn": "ಗಣಕಲ್ಲು",
          "place": "quarter"
        }
      }
    },
    {
      "type": "Feature",
      "geometry": {
        "type": "Point",
        "coordinates": [
          77.5144615,
          12.8801983
        ]
      },
      "properties": {
        "id": 3983628624,
        "name": "Chikkegowdanpalya",
        "type": "place",
        "subtype": "neighbourhood",
        "population": null,
        "tags": {
          "name": "Chikkegowdanpalya",
          "name:kn": "ಚಿಕ್ಕೆಗೌಡನಪಾಳ್ಯ",
          "name:ta": "சிக்கேகவுடன்பால்யா",
          "place": "neighbourhood"
        }
      }
    },
    {
      "type": "Feature",
      "geometry": {
        "type": "Point",
        "coordinates": [
          77.6085468,
          12.9508013
        ]
      },
      "properties": {
        "id": 4044099875,
        "name": "Gajendra Nagara",
        "type": "place",
        "subtype": "neighbourhood",
        "population": null,
        "tags": {
          "alt_name": "Gajendra Nagar",
          "name": "Gajendra Nagara",
          "name:kn": "ಗಜೇಂದ್ರ ನಗರ",
          "place": "neighbourhood"
        }
      }
    },
    {
      "type": "Feature",
      "geometry": {
        "type": "Point",
        "coordinates": [
          77.6621295,
          12.9576935
        ]
      },
      "properties": {
        "id": 4076612346,
        "name": "MES Colony",
        "type": "place",
        "subtype": "neighbourhood",
        "population": null,
        "tags": {
          "name": "MES Colony",
          "name:kn": "ಎಂಇಎಸ್ ಕಾಲೋನಿ",
          "place": "neighbourhood"
        }
      }
    },
    {
      "type": "Feature",
      "geometry": {
        "type": "Point",
        "coordinates": [
          77.7069486,
          12.9541555
        ]
      },
      "properties": {
        "id": 4118295030,
        "name": "Gandhi Nagar",
        "type": "place",
        "subtype": "neighbourhood",
        "population": null,
        "tags": {
          "name": "Gandhi Nagar",
          "name:kn": "ಗಾಂಧಿನಗರ",
          "place": "neighbourhood"
        }
      }
    },
    {
      "type": "Feature",
      "geometry": {
        "type": "Point",
        "coordinates": [
          77.5377059,
          13.0782386
        ]
      },
      "properties": {
        "id": 4148394289,
        "name": "Singapura",
        "type": "place",
        "subtype": "quarter",
        "population": null,
        "tags": {
          "name": "Singapura",
          "name:kn": "ಸಿಂಗಪುರ",
          "place": "quarter"
        }
      }
    },
    {
      "type": "Feature",
      "geometry": {
        "type": "Point",
        "coordinates": [
          77.6433621,
          12.9659245
        ]
      },
      "properties": {
        "id": 4162555217,
        "name": "Babasaheb Colony",
        "type": "place",
        "subtype": "neighbourhood",
        "population": null,
        "tags": {
          "name": "Babasaheb Colony",
          "name:kn": "ಬಾಬಾಸಾಹೇಬ್ ಕಾಲೋನಿ",
          "name:ml": "ബാബസാഹെബ് കോളനി",
          "place": "neighbourhood"
        }
      }
    },
    {
      "type": "Feature",
      "geometry": {
        "type": "Point",
        "coordinates": [
          77.6537885,
          12.9758758
        ]
      },
      "properties": {
        "id": 4203653089,
        "name": "Gitanjali Layout",
        "type": "place",
        "subtype": "neighbourhood",
        "population": null,
        "tags": {
          "name": "Gitanjali Layout",
          "name:kn": "ಗೀತಾಂಜಲಿ ಲೇಔಟ್",
          "place": "neighbourhood"
        }
      }
    },
    {
      "type": "Feature",
      "geometry": {
        "type": "Point",
        "coordinates": [
          77.5833158,
          12.9667841
        ]
      },
      "properties": {
        "id": 4209390935,
        "name": "Ganigarpet",
        "type": "place",
        "subtype": "neighbourhood",
        "population": null,
        "tags": {
          "name": "Ganigarpet",
          "name:kn": "ಗಾಣಿಗರ್‌ಪೇಟ್",
          "name:ml": "ഗാണിഗർപേട്ട്",
          "place": "neighbourhood"
        }
      }
    },
    {
      "type": "Feature",
      "geometry": {
        "type": "Point",
        "coordinates": [
          77.5778022,
          12.9687279
        ]
      },
      "properties": {
        "id": 4209420893,
        "name": "Mamulpete",
        "type": "place",
        "subtype": "neighbourhood",
        "population": null,
        "tags": {
          "name": "Mamulpete",
          "name:kn": "ಮಾಮುಲ್‌ಪೇಟೆ",
          "place": "neighbourhood"
        }
      }
    },
    {
      "type": "Feature",
      "geometry": {
        "type": "Point",
        "coordinates": [
          77.6249486,
          12.9330208
        ]
      },
      "properties": {
        "id": 4267702329,
        "name": "Maistripalaya",
        "type": "place",
        "subtype": "neighbourhood",
        "population": null,
        "tags": {
          "name": "Maistripalaya",
          "name:kn": "ಮೈಸ್ತ್ರೀ ಪಾಳ್ಯ",
          "place": "neighbourhood"
        }
      }
    },
    {
      "type": "Feature",
      "geometry": {
        "type": "Point",
        "coordinates": [
          77.6671318,
          12.9661271
        ]
      },
      "properties": {
        "id": 4284782849,
        "name": "Jothinagar",
        "type": "place",
        "subtype": "neighbourhood",
        "population": null,
        "tags": {
          "is_in": "Bangalore",
          "name": "Jothinagar",
          "name:kn": "ಜ್ಯೋತಿನಗರ",
          "place": "neighbourhood"
        }
      }
    },
    {
      "type": "Feature",
      "geometry": {
        "type": "Point",
        "coordinates": [
          77.4528406,
          12.9186382
        ]
      },
      "properties": {
        "id": 4292814903,
        "name": "Archakara Badavane",
        "type": "place",
        "subtype": "neighbourhood",
        "population": null,
        "tags": {
          "name": "Archakara Badavane",
          "name:kn": "ಅರ್ಚಕರ ಬಡಾವಣೆ",
          "place": "neighbourhood"
        }
      }
    },
    {
      "type": "Feature",
      "geometry": {
        "type": "Point",
        "coordinates": [
          77.6494922,
          12.8843419
        ]
      },
      "properties": {
        "id": 4304331149,
        "name": "AECS Layout, A block",
        "type": "place",
        "subtype": "neighbourhood",
        "population": null,
        "tags": {
          "name": "AECS Layout, A block",
          "name:kn": "ಎಇಸಿಎಸ್ ಲೇಔಟ್, ಎ ಬ್ಲಾಕ್",
          "place": "neighbourhood"
        }
      }
    },
    {
      "type": "Feature",
      "geometry": {
        "type": "Point",
        "coordinates": [
          77.5866428,
          12.9930728
        ]
      },
      "properties": {
        "id": 4353477843,
        "name": "Abshot Layout",
        "type": "place",
        "subtype": "neighbourhood",
        "population": null,
        "tags": {
          "name": "Abshot Layout",
          "name:kn": "ಅಬ್‌ಶಾಟ್ ಲೇಔಟ್",
          "place": "neighbourhood"
        }
      }
    },
    {
      "type": "Feature",
      "geometry": {
        "type": "Point",
        "coordinates": [
          77.6033328,
          12.9207575
        ]
      },
      "properties": {
        "id": 4397421776,
        "name": "Gurappana Palya",
        "type": "place",
        "subtype": "neighbourhood",
        "population": null,
        "tags": {
          "name": "Gurappana Palya",
          "name:kn": "ಗುರಪ್ಪನ ಪಾಳ್ಯ",
          "name:ta": "குரப்பன பால்யா",
          "place": "neighbourhood"
        }
      }
    },
    {
      "type": "Feature",
      "geometry": {
        "type": "Point",
        "coordinates": [
          77.4430111,
          13.0055351
        ]
      },
      "properties": {
        "id": 4401556757,
        "name": "Bayyandahalli",
        "type": "place",
        "subtype": "hamlet",
        "population": null,
        "tags": {
          "name": "Bayyandahalli",
          "name:kn": "ಬಯ್ಯಂಡಹಳ್ಳಿ",
          "place": "hamlet"
        }
      }
    },
    {
      "type": "Feature",
      "geometry": {
        "type": "Point",
        "coordinates": [
          77.4373676,
          13.0173894
        ]
      },
      "properties": {
        "id": 4401556758,
        "name": "Bettahalli",
        "type": "place",
        "subtype": "village",
        "population": null,
        "tags": {
          "name": "Bettahalli",
          "name:kn": "ಬೆಟ್ಟಹಳ್ಳಿ",
          "place": "village"
        }
      }
    },
    {
      "type": "Feature",
      "geometry": {
        "type": "Point",
        "coordinates": [
          77.4809397,
          12.983302
        ]
      },
      "properties": {
        "id": 4401556759,
        "name": "Byadarahalli",
        "type": "place",
        "subtype": "neighbourhood",
        "population": null,
        "tags": {
          "name": "Byadarahalli",
          "name:kn": "ಬ್ಯಾಡರಹಳ್ಳಿ",
          "name:kn:iso15919": "Byāḍarahaḷḷi",
          "place": "neighbourhood"
        }
      }
    },
    {
      "type": "Feature",
      "geometry": {
        "type": "Point",
        "coordinates": [
          77.428935,
          12.9767271
        ]
      },
      "properties": {
        "id": 4401556760,
        "name": "Channenahalli",
        "type": "place",
        "subtype": "village",
        "population": null,
        "tags": {
          "name": "Channenahalli",
          "name:kn": "ಚನ್ನೇನಹಳ್ಳಿ",
          "place": "village"
        }
      }
    },
    {
      "type": "Feature",
      "geometry": {
        "type": "Point",
        "coordinates": [
          77.4187702,
          12.9931426
        ]
      },
      "properties": {
        "id": 4401556765,
        "name": "Giddenahalli",
        "type": "place",
        "subtype": "village",
        "population": null,
        "tags": {
          "name": "Giddenahalli",
          "name:kn": "ಗಿಡ್ಡೇನಹಳ್ಳಿ",
          "place": "village"
        }
      }
    },
    {
      "type": "Feature",
      "geometry": {
        "type": "Point",
        "coordinates": [
          77.4870119,
          12.9912345
        ]
      },
      "properties": {
        "id": 4401556766,
        "name": "Herohalli",
        "type": "place",
        "subtype": "suburb",
        "population": null,
        "tags": {
          "name": "Herohalli",
          "name:kn": "ಹೇರೋಹಳ್ಳಿ",
          "name:kn:iso15919": "Hērōhaḷḷi",
          "place": "suburb",
          "wikidata": "Q1706695",
          "wikipedia": "en:Herohalli"
        }
      }
    },
    {
      "type": "Feature",
      "geometry": {
        "type": "Point",
        "coordinates": [
          77.4560282,
          12.9191847
        ]
      },
      "properties": {
        "id": 4401556767,
        "name": "Hosa Bairohalli",
        "type": "place",
        "subtype": "hamlet",
        "population": null,
        "tags": {
          "name": "Hosa Bairohalli",
          "name:kn": "ಹೊಸ ಬೈರೋಹಳ್ಳಿ",
          "place": "hamlet"
        }
      }
    },
    {
      "type": "Feature",
      "geometry": {
        "type": "Point",
        "coordinates": [
          77.4333751,
          12.9965497
        ]
      },
      "properties": {
        "id": 4401556769,
        "name": "Kadabageri",
        "type": "place",
        "subtype": "village",
        "population": null,
        "tags": {
          "name": "Kadabageri",
          "name:kn": "ಕಡಬಗೇರಿ",
          "place": "village"
        }
      }
    },
    {
      "type": "Feature",
      "geometry": {
        "type": "Point",
        "coordinates": [
          77.4587909,
          12.9665618
        ]
      },
      "properties": {
        "id": 4401556770,
        "name": "Kannalli",
        "type": "place",
        "subtype": "neighbourhood",
        "population": null,
        "tags": {
          "name": "Kannalli",
          "name:kn": "ಕನ್ನಲ್ಲಿ",
          "name:kn:iso15919": "Kannalli",
          "place": "neighbourhood"
        }
      }
    },
    {
      "type": "Feature",
      "geometry": {
        "type": "Point",
        "coordinates": [
          77.4500482,
          12.9580986
        ]
      },
      "properties": {
        "id": 4401556771,
        "name": "Kenchanapura",
        "type": "place",
        "subtype": "neighbourhood",
        "population": null,
        "tags": {
          "name": "Kenchanapura",
          "name:kn": "ಕೆಂಚನಪುರ",
          "name:kn:iso15919": "Keñcanapura",
          "place": "neighbourhood"
        }
      }
    },
    {
      "type": "Feature",
      "geometry": {
        "type": "Point",
        "coordinates": [
          77.4645643,
          12.9766569
        ]
      },
      "properties": {
        "id": 4401556772,
        "name": "Kodigehalli",
        "type": "place",
        "subtype": "neighbourhood",
        "population": null,
        "tags": {
          "name": "Kodigehalli",
          "name:kn": "ಕೊಡಿಗೇಹಳ್ಳಿ",
          "name:kn:iso15919": "Koḍigēhaḷḷi",
          "place": "neighbourhood"
        }
      }
    },
    {
      "type": "Feature",
      "geometry": {
        "type": "Point",
        "coordinates": [
          77.4513037,
          12.9961571
        ]
      },
      "properties": {
        "id": 4401556773,
        "name": "Machohalli Kaloni",
        "type": "place",
        "subtype": "village",
        "population": null,
        "tags": {
          "name": "Machohalli Kaloni",
          "name:kn": "ಮಾಚೋಹಳ್ಳಿ ಕಾಲೋನಿ",
          "place": "village"
        }
      }
    },
    {
      "type": "Feature",
      "geometry": {
        "type": "Point",
        "coordinates": [
          77.4246608,
          12.9317194
        ]
      },
      "properties": {
        "id": 4401556774,
        "name": "Maragondanahalli",
        "type": "place",
        "subtype": "hamlet",
        "population": null,
        "tags": {
          "name": "Maragondanahalli",
          "name:kn": "ಮರಗೊಂಡನಹಳ್ಳಿ",
          "place": "hamlet"
        }
      }
    },
    {
      "type": "Feature",
      "geometry": {
        "type": "Point",
        "coordinates": [
          77.4489466,
          12.9737166
        ]
      },
      "properties": {
        "id": 4401556816,
        "name": null,
        "type": "place",
        "subtype": "neighbourhood",
        "population": null,
        "tags": {
          "name:kn": "ಶೀಗೇಹಳ್ಳಿ",
          "place": "neighbourhood"
        }
      }
    },
    {
      "type": "Feature",
      "geometry": {
        "type": "Point",
        "coordinates": [
          77.4425319,
          13.0657041
        ]
      },
      "properties": {
        "id": 4407193214,
        "name": "Adakamaranahalli",
        "type": "place",
        "subtype": "neighbourhood",
        "population": null,
        "tags": {
          "name": "Adakamaranahalli",
          "name:kn": "ಅಡಕಿಮಾರನಹಳ್ಳಿ",
          "place": "neighbourhood"
        }
      }
    },
    {
      "type": "Feature",
      "geometry": {
        "type": "Point",
        "coordinates": [
          77.4217145,
          12.8957518
        ]
      },
      "properties": {
        "id": 4407193218,
        "name": "Chikkalluru",
        "type": "place",
        "subtype": "hamlet",
        "population": null,
        "tags": {
          "name": "Chikkalluru",
          "name:kn": "ಚಿಕ್ಕಲ್ಲೂರು",
          "place": "hamlet"
        }
      }
    },
    {
      "type": "Feature",
      "geometry": {
        "type": "Point",
        "coordinates": [
          77.4608658,
          13.0487558
        ]
      },
      "properties": {
        "id": 4407193220,
        "name": "Dombarahalli",
        "type": "place",
        "subtype": "village",
        "population": null,
        "tags": {
          "name": "Dombarahalli",
          "name:kn": "ದೊಂಬರಹಳ್ಳಿ",
          "place": "village"
        }
      }
    },
    {
      "type": "Feature",
      "geometry": {
        "type": "Point",
        "coordinates": [
          77.4446266,
          13.0495627
        ]
      },
      "properties": {
        "id": 4407193225,
        "name": "Harokyatanahalli",
        "type": "place",
        "subtype": "village",
        "population": null,
        "tags": {
          "name": "Harokyatanahalli",
          "name:kn": "ಹಾರೋಕ್ಯಾತನಹಳ್ಳಿ",
          "name:kn:iso15919": "Hārōkyātanahaḷḷi",
          "place": "village"
        }
      }
    },
    {
      "type": "Feature",
      "geometry": {
        "type": "Point",
        "coordinates": [
          77.4391224,
          13.0345017
        ]
      },
      "properties": {
        "id": 4407193228,
        "name": "Kammasandra",
        "type": "place",
        "subtype": "village",
        "population": null,
        "tags": {
          "name": "Kammasandra",
          "name:kn": "ಕಮ್ಮಸಂದ್ರ",
          "place": "village"
        }
      }
    },
    {
      "type": "Feature",
      "geometry": {
        "type": "Point",
        "coordinates": [
          77.4506663,
          12.9099075
        ]
      },
      "properties": {
        "id": 4407193231,
        "name": "Kommaghatta",
        "type": "place",
        "subtype": "hamlet",
        "population": null,
        "tags": {
          "name": "Kommaghatta",
          "name:kn": "ಕೊಮ್ಮಘಟ್ಟ",
          "place": "hamlet"
        }
      }
    },
    {
      "type": "Feature",
      "geometry": {
        "type": "Point",
        "coordinates": [
          77.4495824,
          13.0150279
        ]
      },
      "properties": {
        "id": 4407193239,
        "name": "Vaddarahalli",
        "type": "place",
        "subtype": "hamlet",
        "population": null,
        "tags": {
          "name": "Vaddarahalli",
          "name:kn": "ವಡ್ಡರಹಳ್ಳಿ",
          "place": "hamlet"
        }
      }
    },
    {
      "type": "Feature",
      "geometry": {
        "type": "Point",
        "coordinates": [
          77.6431419,
          12.9814904
        ]
      },
      "properties": {
        "id": 4506781903,
        "name": "Hutting Colony",
        "type": "place",
        "subtype": "neighbourhood",
        "population": null,
        "tags": {
          "name": "Hutting Colony",
          "name:kn": "ಹಟ್ಟಿಂಗ್ ಕಾಲೋನಿ",
          "place": "neighbourhood"
        }
      }
    },
    {
      "type": "Feature",
      "geometry": {
        "type": "Point",
        "coordinates": [
          77.628799,
          13.0374664
        ]
      },
      "properties": {
        "id": 4531677089,
        "name": "HBR Layout 5th Block",
        "type": "place",
        "subtype": "quarter",
        "population": null,
        "tags": {
          "is_in:suburb": "HBR Layout",
          "name": "HBR Layout 5th Block",
          "name:kn": "ಎಚ್‌ಬಿಆರ್ ಲೇಔಟ್ ೫ನೇ ಬ್ಲಾಕ್",
          "place": "quarter"
        }
      }
    },
    {
      "type": "Feature",
      "geometry": {
        "type": "Point",
        "coordinates": [
          77.6280789,
          13.031992
        ]
      },
      "properties": {
        "id": 4531677090,
        "name": "HBR Layout",
        "type": "place",
        "subtype": "suburb",
        "population": null,
        "tags": {
          "name": "HBR Layout",
          "name:kn": "ಎಚ್‌ಬಿಆರ್ ಲೇಔಟ್",
          "place": "suburb"
        }
      }
    },
    {
      "type": "Feature",
      "geometry": {
        "type": "Point",
        "coordinates": [
          77.6831272,
          13.0195427
        ]
      },
      "properties": {
        "id": 4532594194,
        "name": "Akshaya Nagar",
        "type": "place",
        "subtype": "neighbourhood",
        "population": null,
        "tags": {
          "name": "Akshaya Nagar",
          "name:kn": "ಅಕ್ಷಯ ನಗರ",
          "place": "neighbourhood"
        }
      }
    },
    {
      "type": "Feature",
      "geometry": {
        "type": "Point",
        "coordinates": [
          77.6314169,
          12.9693316
        ]
      },
      "properties": {
        "id": 4533367168,
        "name": "Someshwarapura",
        "type": "place",
        "subtype": "neighbourhood",
        "population": null,
        "tags": {
          "name": "Someshwarapura",
          "name:kn": "ಸೋಮೇಶ್ವರಪುರ",
          "place": "neighbourhood"
        }
      }
    },
    {
      "type": "Feature",
      "geometry": {
        "type": "Point",
        "coordinates": [
          77.6468359,
          12.958343
        ]
      },
      "properties": {
        "id": 4558992323,
        "name": "Corporation Colony",
        "type": "place",
        "subtype": "neighbourhood",
        "population": null,
        "tags": {
          "name": "Corporation Colony",
          "name:kn": "ಕಾರ್ಪೊರೇಷನ್ ಕಾಲೋನಿ",
          "place": "neighbourhood"
        }
      }
    },
    {
      "type": "Feature",
      "geometry": {
        "type": "Point",
        "coordinates": [
          77.6131984,
          12.9845768
        ]
      },
      "properties": {
        "id": 4564854862,
        "name": "Sivanchetti Gardens",
        "type": "place",
        "subtype": "neighbourhood",
        "population": null,
        "tags": {
          "name": "Sivanchetti Gardens",
          "name:kn": "ಶಿವನಚೆಟ್ಟಿ ಗಾರ್ಡನ್ಸ್",
          "place": "neighbourhood"
        }
      }
    },
    {
      "type": "Feature",
      "geometry": {
        "type": "Point",
        "coordinates": [
          77.5992222,
          13.0654891
        ]
      },
      "properties": {
        "id": 4601272777,
        "name": null,
        "type": "place",
        "subtype": "locality",
        "population": null,
        "tags": {
          "name:kn": "ಅಮೃತಹಳ್ಳಿ",
          "place": "locality"
        }
      }
    },
    {
      "type": "Feature",
      "geometry": {
        "type": "Point",
        "coordinates": [
          77.7090175,
          12.9480839
        ]
      },
      "properties": {
        "id": 4674414991,
        "name": "Munekolala",
        "type": "place",
        "subtype": "quarter",
        "population": null,
        "tags": {
          "alt_name": "Munnekolala",
          "name": "Munekolala",
          "name:kn": "ಮುನೆಕೊಲ",
          "place": "quarter"
        }
      }
    },
    {
      "type": "Feature",
      "geometry": {
        "type": "Point",
        "coordinates": [
          77.6263539,
          13.0850788
        ]
      },
      "properties": {
        "id": 4688312807,
        "name": "Chokkanahalli",
        "type": "place",
        "subtype": "neighbourhood",
        "population": null,
        "tags": {
          "name": "Chokkanahalli",
          "name:kn": "ಚೊಕ್ಕನಹಳ್ಳಿ",
          "place": "neighbourhood"
        }
      }
    },
    {
      "type": "Feature",
      "geometry": {
        "type": "Point",
        "coordinates": [
          77.6269272,
          12.9708978
        ]
      },
      "properties": {
        "id": 4692685699,
        "name": "Keshavaraj Layout",
        "type": "place",
        "subtype": "neighbourhood",
        "population": null,
        "tags": {
          "name": "Keshavaraj Layout",
          "name:kn": "ಕೇಶವರಾಜ್ ಲೇಔಟ್",
          "name:ta": "கேசவராஜ் லேஅவுட்",
          "place": "neighbourhood"
        }
      }
    },
    {
      "type": "Feature",
      "geometry": {
        "type": "Point",
        "coordinates": [
          77.6150863,
          12.9632532
        ]
      },
      "properties": {
        "id": 4803391616,
        "name": "Officers Colony",
        "type": "place",
        "subtype": "neighbourhood",
        "population": null,
        "tags": {
          "name": "Officers Colony",
          "name:kn": "ಆಫಿಸರ್ಸ್ ಕಾಲೋನಿ",
          "place": "neighbourhood"
        }
      }
    },
    {
      "type": "Feature",
      "geometry": {
        "type": "Point",
        "coordinates": [
          77.6130746,
          12.9624115
        ]
      },
      "properties": {
        "id": 4803391617,
        "name": "Yellagondanpalya",
        "type": "place",
        "subtype": "neighbourhood",
        "population": null,
        "tags": {
          "name": "Yellagondanpalya",
          "name:kn": "ಎಲ್ಲಗೊಂಡನಪಾಳ್ಯ",
          "place": "neighbourhood"
        }
      }
    },
    {
      "type": "Feature",
      "geometry": {
        "type": "Point",
        "coordinates": [
          77.6142682,
          12.9656579
        ]
      },
      "properties": {
        "id": 4803391618,
        "name": "Victoria Layout",
        "type": "place",
        "subtype": "quarter",
        "population": null,
        "tags": {
          "name": "Victoria Layout",
          "name:kn": "ವಿಕ್ಟೋರಿಯ ಲೇಔಟ್",
          "name:ta": "விக்டோரியா லேஅவுட்",
          "place": "quarter"
        }
      }
    },
    {
      "type": "Feature",
      "geometry": {
        "type": "Point",
        "coordinates": [
          77.6127125,
          12.9646019
        ]
      },
      "properties": {
        "id": 4803391619,
        "name": "Xavier Layout",
        "type": "place",
        "subtype": "neighbourhood",
        "population": null,
        "tags": {
          "name": "Xavier Layout",
          "name:kn": "ಕ್ಸೇವಿಯರ್ ಲೇಔಟ್",
          "place": "neighbourhood"
        }
      }
    },
    {
      "type": "Feature",
      "geometry": {
        "type": "Point",
        "coordinates": [
          77.5700846,
          12.897971
        ]
      },
      "properties": {
        "id": 4908513642,
        "name": "Yelachenahalli",
        "type": "place",
        "subtype": "neighbourhood",
        "population": null,
        "tags": {
          "name": "Yelachenahalli",
          "name:kn": "ಯಲಚೇನಹಳ್ಳಿ",
          "name:ta": "எலச்சேனஹல்லி",
          "place": "neighbourhood"
        }
      }
    },
    {
      "type": "Feature",
      "geometry": {
        "type": "Point",
        "coordinates": [
          77.6945617,
          13.0029155
        ]
      },
      "properties": {
        "id": 5112283538,
        "name": "Justice Bheemiah Layout",
        "type": "place",
        "subtype": "neighbourhood",
        "population": null,
        "tags": {
          "name": "Justice Bheemiah Layout",
          "name:kn": "ಜಸ್ಟೀಸ್ ಭೀಮಯ್ಯ ಲೇಔಟ್",
          "place": "neighbourhood"
        }
      }
    },
    {
      "type": "Feature",
      "geometry": {
        "type": "Point",
        "coordinates": [
          77.6015856,
          12.963555
        ]
      },
      "properties": {
        "id": 5164714917,
        "name": "Richmond Town",
        "type": "place",
        "subtype": "suburb",
        "population": null,
        "tags": {
          "name": "Richmond Town",
          "name:kn": "ಮಿರ್ಜಾ ಇಸ್ಮೈಲ್ ನಗರ",
          "name:ta": "ரிச்மாண்ட் டவுன்",
          "official_name": "Sir Mirza Ismail Nagar",
          "official_name:etymology:wikidata": "Q6874880",
          "place": "suburb",
          "wikidata": "Q30593999",
          "wikipedia": "en:Richmond Town"
        }
      }
    },
    {
      "type": "Feature",
      "geometry": {
        "type": "Point",
        "coordinates": [
          77.5623929,
          12.9479343
        ]
      },
      "properties": {
        "id": 5250142956,
        "name": "Gavipuram",
        "type": "place",
        "subtype": "neighbourhood",
        "population": null,
        "tags": {
          "name": "Gavipuram",
          "name:kn": "ಗವಿಪುರಂ",
          "name:ta": "கவிபுரம்",
          "place": "neighbourhood"
        }
      }
    },
    {
      "type": "Feature",
      "geometry": {
        "type": "Point",
        "coordinates": [
          77.4917699,
          12.9062295
        ]
      },
      "properties": {
        "id": 5277512119,
        "name": "Concept City",
        "type": "place",
        "subtype": "neighbourhood",
        "population": null,
        "tags": {
          "name": "Concept City",
          "name:kn": "ಕಾನ್ಸೆಪ್ಟ್ ಸಿಟಿ",
          "place": "neighbourhood"
        }
      }
    },
    {
      "type": "Feature",
      "geometry": {
        "type": "Point",
        "coordinates": [
          77.6610345,
          12.9627471
        ]
      },
      "properties": {
        "id": 5339097995,
        "name": "Sudhama Nagar",
        "type": "place",
        "subtype": "neighbourhood",
        "population": null,
        "tags": {
          "name": "Sudhama Nagar",
          "name:kn": "ಸುಧಾಮ ನಗರ",
          "place": "neighbourhood"
        }
      }
    },
    {
      "type": "Feature",
      "geometry": {
        "type": "Point",
        "coordinates": [
          77.6566232,
          12.9637948
        ]
      },
      "properties": {
        "id": 5339114465,
        "name": "Shivalingaiah Colony",
        "type": "place",
        "subtype": "neighbourhood",
        "population": null,
        "tags": {
          "name": "Shivalingaiah Colony",
          "name:kn": "ಶಿವಲಿಂಗಯ್ಯ ಕಾಲೊನಿ",
          "place": "neighbourhood"
        }
      }
    },
    {
      "type": "Feature",
      "geometry": {
        "type": "Point",
        "coordinates": [
          77.6631129,
          12.9609594
        ]
      },
      "properties": {
        "id": 5339118338,
        "name": "HAL Township",
        "type": "place",
        "subtype": "neighbourhood",
        "population": null,
        "tags": {
          "name": "HAL Township",
          "name:kn": "ಎಚ್ಎಎಲ್ ಟೌನ್‌ಷಿಪ್",
          "name:ml": "എച് എ എൽ ടൗൺഷിപ്പ്",
          "old_name": "HAL Sanitary Board",
          "place": "neighbourhood"
        }
      }
    },
    {
      "type": "Feature",
      "geometry": {
        "type": "Point",
        "coordinates": [
          77.6371896,
          12.9562218
        ]
      },
      "properties": {
        "id": 5469373810,
        "name": "Krishna Reddy Colony",
        "type": "place",
        "subtype": "neighbourhood",
        "population": null,
        "tags": {
          "name": "Krishna Reddy Colony",
          "name:kn": "ಕೃಷ್ಣರೆಡ್ಡಿ ಕಾಲೋನಿ",
          "place": "neighbourhood"
        }
      }
    },
    {
      "type": "Feature",
      "geometry": {
        "type": "Point",
        "coordinates": [
          77.6388125,
          12.9752555
        ]
      },
      "properties": {
        "id": 5490015858,
        "name": "Indiranagar 3rd Stage",
        "type": "place",
        "subtype": "neighbourhood",
        "population": null,
        "tags": {
          "name": "Indiranagar 3rd Stage",
          "name:kn": "ಇಂದಿರಾನಗರ ೩ನೇ ಹಂತ",
          "place": "neighbourhood"
        }
      }
    },
    {
      "type": "Feature",
      "geometry": {
        "type": "Point",
        "coordinates": [
          77.6457345,
          12.9870838
        ]
      },
      "properties": {
        "id": 5519076249,
        "name": "New Baiyyappanahalli Extension",
        "type": "place",
        "subtype": "neighbourhood",
        "population": null,
        "tags": {
          "name": "New Baiyyappanahalli Extension",
          "name:kn": "ಹೊಸ ಬಯ್ಯಪ್ಪನಹಳ್ಳಿ ಎಕ್ಸ್‌ಟೆನ್ಷನ್",
          "place": "neighbourhood"
        }
      }
    },
    {
      "type": "Feature",
      "geometry": {
        "type": "Point",
        "coordinates": [
          77.6578762,
          12.9959987
        ]
      },
      "properties": {
        "id": 5519077333,
        "name": "Sadananda Nagar",
        "type": "place",
        "subtype": "neighbourhood",
        "population": null,
        "tags": {
          "name": "Sadananda Nagar",
          "name:kn": "ಸದಾನಂದ ನಗರ",
          "old_name": "East of NGEF Layout",
          "place": "neighbourhood"
        }
      }
    },
    {
      "type": "Feature",
      "geometry": {
        "type": "Point",
        "coordinates": [
          77.6471078,
          12.9887931
        ]
      },
      "properties": {
        "id": 5519077334,
        "name": "Ramaswamy Layout",
        "type": "place",
        "subtype": "neighbourhood",
        "population": null,
        "tags": {
          "name": "Ramaswamy Layout",
          "name:kn": "ರಾಮಸ್ವಾಮಿ ಲೇಔಟ್",
          "name:ta": "ராமசுவாமி லேஅவுட்",
          "place": "neighbourhood"
        }
      }
    },
    {
      "type": "Feature",
      "geometry": {
        "type": "Point",
        "coordinates": [
          77.6134783,
          12.9364846
        ]
      },
      "properties": {
        "id": 5537275042,
        "name": "Koramangala 7th Block",
        "type": "place",
        "subtype": "neighbourhood",
        "population": null,
        "tags": {
          "name": "Koramangala 7th Block",
          "name:kn": "ಕೋರಮಂಗಲ ೭ನೇ ಬ್ಲಾಕ್",
          "place": "neighbourhood"
        }
      }
    },
    {
      "type": "Feature",
      "geometry": {
        "type": "Point",
        "coordinates": [
          77.6321873,
          13.0467537
        ]
      },
      "properties": {
        "id": 5644388848,
        "name": "Ashwath Nagar",
        "type": "place",
        "subtype": "quarter",
        "population": null,
        "tags": {
          "name": "Ashwath Nagar",
          "name:kn": "ಅಶ್ವತ್ ನಗರ",
          "name:ta": "அஷ்வத் நகர்",
          "place": "quarter"
        }
      }
    },
    {
      "type": "Feature",
      "geometry": {
        "type": "Point",
        "coordinates": [
          77.6256751,
          12.9810639
        ]
      },
      "properties": {
        "id": 5726430220,
        "name": "Jayaraj Nagar",
        "type": "place",
        "subtype": "neighbourhood",
        "population": null,
        "tags": {
          "name": "Jayaraj Nagar",
          "name:kn": "ಜಯರಾಜ್ ನಗರ",
          "name:ta": "ஜெயராஜ் நகர்",
          "place": "neighbourhood"
        }
      }
    },
    {
      "type": "Feature",
      "geometry": {
        "type": "Point",
        "coordinates": [
          77.6255794,
          12.9775809
        ]
      },
      "properties": {
        "id": 5726430821,
        "name": "Dodakattappa",
        "type": "place",
        "subtype": "neighbourhood",
        "population": null,
        "tags": {
          "name": "Dodakattappa",
          "name:kn": "ದೊಡ್ಡಕಟ್ಟಪ್ಪ",
          "place": "neighbourhood"
        }
      }
    },
    {
      "type": "Feature",
      "geometry": {
        "type": "Point",
        "coordinates": [
          77.6273767,
          12.9802093
        ]
      },
      "properties": {
        "id": 5726430822,
        "name": "Hoysala Nagar",
        "type": "place",
        "subtype": "neighbourhood",
        "population": null,
        "tags": {
          "name": "Hoysala Nagar",
          "name:kn": "ಹೊಯ್ಸಳನಗರ",
          "old_name": "Murphy Town",
          "place": "neighbourhood",
          "wikidata": "Q18750366",
          "wikipedia": "en:Murphy Town, Bangalore"
        }
      }
    },
    {
      "type": "Feature",
      "geometry": {
        "type": "Point",
        "coordinates": [
          77.6228178,
          12.9757691
        ]
      },
      "properties": {
        "id": 5726455320,
        "name": "Someshwarpura",
        "type": "place",
        "subtype": "neighbourhood",
        "population": null,
        "tags": {
          "name": "Someshwarpura",
          "name:kn": "ಸೋಮೇಶ್ವರಪುರ",
          "place": "neighbourhood"
        }
      }
    },
    {
      "type": "Feature",
      "geometry": {
        "type": "Point",
        "coordinates": [
          77.6168362,
          12.976384
        ]
      },
      "properties": {
        "id": 5726457424,
        "name": "Hanumanthappa Layout",
        "type": "place",
        "subtype": "neighbourhood",
        "population": null,
        "tags": {
          "name": "Hanumanthappa Layout",
          "name:kn": "ಹನುಮಂತಪ್ಪ ಬಡಾವಣೆ",
          "place": "neighbourhood"
        }
      }
    },
    {
      "type": "Feature",
      "geometry": {
        "type": "Point",
        "coordinates": [
          77.6182694,
          12.9775731
        ]
      },
      "properties": {
        "id": 5726457434,
        "name": "Yellappa Chetty Layout",
        "type": "place",
        "subtype": "neighbourhood",
        "population": null,
        "tags": {
          "name": "Yellappa Chetty Layout",
          "name:kn": "ಎಲ್ಲಪ್ಪಚೆಟ್ಟಿ ಲೇಔಟ್",
          "place": "neighbourhood"
        }
      }
    },
    {
      "type": "Feature",
      "geometry": {
        "type": "Point",
        "coordinates": [
          77.4160543,
          12.8954551
        ]
      },
      "properties": {
        "id": 5726478799,
        "name": "Kundalpura",
        "type": "place",
        "subtype": "hamlet",
        "population": null,
        "tags": {
          "name": "Kundalpura",
          "name:kn": "ಕುಂದಲಪುರ",
          "place": "hamlet"
        }
      }
    },
    {
      "type": "Feature",
      "geometry": {
        "type": "Point",
        "coordinates": [
          77.5338176,
          12.8886141
        ]
      },
      "properties": {
        "id": 5810244718,
        "name": "Karishma Hills",
        "type": "place",
        "subtype": "neighbourhood",
        "population": null,
        "tags": {
          "name": "Karishma Hills",
          "name:kn": "ಕರಿಶ್ಮ ಹಿಲ್ಸ್",
          "name:ta": "கரிஷ்மா ஹில்ஸ்",
          "place": "neighbourhood"
        }
      }
    },
    {
      "type": "Feature",
      "geometry": {
        "type": "Point",
        "coordinates": [
          77.7135025,
          12.9009289
        ]
      },
      "properties": {
        "id": 5993281801,
        "name": "Ambedkar Nagara",
        "type": "place",
        "subtype": "quarter",
        "population": null,
        "tags": {
          "name": "Ambedkar Nagara",
          "name:kn": "ಅಂಬೇಡ್ಕರ್ ನಗರ",
          "name:ta": "அம்பேத்கர் நகரா",
          "place": "quarter"
        }
      }
    },
    {
      "type": "Feature",
      "geometry": {
        "type": "Point",
        "coordinates": [
          77.667161,
          12.9173303
        ]
      },
      "properties": {
        "id": 6017945714,
        "name": "Ambalipura",
        "type": "place",
        "subtype": "neighbourhood",
        "population": null,
        "tags": {
          "name": "Ambalipura",
          "name:kn": "ಅಂಬಲೀಪುರ",
          "name:ta": "அம்பலிபுரா",
          "place": "neighbourhood"
        }
      }
    },
    {
      "type": "Feature",
      "geometry": {
        "type": "Point",
        "coordinates": [
          77.7541055,
          12.9798531
        ]
      },
      "properties": {
        "id": 6058180910,
        "name": "Ambedkar Nagar",
        "type": "place",
        "subtype": "neighbourhood",
        "population": null,
        "tags": {
          "name": "Ambedkar Nagar",
          "name:kn": "ಅಂಬೇಡ್ಕರ್ ನಗರ",
          "name:ta": "அம்பேத்கர் நகர்",
          "place": "neighbourhood"
        }
      }
    },
    {
      "type": "Feature",
      "geometry": {
        "type": "Point",
        "coordinates": [
          77.6983434,
          12.9965867
        ]
      },
      "properties": {
        "id": 6255561099,
        "name": "ITI Industrial Estate",
        "type": "place",
        "subtype": "neighbourhood",
        "population": null,
        "tags": {
          "name": "ITI Industrial Estate",
          "name:kn": "ಐಟಿಐ ಇಂಡಸ್ಟ್ರಿಯಲ್ ಎಸ್ಟೇಟ್",
          "place": "neighbourhood"
        }
      }
    },
    {
      "type": "Feature",
      "geometry": {
        "type": "Point",
        "coordinates": [
          77.7004141,
          12.9970362
        ]
      },
      "properties": {
        "id": 6255561100,
        "name": "Devasandra Industrial Estate",
        "type": "place",
        "subtype": "neighbourhood",
        "population": null,
        "tags": {
          "name": "Devasandra Industrial Estate",
          "name:kn": "ದೇವಸಂದ್ರ ಕೈಗಾರಿಕ ಪ್ರದೇಶ",
          "place": "neighbourhood"
        }
      }
    },
    {
      "type": "Feature",
      "geometry": {
        "type": "Point",
        "coordinates": [
          77.6232254,
          12.9869375
        ]
      },
      "properties": {
        "id": 6310532126,
        "name": "Kalahalli",
        "type": "place",
        "subtype": "neighbourhood",
        "population": null,
        "tags": {
          "name": "Kalahalli",
          "name:kn": "ಕಲಹಳ್ಳಿ",
          "place": "neighbourhood"
        }
      }
    },
    {
      "type": "Feature",
      "geometry": {
        "type": "Point",
        "coordinates": [
          77.5785077,
          13.0510252
        ]
      },
      "properties": {
        "id": 6318681378,
        "name": "Bhadrappa Layout",
        "type": "place",
        "subtype": "neighbourhood",
        "population": null,
        "tags": {
          "name": "Bhadrappa Layout",
          "name:kn": "ಭದ್ರಪ್ಪ ಬಡಾವಣೆ",
          "place": "neighbourhood"
        }
      }
    },
    {
      "type": "Feature",
      "geometry": {
        "type": "Point",
        "coordinates": [
          77.579307,
          13.0482241
        ]
      },
      "properties": {
        "id": 6318681379,
        "name": "Papanna Layout",
        "type": "place",
        "subtype": "neighbourhood",
        "population": null,
        "tags": {
          "name": "Papanna Layout",
          "name:kn": "ಪಾಪಣ್ಣ ಬಡಾವಣೆ",
          "place": "neighbourhood"
        }
      }
    },
    {
      "type": "Feature",
      "geometry": {
        "type": "Point",
        "coordinates": [
          77.532776,
          13.0670785
        ]
      },
      "properties": {
        "id": 6319011634,
        "name": "Vishweshwaraiah Enclave",
        "type": "place",
        "subtype": "neighbourhood",
        "population": null,
        "tags": {
          "name": "Vishweshwaraiah Enclave",
          "name:kn": "ವಿಶ್ವೇಶ್ವರಯ್ಯ ಎನ್‌ಕ್ಲೇವ್",
          "place": "neighbourhood"
        }
      }
    },
    {
      "type": "Feature",
      "geometry": {
        "type": "Point",
        "coordinates": [
          77.5288653,
          13.0742739
        ]
      },
      "properties": {
        "id": 6319011641,
        "name": "Abbigere",
        "type": "place",
        "subtype": "quarter",
        "population": null,
        "tags": {
          "name": "Abbigere",
          "name:kn": "ಅಬ್ಬಿಗೆರೆ",
          "place": "quarter"
        }
      }
    },
    {
      "type": "Feature",
      "geometry": {
        "type": "Point",
        "coordinates": [
          77.6382029,
          13.0148544
        ]
      },
      "properties": {
        "id": 6330202097,
        "name": "Kammanahalli",
        "type": "place",
        "subtype": "suburb",
        "population": null,
        "tags": {
          "name": "Kammanahalli",
          "name:kn": "ಕಮ್ಮನಹಳ್ಳಿ",
          "name:ml": "കമ്മനഹള്ളി",
          "name:ta": "கம்மணஹள்ளி",
          "place": "suburb"
        }
      }
    },
    {
      "type": "Feature",
      "geometry": {
        "type": "Point",
        "coordinates": [
          77.7246451,
          12.9781922
        ]
      },
      "properties": {
        "id": 6333611177,
        "name": "EPIP Zone",
        "type": "place",
        "subtype": "suburb",
        "population": null,
        "tags": {
          "alt_name": "Export Promotion Industrial Park",
          "name": "EPIP Zone",
          "name:kn": "ಇಪಿಐಪಿ ಜೋನ್",
          "place": "suburb"
        }
      }
    },
    {
      "type": "Feature",
      "geometry": {
        "type": "Point",
        "coordinates": [
          77.6923621,
          13.0239276
        ]
      },
      "properties": {
        "id": 6359847295,
        "name": "Anandapura",
        "type": "place",
        "subtype": "neighbourhood",
        "population": null,
        "tags": {
          "name": "Anandapura",
          "name:kn": "ಆನಂದಪುರ",
          "place": "neighbourhood"
        }
      }
    },
    {
      "type": "Feature",
      "geometry": {
        "type": "Point",
        "coordinates": [
          77.6198029,
          13.0341085
        ]
      },
      "properties": {
        "id": 6441441982,
        "name": "Govindapura",
        "type": "place",
        "subtype": "neighbourhood",
        "population": null,
        "tags": {
          "name": "Govindapura",
          "name:kn": "ಗೋವಿಂದಪುರ",
          "place": "neighbourhood"
        }
      }
    },
    {
      "type": "Feature",
      "geometry": {
        "type": "Point",
        "coordinates": [
          77.5340372,
          12.9544067
        ]
      },
      "properties": {
        "id": 6464656300,
        "name": "BCC Layout",
        "type": "place",
        "subtype": "locality",
        "population": null,
        "tags": {
          "name": "BCC Layout",
          "name:kn": "ಬಿಸಿಸಿ ಲೇಔಟ್",
          "place": "locality"
        }
      }
    },
    {
      "type": "Feature",
      "geometry": {
        "type": "Point",
        "coordinates": [
          77.5961351,
          12.8930758
        ]
      },
      "properties": {
        "id": 6566428930,
        "name": "Panduranga Nagar",
        "type": "place",
        "subtype": "neighbourhood",
        "population": null,
        "tags": {
          "name": "Panduranga Nagar",
          "name:kn": "ಪಾಂಡುರಂಗ ನಗರ",
          "name:ta": "பாண்டுரங்கா நகர்",
          "place": "neighbourhood"
        }
      }
    },
    {
      "type": "Feature",
      "geometry": {
        "type": "Point",
        "coordinates": [
          77.5960493,
          12.8872086
        ]
      },
      "properties": {
        "id": 6566428931,
        "name": "Arekere",
        "type": "place",
        "subtype": "quarter",
        "population": null,
        "tags": {
          "name": "Arekere",
          "name:kn": "ಅರಕೆರೆ",
          "name:ml": "അരെക്കെരെ",
          "name:ta": "அரிக்கேரே",
          "place": "quarter"
        }
      }
    },
    {
      "type": "Feature",
      "geometry": {
        "type": "Point",
        "coordinates": [
          77.5066577,
          13.0265988
        ]
      },
      "properties": {
        "id": 7065395268,
        "name": "Shivapura",
        "type": "place",
        "subtype": "neighbourhood",
        "population": null,
        "tags": {
          "name": "Shivapura",
          "name:kn": "ಶಿವಪುರ",
          "note": "Shivapura Peenya Small industries",
          "place": "neighbourhood",
          "source": "local knowledge"
        }
      }
    },
    {
      "type": "Feature",
      "geometry": {
        "type": "Point",
        "coordinates": [
          77.5057232,
          12.9623214
        ]
      },
      "properties": {
        "id": 7074451754,
        "name": "Mallathahalli",
        "type": "place",
        "subtype": "quarter",
        "population": null,
        "tags": {
          "name": "Mallathahalli",
          "name:kn": "ಮಲ್ಲತ್ತಹಳ್ಳಿ",
          "place": "quarter"
        }
      }
    },
    {
      "type": "Feature",
      "geometry": {
        "type": "Point",
        "coordinates": [
          77.5330469,
          12.9676849
        ]
      },
      "properties": {
        "id": 7079707869,
        "name": "PF Layout",
        "type": "place",
        "subtype": "neighbourhood",
        "population": null,
        "tags": {
          "name": "PF Layout",
          "name:kn": "ಪಿಎಫ್ ಲೇಔಟ್",
          "place": "neighbourhood"
        }
      }
    },
    {
      "type": "Feature",
      "geometry": {
        "type": "Point",
        "coordinates": [
          77.639375,
          13.0312889
        ]
      },
      "properties": {
        "id": 7206360658,
        "name": "Meghanapalya",
        "type": "place",
        "subtype": "neighbourhood",
        "population": null,
        "tags": {
          "name": "Meghanapalya",
          "name:kn": "ಮೇಘನಪಾಳ್ಯ",
          "place": "neighbourhood"
        }
      }
    },
    {
      "type": "Feature",
      "geometry": {
        "type": "Point",
        "coordinates": [
          77.6418078,
          13.0632795
        ]
      },
      "properties": {
        "id": 7206419741,
        "name": "K Narayanapura",
        "type": "place",
        "subtype": "quarter",
        "population": null,
        "tags": {
          "name": "K Narayanapura",
          "name:kn": "ಕೆ ನಾರಾಯಣಪುರ",
          "place": "quarter"
        }
      }
    },
    {
      "type": "Feature",
      "geometry": {
        "type": "Point",
        "coordinates": [
          77.6328707,
          13.0290024
        ]
      },
      "properties": {
        "id": 7208904019,
        "name": "Grace Town",
        "type": "place",
        "subtype": "neighbourhood",
        "population": null,
        "tags": {
          "name": "Grace Town",
          "name:kn": "ಗ್ರೇಸ್ ಟೌನ್",
          "place": "neighbourhood"
        }
      }
    },
    {
      "type": "Feature",
      "geometry": {
        "type": "Point",
        "coordinates": [
          77.5475363,
          12.9988263
        ]
      },
      "properties": {
        "id": 7219295763,
        "name": "West of Chord Road 2nd Stage",
        "type": "place",
        "subtype": "neighbourhood",
        "population": null,
        "tags": {
          "alt_name": "West of Chord Road II Stage",
          "name": "West of Chord Road 2nd Stage",
          "name:kn": "ವೆಸ್ಟ್ ಆಫ್ ಕಾರ್ಡ್ ರಸ್ತೆ ೨ನೇ ಅಂತ",
          "place": "neighbourhood"
        }
      }
    },
    {
      "type": "Feature",
      "geometry": {
        "type": "Point",
        "coordinates": [
          77.5460235,
          13.0012021
        ]
      },
      "properties": {
        "id": 7219295764,
        "name": "Mahalakshmipuram",
        "type": "place",
        "subtype": "quarter",
        "population": null,
        "tags": {
          "alt_name": "Nagapura",
          "name": "Mahalakshmipuram",
          "name:kn": "ಮಹಾಲಕ್ಷ್ಮೀಪುರಂ",
          "name:ta": "மஹாலஷ்மிபுரம்",
          "place": "quarter"
        }
      }
    },
    {
      "type": "Feature",
      "geometry": {
        "type": "Point",
        "coordinates": [
          77.4755591,
          12.8898598
        ]
      },
      "properties": {
        "id": 7232106815,
        "name": "Doddabele",
        "type": "place",
        "subtype": "village",
        "population": null,
        "tags": {
          "name": "Doddabele",
          "name:kn": "ದೊಡ್ಡಬೆಲೆ",
          "name:ta": "டொட்டபெல்லே",
          "place": "village"
        }
      }
    },
    {
      "type": "Feature",
      "geometry": {
        "type": "Point",
        "coordinates": [
          77.5446972,
          13.0113153
        ]
      },
      "properties": {
        "id": 7257126381,
        "name": "Mahalakshmi Layout",
        "type": "place",
        "subtype": "suburb",
        "population": null,
        "tags": {
          "alt_name": "Mahalakshmi Layout",
          "name": "Mahalakshmi Layout",
          "name:kn": "ಮಹಾಲಕ್ಷ್ಮೀ ಲೇಔಟ್",
          "name:ta": "மஹாலஷ்மி லேஅவுட்",
          "place": "suburb",
          "postal_code": "560086",
          "wikipedia": "en:Mahalakshmi Layout"
        }
      }
    },
    {
      "type": "Feature",
      "geometry": {
        "type": "Point",
        "coordinates": [
          77.5391325,
          12.9937572
        ]
      },
      "properties": {
        "id": 7257126382,
        "name": "Basaveshwaranagar",
        "type": "place",
        "subtype": "suburb",
        "population": null,
        "tags": {
          "alt_name": "Basaweshara Nagara",
          "name": "Basaveshwaranagar",
          "name:etymology:wikidata": "Q771686",
          "name:etymology:wikipedia": "en:Basava",
          "name:kn": "ಬಸವೇಶ್ವರ ನಗರ",
          "name:ta": "பசவேஷ்வரா நகர்",
          "place": "suburb",
          "postal_code": "560079, 560086",
          "wikipedia": "en:Basaveshwaranagar"
        }
      }
    },
    {
      "type": "Feature",
      "geometry": {
        "type": "Point",
        "coordinates": [
          77.5480532,
          12.9939514
        ]
      },
      "properties": {
        "id": 7257126383,
        "name": "Manjunath Nagar",
        "type": "place",
        "subtype": "neighbourhood",
        "population": null,
        "tags": {
          "alt_name": "Manjunath Nagara",
          "name": "Manjunath Nagar",
          "name:kn": "ಮಂಜುನಾಥ ನಗರ",
          "place": "neighbourhood"
        }
      }
    },
    {
      "type": "Feature",
      "geometry": {
        "type": "Point",
        "coordinates": [
          77.6366043,
          13.0679511
        ]
      },
      "properties": {
        "id": 7274156791,
        "name": "Shirdi Sai Nagara",
        "type": "place",
        "subtype": "neighbourhood",
        "population": null,
        "tags": {
          "name": "Shirdi Sai Nagara",
          "name:kn": "ಶಿರಡಿ ಸಾಯಿ ನಗರ",
          "place": "neighbourhood"
        }
      }
    },
    {
      "type": "Feature",
      "geometry": {
        "type": "Point",
        "coordinates": [
          77.5426626,
          12.9499366
        ]
      },
      "properties": {
        "id": 7276562007,
        "name": "NTY Layout",
        "type": "place",
        "subtype": "neighbourhood",
        "population": null,
        "tags": {
          "name": "NTY Layout",
          "name:kn": "ಎನ್‌ಟಿವೈ ಲೇಔಟ್",
          "place": "neighbourhood"
        }
      }
    },
    {
      "type": "Feature",
      "geometry": {
        "type": "Point",
        "coordinates": [
          77.4869639,
          12.9236489
        ]
      },
      "properties": {
        "id": 7289130016,
        "name": "Kengeri Satelite Town",
        "type": "place",
        "subtype": "neighbourhood",
        "population": null,
        "tags": {
          "name": "Kengeri Satelite Town",
          "name:kn": "ಕೆಂಗೇರಿ ಸ್ಯಾಟಿಲೈಟ್ ಟೌನ್",
          "place": "neighbourhood"
        }
      }
    },
    {
      "type": "Feature",
      "geometry": {
        "type": "Point",
        "coordinates": [
          77.4779463,
          12.9437937
        ]
      },
      "properties": {
        "id": 7289170281,
        "name": "Sir MV Layout",
        "type": "place",
        "subtype": "suburb",
        "population": null,
        "tags": {
          "alt_name": "Vishweshwariah Layout",
          "full_name": "Sir M Vishweshwaraiah Layout",
          "name": "Sir MV Layout",
          "place": "suburb",
          "short_name": "SMVL"
        }
      }
    },
    {
      "type": "Feature",
      "geometry": {
        "type": "Point",
        "coordinates": [
          77.48146,
          12.9381629
        ]
      },
      "properties": {
        "id": 7289176012,
        "name": "Maruthi Nagara",
        "type": "place",
        "subtype": "neighbourhood",
        "population": null,
        "tags": {
          "name": "Maruthi Nagara",
          "name:kn": "ಮಾರುತಿ ನಗರ",
          "place": "neighbourhood"
        }
      }
    },
    {
      "type": "Feature",
      "geometry": {
        "type": "Point",
        "coordinates": [
          77.4801187,
          12.9433048
        ]
      },
      "properties": {
        "id": 7289176013,
        "name": "Sonnenahalli",
        "type": "place",
        "subtype": "quarter",
        "population": null,
        "tags": {
          "name": "Sonnenahalli",
          "name:kn": "ಸೊನ್ನೆನಹಳ್ಳಿ",
          "place": "quarter"
        }
      }
    },
    {
      "type": "Feature",
      "geometry": {
        "type": "Point",
        "coordinates": [
          77.4907297,
          12.9432604
        ]
      },
      "properties": {
        "id": 7289176014,
        "name": "Bhuvaneshwari Nagara 2nd Stage",
        "type": "place",
        "subtype": "neighbourhood",
        "population": null,
        "tags": {
          "name": "Bhuvaneshwari Nagara 2nd Stage",
          "name:kn": "ಬಸವೇಶ್ವರ ನಗರ ೨ನೇ ಅಂತ",
          "place": "neighbourhood"
        }
      }
    },
    {
      "type": "Feature",
      "geometry": {
        "type": "Point",
        "coordinates": [
          77.4876344,
          12.9439871
        ]
      },
      "properties": {
        "id": 7289176015,
        "name": "Bhuvaneshwari Nagara 1st Stage",
        "type": "place",
        "subtype": "neighbourhood",
        "population": null,
        "tags": {
          "name": "Bhuvaneshwari Nagara 1st Stage",
          "name:kn": "ಬಸವೇಶ್ವರ ನಗರ ೧ನೇ ಅಂತ",
          "place": "neighbourhood"
        }
      }
    },
    {
      "type": "Feature",
      "geometry": {
        "type": "Point",
        "coordinates": [
          77.5086468,
          12.9631421
        ]
      },
      "properties": {
        "id": 7289176019,
        "name": "Vinayaka Layout",
        "type": "place",
        "subtype": "neighbourhood",
        "population": null,
        "tags": {
          "name": "Vinayaka Layout",
          "name:kn": "ವಿನಾಯಕ ಲೇಔಟ್",
          "place": "neighbourhood"
        }
      }
    },
    {
      "type": "Feature",
      "geometry": {
        "type": "Point",
        "coordinates": [
          77.5496417,
          13.0078062
        ]
      },
      "properties": {
        "id": 7291611547,
        "name": "Rajajinagara 1st R Block",
        "type": "place",
        "subtype": "neighbourhood",
        "population": null,
        "tags": {
          "name": "Rajajinagara 1st R Block",
          "name:kn": "ರಾಜಾಜಿನಗರ",
          "place": "neighbourhood"
        }
      }
    },
    {
      "type": "Feature",
      "geometry": {
        "type": "Point",
        "coordinates": [
          77.6109188,
          12.9510168
        ]
      },
      "properties": {
        "id": 7293708126,
        "name": "Anepalya",
        "type": "place",
        "subtype": "neighbourhood",
        "population": null,
        "tags": {
          "name": "Anepalya",
          "name:kn": "ಆನೆಪಾಳ್ಯ",
          "place": "neighbourhood"
        }
      }
    },
    {
      "type": "Feature",
      "geometry": {
        "type": "Point",
        "coordinates": [
          77.6158386,
          12.9713834
        ]
      },
      "properties": {
        "id": 7293721308,
        "name": "Craig Park Layout",
        "type": "place",
        "subtype": "neighbourhood",
        "population": null,
        "tags": {
          "name": "Craig Park Layout",
          "name:kn": "ಕ್ರೇಗ್ ಪಾರ್ಕ್ ಲೇಔಟ್",
          "place": "neighbourhood"
        }
      }
    },
    {
      "type": "Feature",
      "geometry": {
        "type": "Point",
        "coordinates": [
          77.680378,
          12.8921555
        ]
      },
      "properties": {
        "id": 7298320806,
        "name": "Choodasandra",
        "type": "place",
        "subtype": "suburb",
        "population": null,
        "tags": {
          "name": "Choodasandra",
          "name:kn": "ಚೂಡಸಂದ್ರ",
          "name:ta": "சூடசந்த்ரா",
          "place": "suburb"
        }
      }
    },
    {
      "type": "Feature",
      "geometry": {
        "type": "Point",
        "coordinates": [
          77.6011884,
          13.0701876
        ]
      },
      "properties": {
        "id": 7299773880,
        "name": "Jakkur Layout",
        "type": "place",
        "subtype": "neighbourhood",
        "population": null,
        "tags": {
          "name": "Jakkur Layout",
          "name:kn": "ಜಕ್ಕೂರು ಬಡಾವಣೆ",
          "place": "neighbourhood"
        }
      }
    },
    {
      "type": "Feature",
      "geometry": {
        "type": "Point",
        "coordinates": [
          77.6007646,
          13.0662319
        ]
      },
      "properties": {
        "id": 7299778023,
        "name": "Amrutahalli",
        "type": "place",
        "subtype": "quarter",
        "population": null,
        "tags": {
          "name": "Amrutahalli",
          "name:kn": "ಅಮೃತಹಳ್ಳಿ",
          "place": "quarter"
        }
      }
    },
    {
      "type": "Feature",
      "geometry": {
        "type": "Point",
        "coordinates": [
          77.6232576,
          13.0588586
        ]
      },
      "properties": {
        "id": 7299778032,
        "name": "Rachenahalli",
        "type": "place",
        "subtype": "neighbourhood",
        "population": null,
        "tags": {
          "name": "Rachenahalli",
          "name:kn": "ರಾಚೇನಹಳ್ಳಿ",
          "place": "neighbourhood"
        }
      }
    },
    {
      "type": "Feature",
      "geometry": {
        "type": "Point",
        "coordinates": [
          77.6024303,
          13.0564103
        ]
      },
      "properties": {
        "id": 7299778050,
        "name": "Buvaneswari Nagara",
        "type": "place",
        "subtype": "neighbourhood",
        "population": null,
        "tags": {
          "name": "Buvaneswari Nagara",
          "name:kn": "ಭುವನೇಶ್ವರಿ ನಗರ",
          "place": "neighbourhood"
        }
      }
    },
    {
      "type": "Feature",
      "geometry": {
        "type": "Point",
        "coordinates": [
          77.5981092,
          13.0569904
        ]
      },
      "properties": {
        "id": 7299778051,
        "name": "Amruthnagar",
        "type": "place",
        "subtype": "neighbourhood",
        "population": null,
        "tags": {
          "name": "Amruthnagar",
          "name:kn": "ಅಮೃತನಗರ",
          "place": "neighbourhood"
        }
      }
    },
    {
      "type": "Feature",
      "geometry": {
        "type": "Point",
        "coordinates": [
          77.6038277,
          13.0533141
        ]
      },
      "properties": {
        "id": 7299778069,
        "name": "Kempapura",
        "type": "place",
        "subtype": "quarter",
        "population": null,
        "tags": {
          "name": "Kempapura",
          "name:kn": "ಹೆಬ್ಬಾಳ ಕೆಂಪಾಪುರ",
          "name:ta": "கெம்பாபுரா",
          "place": "quarter"
        }
      }
    },
    {
      "type": "Feature",
      "geometry": {
        "type": "Point",
        "coordinates": [
          77.5862887,
          12.9853876
        ]
      },
      "properties": {
        "id": 7301358178,
        "name": "Fair Field Layout",
        "type": "place",
        "subtype": "neighbourhood",
        "population": null,
        "tags": {
          "name": "Fair Field Layout",
          "name:kn": "ಫೇರ್ ಫೀಲ್ಡ್ ಲೇಔಟ್",
          "place": "neighbourhood"
        }
      }
    },
    {
      "type": "Feature",
      "geometry": {
        "type": "Point",
        "coordinates": [
          77.5955558,
          12.9040098
        ]
      },
      "properties": {
        "id": 7304848948,
        "name": "Dollars Colony",
        "type": "place",
        "subtype": "neighbourhood",
        "population": null,
        "tags": {
          "alt_name": "Dollars Layout",
          "name": "Dollars Colony",
          "name:kn": "ಡಾಲರ್ಸ್ ಕಾಲೋನಿ",
          "name:ta": "டாலர்ஸ் காலனி",
          "place": "neighbourhood"
        }
      }
    },
    {
      "type": "Feature",
      "geometry": {
        "type": "Point",
        "coordinates": [
          77.6091599,
          13.0285268
        ]
      },
      "properties": {
        "id": 7304873402,
        "name": "LR Bande",
        "type": "place",
        "subtype": "neighbourhood",
        "population": null,
        "tags": {
          "name": "LR Bande",
          "name:kn": "ಎಲ್ಆರ್ ಬಂಡೆ",
          "place": "neighbourhood"
        }
      }
    },
    {
      "type": "Feature",
      "geometry": {
        "type": "Point",
        "coordinates": [
          77.5946063,
          13.0083576
        ]
      },
      "properties": {
        "id": 7304873403,
        "name": "JC Nagar",
        "type": "place",
        "subtype": "quarter",
        "population": null,
        "tags": {
          "name": "JC Nagar",
          "name:kn": "ಜೆಸಿ ನಗರ",
          "place": "quarter"
        }
      }
    },
    {
      "type": "Feature",
      "geometry": {
        "type": "Point",
        "coordinates": [
          77.6054799,
          13.0129937
        ]
      },
      "properties": {
        "id": 7304873404,
        "name": "Deverajivanahalli",
        "type": "place",
        "subtype": "quarter",
        "population": null,
        "tags": {
          "full_name": "Devarajivanahalli",
          "name": "Deverajivanahalli",
          "name:kn": "ದೇವರಜೀವನಹಳ್ಳಿ",
          "place": "quarter"
        }
      }
    },
    {
      "type": "Feature",
      "geometry": {
        "type": "Point",
        "coordinates": [
          77.6092887,
          13.0200235
        ]
      },
      "properties": {
        "id": 7304873405,
        "name": "Kaval Byrasandra",
        "type": "place",
        "subtype": "suburb",
        "population": null,
        "tags": {
          "name": "Kaval Byrasandra",
          "name:kn": "ಕವಲ್ ಬೈರಸಂದ್ರ",
          "place": "suburb"
        }
      }
    },
    {
      "type": "Feature",
      "geometry": {
        "type": "Point",
        "coordinates": [
          77.6178262,
          13.0124266
        ]
      },
      "properties": {
        "id": 7304873406,
        "name": "Postal and Telecom Colony",
        "type": "place",
        "subtype": "neighbourhood",
        "population": null,
        "tags": {
          "name": "Postal and Telecom Colony",
          "name:kn": "ಪೊಸ್ಟಲ್ ಮತ್ತು ಟೆಲಿಕಾಂ ಕಾಲೋನಿ",
          "place": "neighbourhood"
        }
      }
    },
    {
      "type": "Feature",
      "geometry": {
        "type": "Point",
        "coordinates": [
          77.6151144,
          13.0187848
        ]
      },
      "properties": {
        "id": 7304873407,
        "name": "Kushal Nagar",
        "type": "place",
        "subtype": "neighbourhood",
        "population": null,
        "tags": {
          "name": "Kushal Nagar",
          "name:kn": "ಕುಶಾಲನಗರ",
          "name:ta": "குஷால் நகர்",
          "place": "neighbourhood"
        }
      }
    },
    {
      "type": "Feature",
      "geometry": {
        "type": "Point",
        "coordinates": [
          77.6215464,
          13.0207029
        ]
      },
      "properties": {
        "id": 7304873408,
        "name": "Kadugondanahalli",
        "type": "place",
        "subtype": "quarter",
        "population": null,
        "tags": {
          "name": "Kadugondanahalli",
          "name:kn": "ಕಾಡುಗೊಂಡನಹಳ್ಳಿ",
          "place": "quarter"
        }
      }
    },
    {
      "type": "Feature",
      "geometry": {
        "type": "Point",
        "coordinates": [
          77.5944561,
          13.0346991
        ]
      },
      "properties": {
        "id": 7304953087,
        "name": "Anand Nagar",
        "type": "place",
        "subtype": "neighbourhood",
        "population": null,
        "tags": {
          "name": "Anand Nagar",
          "name:kn": "ಆನಂದನಗರ",
          "place": "neighbourhood"
        }
      }
    },
    {
      "type": "Feature",
      "geometry": {
        "type": "Point",
        "coordinates": [
          77.5038993,
          13.0611892
        ]
      },
      "properties": {
        "id": 7339673040,
        "name": "MEI Layout",
        "type": "place",
        "subtype": "neighbourhood",
        "population": null,
        "tags": {
          "name": "MEI Layout",
          "name:kn": "ಎಂಇಐ ಲೇಔಟ್",
          "place": "neighbourhood"
        }
      }
    },
    {
      "type": "Feature",
      "geometry": {
        "type": "Point",
        "coordinates": [
          77.506941,
          13.0562928
        ]
      },
      "properties": {
        "id": 7339673041,
        "name": "Bagalagunte",
        "type": "place",
        "subtype": "quarter",
        "population": null,
        "tags": {
          "name": "Bagalagunte",
          "name:kn": "ಬಾಗಲಗುಂಟೆ",
          "name:ml": "ബാഗലഗുണ്ടെ",
          "place": "quarter"
        }
      }
    },
    {
      "type": "Feature",
      "geometry": {
        "type": "Point",
        "coordinates": [
          77.4767393,
          13.0688447
        ]
      },
      "properties": {
        "id": 7339704103,
        "name": "Kudhurgere Colony",
        "type": "place",
        "subtype": "village",
        "population": null,
        "tags": {
          "name": "Kudhurgere Colony",
          "place": "village"
        }
      }
    },
    {
      "type": "Feature",
      "geometry": {
        "type": "Point",
        "coordinates": [
          77.4847269,
          13.0898554
        ]
      },
      "properties": {
        "id": 7339711384,
        "name": "Achyutha Nagara",
        "type": "place",
        "subtype": "neighbourhood",
        "population": null,
        "tags": {
          "name": "Achyutha Nagara",
          "name:kn": "ಅಚ್ಯುತನಗರ",
          "place": "neighbourhood"
        }
      }
    },
    {
      "type": "Feature",
      "geometry": {
        "type": "Point",
        "coordinates": [
          77.5625271,
          12.9694492
        ]
      },
      "properties": {
        "id": 7391586672,
        "name": "Nagamma Nagar",
        "type": "place",
        "subtype": "neighbourhood",
        "population": null,
        "tags": {
          "name": "Nagamma Nagar",
          "name:kn": "ನಾಗಮ್ಮ ನಗರ",
          "name:ta": "நாகம்மா நகர்",
          "place": "neighbourhood"
        }
      }
    },
    {
      "type": "Feature",
      "geometry": {
        "type": "Point",
        "coordinates": [
          77.5427484,
          12.9602094
        ]
      },
      "properties": {
        "id": 7391586673,
        "name": "Shamana Nagar",
        "type": "place",
        "subtype": "neighbourhood",
        "population": null,
        "tags": {
          "name": "Shamana Nagar",
          "name:kn": "ಶಾಮನ ನಗರ",
          "place": "neighbourhood"
        }
      }
    },
    {
      "type": "Feature",
      "geometry": {
        "type": "Point",
        "coordinates": [
          77.545613,
          12.9689605
        ]
      },
      "properties": {
        "id": 7391586674,
        "name": "RPC Layout",
        "type": "place",
        "subtype": "neighbourhood",
        "population": null,
        "tags": {
          "alt_name": "Railway Pipeline Chord Layout",
          "name": "RPC Layout",
          "name:kn": "ಆರ್‌ಪಿಸಿ ಲೇಔಟ್",
          "official_name": "Railway Parallel Colony Layout",
          "place": "neighbourhood"
        }
      }
    },
    {
      "type": "Feature",
      "geometry": {
        "type": "Point",
        "coordinates": [
          77.5497115,
          12.9708424
        ]
      },
      "properties": {
        "id": 7391586675,
        "name": "Cholourpalya",
        "type": "place",
        "subtype": "neighbourhood",
        "population": null,
        "tags": {
          "name": "Cholourpalya",
          "name:kn": "ಚೊಳೌರು ಪಾಳ್ಯ",
          "place": "neighbourhood"
        }
      }
    },
    {
      "type": "Feature",
      "geometry": {
        "type": "Point",
        "coordinates": [
          77.5464445,
          12.9578934
        ]
      },
      "properties": {
        "id": 7391586676,
        "name": "Guddadahalli",
        "type": "place",
        "subtype": "quarter",
        "population": null,
        "tags": {
          "name": "Guddadahalli",
          "name:kn": "ಗುಡ್ಡದಹಳ್ಳಿ",
          "place": "quarter"
        }
      }
    },
    {
      "type": "Feature",
      "geometry": {
        "type": "Point",
        "coordinates": [
          77.5553763,
          12.9706228
        ]
      },
      "properties": {
        "id": 7391606105,
        "name": "Kempapura Agrahara",
        "type": "place",
        "subtype": "suburb",
        "population": null,
        "tags": {
          "name": "Kempapura Agrahara",
          "name:kn": "ಕೆಂಪಾಪುರ ಅಗ್ರಹಾರ",
          "name:ml": "കെമ്പപുര അഗ്രഹാര",
          "name:ta": "கெம்பாபுரா அக்ரஹாரா",
          "place": "suburb"
        }
      }
    },
    {
      "type": "Feature",
      "geometry": {
        "type": "Point",
        "coordinates": [
          77.5581551,
          12.9641406
        ]
      },
      "properties": {
        "id": 7391606106,
        "name": "K H Ranganath Colony",
        "type": "place",
        "subtype": "neighbourhood",
        "population": null,
        "tags": {
          "name": "K H Ranganath Colony",
          "name:kn": "ಕೆ ಎಚ್ ರಂಗನಾಥ ಕಾಲೋನಿ",
          "place": "neighbourhood"
        }
      }
    },
    {
      "type": "Feature",
      "geometry": {
        "type": "Point",
        "coordinates": [
          77.5558644,
          12.9653639
        ]
      },
      "properties": {
        "id": 7391606107,
        "name": "Jagajeevanram Nagara",
        "type": "place",
        "subtype": "quarter",
        "population": null,
        "tags": {
          "name": "Jagajeevanram Nagara",
          "name:kn": "ಜಗಜೀವನರಾಮ ನಗರ",
          "place": "quarter"
        }
      }
    },
    {
      "type": "Feature",
      "geometry": {
        "type": "Point",
        "coordinates": [
          77.5452778,
          12.9962979
        ]
      },
      "properties": {
        "id": 7413376559,
        "name": "Indiranagar",
        "type": "place",
        "subtype": "neighbourhood",
        "population": null,
        "tags": {
          "name": "Indiranagar",
          "name:kn": "ಇಂದಿರನಾಗರ",
          "place": "neighbourhood"
        }
      }
    },
    {
      "type": "Feature",
      "geometry": {
        "type": "Point",
        "coordinates": [
          77.527197,
          13.0161192
        ]
      },
      "properties": {
        "id": 7447968437,
        "name": "Lakshmi Devi Nagar",
        "type": "place",
        "subtype": "neighbourhood",
        "population": null,
        "tags": {
          "name": "Lakshmi Devi Nagar",
          "name:kn": "ಲಕ್ಷ್ಮೀದೇವಿ ನಗರ",
          "place": "neighbourhood"
        }
      }
    },
    {
      "type": "Feature",
      "geometry": {
        "type": "Point",
        "coordinates": [
          77.6079476,
          13.001385
        ]
      },
      "properties": {
        "id": 7448029534,
        "name": "Pottery Town",
        "type": "place",
        "subtype": "neighbourhood",
        "population": null,
        "tags": {
          "name": "Pottery Town",
          "name:kn": "ಪಾಟರಿ ಟೌನ್",
          "place": "neighbourhood"
        }
      }
    },
    {
      "type": "Feature",
      "geometry": {
        "type": "Point",
        "coordinates": [
          77.6046672,
          13.004908
        ]
      },
      "properties": {
        "id": 7448029535,
        "name": "ITI Layout",
        "type": "place",
        "subtype": "neighbourhood",
        "population": null,
        "tags": {
          "name": "ITI Layout",
          "name:kn": "ಐಟಿಐ ಲೇಔಟ್",
          "place": "neighbourhood"
        }
      }
    },
    {
      "type": "Feature",
      "geometry": {
        "type": "Point",
        "coordinates": [
          77.6037312,
          12.957998
        ]
      },
      "properties": {
        "id": 7448713682,
        "name": "Langford Town",
        "type": "place",
        "subtype": "neighbourhood",
        "population": null,
        "tags": {
          "name": "Langford Town",
          "name:kn": "ಲ್ಯಾಂಗ್‌ಫಾರ್ಡ್ ಟೌನ್",
          "place": "neighbourhood"
        }
      }
    },
    {
      "type": "Feature",
      "geometry": {
        "type": "Point",
        "coordinates": [
          77.6124269,
          12.8966996
        ]
      },
      "properties": {
        "id": 7617355938,
        "name": "Kodichikkanahalli",
        "type": "place",
        "subtype": "neighbourhood",
        "population": null,
        "tags": {
          "name": "Kodichikkanahalli",
          "name:kn": "ಕೊಡಿಚಿಕ್ಕನಹಳ್ಳಿ",
          "place": "neighbourhood"
        }
      }
    },
    {
      "type": "Feature",
      "geometry": {
        "type": "Point",
        "coordinates": [
          77.5773021,
          12.9851431
        ]
      },
      "properties": {
        "id": 7658290106,
        "name": "Madhav Nagar",
        "type": "place",
        "subtype": "neighbourhood",
        "population": null,
        "tags": {
          "name": "Madhav Nagar",
          "name:kn": "ಮಾಧವ ನಗರ",
          "place": "neighbourhood"
        }
      }
    },
    {
      "type": "Feature",
      "geometry": {
        "type": "Point",
        "coordinates": [
          77.6309556,
          13.0215678
        ]
      },
      "properties": {
        "id": 7658290169,
        "name": "Kacharakanahalli",
        "type": "place",
        "subtype": "neighbourhood",
        "population": null,
        "tags": {
          "name": "Kacharakanahalli",
          "name:kn": "ಕಚರಕನಹಳ್ಳಿ",
          "place": "neighbourhood"
        }
      }
    },
    {
      "type": "Feature",
      "geometry": {
        "type": "Point",
        "coordinates": [
          77.5280677,
          12.9965592
        ]
      },
      "properties": {
        "id": 7658427995,
        "name": "Kamalanagara",
        "type": "place",
        "subtype": "quarter",
        "population": null,
        "tags": {
          "name": "Kamalanagara",
          "name:kn": "ಕಮಲನಗರ",
          "place": "quarter"
        }
      }
    },
    {
      "type": "Feature",
      "geometry": {
        "type": "Point",
        "coordinates": [
          77.5519539,
          13.0009723
        ]
      },
      "properties": {
        "id": 7890840023,
        "name": "Ketamaranahalli",
        "type": "place",
        "subtype": "neighbourhood",
        "population": null,
        "tags": {
          "name": "Ketamaranahalli",
          "name:kn": "ಕೆತಮಾರನಹಳ್ಳಿ",
          "place": "neighbourhood"
        }
      }
    },
    {
      "type": "Feature",
      "geometry": {
        "type": "Point",
        "coordinates": [
          77.5571278,
          12.9874184
        ]
      },
      "properties": {
        "id": 7944583325,
        "name": "Rajajinagar 4th Block",
        "type": "place",
        "subtype": "neighbourhood",
        "population": null,
        "tags": {
          "name": "Rajajinagar 4th Block",
          "name:kn": "ರಾಜಾಜಿನಗರ ೪ನೇ ಬ್ಲಾಕ್",
          "place": "neighbourhood"
        }
      }
    },
    {
      "type": "Feature",
      "geometry": {
        "type": "Point",
        "coordinates": [
          77.5532988,
          12.9946609
        ]
      },
      "properties": {
        "id": 7944583327,
        "name": "Rajajinagar 2nd Block",
        "type": "place",
        "subtype": "neighbourhood",
        "population": null,
        "tags": {
          "name": "Rajajinagar 2nd Block",
          "name:kn": "ರಾಜಾಜಿನಗರ ೨ನೇ ಬ್ಲಾಕ್",
          "place": "neighbourhood"
        }
      }
    },
    {
      "type": "Feature",
      "geometry": {
        "type": "Point",
        "coordinates": [
          77.5388039,
          13.0040406
        ]
      },
      "properties": {
        "id": 7944634960,
        "name": "JC Nagar",
        "type": "place",
        "subtype": "neighbourhood",
        "population": null,
        "tags": {
          "name": "JC Nagar",
          "name:kn": "ಜೆಸಿ ನಗರ",
          "place": "neighbourhood"
        }
      }
    },
    {
      "type": "Feature",
      "geometry": {
        "type": "Point",
        "coordinates": [
          77.5422438,
          12.9904292
        ]
      },
      "properties": {
        "id": 7944634961,
        "name": "Saneguruvanahalli",
        "type": "place",
        "subtype": "neighbourhood",
        "population": null,
        "tags": {
          "name": "Saneguruvanahalli",
          "name:kn": "ಸಾಣೆಗುರುವನಹಳ್ಳಿ",
          "place": "neighbourhood"
        }
      }
    },
    {
      "type": "Feature",
      "geometry": {
        "type": "Point",
        "coordinates": [
          77.5467906,
          12.9879221
        ]
      },
      "properties": {
        "id": 7944634962,
        "name": "Shivanahalli",
        "type": "place",
        "subtype": "neighbourhood",
        "population": null,
        "tags": {
          "alt_name": "Shivanagara",
          "name": "Shivanahalli",
          "name:kn": "ಶಿವನಹಳ್ಳಿ",
          "place": "neighbourhood"
        }
      }
    },
    {
      "type": "Feature",
      "geometry": {
        "type": "Point",
        "coordinates": [
          77.5881475,
          12.957551
        ]
      },
      "properties": {
        "id": 7984684415,
        "name": "Sudhama Nagara",
        "type": "place",
        "subtype": "neighbourhood",
        "population": null,
        "tags": {
          "name": "Sudhama Nagara",
          "name:kn": "ಸುಧಮ ನಗರ",
          "place": "neighbourhood"
        }
      }
    },
    {
      "type": "Feature",
      "geometry": {
        "type": "Point",
        "coordinates": [
          77.5264728,
          13.0007892
        ]
      },
      "properties": {
        "id": 8240244513,
        "name": "Kempegowda Layout",
        "type": "place",
        "subtype": "neighbourhood",
        "population": null,
        "tags": {
          "name": "Kempegowda Layout",
          "place": "neighbourhood"
        }
      }
    },
    {
      "type": "Feature",
      "geometry": {
        "type": "Point",
        "coordinates": [
          77.4966896,
          12.9295126
        ]
      },
      "properties": {
        "id": 8240257841,
        "name": "Dubasi Palya",
        "type": "place",
        "subtype": "neighbourhood",
        "population": null,
        "tags": {
          "name": "Dubasi Palya",
          "place": "neighbourhood"
        }
      }
    },
    {
      "type": "Feature",
      "geometry": {
        "type": "Point",
        "coordinates": [
          77.750802,
          13.0060448
        ]
      },
      "properties": {
        "id": 8277305012,
        "name": "Trifecta Esplanade",
        "type": "place",
        "subtype": "locality",
        "population": null,
        "tags": {
          "name": "Trifecta Esplanade",
          "place": "locality"
        }
      }
    },
    {
      "type": "Feature",
      "geometry": {
        "type": "Point",
        "coordinates": [
          77.6174533,
          12.893634
        ]
      },
      "properties": {
        "id": 8282914502,
        "name": "Jahnavi Enclave",
        "type": "place",
        "subtype": "locality",
        "population": null,
        "tags": {
          "name": "Jahnavi Enclave",
          "place": "locality"
        }
      }
    },
    {
      "type": "Feature",
      "geometry": {
        "type": "Point",
        "coordinates": [
          77.5811309,
          13.0574738
        ]
      },
      "properties": {
        "id": 8302741281,
        "name": "Maruthi Nagara",
        "type": "place",
        "subtype": "neighbourhood",
        "population": null,
        "tags": {
          "name": "Maruthi Nagara",
          "name:kn": "ಮಾರುತಿ ನಗರ",
          "place": "neighbourhood"
        }
      }
    },
    {
      "type": "Feature",
      "geometry": {
        "type": "Point",
        "coordinates": [
          77.5838453,
          13.0702555
        ]
      },
      "properties": {
        "id": 8302741288,
        "name": "Rajiv Gandhi Nagar",
        "type": "place",
        "subtype": "neighbourhood",
        "population": null,
        "tags": {
          "fixme": "correct name?",
          "name": "Rajiv Gandhi Nagar",
          "name:kn": "ರಾಜೀವ್ ಗಾಂಧಿ ನಗರ",
          "place": "neighbourhood"
        }
      }
    },
    {
      "type": "Feature",
      "geometry": {
        "type": "Point",
        "coordinates": [
          77.6238263,
          12.91064
        ]
      },
      "properties": {
        "id": 8320252560,
        "name": "Roopena Agrahara",
        "type": "place",
        "subtype": "neighbourhood",
        "population": null,
        "tags": {
          "name": "Roopena Agrahara",
          "name:kn": "ರೂಪೇನ ಅಗ್ರಹಾರ",
          "place": "neighbourhood"
        }
      }
    },
    {
      "type": "Feature",
      "geometry": {
        "type": "Point",
        "coordinates": [
          77.5783554,
          13.068572
        ]
      },
      "properties": {
        "id": 8377203851,
        "name": "Canara Bank Layout",
        "type": "place",
        "subtype": "neighbourhood",
        "population": null,
        "tags": {
          "name": "Canara Bank Layout",
          "place": "neighbourhood"
        }
      }
    },
    {
      "type": "Feature",
      "geometry": {
        "type": "Point",
        "coordinates": [
          77.5559972,
          12.9927527
        ]
      },
      "properties": {
        "id": 8442191514,
        "name": "Jooganahalli",
        "type": "place",
        "subtype": "neighbourhood",
        "population": null,
        "tags": {
          "name": "Jooganahalli",
          "name:kn": "ಜೂಗನಹಳ್ಳಿ",
          "place": "neighbourhood"
        }
      }
    },
    {
      "type": "Feature",
      "geometry": {
        "type": "Point",
        "coordinates": [
          77.6373339,
          13.0017718
        ]
      },
      "properties": {
        "id": 8526697566,
        "name": "Nagayana Palya",
        "type": "place",
        "subtype": "neighbourhood",
        "population": null,
        "tags": {
          "name": "Nagayana Palya",
          "name:kn": "ನಾಗಾಯನ ಪಾಳ್ಯ",
          "place": "neighbourhood"
        }
      }
    },
    {
      "type": "Feature",
      "geometry": {
        "type": "Point",
        "coordinates": [
          77.639603,
          12.9996366
        ]
      },
      "properties": {
        "id": 8526697567,
        "name": "Sathyanagara",
        "type": "place",
        "subtype": "neighbourhood",
        "population": null,
        "tags": {
          "name": "Sathyanagara",
          "name:en": "Sathya Nagar",
          "name:kn": "ಸತ್ಯನಗರ",
          "place": "neighbourhood"
        }
      }
    },
    {
      "type": "Feature",
      "geometry": {
        "type": "Point",
        "coordinates": [
          77.5255006,
          12.9202077
        ]
      },
      "properties": {
        "id": 8699676979,
        "name": "Gattigere Extension",
        "type": "place",
        "subtype": "neighbourhood",
        "population": null,
        "tags": {
          "name": "Gattigere Extension",
          "name:kn": "ಗಟ್ಟಿಗೆರೆ ಬಡಾವಣೆ",
          "place": "neighbourhood"
        }
      }
    },
    {
      "type": "Feature",
      "geometry": {
        "type": "Point",
        "coordinates": [
          77.5281673,
          12.9186123
        ]
      },
      "properties": {
        "id": 8699676980,
        "name": "Giridhama Layout",
        "type": "place",
        "subtype": "neighbourhood",
        "population": null,
        "tags": {
          "name": "Giridhama Layout",
          "place": "neighbourhood"
        }
      }
    },
    {
      "type": "Feature",
      "geometry": {
        "type": "Point",
        "coordinates": [
          77.5249278,
          12.9266771
        ]
      },
      "properties": {
        "id": 8699676981,
        "name": "Aditya Layout",
        "type": "place",
        "subtype": "neighbourhood",
        "population": null,
        "tags": {
          "name": "Aditya Layout",
          "place": "neighbourhood"
        }
      }
    },
    {
      "type": "Feature",
      "geometry": {
        "type": "Point",
        "coordinates": [
          77.5232906,
          12.9292632
        ]
      },
      "properties": {
        "id": 8699676982,
        "name": "Marappa Layout",
        "type": "place",
        "subtype": "neighbourhood",
        "population": null,
        "tags": {
          "name": "Marappa Layout",
          "place": "neighbourhood"
        }
      }
    },
    {
      "type": "Feature",
      "geometry": {
        "type": "Point",
        "coordinates": [
          77.5233292,
          12.9309948
        ]
      },
      "properties": {
        "id": 8699676983,
        "name": "Javaranadoddi",
        "type": "place",
        "subtype": "neighbourhood",
        "population": null,
        "tags": {
          "name": "Javaranadoddi",
          "name:kn": "ಜವರನದೊಡ್ಡಿ",
          "place": "neighbourhood"
        }
      }
    },
    {
      "type": "Feature",
      "geometry": {
        "type": "Point",
        "coordinates": [
          77.5182504,
          12.9273325
        ]
      },
      "properties": {
        "id": 8699676984,
        "name": "Ideal Homes Layout",
        "type": "place",
        "subtype": "neighbourhood",
        "population": null,
        "tags": {
          "name": "Ideal Homes Layout",
          "place": "neighbourhood"
        }
      }
    },
    {
      "type": "Feature",
      "geometry": {
        "type": "Point",
        "coordinates": [
          77.5202202,
          12.9196528
        ]
      },
      "properties": {
        "id": 8699676985,
        "name": "BEML Layout 3rd Stage",
        "type": "place",
        "subtype": "neighbourhood",
        "population": null,
        "tags": {
          "name": "BEML Layout 3rd Stage",
          "place": "neighbourhood"
        }
      }
    },
    {
      "type": "Feature",
      "geometry": {
        "type": "Point",
        "coordinates": [
          77.5209058,
          12.9083587
        ]
      },
      "properties": {
        "id": 8699676986,
        "name": "BEML Layout 5th Stage",
        "type": "place",
        "subtype": "neighbourhood",
        "population": null,
        "tags": {
          "name": "BEML Layout 5th Stage",
          "place": "neighbourhood"
        }
      }
    },
    {
      "type": "Feature",
      "geometry": {
        "type": "Point",
        "coordinates": [
          77.506908,
          12.9132852
        ]
      },
      "properties": {
        "id": 8699676987,
        "name": "Krishna Garden Layout",
        "type": "place",
        "subtype": "neighbourhood",
        "population": null,
        "tags": {
          "name": "Krishna Garden Layout",
          "name:ta": "கிருஷ்ணா கார்டன் லேஅவுட்",
          "place": "neighbourhood"
        }
      }
    },
    {
      "type": "Feature",
      "geometry": {
        "type": "Point",
        "coordinates": [
          77.5093729,
          12.9071376
        ]
      },
      "properties": {
        "id": 8699676988,
        "name": "Concorde Layout",
        "type": "place",
        "subtype": "neighbourhood",
        "population": null,
        "tags": {
          "name": "Concorde Layout",
          "place": "neighbourhood"
        }
      }
    },
    {
      "type": "Feature",
      "geometry": {
        "type": "Point",
        "coordinates": [
          77.5092496,
          12.9184375
        ]
      },
      "properties": {
        "id": 8700678298,
        "name": "BHEL Layout",
        "type": "place",
        "subtype": "neighbourhood",
        "population": null,
        "tags": {
          "name": "BHEL Layout",
          "place": "neighbourhood"
        }
      }
    },
    {
      "type": "Feature",
      "geometry": {
        "type": "Point",
        "coordinates": [
          77.4982509,
          12.9143909
        ]
      },
      "properties": {
        "id": 8700678299,
        "name": "BEML Layout 7th Phase",
        "type": "place",
        "subtype": "neighbourhood",
        "population": null,
        "tags": {
          "name": "BEML Layout 7th Phase",
          "place": "neighbourhood"
        }
      }
    },
    {
      "type": "Feature",
      "geometry": {
        "type": "Point",
        "coordinates": [
          77.4871294,
          12.9004224
        ]
      },
      "properties": {
        "id": 8700678300,
        "name": "Kodipalya",
        "type": "place",
        "subtype": "neighbourhood",
        "population": null,
        "tags": {
          "name": "Kodipalya",
          "name:kn": "ಕೋಡಿಪಾಳ್ಯ",
          "place": "neighbourhood"
        }
      }
    },
    {
      "type": "Feature",
      "geometry": {
        "type": "Point",
        "coordinates": [
          77.5142194,
          12.9216416
        ]
      },
      "properties": {
        "id": 8711415095,
        "name": "Halagevaderahalli",
        "type": "place",
        "subtype": "neighbourhood",
        "population": null,
        "tags": {
          "name": "Halagevaderahalli",
          "place": "neighbourhood"
        }
      }
    },
    {
      "type": "Feature",
      "geometry": {
        "type": "Point",
        "coordinates": [
          77.5066931,
          12.9053658
        ]
      },
      "properties": {
        "id": 8711415097,
        "name": "Reflex Layout",
        "type": "place",
        "subtype": "neighbourhood",
        "population": null,
        "tags": {
          "name": "Reflex Layout",
          "place": "neighbourhood"
        }
      }
    },
    {
      "type": "Feature",
      "geometry": {
        "type": "Point",
        "coordinates": [
          77.5096707,
          12.901464
        ]
      },
      "properties": {
        "id": 8711415098,
        "name": "Banashankari 6th Stage, 11th Block",
        "type": "place",
        "subtype": "neighbourhood",
        "population": null,
        "tags": {
          "name": "Banashankari 6th Stage, 11th Block",
          "place": "neighbourhood"
        }
      }
    },
    {
      "type": "Feature",
      "geometry": {
        "type": "Point",
        "coordinates": [
          77.6060861,
          12.9653743
        ]
      },
      "properties": {
        "id": 8989627050,
        "name": "Arab Lines",
        "type": "place",
        "subtype": "neighbourhood",
        "population": null,
        "tags": {
          "fixme": "Is this name only used historically?",
          "name": "Arab Lines",
          "name:ml": "അറബ് ലൈൻസ്",
          "place": "neighbourhood"
        }
      }
    },
    {
      "type": "Feature",
      "geometry": {
        "type": "Point",
        "coordinates": [
          77.5342619,
          12.9844493
        ]
      },
      "properties": {
        "id": 9161008292,
        "name": "KHB Colony",
        "type": "place",
        "subtype": "neighbourhood",
        "population": null,
        "tags": {
          "name": "KHB Colony",
          "name:kn": "ಕೆ ಎಚ್ ಬಿ ಕಾಲೋನಿ",
          "place": "neighbourhood"
        }
      }
    },
    {
      "type": "Feature",
      "geometry": {
        "type": "Point",
        "coordinates": [
          77.598018,
          12.9631709
        ]
      },
      "properties": {
        "id": 9482743546,
        "name": "Langford Gardens",
        "type": "place",
        "subtype": "neighbourhood",
        "population": null,
        "tags": {
          "name": "Langford Gardens",
          "place": "neighbourhood"
        }
      }
    },
    {
      "type": "Feature",
      "geometry": {
        "type": "Point",
        "coordinates": [
          77.5954485,
          12.9598852
        ]
      },
      "properties": {
        "id": 9532859000,
        "name": "Akkithimmanahalli",
        "type": "place",
        "subtype": "neighbourhood",
        "population": null,
        "tags": {
          "name": "Akkithimmanahalli",
          "name:kn": "ಅಕ್ಕಿತಿಮ್ಮನಹಳ್ಳಿ",
          "place": "neighbourhood"
        }
      }
    },
    {
      "type": "Feature",
      "geometry": {
        "type": "Point",
        "coordinates": [
          77.6165816,
          12.9946318
        ]
      },
      "properties": {
        "id": 9666477529,
        "name": "Sindhi Colony",
        "type": "place",
        "subtype": "neighbourhood",
        "population": null,
        "tags": {
          "name": "Sindhi Colony",
          "name:kn": "ಸಿಂಧಿ ಕಾಲೋನಿ",
          "place": "neighbourhood"
        }
      }
    },
    {
      "type": "Feature",
      "geometry": {
        "type": "Point",
        "coordinates": [
          77.6116055,
          12.9940417
        ]
      },
      "properties": {
        "id": 9666477589,
        "name": "Cleveland Town",
        "type": "place",
        "subtype": "quarter",
        "population": null,
        "tags": {
          "name": "Cleveland Town",
          "office": "Bharathi Nagar",
          "place": "quarter"
        }
      }
    },
    {
      "type": "Feature",
      "geometry": {
        "type": "Point",
        "coordinates": [
          77.5151646,
          12.9561107
        ]
      },
      "properties": {
        "id": 9688306946,
        "name": "Teacher's Colony",
        "type": "place",
        "subtype": "neighbourhood",
        "population": null,
        "tags": {
          "name": "Teacher's Colony",
          "place": "neighbourhood"
        }
      }
    },
    {
      "type": "Feature",
      "geometry": {
        "type": "Point",
        "coordinates": [
          77.5098485,
          12.9570936
        ]
      },
      "properties": {
        "id": 9690178283,
        "name": "Nrupatunga Nagar",
        "type": "place",
        "subtype": "neighbourhood",
        "population": null,
        "tags": {
          "name": "Nrupatunga Nagar",
          "name:kn": "ನೃಪತುಂಗ ನಗರ",
          "place": "neighbourhood"
        }
      }
    },
    {
      "type": "Feature",
      "geometry": {
        "type": "Point",
        "coordinates": [
          77.5945915,
          12.9907651
        ]
      },
      "properties": {
        "id": 9779286668,
        "name": "Kaverappa Layout",
        "type": "place",
        "subtype": "neighbourhood",
        "population": null,
        "tags": {
          "alt_name": "Kaveriappa Layout",
          "name": "Kaverappa Layout",
          "name:kn": "ಕಾವೇರಪ್ಪ ಲೇಔಟ್",
          "place": "neighbourhood"
        }
      }
    },
    {
      "type": "Feature",
      "geometry": {
        "type": "Point",
        "coordinates": [
          77.5462675,
          13.0023468
        ]
      },
      "properties": {
        "id": 9780918392,
        "name": "Nagapura",
        "type": "place",
        "subtype": "neighbourhood",
        "population": null,
        "tags": {
          "name": "Nagapura",
          "name:kn": "ನಾಗಪುರ",
          "name:ta": "நாகபுரா",
          "place": "neighbourhood"
        }
      }
    },
    {
      "type": "Feature",
      "geometry": {
        "type": "Point",
        "coordinates": [
          77.617338,
          12.9408685
        ]
      },
      "properties": {
        "id": 9790284732,
        "name": "Koramangala 8th Block",
        "type": "place",
        "subtype": "neighbourhood",
        "population": null,
        "tags": {
          "name": "Koramangala 8th Block",
          "place": "neighbourhood"
        }
      }
    },
    {
      "type": "Feature",
      "geometry": {
        "type": "Point",
        "coordinates": [
          77.6189768,
          12.9348429
        ]
      },
      "properties": {
        "id": 9790284747,
        "name": "Koramangala 5th Block",
        "type": "place",
        "subtype": "neighbourhood",
        "population": null,
        "tags": {
          "name": "Koramangala 5th Block",
          "place": "neighbourhood"
        }
      }
    },
    {
      "type": "Feature",
      "geometry": {
        "type": "Point",
        "coordinates": [
          77.6238477,
          12.9390255
        ]
      },
      "properties": {
        "id": 9790284766,
        "name": "Koramangala 6th Block",
        "type": "place",
        "subtype": "neighbourhood",
        "population": null,
        "tags": {
          "is_in": "Koramangala",
          "name": "Koramangala 6th Block",
          "place": "neighbourhood"
        }
      }
    },
    {
      "type": "Feature",
      "geometry": {
        "type": "Point",
        "coordinates": [
          77.6294052,
          12.9327778
        ]
      },
      "properties": {
        "id": 9790284767,
        "name": "Koramangala 4th Block",
        "type": "place",
        "subtype": "neighbourhood",
        "population": null,
        "tags": {
          "is_in": "Koramangala",
          "name": "Koramangala 4th Block",
          "place": "neighbourhood"
        }
      }
    },
    {
      "type": "Feature",
      "geometry": {
        "type": "Point",
        "coordinates": [
          77.6254034,
          12.9282918
        ]
      },
      "properties": {
        "id": 9790284768,
        "name": "Koramangala 3rd Block",
        "type": "place",
        "subtype": "neighbourhood",
        "population": null,
        "tags": {
          "is_in": "Koramangala",
          "name": "Koramangala 3rd Block",
          "name:kn": "ಕೋರಮಂಗಲ ೩ನೇ ಬ್ಲಾಕ್",
          "place": "neighbourhood"
        }
      }
    },
    {
      "type": "Feature",
      "geometry": {
        "type": "Point",
        "coordinates": [
          77.6327822,
          12.9277245
        ]
      },
      "properties": {
        "id": 9790284784,
        "name": "Koramangala 1st Block",
        "type": "place",
        "subtype": "neighbourhood",
        "population": null,
        "tags": {
          "is_in": "Koramangala",
          "name": "Koramangala 1st Block",
          "name:kn": "ಕೋರಮಂಗಲ ೧ನೇ ಬ್ಲಾಕ್",
          "place": "neighbourhood"
        }
      }
    },
    {
      "type": "Feature",
      "geometry": {
        "type": "Point",
        "coordinates": [
          77.6183251,
          12.9569446
        ]
      },
      "properties": {
        "id": 9804317172,
        "name": "Rudrappa Garden",
        "type": "place",
        "subtype": "neighbourhood",
        "population": null,
        "tags": {
          "name": "Rudrappa Garden",
          "place": "neighbourhood"
        }
      }
    },
    {
      "type": "Feature",
      "geometry": {
        "type": "Point",
        "coordinates": [
          77.6136258,
          12.9634244
        ]
      },
      "properties": {
        "id": 9804317186,
        "name": "Anglo-Indian Quarters",
        "type": "place",
        "subtype": "neighbourhood",
        "population": null,
        "tags": {
          "name": "Anglo-Indian Quarters",
          "place": "neighbourhood"
        }
      }
    },
    {
      "type": "Feature",
      "geometry": {
        "type": "Point",
        "coordinates": [
          77.6295796,
          12.9822565
        ]
      },
      "properties": {
        "id": 9811371625,
        "name": "Corporation Colony",
        "type": "place",
        "subtype": "neighbourhood",
        "population": null,
        "tags": {
          "fixme": "Name of residential area",
          "name": "Corporation Colony",
          "name:kn": "ಕಾರ್ಪೊರೇಷನ್ ಕಾಲೋನಿ",
          "place": "neighbourhood"
        }
      }
    },
    {
      "type": "Feature",
      "geometry": {
        "type": "Point",
        "coordinates": [
          77.6325354,
          12.9259181
        ]
      },
      "properties": {
        "id": 9828605791,
        "name": "SBI Colony",
        "type": "place",
        "subtype": "neighbourhood",
        "population": null,
        "tags": {
          "name": "SBI Colony",
          "place": "neighbourhood"
        }
      }
    },
    {
      "type": "Feature",
      "geometry": {
        "type": "Point",
        "coordinates": [
          77.7043284,
          12.933134
        ]
      },
      "properties": {
        "id": 9836494348,
        "name": "JCR Layout",
        "type": "place",
        "subtype": "neighbourhood",
        "population": null,
        "tags": {
          "name": "JCR Layout",
          "place": "neighbourhood"
        }
      }
    },
    {
      "type": "Feature",
      "geometry": {
        "type": "Point",
        "coordinates": [
          77.6067556,
          12.9991567
        ]
      },
      "properties": {
        "id": 9851002442,
        "name": "Williams Town",
        "type": "place",
        "subtype": "neighbourhood",
        "population": null,
        "tags": {
          "name": "Williams Town",
          "place": "neighbourhood"
        }
      }
    },
    {
      "type": "Feature",
      "geometry": {
        "type": "Point",
        "coordinates": [
          77.6085699,
          12.8979703
        ]
      },
      "properties": {
        "id": 9851225174,
        "name": "Bilekahalli",
        "type": "place",
        "subtype": "quarter",
        "population": null,
        "tags": {
          "name": "Bilekahalli",
          "name:kn": "ಬಿಳೇಕಹಳ್ಳಿ",
          "name:ml": "ബിലേകഹള്ളി",
          "name:ta": "பைலேக்கஹல்லி",
          "place": "quarter"
        }
      }
    },
    {
      "type": "Feature",
      "geometry": {
        "type": "Point",
        "coordinates": [
          77.6077625,
          12.8929425
        ]
      },
      "properties": {
        "id": 9851225180,
        "name": "Vijaya Bank Layout",
        "type": "place",
        "subtype": "neighbourhood",
        "population": null,
        "tags": {
          "name": "Vijaya Bank Layout",
          "place": "neighbourhood"
        }
      }
    },
    {
      "type": "Feature",
      "geometry": {
        "type": "Point",
        "coordinates": [
          77.591967,
          13.0666526
        ]
      },
      "properties": {
        "id": 9851292486,
        "name": "Byatarayanapura",
        "type": "place",
        "subtype": "neighbourhood",
        "population": null,
        "tags": {
          "name": "Byatarayanapura",
          "name:kn": "ಬ್ಯಾಟರಾಯನಪುರ",
          "place": "neighbourhood"
        }
      }
    },
    {
      "type": "Feature",
      "geometry": {
        "type": "Point",
        "coordinates": [
          77.7244484,
          12.9546256
        ]
      },
      "properties": {
        "id": 9876035840,
        "name": "Meenakshi Layout",
        "type": "place",
        "subtype": "neighbourhood",
        "population": null,
        "tags": {
          "name": "Meenakshi Layout",
          "name:kn": "ಮೀನಾಕ್ಷಿ ಬಡಾವಣೆ",
          "place": "neighbourhood"
        }
      }
    },
    {
      "type": "Feature",
      "geometry": {
        "type": "Point",
        "coordinates": [
          77.592769,
          12.9610275
        ]
      },
      "properties": {
        "id": 9922810978,
        "name": "Raja Ram Mohan Roy Extension",
        "type": "place",
        "subtype": "neighbourhood",
        "population": null,
        "tags": {
          "name": "Raja Ram Mohan Roy Extension",
          "place": "neighbourhood"
        }
      }
    },
    {
      "type": "Feature",
      "geometry": {
        "type": "Point",
        "coordinates": [
          77.5980019,
          13.0834599
        ]
      },
      "properties": {
        "id": 9940037948,
        "name": "Jakkur Plantation",
        "type": "place",
        "subtype": "neighbourhood",
        "population": null,
        "tags": {
          "name": "Jakkur Plantation",
          "place": "neighbourhood"
        }
      }
    },
    {
      "type": "Feature",
      "geometry": {
        "type": "Point",
        "coordinates": [
          77.6247704,
          13.0717866
        ]
      },
      "properties": {
        "id": 9954832133,
        "name": "Dr. Shivaram Karanth Nagar",
        "type": "place",
        "subtype": "quarter",
        "population": null,
        "tags": {
          "is_in": "Arkavathy Layout",
          "name": "Dr. Shivaram Karanth Nagar",
          "place": "quarter"
        }
      }
    },
    {
      "type": "Feature",
      "geometry": {
        "type": "Point",
        "coordinates": [
          77.5027084,
          13.03553
        ]
      },
      "properties": {
        "id": 9967147418,
        "name": "HMT Layout",
        "type": "place",
        "subtype": "neighbourhood",
        "population": null,
        "tags": {
          "name": "HMT Layout",
          "name:kn": "ಎಚ್ಎಂಟಿ ಲೇಔಟ್",
          "place": "neighbourhood"
        }
      }
    },
    {
      "type": "Feature",
      "geometry": {
        "type": "Point",
        "coordinates": [
          77.4960405,
          13.0368052
        ]
      },
      "properties": {
        "id": 9967192673,
        "name": "Sapthagiri Layout",
        "type": "place",
        "subtype": "neighbourhood",
        "population": null,
        "tags": {
          "name": "Sapthagiri Layout",
          "name:kn": "ಸಪ್ತಗಿರಿ ಬಡಾವಣೆ",
          "place": "neighbourhood"
        }
      }
    },
    {
      "type": "Feature",
      "geometry": {
        "type": "Point",
        "coordinates": [
          77.5026011,
          13.0426689
        ]
      },
      "properties": {
        "id": 9967192674,
        "name": "Rukmini Nagara",
        "type": "place",
        "subtype": "neighbourhood",
        "population": null,
        "tags": {
          "name": "Rukmini Nagara",
          "name:kn": "ರುಕ್ಮಿನಿ ನಗರ",
          "place": "neighbourhood"
        }
      }
    },
    {
      "type": "Feature",
      "geometry": {
        "type": "Point",
        "coordinates": [
          77.633611,
          12.9677163
        ]
      },
      "properties": {
        "id": 9993208661,
        "name": "ISRO Colony",
        "type": "place",
        "subtype": "neighbourhood",
        "population": null,
        "tags": {
          "name": "ISRO Colony",
          "name:kn": "ಇಸ್ರೊ ಕಲೋನಿ",
          "place": "neighbourhood"
        }
      }
    },
    {
      "type": "Feature",
      "geometry": {
        "type": "Point",
        "coordinates": [
          77.614511,
          12.9669792
        ]
      },
      "properties": {
        "id": 10012687825,
        "name": "Corporation Quarters",
        "type": "place",
        "subtype": "neighbourhood",
        "population": null,
        "tags": {
          "name": "Corporation Quarters",
          "place": "neighbourhood"
        }
      }
    },
    {
      "type": "Feature",
      "geometry": {
        "type": "Point",
        "coordinates": [
          77.6023659,
          12.9568426
        ]
      },
      "properties": {
        "id": 10032117234,
        "name": "Bethel Layout",
        "type": "place",
        "subtype": "neighbourhood",
        "population": null,
        "tags": {
          "name": "Bethel Layout",
          "place": "neighbourhood"
        }
      }
    },
    {
      "type": "Feature",
      "geometry": {
        "type": "Point",
        "coordinates": [
          77.5583026,
          13.0093324
        ]
      },
      "properties": {
        "id": 10032974928,
        "name": "Milk Colony",
        "type": "place",
        "subtype": "neighbourhood",
        "population": null,
        "tags": {
          "alt_name": "Krishnarajawodeyar Mill Colony",
          "name": "Milk Colony",
          "old_name": "Raja Mill Colony",
          "place": "neighbourhood",
          "wikidata": "Q6857982",
          "wikipedia": "en:Milk Colony"
        }
      }
    },
    {
      "type": "Feature",
      "geometry": {
        "type": "Point",
        "coordinates": [
          77.7000666,
          12.9589386
        ]
      },
      "properties": {
        "id": 10111827014,
        "name": "Ramanjaneya Layout",
        "type": "place",
        "subtype": "locality",
        "population": null,
        "tags": {
          "name": "Ramanjaneya Layout",
          "place": "locality"
        }
      }
    },
    {
      "type": "Feature",
      "geometry": {
        "type": "Point",
        "coordinates": [
          77.5812569,
          13.0402806
        ]
      },
      "properties": {
        "id": 10172010095,
        "name": "Central Excise Layout",
        "type": "place",
        "subtype": "neighbourhood",
        "population": null,
        "tags": {
          "name": "Central Excise Layout",
          "name:kn": "ಕೇಂದ್ರ ಅಬಕಾರಿ ಬಡಾವಣೆ",
          "place": "neighbourhood"
        }
      }
    },
    {
      "type": "Feature",
      "geometry": {
        "type": "Point",
        "coordinates": [
          77.6033449,
          13.0388225
        ]
      },
      "properties": {
        "id": 10172024625,
        "name": "Vishwanath Nagenahalli",
        "type": "place",
        "subtype": "quarter",
        "population": null,
        "tags": {
          "name": "Vishwanath Nagenahalli",
          "name:kn": "ವಿಶ್ವನಾಥ ನಾಗೇನಹಳ್ಳಿ",
          "place": "quarter"
        }
      }
    },
    {
      "type": "Feature",
      "geometry": {
        "type": "Point",
        "coordinates": [
          77.576901,
          13.0298726
        ]
      },
      "properties": {
        "id": 10212418966,
        "name": "Geddalahalli",
        "type": "place",
        "subtype": "neighbourhood",
        "population": null,
        "tags": {
          "name": "Geddalahalli",
          "name:kn": "ಗೆದ್ದಲಹಳ್ಳಿ",
          "place": "neighbourhood"
        }
      }
    },
    {
      "type": "Feature",
      "geometry": {
        "type": "Point",
        "coordinates": [
          77.6490068,
          12.8810223
        ]
      },
      "properties": {
        "id": 10220948577,
        "name": "Singasandra",
        "type": "place",
        "subtype": "quarter",
        "population": null,
        "tags": {
          "name": "Singasandra",
          "name:kn": "ಸಿಂಗಸಂದ್ರ",
          "name:ta": "சிங்கசந்த்ரா",
          "place": "quarter"
        }
      }
    },
    {
      "type": "Feature",
      "geometry": {
        "type": "Point",
        "coordinates": [
          77.6409441,
          12.9014999
        ]
      },
      "properties": {
        "id": 10220948578,
        "name": "ITI Layout",
        "type": "place",
        "subtype": "neighbourhood",
        "population": null,
        "tags": {
          "name": "ITI Layout",
          "name:ta": "ஐடிஐ லேஅவுட்",
          "place": "neighbourhood"
        }
      }
    },
    {
      "type": "Feature",
      "geometry": {
        "type": "Point",
        "coordinates": [
          77.6654434,
          12.9044856
        ]
      },
      "properties": {
        "id": 10220948588,
        "name": "Haralur",
        "type": "place",
        "subtype": "suburb",
        "population": null,
        "tags": {
          "name": "Haralur",
          "name:kn": "ಹರಳೂರು",
          "name:ta": "ஹரலூர்",
          "place": "suburb"
        }
      }
    },
    {
      "type": "Feature",
      "geometry": {
        "type": "Point",
        "coordinates": [
          77.6250869,
          12.8974892
        ]
      },
      "properties": {
        "id": 10220948589,
        "name": "Hongasandra",
        "type": "place",
        "subtype": "quarter",
        "population": null,
        "tags": {
          "name": "Hongasandra",
          "name:ta": "ஹொங்கசந்த்ரா",
          "place": "quarter"
        }
      }
    },
    {
      "type": "Feature",
      "geometry": {
        "type": "Point",
        "coordinates": [
          77.5154846,
          12.8849238
        ]
      },
      "properties": {
        "id": 10233407655,
        "name": "Banashankari 6th Stage",
        "type": "place",
        "subtype": "suburb",
        "population": null,
        "tags": {
          "name": "Banashankari 6th Stage",
          "name:ta": "பனசங்கரி கட்டம் 6",
          "place": "suburb"
        }
      }
    },
    {
      "type": "Feature",
      "geometry": {
        "type": "Point",
        "coordinates": [
          77.5377864,
          12.8963963
        ]
      },
      "properties": {
        "id": 10233431430,
        "name": "Subramanyapura",
        "type": "place",
        "subtype": "quarter",
        "population": null,
        "tags": {
          "name": "Subramanyapura",
          "name:kn": "ಸುಬ್ರಮಣ್ಯಪುರ",
          "name:ta": "சுப்ரமண்யபுரா",
          "place": "quarter"
        }
      }
    },
    {
      "type": "Feature",
      "geometry": {
        "type": "Point",
        "coordinates": [
          77.6434654,
          13.0341921
        ]
      },
      "properties": {
        "id": 10235940568,
        "name": "Arkavathy Layout 20th Block",
        "type": "place",
        "subtype": "neighbourhood",
        "population": null,
        "tags": {
          "is_in": "Arkavathy Layout",
          "name": "Arkavathy Layout 20th Block",
          "place": "neighbourhood"
        }
      }
    },
    {
      "type": "Feature",
      "geometry": {
        "type": "Point",
        "coordinates": [
          77.6463836,
          13.0326974
        ]
      },
      "properties": {
        "id": 10235940569,
        "name": "Arkavathy Layout 19th Block",
        "type": "place",
        "subtype": "neighbourhood",
        "population": null,
        "tags": {
          "is_in": "Arkavathy Layout",
          "name": "Arkavathy Layout 19th Block",
          "place": "neighbourhood"
        }
      }
    },
    {
      "type": "Feature",
      "geometry": {
        "type": "Point",
        "coordinates": [
          77.6192558,
          13.0742321
        ]
      },
      "properties": {
        "id": 10235940570,
        "name": "Venkateshapura",
        "type": "place",
        "subtype": "neighbourhood",
        "population": null,
        "tags": {
          "name": "Venkateshapura",
          "name:kn": "ವೆಂಕಟೇಶಪುರ",
          "place": "neighbourhood"
        }
      }
    },
    {
      "type": "Feature",
      "geometry": {
        "type": "Point",
        "coordinates": [
          77.6498008,
          13.0412474
        ]
      },
      "properties": {
        "id": 10235940572,
        "name": "Byrathikhane",
        "type": "place",
        "subtype": "neighbourhood",
        "population": null,
        "tags": {
          "name": "Byrathikhane",
          "name:kn": "ಬೈರತಿಖಾನೆ",
          "place": "neighbourhood"
        }
      }
    },
    {
      "type": "Feature",
      "geometry": {
        "type": "Point",
        "coordinates": [
          77.6173527,
          13.0104535
        ]
      },
      "properties": {
        "id": 10237447835,
        "name": "Pillana Garden",
        "type": "place",
        "subtype": "neighbourhood",
        "population": null,
        "tags": {
          "name": "Pillana Garden",
          "place": "neighbourhood"
        }
      }
    },
    {
      "type": "Feature",
      "geometry": {
        "type": "Point",
        "coordinates": [
          77.6184726,
          13.0079918
        ]
      },
      "properties": {
        "id": 10237447836,
        "name": "New Bagalur Layout",
        "type": "place",
        "subtype": "neighbourhood",
        "population": null,
        "tags": {
          "name": "New Bagalur Layout",
          "place": "neighbourhood"
        }
      }
    },
    {
      "type": "Feature",
      "geometry": {
        "type": "Point",
        "coordinates": [
          77.6048094,
          13.0666447
        ]
      },
      "properties": {
        "id": 10237496426,
        "name": "Arkavathy Layout 9th Block",
        "type": "place",
        "subtype": "locality",
        "population": null,
        "tags": {
          "is_in": "Arkavathy Layout",
          "name": "Arkavathy Layout 9th Block",
          "place": "locality"
        }
      }
    },
    {
      "type": "Feature",
      "geometry": {
        "type": "Point",
        "coordinates": [
          77.6366998,
          13.0461279
        ]
      },
      "properties": {
        "id": 10237496428,
        "name": "Arkavathy Layout 16th Block",
        "type": "place",
        "subtype": "neighbourhood",
        "population": null,
        "tags": {
          "is_in": "Arkavathy Layout",
          "name": "Arkavathy Layout 16th Block",
          "place": "neighbourhood"
        }
      }
    },
    {
      "type": "Feature",
      "geometry": {
        "type": "Point",
        "coordinates": [
          77.6390076,
          13.0441008
        ]
      },
      "properties": {
        "id": 10237496429,
        "name": "Arkavathy Layout 20th Block",
        "type": "place",
        "subtype": "neighbourhood",
        "population": null,
        "tags": {
          "is_in": "Arkavathy Layout",
          "name": "Arkavathy Layout 20th Block",
          "place": "neighbourhood"
        }
      }
    },
    {
      "type": "Feature",
      "geometry": {
        "type": "Point",
        "coordinates": [
          77.6481432,
          13.0436932
        ]
      },
      "properties": {
        "id": 10237496430,
        "name": "Arkavathy Layout 18th Block",
        "type": "place",
        "subtype": "neighbourhood",
        "population": null,
        "tags": {
          "is_in": "Arkavathy Layout",
          "name": "Arkavathy Layout 18th Block",
          "name:kn": "ಅರ್ಕಾವತಿ ಬಡಾವಣೆ ೩ನೇ ಹಂತ",
          "place": "neighbourhood"
        }
      }
    },
    {
      "type": "Feature",
      "geometry": {
        "type": "Point",
        "coordinates": [
          77.6179147,
          13.0626002
        ]
      },
      "properties": {
        "id": 10237496437,
        "name": "Arkavathy Layout 11th Block",
        "type": "place",
        "subtype": "locality",
        "population": null,
        "tags": {
          "is_in": "Arkavathy Layout",
          "name": "Arkavathy Layout 11th Block",
          "name:kn": "ಅರ್ಕಾವತಿ ಬಡಾವಣೆ ೩ನೇ ಹಂತ",
          "place": "locality"
        }
      }
    },
    {
      "type": "Feature",
      "geometry": {
        "type": "Point",
        "coordinates": [
          77.6186013,
          13.0697382
        ]
      },
      "properties": {
        "id": 10237496438,
        "name": "Arkavathy Layout 8th Block",
        "type": "place",
        "subtype": "locality",
        "population": null,
        "tags": {
          "is_in": "Arkavathy Layout",
          "name": "Arkavathy Layout 8th Block",
          "name:kn": "ಅರ್ಕಾವತಿ ಬಡಾವಣೆ ೩ನೇ ಹಂತ",
          "place": "locality"
        }
      }
    },
    {
      "type": "Feature",
      "geometry": {
        "type": "Point",
        "coordinates": [
          77.6237619,
          13.0739708
        ]
      },
      "properties": {
        "id": 10237496439,
        "name": "Arkavathy Layout 4th Block",
        "type": "place",
        "subtype": "neighbourhood",
        "population": null,
        "tags": {
          "is_in": "Arkavathy Layout",
          "name": "Arkavathy Layout 4th Block",
          "name:kn": "ಅರ್ಕಾವತಿ ಬಡಾವಣೆ ೩ನೇ ಹಂತ",
          "place": "neighbourhood"
        }
      }
    },
    {
      "type": "Feature",
      "geometry": {
        "type": "Point",
        "coordinates": [
          77.5961405,
          13.0483338
        ]
      },
      "properties": {
        "id": 10237496446,
        "name": "Arkavathy Layout 22nd Block",
        "type": "place",
        "subtype": "locality",
        "population": null,
        "tags": {
          "is_in": "Arkavathy Layout",
          "name": "Arkavathy Layout 22nd Block",
          "place": "locality"
        }
      }
    },
    {
      "type": "Feature",
      "geometry": {
        "type": "Point",
        "coordinates": [
          77.609455,
          13.071541
        ]
      },
      "properties": {
        "id": 10237496488,
        "name": "Arkavathy Layout 8th Block",
        "type": "place",
        "subtype": "neighbourhood",
        "population": null,
        "tags": {
          "is_in": "Arkavathy Layout",
          "name": "Arkavathy Layout 8th Block",
          "place": "neighbourhood"
        }
      }
    },
    {
      "type": "Feature",
      "geometry": {
        "type": "Point",
        "coordinates": [
          77.512241,
          12.9083759
        ]
      },
      "properties": {
        "id": 10245038176,
        "name": "Srinivasapura",
        "type": "place",
        "subtype": "neighbourhood",
        "population": null,
        "tags": {
          "name": "Srinivasapura",
          "name:kn": "ಶ್ರೀನಿವಾಸಪುರ",
          "name:ta": "ஸ்ரீநிவாசபுரா",
          "place": "neighbourhood"
        }
      }
    },
    {
      "type": "Feature",
      "geometry": {
        "type": "Point",
        "coordinates": [
          77.519837,
          12.9029431
        ]
      },
      "properties": {
        "id": 10245038177,
        "name": "Channasandra",
        "type": "place",
        "subtype": "neighbourhood",
        "population": null,
        "tags": {
          "name": "Channasandra",
          "name:kn": "ಚನ್ನಸಂದ್ರ",
          "name:ta": "சன்னசந்த்ரா",
          "place": "neighbourhood"
        }
      }
    },
    {
      "type": "Feature",
      "geometry": {
        "type": "Point",
        "coordinates": [
          77.4471116,
          12.9043601
        ]
      },
      "properties": {
        "id": 10246363084,
        "name": "Hunasemaradapalya",
        "type": "place",
        "subtype": "neighbourhood",
        "population": null,
        "tags": {
          "name": "Hunasemaradapalya",
          "place": "neighbourhood"
        }
      }
    },
    {
      "type": "Feature",
      "geometry": {
        "type": "Point",
        "coordinates": [
          77.577928,
          12.9910265
        ]
      },
      "properties": {
        "id": 10253179995,
        "name": "Kumara Park West",
        "type": "place",
        "subtype": "neighbourhood",
        "population": null,
        "tags": {
          "name": "Kumara Park West",
          "place": "neighbourhood"
        }
      }
    },
    {
      "type": "Feature",
      "geometry": {
        "type": "Point",
        "coordinates": [
          77.5796279,
          12.9886274
        ]
      },
      "properties": {
        "id": 10253179996,
        "name": "Kumara Park East",
        "type": "place",
        "subtype": "neighbourhood",
        "population": null,
        "tags": {
          "name": "Kumara Park East",
          "place": "neighbourhood"
        }
      }
    },
    {
      "type": "Feature",
      "geometry": {
        "type": "Point",
        "coordinates": [
          77.4896353,
          13.0071319
        ]
      },
      "properties": {
        "id": 10272681254,
        "name": "Vidyamanyanagar",
        "type": "place",
        "subtype": "quarter",
        "population": null,
        "tags": {
          "name": "Vidyamanyanagar",
          "name:kn": "ವಿದ್ಯಮಾನ್ಯ ನಗರ",
          "place": "quarter"
        }
      }
    },
    {
      "type": "Feature",
      "geometry": {
        "type": "Point",
        "coordinates": [
          77.4812722,
          12.9998117
        ]
      },
      "properties": {
        "id": 10272681257,
        "name": "Lingadeeranahalli",
        "type": "place",
        "subtype": "quarter",
        "population": null,
        "tags": {
          "name": "Lingadeeranahalli",
          "name:kn": "ಲಿಂಗದೀರನಹಳ್ಳಿ",
          "place": "quarter"
        }
      }
    },
    {
      "type": "Feature",
      "geometry": {
        "type": "Point",
        "coordinates": [
          77.5067532,
          12.9863834
        ]
      },
      "properties": {
        "id": 10272681263,
        "name": "Chandana Layout",
        "type": "place",
        "subtype": "neighbourhood",
        "population": null,
        "tags": {
          "name": "Chandana Layout",
          "place": "neighbourhood"
        }
      }
    },
    {
      "type": "Feature",
      "geometry": {
        "type": "Point",
        "coordinates": [
          77.4871355,
          12.9972558
        ]
      },
      "properties": {
        "id": 10272690518,
        "name": "Syndicate Bank Layout",
        "type": "place",
        "subtype": "neighbourhood",
        "population": null,
        "tags": {
          "name": "Syndicate Bank Layout",
          "place": "neighbourhood"
        }
      }
    },
    {
      "type": "Feature",
      "geometry": {
        "type": "Point",
        "coordinates": [
          77.5048569,
          12.9941222
        ]
      },
      "properties": {
        "id": 10272690519,
        "name": "Vigneshwara Nagara",
        "type": "place",
        "subtype": "neighbourhood",
        "population": null,
        "tags": {
          "name": "Vigneshwara Nagara",
          "name:kn": "ವಿಗ್ನೇಶ್ವರ ನಗರ",
          "place": "neighbourhood"
        }
      }
    },
    {
      "type": "Feature",
      "geometry": {
        "type": "Point",
        "coordinates": [
          77.4944741,
          12.9920653
        ]
      },
      "properties": {
        "id": 10272690520,
        "name": "Madeshwara Nagara",
        "type": "place",
        "subtype": "neighbourhood",
        "population": null,
        "tags": {
          "name": "Madeshwara Nagara",
          "name:kn": "ಮಾದೇಶ್ವರ ನಗರ",
          "place": "neighbourhood"
        }
      }
    },
    {
      "type": "Feature",
      "geometry": {
        "type": "Point",
        "coordinates": [
          77.4970838,
          12.9974648
        ]
      },
      "properties": {
        "id": 10272690521,
        "name": "Prasanna Layout",
        "type": "place",
        "subtype": "neighbourhood",
        "population": null,
        "tags": {
          "name": "Prasanna Layout",
          "place": "neighbourhood"
        }
      }
    },
    {
      "type": "Feature",
      "geometry": {
        "type": "Point",
        "coordinates": [
          77.4779731,
          12.9936752
        ]
      },
      "properties": {
        "id": 10272690522,
        "name": "Hosahalli Golarapalya",
        "type": "place",
        "subtype": "neighbourhood",
        "population": null,
        "tags": {
          "name": "Hosahalli Golarapalya",
          "place": "neighbourhood"
        }
      }
    },
    {
      "type": "Feature",
      "geometry": {
        "type": "Point",
        "coordinates": [
          77.4784076,
          12.9801263
        ]
      },
      "properties": {
        "id": 10272690523,
        "name": "Bharathnagar",
        "type": "place",
        "subtype": "quarter",
        "population": null,
        "tags": {
          "name": "Bharathnagar",
          "name:kn": "ಭಾರತನಗರ",
          "place": "quarter"
        }
      }
    },
    {
      "type": "Feature",
      "geometry": {
        "type": "Point",
        "coordinates": [
          77.5127828,
          13.0035647
        ]
      },
      "properties": {
        "id": 10272690554,
        "name": "Hegganahalli",
        "type": "place",
        "subtype": "quarter",
        "population": null,
        "tags": {
          "name": "Hegganahalli",
          "name:kn": "ಹೆಗ್ಗನಹಳ್ಳಿ",
          "place": "quarter"
        }
      }
    },
    {
      "type": "Feature",
      "geometry": {
        "type": "Point",
        "coordinates": [
          77.5123483,
          12.9983586
        ]
      },
      "properties": {
        "id": 10272690555,
        "name": "Kareemsab Nagar",
        "type": "place",
        "subtype": "neighbourhood",
        "population": null,
        "tags": {
          "name": "Kareemsab Nagar",
          "place": "neighbourhood"
        }
      }
    },
    {
      "type": "Feature",
      "geometry": {
        "type": "Point",
        "coordinates": [
          77.5130081,
          13.0082322
        ]
      },
      "properties": {
        "id": 10272690597,
        "name": "GKW Layout",
        "type": "place",
        "subtype": "neighbourhood",
        "population": null,
        "tags": {
          "name": "GKW Layout",
          "place": "neighbourhood"
        }
      }
    },
    {
      "type": "Feature",
      "geometry": {
        "type": "Point",
        "coordinates": [
          77.6100019,
          13.0400678
        ]
      },
      "properties": {
        "id": 10272871664,
        "name": "Jogappa Layout",
        "type": "place",
        "subtype": "neighbourhood",
        "population": null,
        "tags": {
          "name": "Jogappa Layout",
          "place": "neighbourhood"
        }
      }
    },
    {
      "type": "Feature",
      "geometry": {
        "type": "Point",
        "coordinates": [
          77.5706743,
          12.9457868
        ]
      },
      "properties": {
        "id": 10293686956,
        "name": "Gandhi Bazaar",
        "type": "place",
        "subtype": "neighbourhood",
        "population": null,
        "tags": {
          "name": "Gandhi Bazaar",
          "name:ta": "காந்தி பசார்",
          "place": "neighbourhood"
        }
      }
    },
    {
      "type": "Feature",
      "geometry": {
        "type": "Point",
        "coordinates": [
          77.6326118,
          13.00317
        ]
      },
      "properties": {
        "id": 10293831865,
        "name": "Maruthi Seva Nagar",
        "type": "place",
        "subtype": "neighbourhood",
        "population": null,
        "tags": {
          "name": "Maruthi Seva Nagar",
          "name:kn": "ಮಾರುತಿ ಸೇವನಗರ",
          "name:ta": "மாருதி சேவா நகர்",
          "place": "neighbourhood"
        }
      }
    },
    {
      "type": "Feature",
      "geometry": {
        "type": "Point",
        "coordinates": [
          77.6280454,
          13.0044245
        ]
      },
      "properties": {
        "id": 10293831866,
        "name": "Vivekananda Nagar",
        "type": "place",
        "subtype": "neighbourhood",
        "population": null,
        "tags": {
          "name": "Vivekananda Nagar",
          "name:kn": "ವಿವೇಕಾನಂದ ನಗರ",
          "place": "neighbourhood"
        }
      }
    },
    {
      "type": "Feature",
      "geometry": {
        "type": "Point",
        "coordinates": [
          77.6225898,
          12.9926115
        ]
      },
      "properties": {
        "id": 10293831867,
        "name": "Doddigunta",
        "type": "place",
        "subtype": "neighbourhood",
        "population": null,
        "tags": {
          "name": "Doddigunta",
          "place": "neighbourhood"
        }
      }
    },
    {
      "type": "Feature",
      "geometry": {
        "type": "Point",
        "coordinates": [
          77.6267713,
          12.9959778
        ]
      },
      "properties": {
        "id": 10293831873,
        "name": "Heerachand Layout",
        "type": "place",
        "subtype": "neighbourhood",
        "population": null,
        "tags": {
          "name": "Heerachand Layout",
          "place": "neighbourhood"
        }
      }
    },
    {
      "type": "Feature",
      "geometry": {
        "type": "Point",
        "coordinates": [
          77.6563266,
          12.9972923
        ]
      },
      "properties": {
        "id": 10293847376,
        "name": "Income Tax Layout",
        "type": "place",
        "subtype": "neighbourhood",
        "population": null,
        "tags": {
          "name": "Income Tax Layout",
          "place": "neighbourhood"
        }
      }
    },
    {
      "type": "Feature",
      "geometry": {
        "type": "Point",
        "coordinates": [
          77.6527619,
          12.9972741
        ]
      },
      "properties": {
        "id": 10293847385,
        "name": "Krishnaiahnapalya",
        "type": "place",
        "subtype": "neighbourhood",
        "population": null,
        "tags": {
          "name": "Krishnaiahnapalya",
          "place": "neighbourhood"
        }
      }
    },
    {
      "type": "Feature",
      "geometry": {
        "type": "Point",
        "coordinates": [
          77.6409334,
          12.9943495
        ]
      },
      "properties": {
        "id": 10293847386,
        "name": "Old Baiyappanahalli",
        "type": "place",
        "subtype": "neighbourhood",
        "population": null,
        "tags": {
          "name": "Old Baiyappanahalli",
          "name:kn": "ಹಳೆ ಬೈಯಪ್ಪನಹಳ್ಳಿ",
          "place": "neighbourhood"
        }
      }
    },
    {
      "type": "Feature",
      "geometry": {
        "type": "Point",
        "coordinates": [
          77.6289225,
          12.996409
        ]
      },
      "properties": {
        "id": 10293847397,
        "name": "Jeevanahalli",
        "type": "place",
        "subtype": "neighbourhood",
        "population": null,
        "tags": {
          "name": "Jeevanahalli",
          "name:kn": "ಜೀವನಹಳ್ಳಿ",
          "place": "neighbourhood"
        }
      }
    },
    {
      "type": "Feature",
      "geometry": {
        "type": "Point",
        "coordinates": [
          77.6381761,
          12.9922626
        ]
      },
      "properties": {
        "id": 10293847431,
        "name": "Kathalipalya",
        "type": "place",
        "subtype": "neighbourhood",
        "population": null,
        "tags": {
          "name": "Kathalipalya",
          "name:kn": "ಕತಾಳಿಪಾಳ್ಯ",
          "place": "neighbourhood"
        }
      }
    },
    {
      "type": "Feature",
      "geometry": {
        "type": "Point",
        "coordinates": [
          77.6303011,
          12.9288251
        ]
      },
      "properties": {
        "id": 10295524807,
        "name": "Jakkasandra Block",
        "type": "place",
        "subtype": "neighbourhood",
        "population": null,
        "tags": {
          "name": "Jakkasandra Block",
          "name:ml": "ജാക്കസാന്ത്ര ബ്ലോക്ക്",
          "place": "neighbourhood"
        }
      }
    },
    {
      "type": "Feature",
      "geometry": {
        "type": "Point",
        "coordinates": [
          77.620393,
          12.9230999
        ]
      },
      "properties": {
        "id": 10295532281,
        "name": "Sidhartha Colony",
        "type": "place",
        "subtype": "neighbourhood",
        "population": null,
        "tags": {
          "name": "Sidhartha Colony",
          "place": "neighbourhood"
        }
      }
    },
    {
      "type": "Feature",
      "geometry": {
        "type": "Point",
        "coordinates": [
          77.6479366,
          12.9221405
        ]
      },
      "properties": {
        "id": 10296378588,
        "name": "Agara",
        "type": "place",
        "subtype": "neighbourhood",
        "population": null,
        "tags": {
          "name": "Agara",
          "name:kn": "ಅಗರ",
          "name:ml": "അഗാര",
          "name:ta": "அகரா",
          "place": "neighbourhood"
        }
      }
    },
    {
      "type": "Feature",
      "geometry": {
        "type": "Point",
        "coordinates": [
          77.5834429,
          12.9986435
        ]
      },
      "properties": {
        "id": 10296444933,
        "name": "RV Layout",
        "type": "place",
        "subtype": "neighbourhood",
        "population": null,
        "tags": {
          "name": "RV Layout",
          "place": "neighbourhood"
        }
      }
    },
    {
      "type": "Feature",
      "geometry": {
        "type": "Point",
        "coordinates": [
          77.5968003,
          12.9696296
        ]
      },
      "properties": {
        "id": 10298313288,
        "name": "D'Souza Layout",
        "type": "place",
        "subtype": "neighbourhood",
        "population": null,
        "tags": {
          "alt_name": "PG D'Souza Layout",
          "name": "D'Souza Layout",
          "place": "neighbourhood"
        }
      }
    },
    {
      "type": "Feature",
      "geometry": {
        "type": "Point",
        "coordinates": [
          77.5678459,
          13.0338733
        ]
      },
      "properties": {
        "id": 10302647654,
        "name": "ITI Colony",
        "type": "place",
        "subtype": "neighbourhood",
        "population": null,
        "tags": {
          "name": "ITI Colony",
          "place": "neighbourhood"
        }
      }
    },
    {
      "type": "Feature",
      "geometry": {
        "type": "Point",
        "coordinates": [
          77.5401252,
          13.0694142
        ]
      },
      "properties": {
        "id": 10310634652,
        "name": "Kuvempu Nagar 1st Stage",
        "type": "place",
        "subtype": "neighbourhood",
        "population": null,
        "tags": {
          "name": "Kuvempu Nagar 1st Stage",
          "place": "neighbourhood"
        }
      }
    },
    {
      "type": "Feature",
      "geometry": {
        "type": "Point",
        "coordinates": [
          77.5402433,
          13.0729153
        ]
      },
      "properties": {
        "id": 10310636349,
        "name": "Kuvempu Nagar 2nd Stage",
        "type": "place",
        "subtype": "neighbourhood",
        "population": null,
        "tags": {
          "name": "Kuvempu Nagar 2nd Stage",
          "place": "neighbourhood"
        }
      }
    },
    {
      "type": "Feature",
      "geometry": {
        "type": "Point",
        "coordinates": [
          77.5389719,
          13.0895889
        ]
      },
      "properties": {
        "id": 10310636358,
        "name": "Kanshiram Nagar",
        "type": "place",
        "subtype": "neighbourhood",
        "population": null,
        "tags": {
          "name": "Kanshiram Nagar",
          "place": "neighbourhood"
        }
      }
    },
    {
      "type": "Feature",
      "geometry": {
        "type": "Point",
        "coordinates": [
          77.5511706,
          13.0857328
        ]
      },
      "properties": {
        "id": 10310636365,
        "name": "Adithyanagara",
        "type": "place",
        "subtype": "neighbourhood",
        "population": null,
        "tags": {
          "name": "Adithyanagara",
          "name:kn": "ಆದಿತ್ಯನಗರ",
          "place": "neighbourhood"
        }
      }
    },
    {
      "type": "Feature",
      "geometry": {
        "type": "Point",
        "coordinates": [
          77.5446314,
          13.0831464
        ]
      },
      "properties": {
        "id": 10310636385,
        "name": "Vinayaka Nagara",
        "type": "place",
        "subtype": "neighbourhood",
        "population": null,
        "tags": {
          "name": "Vinayaka Nagara",
          "name:kn": "ವಿನಾಯಕ ನಗರ",
          "place": "neighbourhood"
        }
      }
    },
    {
      "type": "Feature",
      "geometry": {
        "type": "Point",
        "coordinates": [
          77.4939162,
          13.0540222
        ]
      },
      "properties": {
        "id": 10314103445,
        "name": "Manjunath Nagar",
        "type": "place",
        "subtype": "neighbourhood",
        "population": null,
        "tags": {
          "name": "Manjunath Nagar",
          "name:kn": "ಮಂಜುನಾಥ ತಗರ",
          "place": "neighbourhood"
        }
      }
    },
    {
      "type": "Feature",
      "geometry": {
        "type": "Point",
        "coordinates": [
          77.5635409,
          12.9948984
        ]
      },
      "properties": {
        "id": 10572417851,
        "name": "Prakash Nagar",
        "type": "place",
        "subtype": "neighbourhood",
        "population": null,
        "tags": {
          "name": "Prakash Nagar",
          "name:kn": "ಪ್ರಕಾಶ್ ನಗರ",
          "name:ta": "பிரகாஷ் நகர்",
          "place": "neighbourhood"
        }
      }
    },
    {
      "type": "Feature",
      "geometry": {
        "type": "Point",
        "coordinates": [
          77.5616822,
          12.9397405
        ]
      },
      "properties": {
        "id": 10573135961,
        "name": "Mount Joy",
        "type": "place",
        "subtype": "neighbourhood",
        "population": null,
        "tags": {
          "name": "Mount Joy",
          "place": "neighbourhood"
        }
      }
    },
    {
      "type": "Feature",
      "geometry": {
        "type": "Point",
        "coordinates": [
          77.5651503,
          13.0441348
        ]
      },
      "properties": {
        "id": 10604644054,
        "name": "Lottegollahalli",
        "type": "place",
        "subtype": "neighbourhood",
        "population": null,
        "tags": {
          "name": "Lottegollahalli",
          "name:kn": "ಲೊಟ್ಟೆಗೊಲ್ಲಹಳ್ಳಿ",
          "place": "neighbourhood"
        }
      }
    },
    {
      "type": "Feature",
      "geometry": {
        "type": "Point",
        "coordinates": [
          77.6415825,
          12.9044961
        ]
      },
      "properties": {
        "id": 10632956835,
        "name": "Yellukunte",
        "type": "place",
        "subtype": "neighbourhood",
        "population": null,
        "tags": {
          "name": "Yellukunte",
          "name:kn": "ಯಲ್ಲುಕುಂಟೆ",
          "place": "neighbourhood"
        }
      }
    },
    {
      "type": "Feature",
      "geometry": {
        "type": "Point",
        "coordinates": [
          77.6366023,
          12.9574233
        ]
      },
      "properties": {
        "id": 10667163084,
        "name": "Siddhartha Nagar",
        "type": "place",
        "subtype": "neighbourhood",
        "population": null,
        "tags": {
          "name": "Siddhartha Nagar",
          "name:kn": "ಸಿದ್ಧಾರ್ಥನಗರ",
          "name:ta": "சித்தார்த்தா நகர்",
          "place": "neighbourhood"
        }
      }
    },
    {
      "type": "Feature",
      "geometry": {
        "type": "Point",
        "coordinates": [
          77.6398407,
          12.9574749
        ]
      },
      "properties": {
        "id": 10667163085,
        "name": "Gowtham Colony",
        "type": "place",
        "subtype": "neighbourhood",
        "population": null,
        "tags": {
          "name": "Gowtham Colony",
          "name:ml": "ഗൗതം കോളനി",
          "place": "neighbourhood"
        }
      }
    },
    {
      "type": "Feature",
      "geometry": {
        "type": "Point",
        "coordinates": [
          77.6577616,
          12.9007678
        ]
      },
      "properties": {
        "id": 10676129241,
        "name": "Royal Placid Layout",
        "type": "place",
        "subtype": "neighbourhood",
        "population": null,
        "tags": {
          "name": "Royal Placid Layout",
          "place": "neighbourhood"
        }
      }
    },
    {
      "type": "Feature",
      "geometry": {
        "type": "Point",
        "coordinates": [
          77.4745667,
          12.9893002
        ]
      },
      "properties": {
        "id": 10695343187,
        "name": "Gollarahatti",
        "type": "place",
        "subtype": "quarter",
        "population": null,
        "tags": {
          "name": "Gollarahatti",
          "name:kn": "ಗೊಲ್ಲರಹಟ್ಟಿ",
          "place": "quarter"
        }
      }
    },
    {
      "type": "Feature",
      "geometry": {
        "type": "Point",
        "coordinates": [
          77.7009129,
          12.9265141
        ]
      },
      "properties": {
        "id": 10702267161,
        "name": "Bhoganahalli",
        "type": "place",
        "subtype": "neighbourhood",
        "population": null,
        "tags": {
          "name": "Bhoganahalli",
          "name:kn": "ಭೋಗನಹಳ್ಳಿ",
          "name:ta": "போகனஹல்லி",
          "place": "neighbourhood"
        }
      }
    },
    {
      "type": "Feature",
      "geometry": {
        "type": "Point",
        "coordinates": [
          77.623145,
          12.9497693
        ]
      },
      "properties": {
        "id": 10729766608,
        "name": "Munniswamy Garden",
        "type": "place",
        "subtype": "neighbourhood",
        "population": null,
        "tags": {
          "name": "Munniswamy Garden",
          "name:ml": "മുന്നിസ്വാമി ഗാർഡൻ",
          "place": "neighbourhood"
        }
      }
    },
    {
      "type": "Feature",
      "geometry": {
        "type": "Point",
        "coordinates": [
          77.6133289,
          13.0406772
        ]
      },
      "properties": {
        "id": 10739618731,
        "name": "Virannapalya",
        "type": "place",
        "subtype": "neighbourhood",
        "population": null,
        "tags": {
          "name": "Virannapalya",
          "place": "neighbourhood"
        }
      }
    },
    {
      "type": "Feature",
      "geometry": {
        "type": "Point",
        "coordinates": [
          77.574479,
          13.0342601
        ]
      },
      "properties": {
        "id": 10753151414,
        "name": "Judicial Officer's Layout",
        "type": "place",
        "subtype": "neighbourhood",
        "population": null,
        "tags": {
          "name": "Judicial Officer's Layout",
          "place": "neighbourhood"
        }
      }
    },
    {
      "type": "Feature",
      "geometry": {
        "type": "Point",
        "coordinates": [
          77.5806494,
          13.027232
        ]
      },
      "properties": {
        "id": 10753151513,
        "name": "Ramakrishna Layout",
        "type": "place",
        "subtype": "neighbourhood",
        "population": null,
        "tags": {
          "name": "Ramakrishna Layout",
          "place": "neighbourhood"
        }
      }
    },
    {
      "type": "Feature",
      "geometry": {
        "type": "Point",
        "coordinates": [
          77.6247597,
          12.9460051
        ]
      },
      "properties": {
        "id": 10760556149,
        "name": "Indira Gandhi Colony",
        "type": "place",
        "subtype": "neighbourhood",
        "population": null,
        "tags": {
          "name": "Indira Gandhi Colony",
          "place": "neighbourhood"
        }
      }
    },
    {
      "type": "Feature",
      "geometry": {
        "type": "Point",
        "coordinates": [
          77.4894315,
          12.9197902
        ]
      },
      "properties": {
        "id": 10761806275,
        "name": "BDA Jnanabharathi Residential Enclave",
        "type": "place",
        "subtype": "neighbourhood",
        "population": null,
        "tags": {
          "name": "BDA Jnanabharathi Residential Enclave",
          "place": "neighbourhood"
        }
      }
    },
    {
      "type": "Feature",
      "geometry": {
        "type": "Point",
        "coordinates": [
          77.4917114,
          12.9139498
        ]
      },
      "properties": {
        "id": 10761808764,
        "name": "Vijayashree Layout",
        "type": "place",
        "subtype": "neighbourhood",
        "population": null,
        "tags": {
          "name": "Vijayashree Layout",
          "name:ta": "விஜயஷ்ரீ லேஅவுட்",
          "place": "neighbourhood"
        }
      }
    },
    {
      "type": "Feature",
      "geometry": {
        "type": "Point",
        "coordinates": [
          77.5301421,
          12.9233875
        ]
      },
      "properties": {
        "id": 10763445357,
        "name": "Krishnappa Layout",
        "type": "place",
        "subtype": "neighbourhood",
        "population": null,
        "tags": {
          "name": "Krishnappa Layout",
          "name:kn": "ಕೃಷ್ಣಪ್ಪ ಬಡಾವಣೆ",
          "place": "neighbourhood"
        }
      }
    },
    {
      "type": "Feature",
      "geometry": {
        "type": "Point",
        "coordinates": [
          77.5349593,
          12.9382936
        ]
      },
      "properties": {
        "id": 10763445378,
        "name": "Veerabhadra Nagara",
        "type": "place",
        "subtype": "neighbourhood",
        "population": null,
        "tags": {
          "name": "Veerabhadra Nagara",
          "name:kn": "ವೀರಭದ್ರ ನಗರ",
          "place": "neighbourhood"
        }
      }
    },
    {
      "type": "Feature",
      "geometry": {
        "type": "Point",
        "coordinates": [
          77.5476086,
          13.0148047
        ]
      },
      "properties": {
        "id": 10795162705,
        "name": "Ashokapuram",
        "type": "place",
        "subtype": "neighbourhood",
        "population": null,
        "tags": {
          "name": "Ashokapuram",
          "name:kn": "ಅಶೋಕಪುರಂ",
          "name:ta": "அசோகபுரம்",
          "place": "neighbourhood"
        }
      }
    },
    {
      "type": "Feature",
      "geometry": {
        "type": "Point",
        "coordinates": [
          77.5437301,
          13.0159128
        ]
      },
      "properties": {
        "id": 10795162722,
        "name": "Shankar Nagar",
        "type": "place",
        "subtype": "neighbourhood",
        "population": null,
        "tags": {
          "name": "Shankar Nagar",
          "name:kn": "ಶಂಕರನಗರ",
          "name:ta": "சங்கர் நகர்",
          "place": "neighbourhood"
        }
      }
    },
    {
      "type": "Feature",
      "geometry": {
        "type": "Point",
        "coordinates": [
          77.6368886,
          13.0097427
        ]
      },
      "properties": {
        "id": 10796263247,
        "name": "Ramaswamypalya",
        "type": "place",
        "subtype": "neighbourhood",
        "population": null,
        "tags": {
          "alt_name": "Ramaswamipalya",
          "name": "Ramaswamypalya",
          "place": "neighbourhood"
        }
      }
    },
    {
      "type": "Feature",
      "geometry": {
        "type": "Point",
        "coordinates": [
          77.5746989,
          12.9995765
        ]
      },
      "properties": {
        "id": 10831664286,
        "name": "Swimming Pool Extension",
        "type": "place",
        "subtype": "neighbourhood",
        "population": null,
        "tags": {
          "name": "Swimming Pool Extension",
          "place": "neighbourhood"
        }
      }
    },
    {
      "type": "Feature",
      "geometry": {
        "type": "Point",
        "coordinates": [
          77.568377,
          12.9951048
        ]
      },
      "properties": {
        "id": 10833830941,
        "name": "Valluvarpuram",
        "type": "place",
        "subtype": "neighbourhood",
        "population": null,
        "tags": {
          "alt_name": "MD Block",
          "name": "Valluvarpuram",
          "place": "neighbourhood"
        }
      }
    },
    {
      "type": "Feature",
      "geometry": {
        "type": "Point",
        "coordinates": [
          77.5759435,
          12.9135785
        ]
      },
      "properties": {
        "id": 10853169837,
        "name": "Shakambari Nagar",
        "type": "place",
        "subtype": "neighbourhood",
        "population": null,
        "tags": {
          "name": "Shakambari Nagar",
          "name:ta": "ஷகம்பரி நகர்",
          "place": "neighbourhood"
        }
      }
    },
    {
      "type": "Feature",
      "geometry": {
        "type": "Point",
        "coordinates": [
          77.6398551,
          13.0643429
        ]
      },
      "properties": {
        "id": 10895959920,
        "name": "M Nanjappa Layout",
        "type": "place",
        "subtype": "neighbourhood",
        "population": null,
        "tags": {
          "name": "M Nanjappa Layout",
          "place": "neighbourhood"
        }
      }
    },
    {
      "type": "Feature",
      "geometry": {
        "type": "Point",
        "coordinates": [
          77.6137532,
          12.9144469
        ]
      },
      "properties": {
        "id": 10924790341,
        "name": "Kuvempu Nagar",
        "type": "place",
        "subtype": "neighbourhood",
        "population": null,
        "tags": {
          "name": "Kuvempu Nagar",
          "name:kn": "ಕುವೆಂಪು ನಗರ",
          "name:ta": "குவேம்பூ நகர்",
          "place": "neighbourhood"
        }
      }
    },
    {
      "type": "Feature",
      "geometry": {
        "type": "Point",
        "coordinates": [
          77.5553977,
          12.8818851
        ]
      },
      "properties": {
        "id": 10931529974,
        "name": "Narayana Nagara",
        "type": "place",
        "subtype": "neighbourhood",
        "population": null,
        "tags": {
          "name": "Narayana Nagara",
          "name:kn": "ನಾರಾಯಣ ನಗರ",
          "name:ta": "நாராயண நகரா",
          "place": "neighbourhood"
        }
      }
    },
    {
      "type": "Feature",
      "geometry": {
        "type": "Point",
        "coordinates": [
          77.5992519,
          12.9498895
        ]
      },
      "properties": {
        "id": 10937785408,
        "name": "Vinayaka Nagara",
        "type": "place",
        "subtype": "neighbourhood",
        "population": null,
        "tags": {
          "name": "Vinayaka Nagara",
          "name:kn": "ವಿನಾಯಕ ನಗರ",
          "place": "neighbourhood"
        }
      }
    },
    {
      "type": "Feature",
      "geometry": {
        "type": "Point",
        "coordinates": [
          77.6552081,
          13.0705325
        ]
      },
      "properties": {
        "id": 10946865133,
        "name": "Byrathi Bande",
        "type": "place",
        "subtype": "quarter",
        "population": null,
        "tags": {
          "name": "Byrathi Bande",
          "name:kn": "ಬೈರತಿ ಬಂಡೆ",
          "place": "quarter"
        }
      }
    },
    {
      "type": "Feature",
      "geometry": {
        "type": "Point",
        "coordinates": [
          77.6510668,
          12.9074791
        ]
      },
      "properties": {
        "id": 10978335945,
        "name": "Parangipalya",
        "type": "place",
        "subtype": "neighbourhood",
        "population": null,
        "tags": {
          "name": "Parangipalya",
          "name:kn": "ಪರಂಗಿಪಾಳ್ಯ",
          "name:ta": "பரங்கிபால்யா",
          "place": "neighbourhood"
        }
      }
    },
    {
      "type": "Feature",
      "geometry": {
        "type": "Point",
        "coordinates": [
          77.5358552,
          12.921981
        ]
      },
      "properties": {
        "id": 10979388393,
        "name": "Sapthagiri Layout",
        "type": "place",
        "subtype": "neighbourhood",
        "population": null,
        "tags": {
          "name": "Sapthagiri Layout",
          "name:kn": "ಸಪ್ತಗಿರಿ ಬಡಾವಣೆ",
          "place": "neighbourhood"
        }
      }
    },
    {
      "type": "Feature",
      "geometry": {
        "type": "Point",
        "coordinates": [
          77.5544858,
          12.9972636
        ]
      },
      "properties": {
        "id": 10979969456,
        "name": "Mariappanapalya",
        "type": "place",
        "subtype": "neighbourhood",
        "population": null,
        "tags": {
          "name": "Mariappanapalya",
          "name:kn": "ಮರಿಯಪ್ಪನ ಪಾಳ್ಯ",
          "name:ta": "மாரியப்பனபாள்யா",
          "place": "neighbourhood"
        }
      }
    },
    {
      "type": "Feature",
      "geometry": {
        "type": "Point",
        "coordinates": [
          77.6034629,
          13.0827075
        ]
      },
      "properties": {
        "id": 10984720097,
        "name": "GKVK Layout",
        "type": "place",
        "subtype": "neighbourhood",
        "population": null,
        "tags": {
          "name": "GKVK Layout",
          "place": "neighbourhood"
        }
      }
    },
    {
      "type": "Feature",
      "geometry": {
        "type": "Point",
        "coordinates": [
          77.7098778,
          12.9582324
        ]
      },
      "properties": {
        "id": 11051170145,
        "name": "Silver Springs Layout",
        "type": "place",
        "subtype": "neighbourhood",
        "population": null,
        "tags": {
          "name": "Silver Springs Layout",
          "place": "neighbourhood"
        }
      }
    },
    {
      "type": "Feature",
      "geometry": {
        "type": "Point",
        "coordinates": [
          77.6405073,
          13.0607459
        ]
      },
      "properties": {
        "id": 11061935339,
        "name": "Arkavathy Layout 6th Block",
        "type": "place",
        "subtype": "neighbourhood",
        "population": null,
        "tags": {
          "name": "Arkavathy Layout 6th Block",
          "place": "neighbourhood"
        }
      }
    },
    {
      "type": "Feature",
      "geometry": {
        "type": "Point",
        "coordinates": [
          77.7211999,
          12.9942742
        ]
      },
      "properties": {
        "id": 11096503499,
        "name": "Ramiah Reddy Layout",
        "type": "place",
        "subtype": "neighbourhood",
        "population": null,
        "tags": {
          "name": "Ramiah Reddy Layout",
          "place": "neighbourhood"
        }
      }
    },
    {
      "type": "Feature",
      "geometry": {
        "type": "Point",
        "coordinates": [
          77.7203698,
          12.994363
        ]
      },
      "properties": {
        "id": 11096574641,
        "name": "Hoody Garden",
        "type": "place",
        "subtype": "neighbourhood",
        "population": null,
        "tags": {
          "name": "Hoody Garden",
          "place": "neighbourhood"
        }
      }
    },
    {
      "type": "Feature",
      "geometry": {
        "type": "Point",
        "coordinates": [
          77.576897,
          12.9959346
        ]
      },
      "properties": {
        "id": 11096782368,
        "name": "Basappa Garden",
        "type": "place",
        "subtype": "neighbourhood",
        "population": null,
        "tags": {
          "name": "Basappa Garden",
          "place": "neighbourhood"
        }
      }
    },
    {
      "type": "Feature",
      "geometry": {
        "type": "Point",
        "coordinates": [
          77.6725164,
          12.9464756
        ]
      },
      "properties": {
        "id": 11111178668,
        "name": "Kempapura",
        "type": "place",
        "subtype": "neighbourhood",
        "population": null,
        "tags": {
          "name": "Kempapura",
          "name:kn": "ಕೆಂಪಾಪುರ",
          "place": "neighbourhood"
        }
      }
    },
    {
      "type": "Feature",
      "geometry": {
        "type": "Point",
        "coordinates": [
          77.609433,
          13.0305452
        ]
      },
      "properties": {
        "id": 11119054566,
        "name": "Adarsh Nagar",
        "type": "place",
        "subtype": "neighbourhood",
        "population": null,
        "tags": {
          "name": "Adarsh Nagar",
          "name:kn": "ಆದರ್ಶ ನಗರ",
          "place": "neighbourhood"
        }
      }
    },
    {
      "type": "Feature",
      "geometry": {
        "type": "Point",
        "coordinates": [
          77.6096168,
          13.0326126
        ]
      },
      "properties": {
        "id": 11119054567,
        "name": "Kaveri Nagar",
        "type": "place",
        "subtype": "neighbourhood",
        "population": null,
        "tags": {
          "name": "Kaveri Nagar",
          "name:kn": "ಕಾವೇರಿನಗರ",
          "place": "neighbourhood"
        }
      }
    },
    {
      "type": "Feature",
      "geometry": {
        "type": "Point",
        "coordinates": [
          77.4985886,
          13.0288457
        ]
      },
      "properties": {
        "id": 11146697522,
        "name": "Gruhalaxmi Layout",
        "type": "place",
        "subtype": "neighbourhood",
        "population": null,
        "tags": {
          "name": "Gruhalaxmi Layout",
          "place": "neighbourhood"
        }
      }
    },
    {
      "type": "Feature",
      "geometry": {
        "type": "Point",
        "coordinates": [
          77.6177591,
          13.0281505
        ]
      },
      "properties": {
        "id": 11148749657,
        "name": "Rashad Nagar",
        "type": "place",
        "subtype": "neighbourhood",
        "population": null,
        "tags": {
          "name": "Rashad Nagar",
          "place": "neighbourhood"
        }
      }
    },
    {
      "type": "Feature",
      "geometry": {
        "type": "Point",
        "coordinates": [
          77.6057133,
          13.0186149
        ]
      },
      "properties": {
        "id": 11148749699,
        "name": "Munirangappa Layout",
        "type": "place",
        "subtype": "neighbourhood",
        "population": null,
        "tags": {
          "name": "Munirangappa Layout",
          "place": "neighbourhood"
        }
      }
    },
    {
      "type": "Feature",
      "geometry": {
        "type": "Point",
        "coordinates": [
          77.6024035,
          13.0165243
        ]
      },
      "properties": {
        "id": 11148749743,
        "name": "Modi Garden",
        "type": "place",
        "subtype": "neighbourhood",
        "population": null,
        "tags": {
          "name": "Modi Garden",
          "place": "neighbourhood"
        }
      }
    },
    {
      "type": "Feature",
      "geometry": {
        "type": "Point",
        "coordinates": [
          77.6121074,
          13.0099704
        ]
      },
      "properties": {
        "id": 11148749755,
        "name": "Periyar Nagar",
        "type": "place",
        "subtype": "neighbourhood",
        "population": null,
        "tags": {
          "name": "Periyar Nagar",
          "place": "neighbourhood"
        }
      }
    },
    {
      "type": "Feature",
      "geometry": {
        "type": "Point",
        "coordinates": [
          77.6132409,
          13.0054097
        ]
      },
      "properties": {
        "id": 11148749850,
        "name": "Sagayapura",
        "type": "place",
        "subtype": "neighbourhood",
        "population": null,
        "tags": {
          "name": "Sagayapura",
          "place": "neighbourhood"
        }
      }
    },
    {
      "type": "Feature",
      "geometry": {
        "type": "Point",
        "coordinates": [
          77.5703309,
          12.9528538
        ]
      },
      "properties": {
        "id": 11182347131,
        "name": "Shankarapuram",
        "type": "place",
        "subtype": "neighbourhood",
        "population": null,
        "tags": {
          "name": "Shankarapuram",
          "name:kn": "ಶಂಕರಾಪುರಂ",
          "name:ta": "சங்கராபுரம்",
          "place": "neighbourhood"
        }
      }
    },
    {
      "type": "Feature",
      "geometry": {
        "type": "Point",
        "coordinates": [
          77.5017455,
          12.9786535
        ]
      },
      "properties": {
        "id": 11187206091,
        "name": "Srigandhakavalu",
        "type": "place",
        "subtype": "quarter",
        "population": null,
        "tags": {
          "name": "Srigandhakavalu",
          "place": "quarter"
        }
      }
    },
    {
      "type": "Feature",
      "geometry": {
        "type": "Point",
        "coordinates": [
          77.6278389,
          13.0504294
        ]
      },
      "properties": {
        "id": 11211419484,
        "name": "Saraipalya",
        "type": "place",
        "subtype": "neighbourhood",
        "population": null,
        "tags": {
          "name": "Saraipalya",
          "name:kn": "ಸಾರಾಯಿ ಪಾಳ್ಯ",
          "place": "neighbourhood"
        }
      }
    },
    {
      "type": "Feature",
      "geometry": {
        "type": "Point",
        "coordinates": [
          77.5919026,
          13.0174886
        ]
      },
      "properties": {
        "id": 11212690216,
        "name": "Rehamathnagara",
        "type": "place",
        "subtype": "neighbourhood",
        "population": null,
        "tags": {
          "name": "Rehamathnagara",
          "place": "neighbourhood"
        }
      }
    },
    {
      "type": "Feature",
      "geometry": {
        "type": "Point",
        "coordinates": [
          77.5230958,
          12.9872184
        ]
      },
      "properties": {
        "id": 11218370403,
        "name": "Vinayaka Nagar",
        "type": "place",
        "subtype": "neighbourhood",
        "population": null,
        "tags": {
          "name": "Vinayaka Nagar",
          "name:ta": "விநாயகா நகர்",
          "place": "neighbourhood"
        }
      }
    },
    {
      "type": "Feature",
      "geometry": {
        "type": "Point",
        "coordinates": [
          77.5359135,
          12.9900561
        ]
      },
      "properties": {
        "id": 11218370404,
        "name": "Sharada Colony",
        "type": "place",
        "subtype": "neighbourhood",
        "population": null,
        "tags": {
          "name": "Sharada Colony",
          "place": "neighbourhood"
        }
      }
    },
    {
      "type": "Feature",
      "geometry": {
        "type": "Point",
        "coordinates": [
          77.5257991,
          12.9960324
        ]
      },
      "properties": {
        "id": 11218370405,
        "name": "NGOs Colony",
        "type": "place",
        "subtype": "neighbourhood",
        "population": null,
        "tags": {
          "name": "NGOs Colony",
          "place": "neighbourhood"
        }
      }
    },
    {
      "type": "Feature",
      "geometry": {
        "type": "Point",
        "coordinates": [
          77.529404,
          12.9971785
        ]
      },
      "properties": {
        "id": 11218370406,
        "name": "Kirloskar Colony",
        "type": "place",
        "subtype": "neighbourhood",
        "population": null,
        "tags": {
          "name": "Kirloskar Colony",
          "place": "neighbourhood"
        }
      }
    },
    {
      "type": "Feature",
      "geometry": {
        "type": "Point",
        "coordinates": [
          77.5223306,
          12.9908822
        ]
      },
      "properties": {
        "id": 11218370407,
        "name": "Vrishabha Nagar",
        "type": "place",
        "subtype": "neighbourhood",
        "population": null,
        "tags": {
          "name": "Vrishabha Nagar",
          "place": "neighbourhood"
        }
      }
    },
    {
      "type": "Feature",
      "geometry": {
        "type": "Point",
        "coordinates": [
          77.5323333,
          12.9881855
        ]
      },
      "properties": {
        "id": 11218370408,
        "name": "Meenakshi Nagar",
        "type": "place",
        "subtype": "neighbourhood",
        "population": null,
        "tags": {
          "name": "Meenakshi Nagar",
          "name:kn": "ಮೀನಾಕ್ಷಿನಗರ",
          "place": "neighbourhood"
        }
      }
    },
    {
      "type": "Feature",
      "geometry": {
        "type": "Point",
        "coordinates": [
          77.5372599,
          12.9961064
        ]
      },
      "properties": {
        "id": 11218370409,
        "name": "Teacher's Colony",
        "type": "place",
        "subtype": "neighbourhood",
        "population": null,
        "tags": {
          "name": "Teacher's Colony",
          "place": "neighbourhood"
        }
      }
    },
    {
      "type": "Feature",
      "geometry": {
        "type": "Point",
        "coordinates": [
          77.5286425,
          12.9798772
        ]
      },
      "properties": {
        "id": 11218370410,
        "name": "Syndicate Bank Colony",
        "type": "place",
        "subtype": "neighbourhood",
        "population": null,
        "tags": {
          "name": "Syndicate Bank Colony",
          "place": "neighbourhood"
        }
      }
    },
    {
      "type": "Feature",
      "geometry": {
        "type": "Point",
        "coordinates": [
          77.5229642,
          12.9964086
        ]
      },
      "properties": {
        "id": 11218370411,
        "name": "Prem Nagar",
        "type": "place",
        "subtype": "neighbourhood",
        "population": null,
        "tags": {
          "name": "Prem Nagar",
          "place": "neighbourhood"
        }
      }
    },
    {
      "type": "Feature",
      "geometry": {
        "type": "Point",
        "coordinates": [
          77.5360361,
          12.993783
        ]
      },
      "properties": {
        "id": 11218370412,
        "name": "Shakthi Ganapathi Nagar",
        "type": "place",
        "subtype": "neighbourhood",
        "population": null,
        "tags": {
          "name": "Shakthi Ganapathi Nagar",
          "place": "neighbourhood"
        }
      }
    },
    {
      "type": "Feature",
      "geometry": {
        "type": "Point",
        "coordinates": [
          77.5068873,
          12.9807183
        ]
      },
      "properties": {
        "id": 11278785760,
        "name": "Annapoorneshwari Nagara",
        "type": "place",
        "subtype": "neighbourhood",
        "population": null,
        "tags": {
          "name": "Annapoorneshwari Nagara",
          "place": "neighbourhood"
        }
      }
    },
    {
      "type": "Feature",
      "geometry": {
        "type": "Point",
        "coordinates": [
          77.5675669,
          12.9151498
        ]
      },
      "properties": {
        "id": 11279791943,
        "name": "Teacher's Colony",
        "type": "place",
        "subtype": "neighbourhood",
        "population": null,
        "tags": {
          "name": "Teacher's Colony",
          "name:ta": "டீச்சர்ஸ் காலனி",
          "place": "neighbourhood"
        }
      }
    },
    {
      "type": "Feature",
      "geometry": {
        "type": "Point",
        "coordinates": [
          77.6895136,
          12.9268618
        ]
      },
      "properties": {
        "id": 11292971679,
        "name": "Devarabeesanahalli",
        "type": "place",
        "subtype": "quarter",
        "population": null,
        "tags": {
          "name": "Devarabeesanahalli",
          "name:kn": "ದೇವರಬೀಸನಹಳ್ಳಿ",
          "name:ta": "தேவராபீசனஹல்லி",
          "place": "quarter"
        }
      }
    },
    {
      "type": "Feature",
      "geometry": {
        "type": "Point",
        "coordinates": [
          77.5934931,
          12.9128386
        ]
      },
      "properties": {
        "id": 11293087531,
        "name": "KSRTC Layout",
        "type": "place",
        "subtype": "neighbourhood",
        "population": null,
        "tags": {
          "name": "KSRTC Layout",
          "place": "neighbourhood"
        }
      }
    },
    {
      "type": "Feature",
      "geometry": {
        "type": "Point",
        "coordinates": [
          77.6013654,
          12.9144596
        ]
      },
      "properties": {
        "id": 11293105794,
        "name": "BHBCS Layout",
        "type": "place",
        "subtype": "neighbourhood",
        "population": null,
        "tags": {
          "name": "BHBCS Layout",
          "place": "neighbourhood"
        }
      }
    },
    {
      "type": "Feature",
      "geometry": {
        "type": "Point",
        "coordinates": [
          77.5798635,
          12.9087511
        ]
      },
      "properties": {
        "id": 11304473527,
        "name": "Sarakki",
        "type": "place",
        "subtype": "neighbourhood",
        "population": null,
        "tags": {
          "name": "Sarakki",
          "name:kn": "ಸಾರಕ್ಕಿ",
          "name:ta": "சரக்கி",
          "place": "neighbourhood"
        }
      }
    },
    {
      "type": "Feature",
      "geometry": {
        "type": "Point",
        "coordinates": [
          77.554357,
          13.0729675
        ]
      },
      "properties": {
        "id": 11438633051,
        "name": "BEL Layout",
        "type": "place",
        "subtype": "quarter",
        "population": null,
        "tags": {
          "name": "BEL Layout",
          "name:kn": "ಬಿಇಎಲ್ ಲೇಔಟ್",
          "place": "quarter"
        }
      }
    },
    {
      "type": "Feature",
      "geometry": {
        "type": "Point",
        "coordinates": [
          77.7054539,
          12.9858241
        ]
      },
      "properties": {
        "id": 11472015231,
        "name": "Ashraya Layout",
        "type": "place",
        "subtype": "neighbourhood",
        "population": null,
        "tags": {
          "name": "Ashraya Layout",
          "place": "neighbourhood"
        }
      }
    },
    {
      "type": "Feature",
      "geometry": {
        "type": "Point",
        "coordinates": [
          77.71748,
          13.0164845
        ]
      },
      "properties": {
        "id": 11536170592,
        "name": "Seegehalli",
        "type": "place",
        "subtype": "village",
        "population": null,
        "tags": {
          "name": "Seegehalli",
          "name:kn": "ಸೀಗೆಹಳ್ಳಿ",
          "name:ta": "சீகேஹல்லி",
          "place": "village"
        }
      }
    },
    {
      "type": "Feature",
      "geometry": {
        "type": "Point",
        "coordinates": [
          77.6775268,
          12.9138348
        ]
      },
      "properties": {
        "id": 11554651483,
        "name": "Kaikondrahalli",
        "type": "place",
        "subtype": "quarter",
        "population": null,
        "tags": {
          "name": "Kaikondrahalli",
          "name:kn": "ಕೈಕೊಂಡ್ರಹಳ್ಳಿ",
          "place": "quarter"
        }
      }
    },
    {
      "type": "Feature",
      "geometry": {
        "type": "Point",
        "coordinates": [
          77.6315922,
          13.0008352
        ]
      },
      "properties": {
        "id": 11584482261,
        "name": "N Thyagaraju Layout",
        "type": "place",
        "subtype": "neighbourhood",
        "population": null,
        "tags": {
          "name": "N Thyagaraju Layout",
          "place": "neighbourhood"
        }
      }
    },
    {
      "type": "Feature",
      "geometry": {
        "type": "Point",
        "coordinates": [
          77.6352346,
          12.9178503
        ]
      },
      "properties": {
        "id": 11594237409,
        "name": "Sector 5",
        "type": "place",
        "subtype": "quarter",
        "population": null,
        "tags": {
          "name": "Sector 5",
          "name:kn": "ಸೆಕ್ಟರ್ ೫",
          "place": "quarter"
        }
      }
    },
    {
      "type": "Feature",
      "geometry": {
        "type": "Point",
        "coordinates": [
          77.4906921,
          12.9660017
        ]
      },
      "properties": {
        "id": 11594317104,
        "name": "Further Extension",
        "type": "place",
        "subtype": "neighbourhood",
        "population": null,
        "tags": {
          "name": "Further Extension",
          "place": "neighbourhood"
        }
      }
    },
    {
      "type": "Feature",
      "geometry": {
        "type": "Point",
        "coordinates": [
          77.4758433,
          12.9601467
        ]
      },
      "properties": {
        "id": 11594317105,
        "name": "6th Block",
        "type": "place",
        "subtype": "neighbourhood",
        "population": null,
        "tags": {
          "name": "6th Block",
          "place": "neighbourhood"
        }
      }
    },
    {
      "type": "Feature",
      "geometry": {
        "type": "Point",
        "coordinates": [
          77.4821948,
          12.9599794
        ]
      },
      "properties": {
        "id": 11594317106,
        "name": "5th Block",
        "type": "place",
        "subtype": "neighbourhood",
        "population": null,
        "tags": {
          "name": "5th Block",
          "place": "neighbourhood"
        }
      }
    },
    {
      "type": "Feature",
      "geometry": {
        "type": "Point",
        "coordinates": [
          77.4752425,
          12.9444211
        ]
      },
      "properties": {
        "id": 11594317107,
        "name": "4th Block",
        "type": "place",
        "subtype": "neighbourhood",
        "population": null,
        "tags": {
          "name": "4th Block",
          "place": "neighbourhood"
        }
      }
    },
    {
      "type": "Feature",
      "geometry": {
        "type": "Point",
        "coordinates": [
          77.4822806,
          12.9445884
        ]
      },
      "properties": {
        "id": 11594317108,
        "name": "3rd Block",
        "type": "place",
        "subtype": "neighbourhood",
        "population": null,
        "tags": {
          "name": "3rd Block",
          "place": "neighbourhood"
        }
      }
    },
    {
      "type": "Feature",
      "geometry": {
        "type": "Point",
        "coordinates": [
          77.471981,
          12.9331281
        ]
      },
      "properties": {
        "id": 11594317109,
        "name": "2nd Block",
        "type": "place",
        "subtype": "neighbourhood",
        "population": null,
        "tags": {
          "name": "2nd Block",
          "place": "neighbourhood"
        }
      }
    },
    {
      "type": "Feature",
      "geometry": {
        "type": "Point",
        "coordinates": [
          77.4791907,
          12.9312041
        ]
      },
      "properties": {
        "id": 11594317110,
        "name": "1st Block",
        "type": "place",
        "subtype": "neighbourhood",
        "population": null,
        "tags": {
          "name": "1st Block",
          "place": "neighbourhood"
        }
      }
    },
    {
      "type": "Feature",
      "geometry": {
        "type": "Point",
        "coordinates": [
          77.5906312,
          13.0313386
        ]
      },
      "properties": {
        "id": 11613188572,
        "name": "Anand Nagar Colony",
        "type": "place",
        "subtype": "neighbourhood",
        "population": null,
        "tags": {
          "name": "Anand Nagar Colony",
          "place": "neighbourhood"
        }
      }
    },
    {
      "type": "Feature",
      "geometry": {
        "type": "Point",
        "coordinates": [
          77.5976425,
          12.9046372
        ]
      },
      "properties": {
        "id": 11618114061,
        "name": "JP Nagar 4th Phase",
        "type": "place",
        "subtype": "quarter",
        "population": null,
        "tags": {
          "is_in": "JP Nagar",
          "name": "JP Nagar 4th Phase",
          "name:kn": "ಜೆಪಿನಗರ ೪ನೇ ಹಂತ",
          "place": "quarter"
        }
      }
    },
    {
      "type": "Feature",
      "geometry": {
        "type": "Point",
        "coordinates": [
          77.6452517,
          13.0198092
        ]
      },
      "properties": {
        "id": 11622003974,
        "name": "HRBR Layout 1st Block",
        "type": "place",
        "subtype": "quarter",
        "population": null,
        "tags": {
          "is_in:suburb": "HRBR Layout",
          "name": "HRBR Layout 1st Block",
          "name:kn": "ಎಚ್‌ಆರ್‌ಬಿಆರ್ ಲೇಔಟ್",
          "place": "quarter"
        }
      }
    },
    {
      "type": "Feature",
      "geometry": {
        "type": "Point",
        "coordinates": [
          77.6400268,
          13.02404
        ]
      },
      "properties": {
        "id": 11622003975,
        "name": "HRBR Layout 2nd Block",
        "type": "place",
        "subtype": "quarter",
        "population": null,
        "tags": {
          "is_in:suburb": "HRBR Layout",
          "name": "HRBR Layout 2nd Block",
          "name:kn": "ಎಚ್‌ಆರ್‌ಬಿಆರ್ ಲೇಔಟ್",
          "place": "quarter"
        }
      }
    },
    {
      "type": "Feature",
      "geometry": {
        "type": "Point",
        "coordinates": [
          77.6241642,
          13.0204703
        ]
      },
      "properties": {
        "id": 11622003976,
        "name": "HRBR Layout 1st Block",
        "type": "place",
        "subtype": "quarter",
        "population": null,
        "tags": {
          "is_in:suburb": "HRBR Layout",
          "name": "HRBR Layout 1st Block",
          "name:kn": "ಎಚ್ರ್‌ಬಿಆರ್ ಲೇಔಟ್ ೧ನೇ ಬ್ಲಾಕ್",
          "place": "quarter"
        }
      }
    },
    {
      "type": "Feature",
      "geometry": {
        "type": "Point",
        "coordinates": [
          77.6282197,
          13.0279415
        ]
      },
      "properties": {
        "id": 11622003978,
        "name": "HBR Layout 3rd Block",
        "type": "place",
        "subtype": "quarter",
        "population": null,
        "tags": {
          "is_in:suburb": "HBR Layout",
          "name": "HBR Layout 3rd Block",
          "name:kn": "ಎಚ್‌ಬಿಆರ್ ಲೇಔಟ್ ೩ನೇ ಬ್ಲಾಕ್",
          "place": "quarter"
        }
      }
    },
    {
      "type": "Feature",
      "geometry": {
        "type": "Point",
        "coordinates": [
          77.6309958,
          13.0340406
        ]
      },
      "properties": {
        "id": 11622003979,
        "name": "HBR Layout 4th Block",
        "type": "place",
        "subtype": "quarter",
        "population": null,
        "tags": {
          "is_in:suburb": "HBR Layout",
          "name": "HBR Layout 4th Block",
          "name:kn": "ಎಚ್‌ಬಿಆರ್ ಲೇಔಟ್ ೪ನೇ ಬ್ಲಾಕ್",
          "place": "quarter"
        }
      }
    },
    {
      "type": "Feature",
      "geometry": {
        "type": "Point",
        "coordinates": [
          77.6236546,
          13.0040769
        ]
      },
      "properties": {
        "id": 11652617756,
        "name": "D'Costa Square",
        "type": "place",
        "subtype": "neighbourhood",
        "population": null,
        "tags": {
          "name": "D'Costa Square",
          "place": "neighbourhood"
        }
      }
    },
    {
      "type": "Feature",
      "geometry": {
        "type": "Point",
        "coordinates": [
          77.6236439,
          13.0014635
        ]
      },
      "properties": {
        "id": 11652617757,
        "name": "Balaji Layout",
        "type": "place",
        "subtype": "neighbourhood",
        "population": null,
        "tags": {
          "name": "Balaji Layout",
          "name:kn": "ಬಾಲಾಜಿ ಲೇಔಟ್",
          "place": "neighbourhood"
        }
      }
    },
    {
      "type": "Feature",
      "geometry": {
        "type": "Point",
        "coordinates": [
          77.6198459,
          13.0015994
        ]
      },
      "properties": {
        "id": 11652617758,
        "name": "Lazar Layout",
        "type": "place",
        "subtype": "neighbourhood",
        "population": null,
        "tags": {
          "name": "Lazar Layout",
          "name:kn": "ಲಾಜರ್ ಬಡಾವಣೆ",
          "place": "neighbourhood"
        }
      }
    },
    {
      "type": "Feature",
      "geometry": {
        "type": "Point",
        "coordinates": [
          77.5986993,
          13.0049027
        ]
      },
      "properties": {
        "id": 11652617759,
        "name": "Chinnappa Garden",
        "type": "place",
        "subtype": "neighbourhood",
        "population": null,
        "tags": {
          "name": "Chinnappa Garden",
          "place": "neighbourhood"
        }
      }
    },
    {
      "type": "Feature",
      "geometry": {
        "type": "Point",
        "coordinates": [
          77.6004052,
          13.0070771
        ]
      },
      "properties": {
        "id": 11652617760,
        "name": "Munireddypalya",
        "type": "place",
        "subtype": "quarter",
        "population": null,
        "tags": {
          "name": "Munireddypalya",
          "place": "quarter"
        }
      }
    },
    {
      "type": "Feature",
      "geometry": {
        "type": "Point",
        "coordinates": [
          77.6069927,
          13.0045682
        ]
      },
      "properties": {
        "id": 11652617761,
        "name": "SK Garden",
        "type": "place",
        "subtype": "neighbourhood",
        "population": null,
        "tags": {
          "name": "SK Garden",
          "place": "neighbourhood"
        }
      }
    },
    {
      "type": "Feature",
      "geometry": {
        "type": "Point",
        "coordinates": [
          77.603538,
          13.0067007
        ]
      },
      "properties": {
        "id": 11652617762,
        "name": "Marappa Garden",
        "type": "place",
        "subtype": "neighbourhood",
        "population": null,
        "tags": {
          "name": "Marappa Garden",
          "place": "neighbourhood"
        }
      }
    },
    {
      "type": "Feature",
      "geometry": {
        "type": "Point",
        "coordinates": [
          77.6001048,
          13.0082479
        ]
      },
      "properties": {
        "id": 11652617763,
        "name": "Anjanappa Garden",
        "type": "place",
        "subtype": "neighbourhood",
        "population": null,
        "tags": {
          "name": "Anjanappa Garden",
          "place": "neighbourhood"
        }
      }
    },
    {
      "type": "Feature",
      "geometry": {
        "type": "Point",
        "coordinates": [
          77.59606,
          13.0100563
        ]
      },
      "properties": {
        "id": 11652617764,
        "name": "Anchappa Garden",
        "type": "place",
        "subtype": "neighbourhood",
        "population": null,
        "tags": {
          "name": "Anchappa Garden",
          "place": "neighbourhood"
        }
      }
    },
    {
      "type": "Feature",
      "geometry": {
        "type": "Point",
        "coordinates": [
          77.5810289,
          13.0074952
        ]
      },
      "properties": {
        "id": 11652617765,
        "name": "Upper Palace Orchard",
        "type": "place",
        "subtype": "neighbourhood",
        "population": null,
        "tags": {
          "name": "Upper Palace Orchard",
          "place": "neighbourhood"
        }
      }
    },
    {
      "type": "Feature",
      "geometry": {
        "type": "Point",
        "coordinates": [
          77.5578707,
          12.982097
        ]
      },
      "properties": {
        "id": 11652617766,
        "name": "Rajajinagar 4M Block",
        "type": "place",
        "subtype": "neighbourhood",
        "population": null,
        "tags": {
          "name": "Rajajinagar 4M Block",
          "name:kn": "ರಾಜಜಿನಗರ ೪ನೇ ಬ್ಲಾಕ್",
          "place": "neighbourhood"
        }
      }
    },
    {
      "type": "Feature",
      "geometry": {
        "type": "Point",
        "coordinates": [
          77.6032161,
          13.0229555
        ]
      },
      "properties": {
        "id": 11652675948,
        "name": "Dinnur",
        "type": "place",
        "subtype": "neighbourhood",
        "population": null,
        "tags": {
          "name": "Dinnur",
          "name:kn": "ದಿನ್ನೂರು",
          "place": "neighbourhood"
        }
      }
    },
    {
      "type": "Feature",
      "geometry": {
        "type": "Point",
        "coordinates": [
          77.5886035,
          12.93157
        ]
      },
      "properties": {
        "id": 11652753088,
        "name": "Jayanagar 3 East Block",
        "type": "place",
        "subtype": "quarter",
        "population": null,
        "tags": {
          "name": "Jayanagar 3 East Block",
          "place": "quarter"
        }
      }
    },
    {
      "type": "Feature",
      "geometry": {
        "type": "Point",
        "coordinates": [
          77.568326,
          12.9388164
        ]
      },
      "properties": {
        "id": 11652753116,
        "name": "NR Colony",
        "type": "place",
        "subtype": "neighbourhood",
        "population": null,
        "tags": {
          "name": "NR Colony",
          "place": "neighbourhood"
        }
      }
    },
    {
      "type": "Feature",
      "geometry": {
        "type": "Point",
        "coordinates": [
          77.5868976,
          12.9418488
        ]
      },
      "properties": {
        "id": 11652753117,
        "name": "Jayanagar 1st Block",
        "type": "place",
        "subtype": "quarter",
        "population": null,
        "tags": {
          "name": "Jayanagar 1st Block",
          "name:kn": "ಜಯನಗರ ೩ನೇ ಬ್ಲಾಕ್",
          "place": "quarter"
        }
      }
    },
    {
      "type": "Feature",
      "geometry": {
        "type": "Point",
        "coordinates": [
          77.5826382,
          12.9399039
        ]
      },
      "properties": {
        "id": 11652753118,
        "name": "Jayanagar 2nd Block",
        "type": "place",
        "subtype": "quarter",
        "population": null,
        "tags": {
          "name": "Jayanagar 2nd Block",
          "name:kn": "ಜಯನಗರ ೩ನೇ ಬ್ಲಾಕ್",
          "place": "quarter"
        }
      }
    },
    {
      "type": "Feature",
      "geometry": {
        "type": "Point",
        "coordinates": [
          77.5423407,
          12.934592
        ]
      },
      "properties": {
        "id": 11652753120,
        "name": "Hosakerehalli Layout",
        "type": "place",
        "subtype": "neighbourhood",
        "population": null,
        "tags": {
          "name": "Hosakerehalli Layout",
          "place": "neighbourhood"
        }
      }
    },
    {
      "type": "Feature",
      "geometry": {
        "type": "Point",
        "coordinates": [
          77.5920877,
          12.9464207
        ]
      },
      "properties": {
        "id": 11689969342,
        "name": "Siddapura",
        "type": "place",
        "subtype": "neighbourhood",
        "population": null,
        "tags": {
          "name": "Siddapura",
          "name:kn": "ಸಿದ್ದಾಪುರ",
          "place": "neighbourhood"
        }
      }
    },
    {
      "type": "Feature",
      "geometry": {
        "type": "Point",
        "coordinates": [
          77.7161372,
          12.912904
        ]
      },
      "properties": {
        "id": 11710396246,
        "name": "Chikkabellanduru",
        "type": "place",
        "subtype": "quarter",
        "population": null,
        "tags": {
          "name": "Chikkabellanduru",
          "name:kn": "ಚಿಕ್ಕ ಬೆಳ್ಳಂದೂರು",
          "name:ta": "சிக்கபெல்லந்தூரு",
          "place": "quarter"
        }
      }
    },
    {
      "type": "Feature",
      "geometry": {
        "type": "Point",
        "coordinates": [
          77.6264629,
          12.9155733
        ]
      },
      "properties": {
        "id": 11726861076,
        "name": "MCHS Colony",
        "type": "place",
        "subtype": "neighbourhood",
        "population": null,
        "tags": {
          "name": "MCHS Colony",
          "place": "neighbourhood"
        }
      }
    },
    {
      "type": "Feature",
      "geometry": {
        "type": "Point",
        "coordinates": [
          77.6391631,
          12.9138792
        ]
      },
      "properties": {
        "id": 11726921124,
        "name": "MCHS Colony",
        "type": "place",
        "subtype": "neighbourhood",
        "population": null,
        "tags": {
          "name": "MCHS Colony",
          "place": "neighbourhood"
        }
      }
    },
    {
      "type": "Feature",
      "geometry": {
        "type": "Point",
        "coordinates": [
          77.652778,
          13.0082113
        ]
      },
      "properties": {
        "id": 11738125027,
        "name": "OMBR Layout",
        "type": "place",
        "subtype": "neighbourhood",
        "population": null,
        "tags": {
          "name": "OMBR Layout",
          "place": "neighbourhood"
        }
      }
    },
    {
      "type": "Feature",
      "geometry": {
        "type": "Point",
        "coordinates": [
          77.5396827,
          12.9993557
        ]
      },
      "properties": {
        "id": 11745792240,
        "name": "Kirloskar Colony",
        "type": "place",
        "subtype": "neighbourhood",
        "population": null,
        "tags": {
          "name": "Kirloskar Colony",
          "place": "neighbourhood"
        }
      }
    },
    {
      "type": "Feature",
      "geometry": {
        "type": "Point",
        "coordinates": [
          77.4575815,
          12.9765061
        ]
      },
      "properties": {
        "id": 11745822081,
        "name": "Gongadipura",
        "type": "place",
        "subtype": "hamlet",
        "population": null,
        "tags": {
          "name": "Gongadipura",
          "place": "hamlet"
        }
      }
    },
    {
      "type": "Feature",
      "geometry": {
        "type": "Point",
        "coordinates": [
          77.4650139,
          12.9721824
        ]
      },
      "properties": {
        "id": 11745822098,
        "name": "Chikka Kodigehalli",
        "type": "place",
        "subtype": "hamlet",
        "population": null,
        "tags": {
          "name": "Chikka Kodigehalli",
          "place": "hamlet"
        }
      }
    },
    {
      "type": "Feature",
      "geometry": {
        "type": "Point",
        "coordinates": [
          77.6099861,
          12.9067393
        ]
      },
      "properties": {
        "id": 11758553976,
        "name": "Madeena Nagar",
        "type": "place",
        "subtype": "neighbourhood",
        "population": null,
        "tags": {
          "name": "Madeena Nagar",
          "name:ta": "மதீனா நகர்",
          "place": "neighbourhood"
        }
      }
    },
    {
      "type": "Feature",
      "geometry": {
        "type": "Point",
        "coordinates": [
          77.5276422,
          12.9250188
        ]
      },
      "properties": {
        "id": 11773440438,
        "name": "Bangarappa Nagar",
        "type": "place",
        "subtype": "neighbourhood",
        "population": null,
        "tags": {
          "name": "Bangarappa Nagar",
          "name:kn": "ಬಂಗಾರಪ್ಪ ನಗರ",
          "place": "neighbourhood"
        }
      }
    },
    {
      "type": "Feature",
      "geometry": {
        "type": "Point",
        "coordinates": [
          77.6969701,
          12.9938608
        ]
      },
      "properties": {
        "id": 11773801243,
        "name": "RHB Colony",
        "type": "place",
        "subtype": "neighbourhood",
        "population": null,
        "tags": {
          "name": "RHB Colony",
          "place": "neighbourhood"
        }
      }
    },
    {
      "type": "Feature",
      "geometry": {
        "type": "Point",
        "coordinates": [
          77.6267123,
          13.0487624
        ]
      },
      "properties": {
        "id": 11774065733,
        "name": "Fatima Layout",
        "type": "place",
        "subtype": "neighbourhood",
        "population": null,
        "tags": {
          "name": "Fatima Layout",
          "place": "neighbourhood"
        }
      }
    },
    {
      "type": "Feature",
      "geometry": {
        "type": "Point",
        "coordinates": [
          77.569309,
          12.9070386
        ]
      },
      "properties": {
        "id": 11777696136,
        "name": "Ilyas Nagar",
        "type": "place",
        "subtype": "neighbourhood",
        "population": null,
        "tags": {
          "name": "Ilyas Nagar",
          "place": "neighbourhood"
        }
      }
    },
    {
      "type": "Feature",
      "geometry": {
        "type": "Point",
        "coordinates": [
          77.564076,
          12.9122113
        ]
      },
      "properties": {
        "id": 11801508329,
        "name": "JHBCS Layout",
        "type": "place",
        "subtype": "neighbourhood",
        "population": null,
        "tags": {
          "name": "JHBCS Layout",
          "place": "neighbourhood"
        }
      }
    },
    {
      "type": "Feature",
      "geometry": {
        "type": "Point",
        "coordinates": [
          77.5637984,
          12.9078373
        ]
      },
      "properties": {
        "id": 11801880275,
        "name": "Kumaraswamy Layout 1st Stage",
        "type": "place",
        "subtype": "neighbourhood",
        "population": null,
        "tags": {
          "name": "Kumaraswamy Layout 1st Stage",
          "place": "neighbourhood"
        }
      }
    },
    {
      "type": "Feature",
      "geometry": {
        "type": "Point",
        "coordinates": [
          77.5580746,
          12.9059
        ]
      },
      "properties": {
        "id": 11801880276,
        "name": "Kumaraswamy Layout 2nd Stage",
        "type": "place",
        "subtype": "neighbourhood",
        "population": null,
        "tags": {
          "name": "Kumaraswamy Layout 2nd Stage",
          "place": "neighbourhood"
        }
      }
    },
    {
      "type": "Feature",
      "geometry": {
        "type": "Point",
        "coordinates": [
          77.5613308,
          12.8994971
        ]
      },
      "properties": {
        "id": 11801911781,
        "name": "Vikram Nagar",
        "type": "place",
        "subtype": "neighbourhood",
        "population": null,
        "tags": {
          "name": "Vikram Nagar",
          "place": "neighbourhood"
        }
      }
    },
    {
      "type": "Feature",
      "geometry": {
        "type": "Point",
        "coordinates": [
          77.5631064,
          12.9008645
        ]
      },
      "properties": {
        "id": 11801911782,
        "name": "Chandra Nagar",
        "type": "place",
        "subtype": "neighbourhood",
        "population": null,
        "tags": {
          "name": "Chandra Nagar",
          "name:ta": "சந்த்ரா‌ நகர்",
          "place": "neighbourhood"
        }
      }
    },
    {
      "type": "Feature",
      "geometry": {
        "type": "Point",
        "coordinates": [
          77.5639218,
          12.910206
        ]
      },
      "properties": {
        "id": 11801945155,
        "name": "Bendre Nagar",
        "type": "place",
        "subtype": "neighbourhood",
        "population": null,
        "tags": {
          "name": "Bendre Nagar",
          "place": "neighbourhood"
        }
      }
    },
    {
      "type": "Feature",
      "geometry": {
        "type": "Point",
        "coordinates": [
          77.5617023,
          12.9119432
        ]
      },
      "properties": {
        "id": 11801945156,
        "name": "Minaz Nagara",
        "type": "place",
        "subtype": "neighbourhood",
        "population": null,
        "tags": {
          "name": "Minaz Nagara",
          "place": "neighbourhood"
        }
      }
    },
    {
      "type": "Feature",
      "geometry": {
        "type": "Point",
        "coordinates": [
          77.6932286,
          12.9705428
        ]
      },
      "properties": {
        "id": 11812207736,
        "name": "Shamanna Reddy Layout",
        "type": "place",
        "subtype": "neighbourhood",
        "population": null,
        "tags": {
          "name": "Shamanna Reddy Layout",
          "place": "neighbourhood"
        }
      }
    },
    {
      "type": "Feature",
      "geometry": {
        "type": "Point",
        "coordinates": [
          77.5921065,
          13.0782791
        ]
      },
      "properties": {
        "id": 11817854571,
        "name": "Yashoda Nagar",
        "type": "place",
        "subtype": "neighbourhood",
        "population": null,
        "tags": {
          "name": "Yashoda Nagar",
          "place": "neighbourhood"
        }
      }
    },
    {
      "type": "Feature",
      "geometry": {
        "type": "Point",
        "coordinates": [
          77.5906795,
          13.0179119
        ]
      },
      "properties": {
        "id": 11837312647,
        "name": "MLA Layout",
        "type": "place",
        "subtype": "neighbourhood",
        "population": null,
        "tags": {
          "name": "MLA Layout",
          "place": "neighbourhood"
        }
      }
    },
    {
      "type": "Feature",
      "geometry": {
        "type": "Point",
        "coordinates": [
          77.6345868,
          12.925273
        ]
      },
      "properties": {
        "id": 11869110972,
        "name": "Hypons Hotel",
        "type": "place",
        "subtype": "Bengaluru",
        "population": null,
        "tags": {
          "addr:street": "1st cross, 1st block Koramangala",
          "name": "Hypons Hotel",
          "place": "Bengaluru",
          "postal_code": "560034",
          "tourism": "hotel"
        }
      }
    },
    {
      "type": "Feature",
      "geometry": {
        "type": "Point",
        "coordinates": [
          77.5559556,
          13.0071764
        ]
      },
      "properties": {
        "id": 11880571706,
        "name": "Subramanya Nagar 2nd Stage",
        "type": "place",
        "subtype": "neighbourhood",
        "population": null,
        "tags": {
          "name": "Subramanya Nagar 2nd Stage",
          "name:ta": "சுப்ரமண்யா நகர்‌ கட்டம்  2",
          "place": "neighbourhood"
        }
      }
    },
    {
      "type": "Feature",
      "geometry": {
        "type": "Point",
        "coordinates": [
          77.4184276,
          12.976799
        ]
      },
      "properties": {
        "id": 11938989814,
        "name": null,
        "type": "place",
        "subtype": "village",
        "population": null,
        "tags": {
          "place": "village"
        }
      }
    },
    {
      "type": "Feature",
      "geometry": {
        "type": "Point",
        "coordinates": [
          77.5278756,
          12.9361971
        ]
      },
      "properties": {
        "id": 11969539839,
        "name": "Pramodha Layout",
        "type": "place",
        "subtype": "neighbourhood",
        "population": null,
        "tags": {
          "name": "Pramodha Layout",
          "place": "neighbourhood"
        }
      }
    },
    {
      "type": "Feature",
      "geometry": {
        "type": "Point",
        "coordinates": [
          77.5132978,
          12.9267912
        ]
      },
      "properties": {
        "id": 11987328050,
        "name": "Kenchenahalli",
        "type": "place",
        "subtype": "neighbourhood",
        "population": null,
        "tags": {
          "name": "Kenchenahalli",
          "place": "neighbourhood"
        }
      }
    },
    {
      "type": "Feature",
      "geometry": {
        "type": "Point",
        "coordinates": [
          77.5142956,
          12.9326889
        ]
      },
      "properties": {
        "id": 11987347815,
        "name": "Ideal Homes Layout",
        "type": "place",
        "subtype": "neighbourhood",
        "population": null,
        "tags": {
          "name": "Ideal Homes Layout",
          "place": "neighbourhood"
        }
      }
    },
    {
      "type": "Feature",
      "geometry": {
        "type": "Point",
        "coordinates": [
          77.6581854,
          13.0053365
        ]
      },
      "properties": {
        "id": 12032654131,
        "name": "Doctors Layout",
        "type": "place",
        "subtype": "neighbourhood",
        "population": null,
        "tags": {
          "name": "Doctors Layout",
          "place": "neighbourhood"
        }
      }
    },
    {
      "type": "Feature",
      "geometry": {
        "type": "Point",
        "coordinates": [
          77.6728073,
          12.8819431
        ]
      },
      "properties": {
        "id": 12040963494,
        "name": "Sir M. Visvesvaraya Layout",
        "type": "place",
        "subtype": "neighbourhood",
        "population": null,
        "tags": {
          "name": "Sir M. Visvesvaraya Layout",
          "place": "neighbourhood",
          "short_name": "SMV Layout"
        }
      }
    },
    {
      "type": "Feature",
      "geometry": {
        "type": "Point",
        "coordinates": [
          77.7057327,
          13.0226152
        ]
      },
      "properties": {
        "id": 12047214010,
        "name": "TC Palya",
        "type": "place",
        "subtype": "suburb",
        "population": null,
        "tags": {
          "name": "TC Palya",
          "place": "suburb"
        }
      }
    },
    {
      "type": "Feature",
      "geometry": {
        "type": "Point",
        "coordinates": [
          77.6996751,
          12.9693761
        ]
      },
      "properties": {
        "id": 12049114064,
        "name": "Karthik Nagar",
        "type": "place",
        "subtype": "quarter",
        "population": null,
        "tags": {
          "name": "Karthik Nagar",
          "place": "quarter"
        }
      }
    },
    {
      "type": "Feature",
      "geometry": {
        "type": "Point",
        "coordinates": [
          77.6119816,
          12.8811713
        ]
      },
      "properties": {
        "id": 12061099245,
        "name": "Royal Residency Layout",
        "type": "place",
        "subtype": "neighbourhood",
        "population": null,
        "tags": {
          "name": "Royal Residency Layout",
          "place": "neighbourhood"
        }
      }
    },
    {
      "type": "Feature",
      "geometry": {
        "type": "Point",
        "coordinates": [
          77.4850273,
          12.9918039
        ]
      },
      "properties": {
        "id": 12073167139,
        "name": "Tunga Nagar",
        "type": "place",
        "subtype": "neighbourhood",
        "population": null,
        "tags": {
          "name": "Tunga Nagar",
          "place": "neighbourhood"
        }
      }
    },
    {
      "type": "Feature",
      "geometry": {
        "type": "Point",
        "coordinates": [
          77.639603,
          12.928663
        ]
      },
      "properties": {
        "id": 12095364735,
        "name": "SHBCS Layout",
        "type": "place",
        "subtype": "neighbourhood",
        "population": null,
        "tags": {
          "name": "SHBCS Layout",
          "place": "neighbourhood"
        }
      }
    },
    {
      "type": "Feature",
      "geometry": {
        "type": "Point",
        "coordinates": [
          77.6007103,
          12.9513932
        ]
      },
      "properties": {
        "id": 12104424609,
        "name": "JK Pura",
        "type": "place",
        "subtype": "neighbourhood",
        "population": null,
        "tags": {
          "full_name": "Jalakanteshwara Pura",
          "name": "JK Pura",
          "place": "neighbourhood"
        }
      }
    },
    {
      "type": "Feature",
      "geometry": {
        "type": "Point",
        "coordinates": [
          77.5830111,
          13.0134746
        ]
      },
      "properties": {
        "id": 12107512071,
        "name": "Achaiah Chetty Layout",
        "type": "place",
        "subtype": "neighbourhood",
        "population": null,
        "tags": {
          "name": "Achaiah Chetty Layout",
          "place": "neighbourhood"
        }
      }
    },
    {
      "type": "Feature",
      "geometry": {
        "type": "Point",
        "coordinates": [
          77.5638494,
          13.0418249
        ]
      },
      "properties": {
        "id": 12107537237,
        "name": "MLA Layout",
        "type": "place",
        "subtype": "neighbourhood",
        "population": null,
        "tags": {
          "name": "MLA Layout",
          "place": "neighbourhood"
        }
      }
    },
    {
      "type": "Feature",
      "geometry": {
        "type": "Point",
        "coordinates": [
          77.5523052,
          13.0051771
        ]
      },
      "properties": {
        "id": 12107621914,
        "name": "Rajajinagara 1st N Block",
        "type": "place",
        "subtype": "neighbourhood",
        "population": null,
        "tags": {
          "name": "Rajajinagara 1st N Block",
          "place": "neighbourhood"
        }
      }
    },
    {
      "type": "Feature",
      "geometry": {
        "type": "Point",
        "coordinates": [
          77.5820053,
          12.9880639
        ]
      },
      "properties": {
        "id": 12120352167,
        "name": "Srikantan Layout",
        "type": "place",
        "subtype": "neighbourhood",
        "population": null,
        "tags": {
          "name": "Srikantan Layout",
          "place": "neighbourhood"
        }
      }
    },
    {
      "type": "Feature",
      "geometry": {
        "type": "Point",
        "coordinates": [
          77.6645583,
          12.9763286
        ]
      },
      "properties": {
        "id": 12150911601,
        "name": "Gorkamantapalya",
        "type": "place",
        "subtype": "neighbourhood",
        "population": null,
        "tags": {
          "name": "Gorkamantapalya",
          "place": "neighbourhood"
        }
      }
    },
    {
      "type": "Feature",
      "geometry": {
        "type": "Point",
        "coordinates": [
          77.6640138,
          12.9898882
        ]
      },
      "properties": {
        "id": 12150911602,
        "name": "Nagavarapalaya",
        "type": "place",
        "subtype": "neighbourhood",
        "population": null,
        "tags": {
          "name": "Nagavarapalaya",
          "place": "neighbourhood"
        }
      }
    },
    {
      "type": "Feature",
      "geometry": {
        "type": "Point",
        "coordinates": [
          77.6657841,
          12.9822173
        ]
      },
      "properties": {
        "id": 12150911631,
        "name": "Byrasandra",
        "type": "place",
        "subtype": "neighbourhood",
        "population": null,
        "tags": {
          "name": "Byrasandra",
          "name:kn": "ಬೈರಸಂದ್ರ",
          "place": "neighbourhood"
        }
      }
    },
    {
      "type": "Feature",
      "geometry": {
        "type": "Point",
        "coordinates": [
          77.5839833,
          12.9421193
        ]
      },
      "properties": {
        "id": 12161093396,
        "name": "Kankanpalya",
        "type": "place",
        "subtype": "neighbourhood",
        "population": null,
        "tags": {
          "name": "Kankanpalya",
          "name:kn": "ಕಂಕನಪಾಳ್ಯ",
          "place": "neighbourhood"
        }
      }
    },
    {
      "type": "Feature",
      "geometry": {
        "type": "Point",
        "coordinates": [
          77.6009079,
          12.9479159
        ]
      },
      "properties": {
        "id": 12161142137,
        "name": "Chinnayanapalya",
        "type": "place",
        "subtype": "neighbourhood",
        "population": null,
        "tags": {
          "name": "Chinnayanapalya",
          "name:kn": "ಚಿನ್ನಯ್ಯನಪಾಳ್ಯ",
          "place": "neighbourhood"
        }
      }
    },
    {
      "type": "Feature",
      "geometry": {
        "type": "Point",
        "coordinates": [
          77.6004437,
          12.9597921
        ]
      },
      "properties": {
        "id": 12161142138,
        "name": "Pudupadacheri",
        "type": "place",
        "subtype": "neighbourhood",
        "population": null,
        "tags": {
          "name": "Pudupadacheri",
          "place": "neighbourhood"
        }
      }
    },
    {
      "type": "Feature",
      "geometry": {
        "type": "Point",
        "coordinates": [
          77.5326392,
          12.9321399
        ]
      },
      "properties": {
        "id": 12174147910,
        "name": "D'Souza Nagar",
        "type": "place",
        "subtype": "neighbourhood",
        "population": null,
        "tags": {
          "name": "D'Souza Nagar",
          "place": "neighbourhood"
        }
      }
    },
    {
      "type": "Feature",
      "geometry": {
        "type": "Point",
        "coordinates": [
          77.680936,
          12.9792262
        ]
      },
      "properties": {
        "id": 12210283198,
        "name": "Abbaiah Reddy Layout",
        "type": "place",
        "subtype": "neighbourhood",
        "population": null,
        "tags": {
          "name": "Abbaiah Reddy Layout",
          "place": "neighbourhood"
        }
      }
    },
    {
      "type": "Feature",
      "geometry": {
        "type": "Point",
        "coordinates": [
          77.6593253,
          12.9774564
        ]
      },
      "properties": {
        "id": 12215405971,
        "name": "Krishnappa Garden",
        "type": "place",
        "subtype": "neighbourhood",
        "population": null,
        "tags": {
          "name": "Krishnappa Garden",
          "place": "neighbourhood"
        }
      }
    },
    {
      "type": "Feature",
      "geometry": {
        "type": "Point",
        "coordinates": [
          77.5061497,
          13.0712823
        ]
      },
      "properties": {
        "id": 12252173604,
        "name": "Geleyara Balaga Layout",
        "type": "place",
        "subtype": "neighbourhood",
        "population": null,
        "tags": {
          "name": "Geleyara Balaga Layout",
          "place": "neighbourhood"
        }
      }
    },
    {
      "type": "Feature",
      "geometry": {
        "type": "Point",
        "coordinates": [
          77.4967968,
          13.066906
        ]
      },
      "properties": {
        "id": 12257828361,
        "name": "Soundarya Layout",
        "type": "place",
        "subtype": "neighbourhood",
        "population": null,
        "tags": {
          "name": "Soundarya Layout",
          "place": "neighbourhood"
        }
      }
    },
    {
      "type": "Feature",
      "geometry": {
        "type": "Point",
        "coordinates": [
          77.4903689,
          13.0441126
        ]
      },
      "properties": {
        "id": 12273251696,
        "name": "Muniswamappa Layout",
        "type": "place",
        "subtype": "neighbourhood",
        "population": null,
        "tags": {
          "name": "Muniswamappa Layout",
          "place": "neighbourhood"
        }
      }
    },
    {
      "type": "Feature",
      "geometry": {
        "type": "Point",
        "coordinates": [
          77.5847273,
          13.0613024
        ]
      },
      "properties": {
        "id": 12288219219,
        "name": "Defence Layout",
        "type": "place",
        "subtype": "neighbourhood",
        "population": null,
        "tags": {
          "name": "Defence Layout",
          "place": "neighbourhood"
        }
      }
    },
    {
      "type": "Feature",
      "geometry": {
        "type": "Point",
        "coordinates": [
          77.7000388,
          12.9691435
        ]
      },
      "properties": {
        "id": 12298364843,
        "name": "LRDE Layout",
        "type": "place",
        "subtype": "neighbourhood",
        "population": null,
        "tags": {
          "name": "LRDE Layout",
          "place": "neighbourhood"
        }
      }
    },
    {
      "type": "Feature",
      "geometry": {
        "type": "Point",
        "coordinates": [
          77.7205333,
          13.0065256
        ]
      },
      "properties": {
        "id": 12300691416,
        "name": "Alfa Gardens",
        "type": "place",
        "subtype": "neighbourhood",
        "population": null,
        "tags": {
          "name": "Alfa Gardens",
          "place": "neighbourhood"
        }
      }
    },
    {
      "type": "Feature",
      "geometry": {
        "type": "Point",
        "coordinates": [
          77.701236,
          12.9519005
        ]
      },
      "properties": {
        "id": 12343238242,
        "name": "MSR Layout",
        "type": "place",
        "subtype": "neighbourhood",
        "population": null,
        "tags": {
          "name": "MSR Layout",
          "place": "neighbourhood"
        }
      }
    },
    {
      "type": "Feature",
      "geometry": {
        "type": "Point",
        "coordinates": [
          77.5047107,
          13.0308565
        ]
      },
      "properties": {
        "id": 12366318056,
        "name": "Nelagedaranahalli",
        "type": "place",
        "subtype": "neighbourhood",
        "population": null,
        "tags": {
          "name": "Nelagedaranahalli",
          "place": "neighbourhood"
        }
      }
    },
    {
      "type": "Feature",
      "geometry": {
        "type": "Point",
        "coordinates": [
          77.6561147,
          12.9700949
        ]
      },
      "properties": {
        "id": 12367522144,
        "name": "Hanuman Nagar",
        "type": "place",
        "subtype": "neighbourhood",
        "population": null,
        "tags": {
          "name": "Hanuman Nagar",
          "place": "neighbourhood"
        }
      }
    },
    {
      "type": "Feature",
      "geometry": {
        "type": "Point",
        "coordinates": [
          77.6835161,
          12.9064203
        ]
      },
      "properties": {
        "id": 12432287594,
        "name": "Junnasandra",
        "type": "place",
        "subtype": "neighbourhood",
        "population": null,
        "tags": {
          "name": "Junnasandra",
          "name:kn": "ಜುನ್ನಾಸಂದ್ರ",
          "place": "neighbourhood"
        }
      }
    },
    {
      "type": "Feature",
      "geometry": {
        "type": "Point",
        "coordinates": [
          77.6876065,
          12.9007312
        ]
      },
      "properties": {
        "id": 12432287595,
        "name": "Halanayakanahalli",
        "type": "place",
        "subtype": "neighbourhood",
        "population": null,
        "tags": {
          "name": "Halanayakanahalli",
          "place": "neighbourhood"
        }
      }
    },
    {
      "type": "Feature",
      "geometry": {
        "type": "Point",
        "coordinates": [
          77.5369629,
          12.9768749
        ]
      },
      "properties": {
        "id": 12441154157,
        "name": "Thimanahalli",
        "type": "place",
        "subtype": "neighbourhood",
        "population": null,
        "tags": {
          "name": "Thimanahalli",
          "place": "neighbourhood"
        }
      }
    },
    {
      "type": "Feature",
      "geometry": {
        "type": "Point",
        "coordinates": [
          77.6411292,
          13.0560811
        ]
      },
      "properties": {
        "id": 12441386569,
        "name": "Arkavathy Layout 17th Block",
        "type": "place",
        "subtype": "neighbourhood",
        "population": null,
        "tags": {
          "is_in": "Arkavathy Layout",
          "name": "Arkavathy Layout 17th Block",
          "place": "neighbourhood"
        }
      }
    },
    {
      "type": "Feature",
      "geometry": {
        "type": "Point",
        "coordinates": [
          77.6405632,
          13.0634049
        ]
      },
      "properties": {
        "id": 12441386574,
        "name": "Arkavathy Layout 5th Block",
        "type": "place",
        "subtype": "neighbourhood",
        "population": null,
        "tags": {
          "name": "Arkavathy Layout 5th Block",
          "place": "neighbourhood"
        }
      }
    },
    {
      "type": "Feature",
      "geometry": {
        "type": "Point",
        "coordinates": [
          77.6260981,
          13.0596973
        ]
      },
      "properties": {
        "id": 12441715408,
        "name": "Arkavathy Layout 11th Block",
        "type": "place",
        "subtype": "neighbourhood",
        "population": null,
        "tags": {
          "name": "Arkavathy Layout 11th Block",
          "place": "neighbourhood"
        }
      }
    },
    {
      "type": "Feature",
      "geometry": {
        "type": "Point",
        "coordinates": [
          77.6345825,
          12.8950661
        ]
      },
      "properties": {
        "id": 12458448933,
        "name": "GarvebhaviPalya",
        "type": "place",
        "subtype": "neighbourhood",
        "population": null,
        "tags": {
          "alt_name": "GarvebhaviPalya",
          "name": "GarvebhaviPalya",
          "place": "neighbourhood"
        }
      }
    },
    {
      "type": "Feature",
      "geometry": {
        "type": "Point",
        "coordinates": [
          77.6548058,
          13.0271602
        ]
      },
      "properties": {
        "id": 12459196485,
        "name": "Papaiah Layout",
        "type": "place",
        "subtype": "neighbourhood",
        "population": null,
        "tags": {
          "name": "Papaiah Layout",
          "place": "neighbourhood"
        }
      }
    },
    {
      "type": "Feature",
      "geometry": {
        "type": "Point",
        "coordinates": [
          77.6413572,
          13.037077
        ]
      },
      "properties": {
        "id": 12468364695,
        "name": "Hennur",
        "type": "place",
        "subtype": "suburb",
        "population": null,
        "tags": {
          "alt_name": "Hennuru",
          "is_in": "Karnataka,India,Asia",
          "name": "Hennur",
          "name:kn": "ಹೆಣ್ಣೂರು",
          "name:ml": "ഹെണ്ണൂർ",
          "name:ta": "ஹென்னூர்",
          "place": "suburb"
        }
      }
    },
    {
      "type": "Feature",
      "geometry": {
        "type": "Point",
        "coordinates": [
          77.6169759,
          12.9194294
        ]
      },
      "properties": {
        "id": 12511444266,
        "name": "Jai Bheema Nagar",
        "type": "place",
        "subtype": "neighbourhood",
        "population": null,
        "tags": {
          "name": "Jai Bheema Nagar",
          "place": "neighbourhood"
        }
      }
    },
    {
      "type": "Feature",
      "geometry": {
        "type": "Point",
        "coordinates": [
          77.5498322,
          12.8982552
        ]
      },
      "properties": {
        "id": 12511863424,
        "name": "Vasanthapura",
        "type": "place",
        "subtype": "neighbourhood",
        "population": null,
        "tags": {
          "name": "Vasanthapura",
          "place": "neighbourhood"
        }
      }
    },
    {
      "type": "Feature",
      "geometry": {
        "type": "Point",
        "coordinates": [
          77.5854935,
          12.9297257
        ]
      },
      "properties": {
        "id": 12532200073,
        "name": "Geetha Colony",
        "type": "place",
        "subtype": "neighbourhood",
        "population": null,
        "tags": {
          "name": "Geetha Colony",
          "place": "neighbourhood"
        }
      }
    },
    {
      "type": "Feature",
      "geometry": {
        "type": "Point",
        "coordinates": [
          77.6297222,
          13.0411786
        ]
      },
      "properties": {
        "id": 12547095010,
        "name": "Telecom Layout 10th Block",
        "type": "place",
        "subtype": "neighbourhood",
        "population": null,
        "tags": {
          "name": "Telecom Layout 10th Block",
          "place": "neighbourhood"
        }
      }
    },
    {
      "type": "Feature",
      "geometry": {
        "type": "Point",
        "coordinates": [
          77.5283825,
          12.9013482
        ]
      },
      "properties": {
        "id": 12629973368,
        "name": "BHCS Layout",
        "type": "place",
        "subtype": "neighbourhood",
        "population": null,
        "tags": {
          "name": "BHCS Layout",
          "place": "neighbourhood"
        }
      }
    },
    {
      "type": "Feature",
      "geometry": {
        "type": "Point",
        "coordinates": [
          77.6331469,
          13.0123352
        ]
      },
      "properties": {
        "id": 12630280575,
        "name": "KFSC Layout",
        "type": "place",
        "subtype": "neighbourhood",
        "population": null,
        "tags": {
          "name": "KFSC Layout",
          "place": "neighbourhood"
        }
      }
    },
    {
      "type": "Feature",
      "geometry": {
        "type": "Point",
        "coordinates": [
          77.6602721,
          13.0099152
        ]
      },
      "properties": {
        "id": 12656262841,
        "name": "B Channasandra",
        "type": "place",
        "subtype": "neighbourhood",
        "population": null,
        "tags": {
          "alt_name": "Channasandra",
          "name": "B Channasandra",
          "place": "neighbourhood"
        }
      }
    },
    {
      "type": "Feature",
      "geometry": {
        "type": "Point",
        "coordinates": [
          77.6470247,
          13.0071136
        ]
      },
      "properties": {
        "id": 12657922332,
        "name": "Chikka Banasawadi",
        "type": "place",
        "subtype": "neighbourhood",
        "population": null,
        "tags": {
          "name": "Chikka Banasawadi",
          "place": "neighbourhood"
        }
      }
    },
    {
      "type": "Feature",
      "geometry": {
        "type": "Point",
        "coordinates": [
          77.641848,
          13.0081041
        ]
      },
      "properties": {
        "id": 12657922333,
        "name": "Subbayanapalya",
        "type": "place",
        "subtype": "neighbourhood",
        "population": null,
        "tags": {
          "name": "Subbayanapalya",
          "place": "neighbourhood"
        }
      }
    },
    {
      "type": "Feature",
      "geometry": {
        "type": "Point",
        "coordinates": [
          77.629416,
          13.0115982
        ]
      },
      "properties": {
        "id": 12657922334,
        "name": "Saitpalya",
        "type": "place",
        "subtype": "neighbourhood",
        "population": null,
        "tags": {
          "name": "Saitpalya",
          "place": "neighbourhood"
        }
      }
    },
    {
      "type": "Feature",
      "geometry": {
        "type": "Point",
        "coordinates": [
          77.6286113,
          13.0141331
        ]
      },
      "properties": {
        "id": 12657922335,
        "name": "Kariyannanapalya",
        "type": "place",
        "subtype": "neighbourhood",
        "population": null,
        "tags": {
          "name": "Kariyannanapalya",
          "place": "neighbourhood"
        }
      }
    },
    {
      "type": "Feature",
      "geometry": {
        "type": "Point",
        "coordinates": [
          77.6618586,
          13.0014412
        ]
      },
      "properties": {
        "id": 12704524925,
        "name": "Kasturi Nagar 2nd Stage",
        "type": "place",
        "subtype": "neighbourhood",
        "population": null,
        "tags": {
          "name": "Kasturi Nagar 2nd Stage",
          "place": "neighbourhood"
        }
      }
    },
    {
      "type": "Feature",
      "geometry": {
        "type": "Point",
        "coordinates": [
          77.642654,
          13.0071751
        ]
      },
      "properties": {
        "id": 12712362612,
        "name": "Jai Jawan Nagar",
        "type": "place",
        "subtype": "neighbourhood",
        "population": null,
        "tags": {
          "name": "Jai Jawan Nagar",
          "place": "neighbourhood"
        }
      }
    },
    {
      "type": "Feature",
      "geometry": {
        "type": "Point",
        "coordinates": [
          77.5767307,
          13.0395646
        ]
      },
      "properties": {
        "id": 12765434578,
        "name": "RMS Colony",
        "type": "place",
        "subtype": "neighbourhood",
        "population": null,
        "tags": {
          "name": "RMS Colony",
          "place": "neighbourhood"
        }
      }
    },
    {
      "type": "Feature",
      "geometry": {
        "type": "Point",
        "coordinates": [
          77.5610766,
          13.0719654
        ]
      },
      "properties": {
        "id": 12770513049,
        "name": "Gurudarshan Layout",
        "type": "place",
        "subtype": "neighbourhood",
        "population": null,
        "tags": {
          "name": "Gurudarshan Layout",
          "place": "neighbourhood"
        }
      }
    },
    {
      "type": "Feature",
      "geometry": {
        "type": "Point",
        "coordinates": [
          77.5555723,
          13.0667714
        ]
      },
      "properties": {
        "id": 12772730586,
        "name": "Chamundeshwari Layout",
        "type": "place",
        "subtype": "neighbourhood",
        "population": null,
        "tags": {
          "name": "Chamundeshwari Layout",
          "name:kn": "ಚಾಮುಂಡೇಶ್ವರಿ ಲೇಔಟ್",
          "place": "neighbourhood"
        }
      }
    },
    {
      "type": "Feature",
      "geometry": {
        "type": "Point",
        "coordinates": [
          77.5529965,
          13.0768415
        ]
      },
      "properties": {
        "id": 12794021936,
        "name": "Vaishnavi Layout",
        "type": "place",
        "subtype": "neighbourhood",
        "population": null,
        "tags": {
          "name": "Vaishnavi Layout",
          "place": "neighbourhood"
        }
      }
    },
    {
      "type": "Feature",
      "geometry": {
        "type": "Point",
        "coordinates": [
          77.5585759,
          13.0877316
        ]
      },
      "properties": {
        "id": 12797123072,
        "name": "AMS Layout",
        "type": "place",
        "subtype": "neighbourhood",
        "population": null,
        "tags": {
          "name": "AMS Layout",
          "place": "neighbourhood"
        }
      }
    },
    {
      "type": "Feature",
      "geometry": {
        "type": "Point",
        "coordinates": [
          77.5604872,
          13.0822398
        ]
      },
      "properties": {
        "id": 12805665230,
        "name": "Narasipura Layout",
        "type": "place",
        "subtype": "neighbourhood",
        "population": null,
        "tags": {
          "name": "Narasipura Layout",
          "place": "neighbourhood"
        }
      }
    },
    {
      "type": "Feature",
      "geometry": {
        "type": "Point",
        "coordinates": [
          77.5625432,
          13.0847453
        ]
      },
      "properties": {
        "id": 12805665231,
        "name": "HMT Layout",
        "type": "place",
        "subtype": "neighbourhood",
        "population": null,
        "tags": {
          "name": "HMT Layout",
          "place": "neighbourhood"
        }
      }
    },
    {
      "type": "Feature",
      "geometry": {
        "type": "Point",
        "coordinates": [
          77.5575408,
          13.0837969
        ]
      },
      "properties": {
        "id": 12805665474,
        "name": "HMT Colony",
        "type": "place",
        "subtype": "neighbourhood",
        "population": null,
        "tags": {
          "alt_name": "Defence Layout",
          "name": "HMT Colony",
          "place": "neighbourhood"
        }
      }
    },
    {
      "type": "Feature",
      "geometry": {
        "type": "Point",
        "coordinates": [
          77.5004286,
          13.0409678
        ]
      },
      "properties": {
        "id": 12806337002,
        "name": "Nagasandra",
        "type": "place",
        "subtype": "suburb",
        "population": null,
        "tags": {
          "name": "Nagasandra",
          "place": "suburb"
        }
      }
    },
    {
      "type": "Feature",
      "geometry": {
        "type": "Point",
        "coordinates": [
          77.556621,
          12.9278196
        ]
      },
      "properties": {
        "id": 12816045429,
        "name": "Banashankari",
        "type": "place",
        "subtype": "suburb",
        "population": null,
        "tags": {
          "name": "Banashankari",
          "place": "suburb"
        }
      }
    },
    {
      "type": "Feature",
      "geometry": {
        "type": "Point",
        "coordinates": [
          77.4511783,
          12.9190222
        ]
      },
      "properties": {
        "id": 12817175844,
        "name": "Nadaprabhu Kempegowda Layout",
        "type": "place",
        "subtype": "suburb",
        "population": null,
        "tags": {
          "name": "Nadaprabhu Kempegowda Layout",
          "place": "suburb",
          "short_name": "NPKL"
        }
      }
    },
    {
      "type": "Feature",
      "geometry": {
        "type": "Point",
        "coordinates": [
          77.491124,
          13.0373801
        ]
      },
      "properties": {
        "id": 12820381008,
        "name": "Byraveshwara Nagara",
        "type": "place",
        "subtype": "neighbourhood",
        "population": null,
        "tags": {
          "name": "Byraveshwara Nagara",
          "place": "neighbourhood"
        }
      }
    },
    {
      "type": "Feature",
      "geometry": {
        "type": "Point",
        "coordinates": [
          77.4939859,
          13.0397318
        ]
      },
      "properties": {
        "id": 12820381011,
        "name": "Venugopala Nagara",
        "type": "place",
        "subtype": "neighbourhood",
        "population": null,
        "tags": {
          "name": "Venugopala Nagara",
          "place": "neighbourhood"
        }
      }
    },
    {
      "type": "Feature",
      "geometry": {
        "type": "Point",
        "coordinates": [
          77.6110603,
          13.0256105
        ]
      },
      "properties": {
        "id": 12827725975,
        "name": "Chinnanna Layout",
        "type": "place",
        "subtype": "neighbourhood",
        "population": null,
        "tags": {
          "name": "Chinnanna Layout",
          "place": "neighbourhood"
        }
      }
    },
    {
      "type": "Feature",
      "geometry": {
        "type": "Point",
        "coordinates": [
          77.5975272,
          13.0364498
        ]
      },
      "properties": {
        "id": 12833132934,
        "name": "Cholanayakanahalli",
        "type": "place",
        "subtype": "neighbourhood",
        "population": null,
        "tags": {
          "name": "Cholanayakanahalli",
          "place": "neighbourhood"
        }
      }
    },
    {
      "type": "Feature",
      "geometry": {
        "type": "Point",
        "coordinates": [
          77.5885498,
          13.0287777
        ]
      },
      "properties": {
        "id": 12833133744,
        "name": "RBI Colony",
        "type": "place",
        "subtype": "neighbourhood",
        "population": null,
        "tags": {
          "name": "RBI Colony",
          "place": "neighbourhood"
        }
      }
    },
    {
      "type": "Feature",
      "geometry": {
        "type": "Point",
        "coordinates": [
          77.5900049,
          13.0201254
        ]
      },
      "properties": {
        "id": 12836271367,
        "name": "Krishnappa Block",
        "type": "place",
        "subtype": "neighbourhood",
        "population": null,
        "tags": {
          "name": "Krishnappa Block",
          "place": "neighbourhood"
        }
      }
    },
    {
      "type": "Feature",
      "geometry": {
        "type": "Point",
        "coordinates": [
          77.6195361,
          12.9181537
        ]
      },
      "properties": {
        "id": 12850046729,
        "name": "Dollar Scheme Colony",
        "type": "place",
        "subtype": "neighbourhood",
        "population": null,
        "tags": {
          "name": "Dollar Scheme Colony",
          "place": "neighbourhood"
        }
      }
    },
    {
      "type": "Feature",
      "geometry": {
        "type": "Point",
        "coordinates": [
          77.64454,
          13.0395959
        ]
      },
      "properties": {
        "id": 12850079672,
        "name": "Sri Sai Layout",
        "type": "place",
        "subtype": "neighbourhood",
        "population": null,
        "tags": {
          "name": "Sri Sai Layout",
          "place": "neighbourhood"
        }
      }
    },
    {
      "type": "Feature",
      "geometry": {
        "type": "Point",
        "coordinates": [
          77.6068291,
          12.9263886
        ]
      },
      "properties": {
        "id": 12875676574,
        "name": "Balaji Layout",
        "type": "place",
        "subtype": "neighbourhood",
        "population": null,
        "tags": {
          "name": "Balaji Layout",
          "place": "neighbourhood"
        }
      }
    },
    {
      "type": "Feature",
      "geometry": {
        "type": "Point",
        "coordinates": [
          77.5993048,
          13.0341222
        ]
      },
      "properties": {
        "id": 12887221981,
        "name": "Chamundi Nagara",
        "type": "place",
        "subtype": "neighbourhood",
        "population": null,
        "tags": {
          "name": "Chamundi Nagara",
          "place": "neighbourhood"
        }
      }
    },
    {
      "type": "Feature",
      "geometry": {
        "type": "Point",
        "coordinates": [
          77.4446976,
          12.9203863
        ]
      },
      "properties": {
        "id": 12887357405,
        "name": "7th Block Nadaprabhu Kempegowda Layout",
        "type": "place",
        "subtype": "quarter",
        "population": null,
        "tags": {
          "name": "7th Block Nadaprabhu Kempegowda Layout",
          "place": "quarter"
        }
      }
    },
    {
      "type": "Feature",
      "geometry": {
        "type": "Point",
        "coordinates": [
          77.4444991,
          12.9155759
        ]
      },
      "properties": {
        "id": 12887368987,
        "name": "Hunasemaradapalya",
        "type": "place",
        "subtype": "hamlet",
        "population": null,
        "tags": {
          "name": "Hunasemaradapalya",
          "place": "hamlet"
        }
      }
    },
    {
      "type": "Feature",
      "geometry": {
        "type": "Point",
        "coordinates": [
          77.6613684,
          12.9914863
        ]
      },
      "properties": {
        "id": 12901667664,
        "name": "Rahat Bagh",
        "type": "place",
        "subtype": "neighbourhood",
        "population": null,
        "tags": {
          "name": "Rahat Bagh",
          "place": "neighbourhood"
        }
      }
    },
    {
      "type": "Feature",
      "geometry": {
        "type": "Point",
        "coordinates": [
          77.5755584,
          12.9869634
        ]
      },
      "properties": {
        "id": 12944083413,
        "name": "Nehru Nagar",
        "type": "place",
        "subtype": "neighbourhood",
        "population": null,
        "tags": {
          "name": "Nehru Nagar",
          "place": "neighbourhood"
        }
      }
    },
    {
      "type": "Feature",
      "geometry": {
        "type": "Point",
        "coordinates": [
          77.6128131,
          12.9309178
        ]
      },
      "properties": {
        "id": 12948806709,
        "name": "Jogi Colony",
        "type": "place",
        "subtype": "neighbourhood",
        "population": null,
        "tags": {
          "name": "Jogi Colony",
          "place": "neighbourhood"
        }
      }
    },
    {
      "type": "Feature",
      "geometry": {
        "type": "Point",
        "coordinates": [
          77.5247669,
          13.0892598
        ]
      },
      "properties": {
        "id": 12951405531,
        "name": "Sector 7",
        "type": "place",
        "subtype": "quarter",
        "population": null,
        "tags": {
          "name": "Sector 7",
          "name:kn": "ಸೆಕ್ಟರ್ ೭",
          "place": "quarter"
        }
      }
    },
    {
      "type": "Feature",
      "geometry": {
        "type": "Point",
        "coordinates": [
          77.7126762,
          12.9791406
        ]
      },
      "properties": {
        "id": 12981491766,
        "name": "Channama Layout",
        "type": "place",
        "subtype": "neighbourhood",
        "population": null,
        "tags": {
          "name": "Channama Layout",
          "place": "neighbourhood"
        }
      }
    },
    {
      "type": "Feature",
      "geometry": {
        "type": "Point",
        "coordinates": [
          77.5815573,
          13.0531468
        ]
      },
      "properties": {
        "id": 12994644712,
        "name": "Sarovara Layout",
        "type": "place",
        "subtype": "neighbourhood",
        "population": null,
        "tags": {
          "name": "Sarovara Layout",
          "place": "neighbourhood"
        }
      }
    },
    {
      "type": "Feature",
      "geometry": {
        "type": "Point",
        "coordinates": [
          77.6849672,
          13.0282472
        ]
      },
      "properties": {
        "id": 13003605178,
        "name": null,
        "type": "place",
        "subtype": "village",
        "population": null,
        "tags": {
          "place": "village"
        }
      }
    },
    {
      "type": "Feature",
      "geometry": {
        "type": "Point",
        "coordinates": [
          77.6053029,
          13.0734404
        ]
      },
      "properties": {
        "id": 13033330827,
        "name": "MCHS Layout",
        "type": "place",
        "subtype": "neighbourhood",
        "population": null,
        "tags": {
          "alt_name": "IAS and IPS Officer's Colony",
          "name": "MCHS Layout",
          "place": "neighbourhood"
        }
      }
    },
    {
      "type": "Feature",
      "geometry": {
        "type": "Point",
        "coordinates": [
          77.7499679,
          12.9373974
        ]
      },
      "properties": {
        "id": 13037016627,
        "name": "Ramaswami Layout",
        "type": "place",
        "subtype": "neighbourhood",
        "population": null,
        "tags": {
          "name": "Ramaswami Layout",
          "place": "neighbourhood"
        }
      }
    },
    {
      "type": "Feature",
      "geometry": {
        "type": "Point",
        "coordinates": [
          77.6067432,
          12.9204015
        ]
      },
      "properties": {
        "id": 13068033897,
        "name": "Maruthi Layout",
        "type": "place",
        "subtype": "neighbourhood",
        "population": null,
        "tags": {
          "name": "Maruthi Layout",
          "place": "neighbourhood"
        }
      }
    },
    {
      "type": "Feature",
      "geometry": {
        "type": "Point",
        "coordinates": [
          77.6778517,
          12.9041861
        ]
      },
      "properties": {
        "id": 13070773912,
        "name": "KPC Layout",
        "type": "place",
        "subtype": "neighbourhood",
        "population": null,
        "tags": {
          "name": "KPC Layout",
          "place": "neighbourhood"
        }
      }
    },
    {
      "type": "Feature",
      "geometry": {
        "type": "Point",
        "coordinates": [
          77.67165,
          13.0181811
        ]
      },
      "properties": {
        "id": 13099742332,
        "name": "Muneshwara Layout",
        "type": "place",
        "subtype": "neighbourhood",
        "population": null,
        "tags": {
          "name": "Muneshwara Layout",
          "place": "neighbourhood"
        }
      }
    },
    {
      "type": "Feature",
      "geometry": {
        "type": "Point",
        "coordinates": [
          77.4391673,
          13.0012265
        ]
      },
      "properties": {
        "id": 13180542767,
        "name": "Brundavana Layout",
        "type": "place",
        "subtype": "neighbourhood",
        "population": null,
        "tags": {
          "name": "Brundavana Layout",
          "place": "neighbourhood"
        }
      }
    },
    {
      "type": "Feature",
      "geometry": {
        "type": "Point",
        "coordinates": [
          77.4393943,
          12.9989589
        ]
      },
      "properties": {
        "id": 13180542768,
        "name": "Balaji Layout",
        "type": "place",
        "subtype": "neighbourhood",
        "population": null,
        "tags": {
          "name": "Balaji Layout",
          "place": "neighbourhood"
        }
      }
    },
    {
      "type": "Feature",
      "geometry": {
        "type": "Point",
        "coordinates": [
          77.6744108,
          12.9659706
        ]
      },
      "properties": {
        "id": 13284716268,
        "name": "Syed Block",
        "type": "place",
        "subtype": "neighbourhood",
        "population": null,
        "tags": {
          "name": "Syed Block",
          "place": "neighbourhood"
        }
      }
    },
    {
      "type": "Feature",
      "geometry": {
        "type": "Point",
        "coordinates": [
          77.7468721,
          12.9400923
        ]
      },
      "properties": {
        "id": 13286934138,
        "name": "Gandhi Circle",
        "type": "place",
        "subtype": "neighbourhood",
        "population": null,
        "tags": {
          "name": "Gandhi Circle",
          "place": "neighbourhood"
        }
      }
    },
    {
      "type": "Feature",
      "geometry": {
        "type": "Point",
        "coordinates": [
          77.5751455,
          13.0377211
        ]
      },
      "properties": {
        "id": 13287526782,
        "name": "NGEF Layout",
        "type": "place",
        "subtype": "neighbourhood",
        "population": null,
        "tags": {
          "name": "NGEF Layout",
          "place": "neighbourhood"
        }
      }
    },
    {
      "type": "Feature",
      "geometry": {
        "type": "Point",
        "coordinates": [
          77.4485815,
          12.9451582
        ]
      },
      "properties": {
        "id": 13287549690,
        "name": "Sulikere Palya",
        "type": "place",
        "subtype": "hamlet",
        "population": null,
        "tags": {
          "name": "Sulikere Palya",
          "place": "hamlet"
        }
      }
    },
    {
      "type": "Feature",
      "geometry": {
        "type": "Point",
        "coordinates": [
          77.4493378,
          12.9238424
        ]
      },
      "properties": {
        "id": 13287549694,
        "name": "Halebyrohalli",
        "type": "place",
        "subtype": "hamlet",
        "population": null,
        "tags": {
          "alt_name": "Ramasandra",
          "name": "Halebyrohalli",
          "name:kn": "ಹಳೇ ಬೈರೋಹಳ್ಳಿ",
          "place": "hamlet"
        }
      }
    },
    {
      "type": "Feature",
      "geometry": {
        "type": "Point",
        "coordinates": [
          77.6803457,
          12.9672445
        ]
      },
      "properties": {
        "id": 13296279145,
        "name": "Talacauvery Layout",
        "type": "place",
        "subtype": "neighbourhood",
        "population": null,
        "tags": {
          "name": "Talacauvery Layout",
          "name:kn": "ತಲಕಾವೇರಿ ಬಡಾವಣೆ",
          "place": "neighbourhood"
        }
      }
    },
    {
      "type": "Feature",
      "geometry": {
        "type": "Point",
        "coordinates": [
          77.6745075,
          12.8977737
        ]
      },
      "properties": {
        "id": 13316652691,
        "name": "Kasavanahalli",
        "type": "place",
        "subtype": "suburb",
        "population": null,
        "tags": {
          "name": "Kasavanahalli",
          "name:kn": "ಕಸವನಹಳ್ಳಿ",
          "name:ta": "கசவனஹள்ளி",
          "place": "suburb"
        }
      }
    },
    {
      "type": "Feature",
      "geometry": {
        "type": "Point",
        "coordinates": [
          77.554129,
          12.9363569
        ]
      },
      "properties": {
        "id": 13325951415,
        "name": "Srinivas Nagar",
        "type": "place",
        "subtype": "neighbourhood",
        "population": null,
        "tags": {
          "name": "Srinivas Nagar",
          "place": "neighbourhood"
        }
      }
    },
    {
      "type": "Feature",
      "geometry": {
        "type": "Point",
        "coordinates": [
          77.7123874,
          12.9308276
        ]
      },
      "properties": {
        "id": 13342712943,
        "name": "Panathur Dinne",
        "type": "place",
        "subtype": "neighbourhood",
        "population": null,
        "tags": {
          "name": "Panathur Dinne",
          "place": "neighbourhood"
        }
      }
    },
    {
      "type": "Feature",
      "geometry": {
        "type": "Point",
        "coordinates": [
          77.7178296,
          12.9524185
        ]
      },
      "properties": {
        "id": 13377519121,
        "name": "GJM Sai Garden Layout",
        "type": "place",
        "subtype": "neighbourhood",
        "population": null,
        "tags": {
          "name": "GJM Sai Garden Layout",
          "place": "neighbourhood"
        }
      }
    },
    {
      "type": "Feature",
      "geometry": {
        "type": "Point",
        "coordinates": [
          77.5418368,
          12.9977407
        ]
      },
      "properties": {
        "id": 13391097191,
        "name": "Maruthi House Building Co-operative Society Layout",
        "type": "place",
        "subtype": "neighbourhood",
        "population": null,
        "tags": {
          "alt_name": "Murthi HBCS Layout",
          "name": "Maruthi House Building Co-operative Society Layout",
          "place": "neighbourhood"
        }
      }
    },
    {
      "type": "Feature",
      "geometry": {
        "type": "Point",
        "coordinates": [
          77.5414636,
          12.9980709
        ]
      },
      "properties": {
        "id": 13391097192,
        "name": "Bhimajyothi LIC HBCS Layout",
        "type": "place",
        "subtype": "neighbourhood",
        "population": null,
        "tags": {
          "name": "Bhimajyothi LIC HBCS Layout",
          "place": "neighbourhood"
        }
      }
    },
    {
      "type": "Feature",
      "geometry": {
        "type": "Point",
        "coordinates": [
          77.6951918,
          12.9708934
        ]
      },
      "properties": {
        "id": 13415315599,
        "name": "Ambedkar Colony",
        "type": "place",
        "subtype": "neighbourhood",
        "population": null,
        "tags": {
          "name": "Ambedkar Colony",
          "place": "neighbourhood"
        }
      }
    },
    {
      "type": "Feature",
      "geometry": {
        "type": "Point",
        "coordinates": [
          77.6981476,
          12.9706019
        ]
      },
      "properties": {
        "id": 13415315696,
        "name": "Wasa Layout",
        "type": "place",
        "subtype": "neighbourhood",
        "population": null,
        "tags": {
          "name": "Wasa Layout",
          "place": "neighbourhood"
        }
      }
    },
    {
      "type": "Feature",
      "geometry": {
        "type": "Point",
        "coordinates": [
          77.4852955,
          12.896025
        ]
      },
      "properties": {
        "id": 13417376503,
        "name": "Chettupalya",
        "type": "place",
        "subtype": "neighbourhood",
        "population": null,
        "tags": {
          "name": "Chettupalya",
          "place": "neighbourhood"
        }
      }
    },
    {
      "type": "Feature",
      "geometry": {
        "type": "Point",
        "coordinates": [
          77.7493148,
          12.9635616
        ]
      },
      "properties": {
        "id": 13420680785,
        "name": "Brooke Bond",
        "type": "place",
        "subtype": "neighbourhood",
        "population": null,
        "tags": {
          "name": "Brooke Bond",
          "place": "neighbourhood"
        }
      }
    }
  ]
}