country,state,city,station,last_update,latitude,longitude,pollutant_id,pollutant_min,pollutant_max,pollutant_avg
India,Andhra_Pradesh,Kadapa,"Yerramukkapalli, Kadapa - APPCB","12-11-2025 02:00:00",14.465052,78.824187,SO2,13,19,15
India,Andhra_Pradesh,Kadapa,"Yerramukkapalli, Kadapa - APPCB","12-11-2025 02:00:00",14.465052,78.824187,OZONE,17,19,18
India,Andhra_Pradesh,Rajamahendravaram,"Anand Kala Kshetram, Rajamahendravaram - APPCB","12-11-2025 02:00:00",16.9872867,81.7363176,PM10,105,167,132
India,Andhra_Pradesh,Rajamahendravaram,"Anand Kala Kshetram, Rajamahendravaram - APPCB","12-11-2025 02:00:00",16.9872867,81.7363176,NH3,3,5,4
India,Andhra_Pradesh,Tirupati,"Vaikuntapuram, Tirupati - APPCB","12-11-2025 02:00:00",13.615387,79.409230,NO2,NA,NA,NA
India,Andhra_Pradesh,Tirupati,"Vaikuntapuram, Tirupati - APPCB","12-11-2025 02:00:00",13.615387,79.409230,SO2,NA,NA,NA
India,Andhra_Pradesh,Tirupati,"Vaikuntapuram, Tirupati - APPCB","12-11-2025 02:00:00",13.615387,79.409230,CO,16,33,18
India,Andhra_Pradesh,Tirupati,"Vaikuntapuram, Tirupati - APPCB","12-11-2025 02:00:00",13.615387,79.409230,OZONE,22,23,22
India,Andhra_Pradesh,Vijayawada,"HB Colony, Vijayawada - APPCB","12-11-2025 02:00:00",16.536107,80.594233,NO2,18,21,19
India,Andhra_Pradesh,Vijayawada,"HB Colony, Vijayawada - APPCB","12-11-2025 02:00:00",16.536107,80.594233,CO,33,41,33
India,Andhra_Pradesh,Vijayawada,"Rajiv Gandhi Park, Vijayawada - APPCB","12-11-2025 02:00:00",16.509717,80.612222,NO2,45,102,68
India,Andhra_Pradesh,Vijayawada,"Rajiv Gandhi Park, Vijayawada - APPCB","12-11-2025 02:00:00",16.509717,80.612222,CO,30,37,34
India,Andhra_Pradesh,Vijayawada,"Rajiv Nagar, Vijayawada - APPCB","12-11-2025 02:00:00",16.554731,80.649110,OZONE,66,148,92
India,Andhra_Pradesh,Visakhapatnam,"GVM Corporation, Visakhapatnam - APPCB","12-11-2025 02:00:00",17.72,83.3,PM10,122,322,150
India,Arunachal_Pradesh,Naharlagun,"Naharlagun, Naharlagun - APSPCB","12-11-2025 02:00:00",27.103358,93.679645,PM10,28,104,66
India,Arunachal_Pradesh,Naharlagun,"Naharlagun, Naharlagun - APSPCB","12-11-2025 02:00:00",27.103358,93.679645,NH3,1,1,1
India,Arunachal_Pradesh,Naharlagun,"Naharlagun, Naharlagun - APSPCB","12-11-2025 02:00:00",27.103358,93.679645,SO2,7,13,10
India,Arunachal_Pradesh,Naharlagun,"Naharlagun, Naharlagun - APSPCB","12-11-2025 02:00:00",27.103358,93.679645,OZONE,4,8,7
India,Assam,Guwahati,"LGBI Airport, Guwahati - PCBA","12-11-2025 02:00:00",26.10887,91.589544,PM2.5,25,73,43
India,Assam,Guwahati,"LGBI Airport, Guwahati - PCBA","12-11-2025 02:00:00",26.10887,91.589544,PM10,28,83,49
India,Assam,Guwahati,"Pan Bazaar, Guwahati - PCBA","12-11-2025 02:00:00",26.187500,91.744194,PM10,34,72,51
India,Assam,Guwahati,"Railway Colony, Guwahati - PCBA","12-11-2025 02:00:00",26.181742,91.78063,SO2,31,34,32
India,Assam,Nagaon,"Christianpatty, Nagaon - PCBA","12-11-2025 02:00:00",26.349082,92.68449,PM10,32,35,32
India,Assam,Nagaon,"Christianpatty, Nagaon - PCBA","12-11-2025 02:00:00",26.349082,92.68449,NH3,4,4,4
India,Assam,Nalbari,"Bata Chowk, Nalbari - PCBA","12-11-2025 02:00:00",26.446912,91.439057,PM2.5,43,173,82
India,Assam,Nalbari,"Bata Chowk, Nalbari - PCBA","12-11-2025 02:00:00",26.446912,91.439057,NO2,8,18,14
India,Bihar,Buxar,"Charitra Van, Buxar - BSPCB","12-11-2025 02:00:00",25.567520,83.966379,OZONE,2,82,2
India,Bihar,Chhapra,"Darshan Nagar, Chhapra - BSPCB","12-11-2025 02:00:00",25.7808257,84.7446768,PM2.5,45,230,86
India,Bihar,Gaya,"Collectorate, Gaya - BSPCB","12-11-2025 02:00:00",24.7955,84.9994,NO2,9,9,9
India,Bihar,Gaya,"Collectorate, Gaya - BSPCB","12-11-2025 02:00:00",24.7955,84.9994,CO,34,66,52
India,Bihar,Gaya,"Kareemganj, Gaya - BSPCB","12-11-2025 02:00:00",24.792403,84.992416,PM2.5,87,283,142
India,Bihar,Gaya,"Kareemganj, Gaya - BSPCB","12-11-2025 02:00:00",24.792403,84.992416,NO2,2,7,5
India,Bihar,Gaya,"Kareemganj, Gaya - BSPCB","12-11-2025 02:00:00",24.792403,84.992416,NH3,5,6,5
India,Bihar,Begusarai,"Lohiyanagar, Begusarai - BSPCB","12-11-2025 02:00:00",25.42742023,86.13886079,PM2.5,57,166,103
India,Bihar,Bettiah,"Kamalnath Nagar, Bettiah - BSPCB","12-11-2025 02:00:00",26.80365,84.51954,PM10,57,150,113
India,Bihar,Bettiah,"Kamalnath Nagar, Bettiah - BSPCB","12-11-2025 02:00:00",26.80365,84.51954,NO2,7,10,8
India,Bihar,Bettiah,"Kamalnath Nagar, Bettiah - BSPCB","12-11-2025 02:00:00",26.80365,84.51954,OZONE,19,22,22
India,Bihar,Bhagalpur,"DM Office_Kachari Chowk, Bhagalpur - BSPCB","12-11-2025 02:00:00",25.251013,86.989001,SO2,3,57,46
India,Bihar,Bhagalpur,"Mayaganj, Bhagalpur - BSPCB","12-11-2025 02:00:00",25.265194,87.012947,PM2.5,62,97,75
India,Bihar,Patna,"DRM Office Danapur, Patna - BSPCB","12-11-2025 02:00:00",25.586562,85.043586,SO2,8,12,9
India,Bihar,Patna,"Govt. High School Shikarpur, Patna - BSPCB","12-11-2025 02:00:00",25.592539,85.227158,NO2,7,14,10
India,Bihar,Patna,"IGSC Planetarium Complex, Patna - BSPCB","12-11-2025 02:00:00",25.610369,85.132568,CO,34,78,55
India,Bihar,Patna,"Muradpur, Patna - BSPCB","12-11-2025 02:00:00",25.619651,85.147382,PM2.5,136,248,183
India,Bihar,Patna,"Muradpur, Patna - BSPCB","12-11-2025 02:00:00",25.619651,85.147382,SO2,7,11,9
India,Bihar,Patna,"Rajbansi Nagar, Patna - BSPCB","12-11-2025 02:00:00",25.599486,85.113666,PM2.5,115,254,174
India,Bihar,Motihari,"Gandak Colony, Motihari - BSPCB","12-11-2025 02:00:00",26.63086,84.90051,CO,36,54,48
India,Bihar,Motihari,"Gandak Colony, Motihari - BSPCB","12-11-2025 02:00:00",26.63086,84.90051,OZONE,2,4,2
India,Bihar,Munger,"Town Hall, Munger - BSPCB","12-11-2025 02:00:00",25.376776,86.471523,OZONE,13,42,14
India,Bihar,Muzaffarpur,"Buddha Colony, Muzaffarpur - BSPCB","12-11-2025 02:00:00",26.11442,85.39813,SO2,2,6,4
India,Bihar,Muzaffarpur,"MIT-Daudpur Kothi, Muzaffarpur - BSPCB","12-11-2025 02:00:00",26.1403345,85.3650192,SO2,8,20,15
India,Bihar,Muzaffarpur,"MIT-Daudpur Kothi, Muzaffarpur - BSPCB","12-11-2025 02:00:00",26.1403345,85.3650192,OZONE,14,71,22
India,Assam,Silchar,"Tarapur, Silchar - PCBA","12-11-2025 02:00:00",24.82827,92.79525,OZONE,2,8,2
India,Assam,Sivasagar,"Girls College, Sivasagar - PCBA","12-11-2025 02:00:00",26.987634,94.636574,NH3,2,6,4
India,Bihar,Araria,"Kharahiya Basti, Araria - BSPCB","12-11-2025 02:00:00",26.146529,87.454184,PM2.5,2,167,60
India,Bihar,Arrah,"New DM Office, Arrah - BSPCB","12-11-2025 02:00:00",25.5626095,84.663264,PM2.5,26,53,42
India,"Andaman and Nicobar","Sri Vijaya Puram","Police Line, Sri Vijaya Puram - ANPCC","12-11-2025 02:00:00",11.654054,92.734055,SO2,NA,NA,NA
India,"Andaman and Nicobar","Sri Vijaya Puram","Police Line, Sri Vijaya Puram - ANPCC","12-11-2025 02:00:00",11.654054,92.734055,CO,28,74,52
India,Andhra_Pradesh,Anantapur,"Gulzarpet, Anantapur - APPCB","12-11-2025 02:00:00",14.675886,77.593027,OZONE,31,72,55
India,Andhra_Pradesh,Chittoor,"Gangineni Cheruvu, Chittoor - APPCB","12-11-2025 02:00:00",13.204880,79.097889,NO2,22,24,23
India,Bihar,Gaya,"SFTI Kusdihra, Gaya - BSPCB","12-11-2025 02:00:00",24.762518,84.982348,NO2,20,22,21
India,Bihar,Gaya,"SFTI Kusdihra, Gaya - BSPCB","12-11-2025 02:00:00",24.762518,84.982348,OZONE,12,36,19
India,Bihar,Katihar,"Mirchaibari, Katihar - BSPCB","12-11-2025 02:00:00",25.560083,87.553265,PM2.5,57,143,89
India,Bihar,Manguraha,"Forest Rest House, Manguraha - BSPCB","12-11-2025 02:00:00",27.308328,84.531742,NH3,1,2,1
India,Chhattisgarh,Raipur,"AIIMS, Raipur - CECB","12-11-2025 02:00:00",21.258815,81.578979,SO2,11,16,13
India,Chhattisgarh,Raipur,"Bhatagaon New ISBT, Raipur - CECB","12-11-2025 02:00:00",21.219665,81.630094,PM2.5,33,115,73
India,Chhattisgarh,Raipur,"Bhatagaon New ISBT, Raipur - CECB","12-11-2025 02:00:00",21.219665,81.630094,CO,40,102,77
India,Chhattisgarh,Raipur,"Krishak Nagar, Raipur - CECB","12-11-2025 02:00:00",21.237755,81.705301,PM10,63,109,89
India,Chhattisgarh,Raipur,"Krishak Nagar, Raipur - CECB","12-11-2025 02:00:00",21.237755,81.705301,NO2,15,20,18
India,Chhattisgarh,Raipur,"Krishak Nagar, Raipur - CECB","12-11-2025 02:00:00",21.237755,81.705301,NH3,2,2,2
India,Chhattisgarh,Raipur,"Siltara Phase-II, Raipur - CECB","12-11-2025 02:00:00",21.371751,81.664929,NO2,6,37,16
India,Chhattisgarh,Raipur,"Siltara Phase-II, Raipur - CECB","12-11-2025 02:00:00",21.371751,81.664929,NH3,3,3,3
India,Chhattisgarh,Raipur,"Siltara Phase-II, Raipur - CECB","12-11-2025 02:00:00",21.371751,81.664929,OZONE,4,19,6
India,Chhattisgarh,Tumidih,"OP Jindal Industrial Park, Tumidih - CECB","12-11-2025 02:00:00",22.06631475,83.33820077,NH3,1,2,1
India,Chhattisgarh,Tumidih,"OP Jindal Industrial Park, Tumidih - CECB","12-11-2025 02:00:00",22.06631475,83.33820077,CO,18,50,36
India,Delhi,Delhi,"Alipur, Delhi - DPCC","12-11-2025 02:00:00",28.815329,77.153010,PM10,185,500,413
India,Chhattisgarh,Chhal,"Nawapara SECL Colony, Chhal - CECB","12-11-2025 02:00:00",22.118125,83.140608,CO,24,57,42
India,Chhattisgarh,Chhal,"Nawapara SECL Colony, Chhal - CECB","12-11-2025 02:00:00",22.118125,83.140608,OZONE,10,180,29
India,Chhattisgarh,Korba,"Rampur, Korba - CECB","12-11-2025 02:00:00",22.368195,82.746431,SO2,7,22,9
India,Chhattisgarh,Korba,"Urja Nagar, Korba - CECB","12-11-2025 02:00:00",22.348441,82.549611,NH3,1,2,2
India,Chhattisgarh,Korba,"Urja Nagar, Korba - CECB","12-11-2025 02:00:00",22.348441,82.549611,SO2,2,19,10
India,Chhattisgarh,Kunjemura,"OP Jindal School, Kunjemura - CECB","12-11-2025 02:00:00",22.126650,83.483212,PM2.5,29,69,50
India,Chhattisgarh,Kunjemura,"OP Jindal School, Kunjemura - CECB","12-11-2025 02:00:00",22.126650,83.483212,OZONE,5,55,12
India,Chhattisgarh,Milupara,"Govt. Higher Secondary School, Milupara - CECB","12-11-2025 02:00:00",22.1910172,83.5197009,PM2.5,NA,NA,NA
India,Chhattisgarh,Milupara,"Govt. Higher Secondary School, Milupara - CECB","12-11-2025 02:00:00",22.1910172,83.5197009,PM10,NA,NA,NA
India,Chhattisgarh,Milupara,"Govt. Higher Secondary School, Milupara - CECB","12-11-2025 02:00:00",22.1910172,83.5197009,SO2,NA,NA,NA
India,Chhattisgarh,Raipur,"AIIMS, Raipur - CECB","12-11-2025 02:00:00",21.258815,81.578979,NH3,4,5,4
India,Chhattisgarh,Bhilai,"32Bungalows, Bhilai - CECB","12-11-2025 02:00:00",21.194815,81.314770,NO2,12,96,43
India,Chhattisgarh,Bhilai,"32Bungalows, Bhilai - CECB","12-11-2025 02:00:00",21.194815,81.314770,CO,10,74,52
India,Chhattisgarh,Bhilai,"Civic Center, Bhilai - Bhilai Steel Plant","12-11-2025 02:00:00",21.185571,81.343175,PM2.5,9,83,40
India,Chhattisgarh,Bhilai,"Civic Center, Bhilai - Bhilai Steel Plant","12-11-2025 02:00:00",21.185571,81.343175,NH3,3,3,3
India,Chhattisgarh,Bhilai,"Civic Center, Bhilai - Bhilai Steel Plant","12-11-2025 02:00:00",21.185571,81.343175,OZONE,5,30,11
India,Chhattisgarh,Bhilai,"Hathkhoj, Bhilai - CECB","12-11-2025 02:00:00",21.224231,81.408350,NO2,20,99,39
India,Chhattisgarh,Bilaspur,"Mangala, Bilaspur - NTPC","12-11-2025 02:00:00",22.08815,82.13737,PM2.5,44,95,69
India,Chhattisgarh,Bilaspur,"Mangala, Bilaspur - NTPC","12-11-2025 02:00:00",22.08815,82.13737,PM10,56,109,85
India,Delhi,Delhi,"CRRI Mathura Road, Delhi - IMD","12-11-2025 02:00:00",28.5512005,77.2735737,PM10,205,481,375
India,Delhi,Delhi,"CRRI Mathura Road, Delhi - IMD","12-11-2025 02:00:00",28.5512005,77.2735737,CO,12,109,94
India,Delhi,Delhi,"Chandni Chowk, Delhi - IITM","12-11-2025 02:00:00",28.656756,77.227234,NH3,8,18,13
India,Delhi,Delhi,"Chandni Chowk, Delhi - IITM","12-11-2025 02:00:00",28.656756,77.227234,OZONE,1,105,18
India,Delhi,Delhi,"DTU, Delhi - CPCB","12-11-2025 02:00:00",28.7500499,77.1112615,PM2.5,117,372,295
India,Delhi,Delhi,"Dr. Karni Singh Shooting Range, Delhi - DPCC","12-11-2025 02:00:00",28.498571,77.264840,NH3,8,10,9
India,Delhi,Delhi,"Dwarka-Sector 8, Delhi - DPCC ","12-11-2025 02:00:00",28.5710274,77.0719006,PM10,245,500,411
India,Bihar,Patna,"Rajbansi Nagar, Patna - BSPCB","12-11-2025 02:00:00",25.599486,85.113666,CO,18,100,62
India,Bihar,Rajgir,"Dangi Tola, Rajgir - BSPCB","12-11-2025 02:00:00",25.03280,85.41948,PM10,38,103,79
India,Bihar,Saharsa,"Police Line, Saharsa - BSPCB","12-11-2025 02:00:00",25.892357,86.590325,OZONE,10,19,12
India,Bihar,Samastipur,"DM Office_Kasipur, Samastipur - BSPCB","12-11-2025 02:00:00",25.859655,85.77944,PM2.5,40,70,58
India,Bihar,Samastipur,"DM Office_Kasipur, Samastipur - BSPCB","12-11-2025 02:00:00",25.859655,85.77944,PM10,40,69,58
India,Delhi,Delhi,"Anand Vihar, Delhi - DPCC","12-11-2025 02:00:00",28.647622,77.3158090,PM2.5,312,500,438
India,Delhi,Delhi,"Aya Nagar, Delhi - IMD","12-11-2025 02:00:00",28.4706914,77.1099364,PM2.5,313,500,398
India,Delhi,Delhi,"Bawana, Delhi - DPCC","12-11-2025 02:00:00",28.776200,77.051074,CO,42,101,92
India,Delhi,Delhi,"Bawana, Delhi - DPCC","12-11-2025 02:00:00",28.776200,77.051074,OZONE,4,196,37
India,Delhi,Delhi,"Burari Crossing, Delhi - IMD","12-11-2025 02:00:00",28.7256504,77.2011573,CO,28,110,92
India,Delhi,Delhi,"Lodhi Road, Delhi - IMD","12-11-2025 02:00:00",28.5918245,77.2273074,CO,32,87,76
India,Delhi,Delhi,"Major Dhyan Chand National Stadium, Delhi - DPCC","12-11-2025 02:00:00",28.611281,77.237738,NH3,14,21,18
India,Delhi,Delhi,"NSIT Dwarka, Delhi - CPCB","12-11-2025 02:00:00",28.60909,77.0325413,PM2.5,44,364,210
India,Delhi,Delhi,"Najafgarh, Delhi - DPCC","12-11-2025 02:00:00",28.570173,76.933762,PM10,159,420,277
India,Bihar,Sasaram,"Dada Peer, Sasaram - BSPCB","12-11-2025 02:00:00",24.952822,84.002396,NH3,2,5,3
India,Bihar,Siwan,"Chitragupta Nagar, Siwan - BSPCB","12-11-2025 02:00:00",26.2271665,84.3570427,OZONE,NA,NA,NA
India,Chandigarh,Chandigarh,"Sector-25, Chandigarh - CPCC","12-11-2025 02:00:00",30.751462,76.762879,PM2.5,48,94,70
India,Delhi,Delhi,"ITO, Delhi - CPCB","12-11-2025 02:00:00",28.628624,77.241060,NO2,32,155,76
India,Gujarat,Ahmedabad,"Raikhad, Ahmedabad - IITM","12-11-2025 02:00:00",23.020509,72.579261,OZONE,2,88,13
India,Gujarat,Ahmedabad,"Rakhial, Ahmedabad - IITM","12-11-2025 02:00:00",23.016834,72.625775,PM2.5,64,374,219
India,Gujarat,Ahmedabad,"Rakhial, Ahmedabad - IITM","12-11-2025 02:00:00",23.016834,72.625775,NO2,6,200,34
India,Gujarat,Ahmedabad,"Rakhial, Ahmedabad - IITM","12-11-2025 02:00:00",23.016834,72.625775,SO2,18,92,52
India,Gujarat,Ahmedabad,"Rakhial, Ahmedabad - IITM","12-11-2025 02:00:00",23.016834,72.625775,CO,20,143,105
India,Gujarat,Ahmedabad,"SAC ISRO Bopal, Ahmedabad - IITM","12-11-2025 02:00:00",23.041137,72.456691,OZONE,1,98,9
India,Gujarat,Ahmedabad,"SAC ISRO Satellite, Ahmedabad - IITM","12-11-2025 02:00:00",23.023389,72.515201,NH3,4,24,10
India,Gujarat,Ahmedabad,"SVPI Airport Hansol, Ahmedabad - IITM","12-11-2025 02:00:00",23.076793,72.627874,PM2.5,52,244,133
India,Gujarat,Ahmedabad,"SVPI Airport Hansol, Ahmedabad - IITM","12-11-2025 02:00:00",23.076793,72.627874,PM10,114,500,198
India,Gujarat,Ahmedabad,"SVPI Airport Hansol, Ahmedabad - IITM","12-11-2025 02:00:00",23.076793,72.627874,NH3,NA,NA,NA
India,Delhi,Delhi,"Shadipur, Delhi - CPCB","12-11-2025 02:00:00",28.6514781,77.1473105,SO2,1,27,8
India,Delhi,Delhi,"Sirifort, Delhi - CPCB","12-11-2025 02:00:00",28.5504249,77.2159377,NO2,47,66,54
India,Delhi,Delhi,"Sonia Vihar, Delhi - DPCC","12-11-2025 02:00:00",28.710508,77.249485,PM10,179,500,380
India,Delhi,Delhi,"Sonia Vihar, Delhi - DPCC","12-11-2025 02:00:00",28.710508,77.249485,NO2,27,123,64
India,Delhi,Delhi,"Sonia Vihar, Delhi - DPCC","12-11-2025 02:00:00",28.710508,77.249485,OZONE,4,282,27
India,Delhi,Delhi,"Sri Aurobindo Marg, Delhi - DPCC","12-11-2025 02:00:00",28.531346,77.190156,PM2.5,302,486,400
India,Delhi,Delhi,"Sri Aurobindo Marg, Delhi - DPCC","12-11-2025 02:00:00",28.531346,77.190156,PM10,157,437,305
India,Delhi,Delhi,"Sri Aurobindo Marg, Delhi - DPCC","12-11-2025 02:00:00",28.531346,77.190156,SO2,5,17,10
India,Delhi,Delhi,"Vivek Vihar, Delhi - DPCC","12-11-2025 02:00:00",28.672342,77.315260,PM2.5,311,500,436
India,Gujarat,Ankleshwar,"GIDC, Ankleshwar - GPCB","12-11-2025 02:00:00",21.613267,73.010555,CO,67,110,99
India,Gujarat,Gandhinagar,"GIFT City, Gandhinagar - IITM","12-11-2025 02:00:00",23.163798,72.677768,NH3,2,25,10
India,Gujarat,Gandhinagar,"GIFT City, Gandhinagar - IITM","12-11-2025 02:00:00",23.163798,72.677768,CO,29,92,68
India,Gujarat,Gandhinagar,"IIPHG Lekawada, Gandhinagar - IITM","12-11-2025 02:00:00",23.243639,72.68994,PM2.5,42,121,77
India,Gujarat,Gandhinagar,"IIPHG Lekawada, Gandhinagar - IITM","12-11-2025 02:00:00",23.243639,72.68994,SO2,3,5,4
India,Gujarat,Gandhinagar,"Sector-10, Gandhinagar - GPCB","12-11-2025 02:00:00",23.221714,72.654328,PM10,82,213,142
India,Haryana,Bahadurgarh,"Arya Nagar, Bahadurgarh - HSPCB","12-11-2025 02:00:00",28.6701,76.9254,OZONE,14,19,17
India,Haryana,Bhiwani,"H.B. Colony, Bhiwani - HSPCB","12-11-2025 02:00:00",28.806223,76.141105,PM2.5,187,460,300
India,Haryana,Bhiwani,"H.B. Colony, Bhiwani - HSPCB","12-11-2025 02:00:00",28.806223,76.141105,NH3,1,8,8
India,Haryana,Bhiwani,"H.B. Colony, Bhiwani - HSPCB","12-11-2025 02:00:00",28.806223,76.141105,CO,10,14,12
India,Haryana,Dharuhera,"Municipal Corporation Office, Dharuhera -  HSPCB","12-11-2025 02:00:00",28.206800,76.799700,PM2.5,156,429,304
India,Haryana,Dharuhera,"Municipal Corporation Office, Dharuhera -  HSPCB","12-11-2025 02:00:00",28.206800,76.799700,SO2,10,22,16
India,Delhi,Delhi,"Narela, Delhi - DPCC","12-11-2025 02:00:00",28.822836,77.101981,CO,10,102,88
India,Delhi,Delhi,"Nehru Nagar, Delhi - DPCC","12-11-2025 02:00:00",28.567890,77.250515,CO,92,137,119
India,Delhi,Delhi,"Nehru Nagar, Delhi - DPCC","12-11-2025 02:00:00",28.567890,77.250515,OZONE,3,306,12
India,Delhi,Delhi,"Okhla Phase-2, Delhi - DPCC","12-11-2025 02:00:00",28.530785,77.271255,PM2.5,319,500,388
India,Delhi,Delhi,"Okhla Phase-2, Delhi - DPCC","12-11-2025 02:00:00",28.530785,77.271255,NO2,NA,NA,NA
India,Delhi,Delhi,"Okhla Phase-2, Delhi - DPCC","12-11-2025 02:00:00",28.530785,77.271255,NH3,NA,NA,NA
India,Delhi,Delhi,"Okhla Phase-2, Delhi - DPCC","12-11-2025 02:00:00",28.530785,77.271255,SO2,NA,NA,NA
India,Delhi,Delhi,"Okhla Phase-2, Delhi - DPCC","12-11-2025 02:00:00",28.530785,77.271255,CO,28,104,89
India,Delhi,Delhi,"Vivek Vihar, Delhi - DPCC","12-11-2025 02:00:00",28.672342,77.315260,OZONE,2,67,4
India,Delhi,Delhi,"Wazirpur, Delhi - DPCC","12-11-2025 02:00:00",28.699793,77.165453,PM10,255,500,456
India,Delhi,Delhi,"Wazirpur, Delhi - DPCC","12-11-2025 02:00:00",28.699793,77.165453,OZONE,10,302,18
India,Gujarat,Ahmedabad,"Gyaspur, Ahmedabad - IITM","12-11-2025 02:00:00",22.977134,72.553024,PM2.5,77,339,230
India,Gujarat,Ahmedabad,"Gyaspur, Ahmedabad - IITM","12-11-2025 02:00:00",22.977134,72.553024,SO2,3,122,52
India,Gujarat,Ahmedabad,"Gyaspur, Ahmedabad - IITM","12-11-2025 02:00:00",22.977134,72.553024,OZONE,2,50,6
India,Delhi,Delhi,"R K Puram, Delhi - DPCC","12-11-2025 02:00:00",28.563262,77.186937,PM2.5,309,500,431
India,Delhi,Delhi,"R K Puram, Delhi - DPCC","12-11-2025 02:00:00",28.563262,77.186937,PM10,187,477,371
India,Delhi,Delhi,"R K Puram, Delhi - DPCC","12-11-2025 02:00:00",28.563262,77.186937,SO2,NA,NA,NA
India,Delhi,Delhi,"R K Puram, Delhi - DPCC","12-11-2025 02:00:00",28.563262,77.186937,CO,18,110,93
India,Delhi,Delhi,"Rohini, Delhi - DPCC","12-11-2025 02:00:00",28.732528,77.119920,PM2.5,318,500,442
India,Delhi,Delhi,"Rohini, Delhi - DPCC","12-11-2025 02:00:00",28.732528,77.119920,NO2,12,59,36
India,Gujarat,Vapi,"Phase-1 GIDC, Vapi - GPCB","12-11-2025 02:00:00",20.362421,72.918013,PM2.5,62,341,229
India,Gujarat,Vapi,"Phase-1 GIDC, Vapi - GPCB","12-11-2025 02:00:00",20.362421,72.918013,PM10,79,216,157
India,Gujarat,Vapi,"Phase-1 GIDC, Vapi - GPCB","12-11-2025 02:00:00",20.362421,72.918013,OZONE,2,2,2
India,Gujarat,Vatva,"Phase-4 GIDC, Vatva - GPCB","12-11-2025 02:00:00",22.969611,72.643500,PM2.5,31,273,133
India,Gujarat,Vatva,"Phase-4 GIDC, Vatva - GPCB","12-11-2025 02:00:00",22.969611,72.643500,CO,10,56,29
India,Delhi,Delhi,"Patparganj, Delhi - DPCC","12-11-2025 02:00:00",28.623763,77.287209,CO,4,110,97
India,Delhi,Delhi,"Punjabi Bagh, Delhi - DPCC","12-11-2025 02:00:00",28.674045,77.131023,NH3,5,7,6
India,Delhi,Delhi,"Pusa, Delhi - DPCC","12-11-2025 02:00:00",28.639652,77.146275,PM10,263,500,396
India,Delhi,Delhi,"Pusa, Delhi - DPCC","12-11-2025 02:00:00",28.639652,77.146275,NH3,6,19,13
India,Haryana,Faridabad,"New Industrial Town, Faridabad - HSPCB","12-11-2025 02:00:00",28.39072,77.30059,OZONE,26,35,29
India,Haryana,Faridabad,"Sector 11, Faridabad - HSPCB","12-11-2025 02:00:00",28.376058,77.315741,NO2,1,67,27
India,Haryana,Faridabad,"Sector 11, Faridabad - HSPCB","12-11-2025 02:00:00",28.376058,77.315741,CO,14,100,68
India,Haryana,Faridabad,"Sector 30, Faridabad - HSPCB","12-11-2025 02:00:00",28.4417,77.3217,PM10,191,198,194
India,Haryana,Faridabad,"Sector 30, Faridabad - HSPCB","12-11-2025 02:00:00",28.4417,77.3217,OZONE,15,19,18
India,Haryana,Fatehabad,"Huda Sector, Fatehabad - HSPCB","12-11-2025 02:00:00",29.503664,75.467934,PM2.5,283,471,379
India,Haryana,Fatehabad,"Huda Sector, Fatehabad - HSPCB","12-11-2025 02:00:00",29.503664,75.467934,PM10,183,500,369
India,Haryana,Gurugram,"NISE Gwal Pahari, Gurugram - IMD","12-11-2025 02:00:00",28.422681,77.148944,PM2.5,320,496,405
India,Haryana,Gurugram,"NISE Gwal Pahari, Gurugram - IMD","12-11-2025 02:00:00",28.422681,77.148944,NO2,21,75,43
India,Haryana,Gurugram,"Sector-51, Gurugram - HSPCB","12-11-2025 02:00:00",28.4227,77.0667,NH3,6,10,8
India,Jammu_and_Kashmir,Srinagar,"Rajbagh, Srinagar - JKSPCB","12-11-2025 02:00:00",34.066206,74.819820,PM2.5,NA,NA,NA
India,Jharkhand,Dhanbad,"Sardar Patel Nagar, Dhanbad - JSPCB","12-11-2025 02:00:00",23.80569,86.44268,NO2,NA,NA,NA
India,Jharkhand,Dhanbad,"Sardar Patel Nagar, Dhanbad - JSPCB","12-11-2025 02:00:00",23.80569,86.44268,SO2,NA,NA,NA
India,Karnataka,Bagalkot,"Vidayagiri, Bagalkot - KSPCB","12-11-2025 02:00:00",16.172806,75.659694,NH3,1,2,1
India,Karnataka,Belgaum,"Ramteerth Nagar, Belgaum - KSPCB","12-11-2025 02:00:00",15.888653,74.541751,PM10,34,149,84
India,Karnataka,Bengaluru,"BTM Layout, Bengaluru - CPCB","12-11-2025 02:00:00",12.9135218,77.5950804,NO2,23,24,23
India,Karnataka,Bengaluru,"BTM Layout, Bengaluru - CPCB","12-11-2025 02:00:00",12.9135218,77.5950804,SO2,19,20,19
India,Haryana,Karnal,"Sector-12, Karnal - HSPCB","12-11-2025 02:00:00",29.695300,77.002700,PM2.5,57,327,189
India,Haryana,Karnal,"Sector-12, Karnal - HSPCB","12-11-2025 02:00:00",29.695300,77.002700,NH3,6,7,6
India,Haryana,Kurukshetra,"Sector-7, Kurukshetra - HSPCB","12-11-2025 02:00:00",29.966942,76.875879,PM2.5,74,246,168
India,Haryana,Kurukshetra,"Sector-7, Kurukshetra - HSPCB","12-11-2025 02:00:00",29.966942,76.875879,CO,20,49,36
India,Haryana,Mandikhera,"General Hospital, Mandikhera - HSPCB","12-11-2025 02:00:00",27.9002,76.9938,PM2.5,77,201,122
India,Haryana,Mandikhera,"General Hospital, Mandikhera - HSPCB","12-11-2025 02:00:00",27.9002,76.9938,SO2,32,39,34
India,Haryana,Mandikhera,"General Hospital, Mandikhera - HSPCB","12-11-2025 02:00:00",27.9002,76.9938,OZONE,25,33,27
India,Haryana,Manesar,"Sector-2 IMT, Manesar - HSPCB","12-11-2025 02:00:00",28.360699,76.936090,OZONE,7,35,9
India,Karnataka,Bengaluru,"Kasturi Nagar, Bengaluru - KSPCB","12-11-2025 02:00:00",13.003872,77.664217,CO,40,57,49
India,Karnataka,Bengaluru,"Kasturi Nagar, Bengaluru - KSPCB","12-11-2025 02:00:00",13.003872,77.664217,OZONE,20,21,20
India,Karnataka,Bengaluru,"Sanegurava Halli, Bengaluru - KSPCB","12-11-2025 02:00:00",12.990328,77.5431385,SO2,7,7,7
India,Karnataka,Bengaluru,"Shivapura_Peenya, Bengaluru - KSPCB","12-11-2025 02:00:00",13.0246342,77.5080115,SO2,NA,NA,NA
India,Karnataka,Bengaluru,"Shivapura_Peenya, Bengaluru - KSPCB","12-11-2025 02:00:00",13.0246342,77.5080115,CO,54,70,63
India,Karnataka,Bengaluru,"Silk Board, Bengaluru - KSPCB","12-11-2025 02:00:00",12.917348,77.622813,PM10,101,199,126
India,Karnataka,Bengaluru,"Silk Board, Bengaluru - KSPCB","12-11-2025 02:00:00",12.917348,77.622813,NH3,2,2,2
India,Haryana,Gurugram,"Sector-51, Gurugram - HSPCB","12-11-2025 02:00:00",28.4227,77.0667,CO,62,142,106
India,Haryana,Gurugram,"Teri Gram, Gurugram - HSPCB","12-11-2025 02:00:00",28.4275,77.1465,PM2.5,NA,NA,NA
India,Haryana,Gurugram,"Teri Gram, Gurugram - HSPCB","12-11-2025 02:00:00",28.4275,77.1465,NO2,NA,NA,NA
India,Haryana,Gurugram,"Vikas Sadan, Gurugram - HSPCB","12-11-2025 02:00:00",28.4501238,77.0263051,PM2.5,176,380,290
India,Haryana,Gurugram,"Vikas Sadan, Gurugram - HSPCB","12-11-2025 02:00:00",28.4501238,77.0263051,SO2,3,8,5
India,Haryana,Kaithal,"Rishi Nagar, Kaithal - HSPCB","12-11-2025 02:00:00",29.8006,76.4155,SO2,27,36,31
India,Karnataka,Bengaluru,"BWSSB Kadabesanahalli, Bengaluru - CPCB","12-11-2025 02:00:00",12.9352049,77.6814488,NO2,23,25,25
India,Karnataka,Bengaluru,"BWSSB Kadabesanahalli, Bengaluru - CPCB","12-11-2025 02:00:00",12.9352049,77.6814488,SO2,2,11,5
India,Karnataka,Bengaluru,"City Railway Station, Bengaluru - KSPCB","12-11-2025 02:00:00",12.9756843,77.5660749,PM10,NA,NA,NA
India,Karnataka,Bengaluru,"Hombegowda Nagar, Bengaluru - KSPCB","12-11-2025 02:00:00",12.938539,77.590100,OZONE,5,80,23
India,Karnataka,Bengaluru,"Jayanagar 5th Block, Bengaluru - KSPCB","12-11-2025 02:00:00",12.920984,77.584908,CO,8,96,40
India,Haryana,Sirsa,"F-Block, Sirsa - HSPCB","12-11-2025 02:00:00",29.536400,75.015800,PM2.5,213,416,333
India,Haryana,Sonipat,"Murthal, Sonipat - HSPCB","12-11-2025 02:00:00",29.027200,77.062100,CO,36,38,37
India,"Himachal Pradesh",Baddi,"HIMUDA Complex Phase-1, Baddi - HPPCB","12-11-2025 02:00:00",30.943887,76.801991,CO,40,94,76
India,Haryana,Palwal,"Shyam Nagar, Palwal - HSPCB","12-11-2025 02:00:00",28.1485564,77.3320667,PM2.5,145,291,211
India,Haryana,Panchkula,"Sector-6, Panchkula - HSPCB ","12-11-2025 02:00:00",30.7057778,76.8531805555555,PM2.5,33,237,99
India,Haryana,Panipat,"Sector-18, Panipat - HSPCB","12-11-2025 02:00:00",29.432304,76.972765,CO,24,26,25
India,Karnataka,Bengaluru,"Jigani, Bengaluru - KSPCB","12-11-2025 02:00:00",12.7816279,77.6299145,PM10,39,500,136
India,Karnataka,Bidar,"Naubad, Bidar - KSPCB","12-11-2025 02:00:00",17.930306,77.482194,PM10,NA,NA,NA
India,Karnataka,Bidar,"Naubad, Bidar - KSPCB","12-11-2025 02:00:00",17.930306,77.482194,NO2,NA,NA,NA
India,Karnataka,Bidar,"Naubad, Bidar - KSPCB","12-11-2025 02:00:00",17.930306,77.482194,CO,NA,NA,NA
India,Karnataka,Chamarajanagar,"Urban, Chamarajanagar - KSPCB","12-11-2025 02:00:00",11.55358,76.55521,NO2,14,35,20
India,Karnataka,Chamarajanagar,"Urban, Chamarajanagar - KSPCB","12-11-2025 02:00:00",11.55358,76.55521,SO2,2,7,4
India,Karnataka,Chikkamagaluru,"Kalyana Nagara, Chikkamagaluru - KSPCB","12-11-2025 02:00:00",13.328028,75.797056,NH3,NA,NA,NA
India,Karnataka,Davanagere,"Devaraj Urs Badavane, Davanagere - KSPCB","12-11-2025 02:00:00",14.475800,75.905200,NH3,1,4,2
India,Karnataka,Davanagere,"Devaraj Urs Badavane, Davanagere - KSPCB","12-11-2025 02:00:00",14.475800,75.905200,SO2,1,6,3
India,Karnataka,Davanagere,"Devaraj Urs Badavane, Davanagere - KSPCB","12-11-2025 02:00:00",14.475800,75.905200,OZONE,20,22,21
India,Karnataka,Dharwad,"Kalabhavan, Dharwad - KSPCB","12-11-2025 02:00:00",15.459706,75.008381,SO2,1,5,3
India,Karnataka,Koppal,"Diwator Nagar, Koppal - KSPCB","12-11-2025 02:00:00",15.347630,76.181767,CO,5,40,28
India,Karnataka,Madikeri,"Stuart Hill, Madikeri - KSPCB","12-11-2025 02:00:00",12.415911,75.735050,PM10,30,70,45
India,Karnataka,Mysuru,"Hebbal 1st Stage, Mysuru - KSPCB","12-11-2025 02:00:00",12.21041,76.37376,PM10,29,195,86
India,Karnataka,Mysuru,"Hebbal 1st Stage, Mysuru - KSPCB","12-11-2025 02:00:00",12.21041,76.37376,NO2,15,27,20
India,Karnataka,Mysuru,"Hebbal 1st Stage, Mysuru - KSPCB","12-11-2025 02:00:00",12.21041,76.37376,OZONE,11,103,30
India,Karnataka,Shivamogga,"Vinoba Nagara, Shivamogga - KSPCB","12-11-2025 02:00:00",13.940000,75.555917,SO2,3,5,4
India,Karnataka,Shivamogga,"Vinoba Nagara, Shivamogga - KSPCB","12-11-2025 02:00:00",13.940000,75.555917,OZONE,19,80,44
India,Karnataka,Tumakuru,"Thimmalapura, Tumakuru - KSPCB","12-11-2025 02:00:00",13.377516,77.099072,PM2.5,NA,NA,NA
India,Kerala,Thiruvananthapuram,"Plammoodu, Thiruvananthapuram - Kerala PCB","12-11-2025 02:00:00",8.5149093,76.9435879,NO2,8,104,41
India,"Madhya Pradesh",Bhopal,"Idgah Hills, Bhopal - MPPCB","12-11-2025 02:00:00",23.264759,77.381568,SO2,7,11,10
India,"Madhya Pradesh",Bhopal,"Idgah Hills, Bhopal - MPPCB","12-11-2025 02:00:00",23.264759,77.381568,CO,26,61,36
India,"Madhya Pradesh",Bhopal,"Paryavaran Parisar, Bhopal - MPPCB","12-11-2025 02:00:00",23.210494,77.425409,PM2.5,78,328,191
India,"Madhya Pradesh",Bhopal,"Paryavaran Parisar, Bhopal - MPPCB","12-11-2025 02:00:00",23.210494,77.425409,PM10,108,344,183
India,"Madhya Pradesh",Bhopal,"T T Nagar, Bhopal - MPPCB","12-11-2025 02:00:00",23.233584,77.400574,PM10,129,247,188
India,"Madhya Pradesh",Bhopal,"T T Nagar, Bhopal - MPPCB","12-11-2025 02:00:00",23.233584,77.400574,NH3,4,6,5
India,"Madhya Pradesh",Gwalior,"Maharaj Bada, Gwalior - MPPCB","12-11-2025 02:00:00",26.200388,78.147714,CO,2,110,76
India,"Madhya Pradesh",Indore,"Chhoti Gwaltoli, Indore - MPPCB","12-11-2025 02:00:00",22.4310,75.5213,NO2,111,201,152
India,"Madhya Pradesh",Indore,"Chhoti Gwaltoli, Indore - MPPCB","12-11-2025 02:00:00",22.4310,75.5213,NH3,1,12,7
India,"Madhya Pradesh",Indore,"Regional Park, Indore - IMC","12-11-2025 02:00:00",22.6780,75.8559,PM10,48,149,83
India,"Madhya Pradesh",Indore,"Regional Park, Indore - IMC","12-11-2025 02:00:00",22.6780,75.8559,CO,22,36,30
India,"Madhya Pradesh",Indore,"Regional Park, Indore - IMC","12-11-2025 02:00:00",22.6780,75.8559,OZONE,10,17,14
India,"Madhya Pradesh",Indore,"Residency Area, Indore - IMC","12-11-2025 02:00:00",22.7084,75.8815,CO,NA,NA,NA
India,"Madhya Pradesh",Jabalpur,"Gupteshwar, Jabalpur - JMC","12-11-2025 02:00:00",23.142888,79.916147,NO2,11,123,37
India,"Madhya Pradesh",Jabalpur,"Marhatal, Jabalpur - MPPCB","12-11-2025 02:00:00",23.168606,79.932247,NH3,3,5,4
India,"Madhya Pradesh",Jabalpur,"Marhatal, Jabalpur - MPPCB","12-11-2025 02:00:00",23.168606,79.932247,CO,18,118,70
India,"Madhya Pradesh",Jabalpur,"Marhatal, Jabalpur - MPPCB","12-11-2025 02:00:00",23.168606,79.932247,OZONE,2,94,15
India,"Madhya Pradesh",Jabalpur,"Suhagi, Jabalpur - JMC","12-11-2025 02:00:00",23.218135,79.957770,PM10,102,193,140
India,"Madhya Pradesh",Jabalpur,"Suhagi, Jabalpur - JMC","12-11-2025 02:00:00",23.218135,79.957770,SO2,2,4,4
India,"Madhya Pradesh",Jabalpur,"Suhagi, Jabalpur - JMC","12-11-2025 02:00:00",23.218135,79.957770,CO,16,105,46
India,Kerala,Kollam,"Polayathode, Kollam - Kerala PCB","12-11-2025 02:00:00",8.8787,76.6073,PM2.5,NA,NA,NA
India,Kerala,Kollam,"Polayathode, Kollam - Kerala PCB","12-11-2025 02:00:00",8.8787,76.6073,SO2,NA,NA,NA
India,Kerala,Thiruvananthapuram,"Kariavattom, Thiruvananthapuram - Kerala PCB","12-11-2025 02:00:00",8.563700,76.886500,PM2.5,33,38,36
India,Kerala,Thiruvananthapuram,"Kariavattom, Thiruvananthapuram - Kerala PCB","12-11-2025 02:00:00",8.563700,76.886500,NO2,6,7,7
India,Kerala,Thiruvananthapuram,"Kariavattom, Thiruvananthapuram - Kerala PCB","12-11-2025 02:00:00",8.563700,76.886500,SO2,1,11,3
India,Kerala,Thiruvananthapuram,"Kariavattom, Thiruvananthapuram - Kerala PCB","12-11-2025 02:00:00",8.563700,76.886500,CO,36,73,54
India,Karnataka,Dharwad,"Kalabhavan, Dharwad - KSPCB","12-11-2025 02:00:00",15.459706,75.008381,OZONE,21,27,21
India,Karnataka,Gadag,"Panchal Nagar, Gadag - KSPCB","12-11-2025 02:00:00",15.411456,75.638133,PM2.5,17,32,24
India,Karnataka,Hubballi,"Lingaraj Nagar, Hubballi - KSPCB","12-11-2025 02:00:00",15.3714823,75.1160168,SO2,1,1,1
India,Karnataka,Koppal,"Diwator Nagar, Koppal - KSPCB","12-11-2025 02:00:00",15.347630,76.181767,PM2.5,22,38,26
India,Karnataka,Udupi,"Brahmagiri, Udupi - KSPCB","12-11-2025 02:00:00",13.34194444,74.74694444,NO2,NA,NA,NA
India,Karnataka,Vijayapura,"Ibrahimpur, Vijayapura - KSPCB","12-11-2025 02:00:00",16.802639,75.722694,PM10,42,43,42
India,Karnataka,Vijayapura,"Ibrahimpur, Vijayapura - KSPCB","12-11-2025 02:00:00",16.802639,75.722694,NH3,1,2,1
India,Karnataka,Vijayapura,"Ibrahimpur, Vijayapura - KSPCB","12-11-2025 02:00:00",16.802639,75.722694,OZONE,14,17,16
India,Karnataka,Yadgir,"Collector Office, Yadgir - KSPCB","12-11-2025 02:00:00",16.7602,77.1428,SO2,NA,NA,NA
India,"Madhya Pradesh",Dewas,"Bhopal Chauraha, Dewas - MPPCB","12-11-2025 02:00:00",22.9682591,76.064118,PM2.5,70,221,104
India,"Madhya Pradesh",Dewas,"Bhopal Chauraha, Dewas - MPPCB","12-11-2025 02:00:00",22.9682591,76.064118,NH3,2,2,2
India,"Madhya Pradesh",Gwalior,"Deen Dayal Nagar, Gwalior - MPPCB","12-11-2025 02:00:00",26.259242,78.216432,PM10,89,451,206
India,"Madhya Pradesh",Gwalior,"Deen Dayal Nagar, Gwalior - MPPCB","12-11-2025 02:00:00",26.259242,78.216432,OZONE,1,275,22
India,Maharashtra,Amravati,"Shri Shivaji Science College, Amravati - MPCB","12-11-2025 02:00:00",20.939198,77.765701,PM10,78,408,162
India,Maharashtra,Amravati,"Shri Shivaji Science College, Amravati - MPCB","12-11-2025 02:00:00",20.939198,77.765701,SO2,NA,NA,NA
India,Maharashtra,Aurangabad,"MIDC Chilkalthana, Aurangabad - MPCB","12-11-2025 02:00:00",19.875620,75.387310,NO2,19,125,59
India,Maharashtra,Aurangabad,"MIDC Chilkalthana, Aurangabad - MPCB","12-11-2025 02:00:00",19.875620,75.387310,NH3,2,3,2
India,Maharashtra,Aurangabad,"MIDC Chilkalthana, Aurangabad - MPCB","12-11-2025 02:00:00",19.875620,75.387310,SO2,1,2,1
India,Maharashtra,Aurangabad,"Rachnakar Colony, Aurangabad - MPCB","12-11-2025 02:00:00",19.863756,75.321188,CO,22,64,47
India,Maharashtra,Badlapur,"Katrap, Badlapur - MPCB","12-11-2025 02:00:00",19.16485,73.23409,OZONE,12,86,26
India,Maharashtra,Belapur,"CBD Belapur, Belapur - MPCB","12-11-2025 02:00:00",19.0243902,73.0406721,PM2.5,54,171,108
India,"Madhya Pradesh",Satna,"Bandhavgar Colony, Satna - Birla Cement","12-11-2025 02:00:00",24.58434363,80.8549414,SO2,19,25,21
India,"Madhya Pradesh",Satna,"Bandhavgar Colony, Satna - Birla Cement","12-11-2025 02:00:00",24.58434363,80.8549414,CO,22,84,49
India,"Madhya Pradesh",Singrauli,"Suryakiran Bhawan NCL, Singrauli - MPPCB","12-11-2025 02:00:00",24.108970,82.645580,OZONE,11,91,15
India,Maharashtra,Ahmednagar,"Tarakpur, Ahmednagar - MPCB","12-11-2025 02:00:00",19.10122,74.73339,SO2,2,6,4
India,Maharashtra,Amravati,"Shivneri Colony, Amravati - MPCB","12-11-2025 02:00:00",20.9402359,77.7895248,PM2.5,60,166,108
India,Maharashtra,Mumbai,"Bandra Kurla Complex, Mumbai - IITM","12-11-2025 02:00:00",19.053536,72.84643,NO2,31,57,43
India,Maharashtra,Mumbai,"Bandra Kurla Complex, Mumbai - MPCB","12-11-2025 02:00:00",19.065931,72.862131,PM10,103,220,147
India,Maharashtra,Mumbai,"Bandra Kurla Complex, Mumbai - MPCB","12-11-2025 02:00:00",19.065931,72.862131,SO2,4,14,7
India,Maharashtra,Mumbai,"Borivali East, Mumbai - IITM","12-11-2025 02:00:00",19.23241,72.86895,OZONE,NA,NA,NA
India,Maharashtra,Mumbai,"Byculla, Mumbai - BMC","12-11-2025 02:00:00",18.9767,72.8380,PM2.5,NA,NA,NA
India,Maharashtra,Mumbai,"Byculla, Mumbai - BMC","12-11-2025 02:00:00",18.9767,72.8380,PM10,NA,NA,NA
India,Maharashtra,Mumbai,"Byculla, Mumbai - BMC","12-11-2025 02:00:00",18.9767,72.8380,NO2,NA,NA,NA
India,Maharashtra,Jalna,"Old MIDC, Jalna - MPCB","12-11-2025 02:00:00",19.854616,75.905894,OZONE,18,188,64
India,Maharashtra,Kalyan,"Khadakpada, Kalyan - MPCB","12-11-2025 02:00:00",19.25292,73.142019,NH3,1,1,1
India,Maharashtra,Kalyan,"Khadakpada, Kalyan - MPCB","12-11-2025 02:00:00",19.25292,73.142019,CO,60,101,92
India,Maharashtra,Kolhapur,"Shivaji University, Kolhapur - MPCB","12-11-2025 02:00:00",16.6870449,74.2505872,PM2.5,NA,NA,NA
India,Maharashtra,Latur,"Sawe Wadi, Latur - MPCB","12-11-2025 02:00:00",18.39963,76.57452,SO2,2,4,3
India,Maharashtra,Latur,"Sawe Wadi, Latur - MPCB","12-11-2025 02:00:00",18.39963,76.57452,OZONE,47,148,83
India,Maharashtra,Mahad,"Kamble Tarf Birwadi, Mahad - MPCB","12-11-2025 02:00:00",18.1023399,73.4783687,PM2.5,NA,NA,NA
India,Maharashtra,Mahad,"Kamble Tarf Birwadi, Mahad - MPCB","12-11-2025 02:00:00",18.1023399,73.4783687,CO,5,24,17
India,Maharashtra,Dhule,"Deopur, Dhule - MPCB","12-11-2025 02:00:00",20.918946,74.776388,OZONE,16,39,17
India,Maharashtra,Jalgaon,"Prabhat Colony, Jalgaon - MPCB","12-11-2025 02:00:00",21.001264,75.565602,PM2.5,83,258,121
India,Maharashtra,Jalgaon,"Prabhat Colony, Jalgaon - MPCB","12-11-2025 02:00:00",21.001264,75.565602,NO2,5,32,12
India,Maharashtra,Jalgaon,"Prabhat Colony, Jalgaon - MPCB","12-11-2025 02:00:00",21.001264,75.565602,CO,20,74,45
India,Maharashtra,Kolhapur,"Shivaji University, Kolhapur - MPCB","12-11-2025 02:00:00",16.6870449,74.2505872,OZONE,5,88,30
India,Maharashtra,Kolhapur,"Sinchan Bhavan, Kolhapur - MPCB","12-11-2025 02:00:00",16.7143745,74.2426398,OZONE,12,71,27
India,Maharashtra,Latur,"Sawe Wadi, Latur - MPCB","12-11-2025 02:00:00",18.39963,76.57452,PM2.5,44,156,85
India,Maharashtra,Boisar,"Khaira, Boisar - MPCB","12-11-2025 02:00:00",19.786089,72.757971,PM2.5,55,111,75
India,Maharashtra,Chandrapur,"Chauhan Colony, Chandrapur - MPCB","12-11-2025 02:00:00",19.962900,79.298714,NO2,30,34,32
India,Maharashtra,Chandrapur,"Chauhan Colony, Chandrapur - MPCB","12-11-2025 02:00:00",19.962900,79.298714,SO2,30,30,30
India,"Madhya Pradesh",Katni,"Gole Bazar, Katni - MPPCB","12-11-2025 02:00:00",23.50016,80.23284,PM10,60,244,145
India,"Madhya Pradesh",Sagar,"Civil Lines, Sagar - MPPCB","12-11-2025 02:00:00",23.838586,78.759431,SO2,6,15,10
India,Maharashtra,Pimpri-Chinchwad,"Gavalinagar, Pimpri Chinchwad - MPCB","12-11-2025 02:00:00",18.63673,73.82487,NO2,18,121,57
India,Maharashtra,Pimpri-Chinchwad,"Gavalinagar, Pimpri Chinchwad - MPCB","12-11-2025 02:00:00",18.63673,73.82487,NH3,8,15,10
India,Maharashtra,Pimpri-Chinchwad,"Park Street Wakad, Pimpri Chinchwad - MPCB","12-11-2025 02:00:00",18.59051,73.77946,PM2.5,75,195,125
India,Maharashtra,Pimpri-Chinchwad,"Park Street Wakad, Pimpri Chinchwad - MPCB","12-11-2025 02:00:00",18.59051,73.77946,NH3,2,3,3
India,Maharashtra,Pimpri-Chinchwad,"Park Street Wakad, Pimpri Chinchwad - MPCB","12-11-2025 02:00:00",18.59051,73.77946,CO,24,81,49
India,Maharashtra,Pimpri-Chinchwad,"Savta Mali Nagar, Pimpri-Chinchwad - IITM","12-11-2025 02:00:00",18.614767,73.799516,CO,48,103,93
India,Maharashtra,Pimpri-Chinchwad,"Savta Mali Nagar, Pimpri-Chinchwad - IITM","12-11-2025 02:00:00",18.614767,73.799516,OZONE,2,72,20
India,Maharashtra,Pimpri-Chinchwad,"Thergaon, Pimpri Chinchwad - MPCB","12-11-2025 02:00:00",18.616318,73.765797,PM10,109,164,129
India,Maharashtra,Pimpri-Chinchwad,"Thergaon, Pimpri Chinchwad - MPCB","12-11-2025 02:00:00",18.616318,73.765797,NH3,3,4,3
India,Maharashtra,Pimpri-Chinchwad,"Thergaon, Pimpri Chinchwad - MPCB","12-11-2025 02:00:00",18.616318,73.765797,SO2,2,4,2
India,Maharashtra,Pune,"Bhumkar Nagar, Pune - IITM","12-11-2025 02:00:00",18.605770,73.749976,CO,46,110,102
India,Maharashtra,Mumbai,"Vasai West, Mumbai - MPCB","12-11-2025 02:00:00",19.383200,72.820400,CO,46,50,48
India,Maharashtra,Mumbai,"Vile Parle West, Mumbai - MPCB","12-11-2025 02:00:00",19.10861,72.83622,PM2.5,NA,NA,NA
India,Maharashtra,Mumbai,"Vile Parle West, Mumbai - MPCB","12-11-2025 02:00:00",19.10861,72.83622,OZONE,8,27,27
India,Maharashtra,Mumbai,"Worli, Mumbai - MPCB","12-11-2025 02:00:00",18.9936162,72.8128113,PM10,NA,NA,NA
India,Maharashtra,Mumbai,"Worli, Mumbai - MPCB","12-11-2025 02:00:00",18.9936162,72.8128113,SO2,NA,NA,NA
India,Maharashtra,Nagpur,"Ambazari, Nagpur - MPCB","12-11-2025 02:00:00",21.121801,79.04952,PM2.5,70,152,116
India,Maharashtra,Nagpur,"Ambazari, Nagpur - MPCB","12-11-2025 02:00:00",21.121801,79.04952,NH3,3,17,7
India,Maharashtra,Nagpur,"Mahal, Nagpur - MPCB","12-11-2025 02:00:00",21.14472,79.107595,NO2,18,113,54
India,Maharashtra,Nagpur,"Ram Nagar, Nagpur - MPCB","12-11-2025 02:00:00",21.143383,79.048912,PM2.5,94,186,133
India,Maharashtra,Nagpur,"Ram Nagar, Nagpur - MPCB","12-11-2025 02:00:00",21.143383,79.048912,NO2,10,52,24
India,Maharashtra,Nagpur,"Ram Nagar, Nagpur - MPCB","12-11-2025 02:00:00",21.143383,79.048912,CO,14,103,57
India,Maharashtra,Nagpur,"Ram Nagar, Nagpur - MPCB","12-11-2025 02:00:00",21.143383,79.048912,OZONE,4,73,20
India,Maharashtra,Nanded,"Sneh Nagar, Nanded - MPCB","12-11-2025 02:00:00",19.173852,77.296291,NH3,3,5,4
India,Maharashtra,Nanded,"Sneh Nagar, Nanded - MPCB","12-11-2025 02:00:00",19.173852,77.296291,SO2,11,12,11
India,Maharashtra,Nashik,"Gangapur Road, Nashik - MPCB","12-11-2025 02:00:00",20.0073285,73.7762427,NO2,NA,NA,NA
India,Maharashtra,Nashik,"Hirawadi, Nashik - MPCB","12-11-2025 02:00:00",20.021503,73.813844,SO2,1,28,7
India,Maharashtra,Mumbai,"Malad West, Mumbai - IITM","12-11-2025 02:00:00",19.19709,72.82204,PM2.5,51,139,90
India,Maharashtra,Mumbai,"Malad West, Mumbai - IITM","12-11-2025 02:00:00",19.19709,72.82204,NO2,NA,NA,NA
India,Maharashtra,Mumbai,"Mazgaon, Mumbai - IITM","12-11-2025 02:00:00",18.96702,72.84214,PM2.5,57,239,120
India,Maharashtra,Mumbai,"Mazgaon, Mumbai - IITM","12-11-2025 02:00:00",18.96702,72.84214,NO2,41,118,74
India,Maharashtra,Mumbai,"Mindspace-Malad West, Mumbai - MPCB","12-11-2025 02:00:00",19.1878657,72.8304069,PM2.5,NA,NA,NA
India,Maharashtra,Mumbai,"Navy Nagar-Colaba, Mumbai - IITM","12-11-2025 02:00:00",18.897756,72.813320,NO2,41,200,106
India,Maharashtra,Mumbai,"Navy Nagar-Colaba, Mumbai - IITM","12-11-2025 02:00:00",18.897756,72.813320,SO2,3,57,24
India,Maharashtra,"Navi Mumbai","Sanpada, Navi Mumbai - MPCB","12-11-2025 02:00:00",19.0575752,73.0151367,PM2.5,66,189,100
India,Maharashtra,"Navi Mumbai","Sanpada, Navi Mumbai - MPCB","12-11-2025 02:00:00",19.0575752,73.0151367,NO2,6,15,9
India,Maharashtra,"Navi Mumbai","Sector-2E Kalamboli, Navi Mumbai - MPCB","12-11-2025 02:00:00",19.02579,73.10297,PM2.5,85,321,168
India,Maharashtra,Parbhani,"Masoom Colony, Parbhani - MPCB","12-11-2025 02:00:00",19.265594,76.761463,OZONE,38,40,39
India,Maharashtra,Pimpri-Chinchwad,"Gavalinagar, Pimpri Chinchwad - MPCB","12-11-2025 02:00:00",18.63673,73.82487,PM2.5,73,111,91
India,Maharashtra,Mumbai,"Chembur, Mumbai - MPCB","12-11-2025 02:00:00",19.0364585,72.8954371,CO,26,58,42
India,Maharashtra,Mumbai,"Chhatrapati Shivaji Intl. Airport (T2), Mumbai - MPCB","12-11-2025 02:00:00",19.10078,72.87462,NO2,NA,NA,NA
India,Maharashtra,Mumbai,"Deonar, Mumbai - IITM","12-11-2025 02:00:00",19.04946,72.9230,SO2,4,12,7
India,Maharashtra,Mumbai,"Deonar, Mumbai - IITM","12-11-2025 02:00:00",19.04946,72.9230,OZONE,1,65,16
India,Maharashtra,Mumbai,"Ghatkopar, Mumbai - BMC","12-11-2025 02:00:00",19.083694,72.920967,PM10,NA,NA,NA
India,Maharashtra,Mumbai,"Ghatkopar, Mumbai - BMC","12-11-2025 02:00:00",19.083694,72.920967,NH3,3,15,8
India,Maharashtra,Mumbai,"Ghatkopar, Mumbai - BMC","12-11-2025 02:00:00",19.083694,72.920967,OZONE,3,175,38
India,Maharashtra,Mumbai,"Kandivali East, Mumbai - MPCB","12-11-2025 02:00:00",19.205800,72.868200,CO,11,28,18
India,Maharashtra,Mumbai,"Kandivali West, Mumbai - BMC","12-11-2025 02:00:00",19.215859,72.831718,NO2,12,63,30
India,Maharashtra,Mumbai,"Kherwadi_Bandra East, Mumbai - MPCB","12-11-2025 02:00:00",19.0632143,72.8456324,NO2,11,92,45
India,Maharashtra,Mumbai,"Kurla, Mumbai - MPCB","12-11-2025 02:00:00",19.0863,72.8888,NH3,1,2,2
India,Maharashtra,Nashik,"MIDC Ambad, Nashik - MPCB","12-11-2025 02:00:00",19.950220,73.731480,PM2.5,19,102,73
India,Maharashtra,Nashik,"MIDC Ambad, Nashik - MPCB","12-11-2025 02:00:00",19.950220,73.731480,SO2,10,15,12
India,Maharashtra,Nashik,"Pandav Nagari, Nashik - MPCB","12-11-2025 02:00:00",19.9591346,73.7788008,SO2,1,9,5
India,Maharashtra,Nashik,"Pandav Nagari, Nashik - MPCB","12-11-2025 02:00:00",19.9591346,73.7788008,OZONE,1,81,26
India,Maharashtra,"Navi Mumbai","Nerul, Navi Mumbai - MPCB","12-11-2025 02:00:00",19.008751,73.016620,PM10,NA,NA,NA
India,Maharashtra,Mumbai,"Sion, Mumbai - MPCB","12-11-2025 02:00:00",19.047000,72.874600,PM10,NA,NA,NA
India,Punjab,Jalandhar,"Civil Line, Jalandhar - PPCB","12-11-2025 02:00:00",31.321907,75.578914,OZONE,39,44,41
India,Punjab,Khanna,"Kalal Majra, Khanna - PPCB","12-11-2025 02:00:00","30.736056 ",76.209694,PM10,80,167,121
India,Punjab,Khanna,"Kalal Majra, Khanna - PPCB","12-11-2025 02:00:00","30.736056 ",76.209694,SO2,9,65,18
India,Punjab,Khanna,"Kalal Majra, Khanna - PPCB","12-11-2025 02:00:00","30.736056 ",76.209694,OZONE,24,26,25
India,Punjab,"Mandi Gobindgarh","RIMT University, Mandi Gobindgarh - PPCB","12-11-2025 02:00:00",30.649961,76.331442,NO2,23,24,24
India,Punjab,"Mandi Gobindgarh","RIMT University, Mandi Gobindgarh - PPCB","12-11-2025 02:00:00",30.649961,76.331442,CO,9,86,36
India,Punjab,"Mandi Gobindgarh","RIMT University, Mandi Gobindgarh - PPCB","12-11-2025 02:00:00",30.649961,76.331442,OZONE,28,39,35
India,Punjab,Patiala,"Model Town, Patiala - PPCB","12-11-2025 02:00:00",30.349388,76.366642,PM2.5,60,245,130
India,Punjab,Patiala,"Model Town, Patiala - PPCB","12-11-2025 02:00:00",30.349388,76.366642,CO,12,77,40
India,Punjab,Rupnagar,"Ratanpura, Rupnagar - Ambuja Cements","12-11-2025 02:00:00",31.0325454,76.5623046,PM2.5,19,158,65
India,Odisha,Angul,"Hakimapada, Angul - OSPCB","12-11-2025 02:00:00",20.832874,85.104082,NO2,13,33,20
India,Odisha,Balasore,"Kalidaspur, Balasore - OSPCB","12-11-2025 02:00:00",21.51161,86.89088,PM2.5,97,356,186
India,Odisha,Barbil,"Forest Office, Barbil - OSPCB","12-11-2025 02:00:00",22.1166054,85.3945546,PM10,80,228,115
India,Odisha,Barbil,"Forest Office, Barbil - OSPCB","12-11-2025 02:00:00",22.1166054,85.3945546,SO2,8,43,17
India,Odisha,Baripada,"Meher Colony, Baripada - OSPCB","12-11-2025 02:00:00",21.941841,86.728318,PM10,88,150,113
India,Odisha,Baripada,"Meher Colony, Baripada - OSPCB","12-11-2025 02:00:00",21.941841,86.728318,NH3,1,2,1
India,Odisha,Bhubaneswar,"Lingraj Mandir, Bhubaneswar - OSPCB","12-11-2025 02:00:00",20.240790,85.836784,PM2.5,143,372,254
India,Odisha,Bhubaneswar,"Lingraj Mandir, Bhubaneswar - OSPCB","12-11-2025 02:00:00",20.240790,85.836784,SO2,4,34,16
India,Odisha,Bhubaneswar,"Lingraj Mandir, Bhubaneswar - OSPCB","12-11-2025 02:00:00",20.240790,85.836784,OZONE,6,296,17
India,Odisha,Talcher,"Talcher Coalfields,Talcher - OSPCB","12-11-2025 02:00:00",20.9360711,85.1707021,OZONE,14,21,17
India,Odisha,Tensa,"Barsua Iron Ore Mines, Tensa - OSPCB","12-11-2025 02:00:00",21.869985,85.167016,SO2,NA,NA,NA
India,Odisha,Tensa,"Barsua Iron Ore Mines, Tensa - OSPCB","12-11-2025 02:00:00",21.869985,85.167016,CO,32,60,46
India,Puducherry,Puducherry,"Jawahar Nagar, Puducherry - PPCC","12-11-2025 02:00:00",11.9309,79.8027,NO2,10,32,22
India,Puducherry,Puducherry,"Jawahar Nagar, Puducherry - PPCC","12-11-2025 02:00:00",11.9309,79.8027,SO2,3,11,8
India,Punjab,Amritsar,"Golden Temple, Amritsar - PPCB","12-11-2025 02:00:00",31.620000,74.876512,NH3,5,7,6
India,Punjab,Bathinda,"Hardev Nagar, Bathinda - PPCB","12-11-2025 02:00:00",30.233011,74.907758,SO2,NA,NA,NA
India,Maharashtra,Thane,"Upvan Fort, Thane - MPCB","12-11-2025 02:00:00",19.222279,72.957979,PM10,61,104,82
India,Maharashtra,Thane,"Upvan Fort, Thane - MPCB","12-11-2025 02:00:00",19.222279,72.957979,CO,10,60,24
India,Maharashtra,Ulhasnagar,"Sidhi Vinayak Nagar, Ulhasnagar - MPCB","12-11-2025 02:00:00",19.235581,73.159121,PM2.5,55,229,113
India,Maharashtra,Ulhasnagar,"Sidhi Vinayak Nagar, Ulhasnagar - MPCB","12-11-2025 02:00:00",19.235581,73.159121,PM10,88,209,126
India,Maharashtra,Virar,"Bolinj, Virar - MPCB","12-11-2025 02:00:00",19.4458210,72.7988231,NH3,2,4,3
India,Maharashtra,Virar,"Bolinj, Virar - MPCB","12-11-2025 02:00:00",19.4458210,72.7988231,SO2,1,7,2
India,Meghalaya,Shillong,"Lumpyngngad, Shillong - Meghalaya PCB","12-11-2025 02:00:00",25.5586,91.8985,PM10,NA,NA,NA
India,Meghalaya,Shillong,"Lumpyngngad, Shillong - Meghalaya PCB","12-11-2025 02:00:00",25.5586,91.8985,NO2,NA,NA,NA
India,Odisha,Keonjhar,"Jagamohanpur, Keonjhar - OSPCB","12-11-2025 02:00:00",21.643900,85.599355,PM2.5,25,68,54
India,Odisha,Keonjhar,"Jagamohanpur, Keonjhar - OSPCB","12-11-2025 02:00:00",21.643900,85.599355,NO2,NA,NA,NA
India,Odisha,Keonjhar,"Jagamohanpur, Keonjhar - OSPCB","12-11-2025 02:00:00",21.643900,85.599355,NH3,NA,NA,NA
India,Odisha,Keonjhar,"Jagamohanpur, Keonjhar - OSPCB","12-11-2025 02:00:00",21.643900,85.599355,CO,4,109,17
India,Odisha,Rairangpur,"Divisional Forest Office, Rairangpur - OSPCB","12-11-2025 02:00:00",22.265816,86.174829,OZONE,17,38,20
India,Odisha,Rourkela,"Fertilizer Township, Rourkela - OSPCB","12-11-2025 02:00:00",22.18972222,84.86277778,PM2.5,73,95,80
India,Odisha,Rourkela,"Raghunathpali, Rourkela - OSPCB","12-11-2025 02:00:00",22.220833,84.809444,NO2,6,18,10
India,Odisha,Rourkela,"Raghunathpali, Rourkela - OSPCB","12-11-2025 02:00:00",22.220833,84.809444,NH3,1,3,2
India,Maharashtra,Pune,"Hadapsar, Pune - IITM","12-11-2025 02:00:00",18.501793,73.927532,OZONE,8,97,25
India,Maharashtra,Pune,"Mhada Colony, Pune - IITM","12-11-2025 02:00:00",18.573040,73.927715,NO2,32,90,61
India,Maharashtra,Pune,"Mhada Colony, Pune - IITM","12-11-2025 02:00:00",18.573040,73.927715,OZONE,11,162,19
India,Maharashtra,Pune,"Revenue Colony-Shivajinagar, Pune - IITM","12-11-2025 02:00:00",18.530085,73.849598,PM10,61,180,122
India,Maharashtra,Pune,"Savitribai Phule Pune University, Pune - MPCB","12-11-2025 02:00:00",18.547056,73.826908,NO2,1,28,14
India,Maharashtra,Pune,"Savitribai Phule Pune University, Pune - MPCB","12-11-2025 02:00:00",18.547056,73.826908,OZONE,2,38,4
India,Maharashtra,Pune,"Transport Nagar-Nigdi, Pune - IITM","12-11-2025 02:00:00",18.664282,73.763966,PM2.5,56,87,69
India,Maharashtra,Pune,"Transport Nagar-Nigdi, Pune - IITM","12-11-2025 02:00:00",18.664282,73.763966,CO,10,91,84
India,Maharashtra,Sangli,"Vijay Nagar, Sangli - MPCB","12-11-2025 02:00:00"," 16.5038",74.3623,NH3,2,6,4
India,Maharashtra,Solapur,"Dnyaneshwar Nagar, Solapur - MPCB","12-11-2025 02:00:00",17.6336264,75.9132495,OZONE,10,68,37
India,Maharashtra,Solapur,"Ratandeep Housing Society, Solapur - MPCB","12-11-2025 02:00:00",17.65439,75.90649,NH3,2,42,9
India,Maharashtra,Thane,"Kasarvadavali, Thane - MPCB","12-11-2025 02:00:00",19.26777,72.97182,PM10,92,187,131
India,Maharashtra,Thane,"Kasarvadavali, Thane - MPCB","12-11-2025 02:00:00",19.26777,72.97182,NO2,12,81,38
India,Odisha,Bhubaneswar,"Patia, Bhubaneswar - OSPCB","12-11-2025 02:00:00",20.34652,85.81630,OZONE,4,157,22
India,Odisha,Bileipada,"Tata Township, Bileipada - OSPCB","12-11-2025 02:00:00",22.06156703,85.47409613,PM10,99,153,125
India,Odisha,Byasanagar,"Ferro Chrome Colony, Byasanagar - OSPCB","12-11-2025 02:00:00",20.94185,86.11510,NO2,6,40,14
India,Odisha,Cuttack,"CDA Area, Cuttack - OSPCB","12-11-2025 02:00:00","20.48891     ","85.84768     ",PM10,114,250,174
India,Odisha,Cuttack,"CDA Area, Cuttack - OSPCB","12-11-2025 02:00:00","20.48891     ","85.84768     ",OZONE,7,80,19
India,Rajasthan,Ajmer,"Civil Lines,  Ajmer - RSPCB","12-11-2025 02:00:00",26.470859,74.646594,NH3,3,4,3
India,Rajasthan,Banswara,"Rati Talai, Banswara - RSPCB","12-11-2025 02:00:00",23.555190,74.440010,PM2.5,18,84,54
India,Rajasthan,Baran,"Bamboliya, Baran - RSPCB","12-11-2025 02:00:00",25.106006,76.469948,NO2,10,67,30
India,Rajasthan,Baran,"Bamboliya, Baran - RSPCB","12-11-2025 02:00:00",25.106006,76.469948,CO,18,72,46
India,Rajasthan,Dungarpur,"Bhoiwada, Dungarpur - RSPCB","12-11-2025 02:00:00",23.837789,73.714926,PM2.5,47,150,85
India,Rajasthan,Dungarpur,"Bhoiwada, Dungarpur - RSPCB","12-11-2025 02:00:00",23.837789,73.714926,NO2,11,69,22
India,Rajasthan,Hanumangarh,"Housing Board, Hanumangarh - RSPCB","12-11-2025 02:00:00",29.610750,74.283608,NO2,16,83,43
India,Rajasthan,Hanumangarh,"Housing Board, Hanumangarh - RSPCB","12-11-2025 02:00:00",29.610750,74.283608,NH3,10,26,18
India,Rajasthan,Jaipur,"Adarsh Nagar, Jaipur - RSPCB","12-11-2025 02:00:00",26.902909,75.836858,PM10,108,198,143
India,Rajasthan,Jaipur,"Adarsh Nagar, Jaipur - RSPCB","12-11-2025 02:00:00",26.902909,75.836858,SO2,17,27,22
India,Rajasthan,Jaipur,"Adarsh Nagar, Jaipur - RSPCB","12-11-2025 02:00:00",26.902909,75.836858,CO,32,108,81
India,Rajasthan,Jaipur,"Adarsh Nagar, Jaipur - RSPCB","12-11-2025 02:00:00",26.902909,75.836858,OZONE,21,74,23
India,Rajasthan,Jaipur,"Mansarovar Sector-12, Jaipur - RSPCB","12-11-2025 02:00:00",26.843698,75.766894,PM10,NA,NA,NA
India,Rajasthan,Jaipur,"Mansarovar Sector-12, Jaipur - RSPCB","12-11-2025 02:00:00",26.843698,75.766894,SO2,NA,NA,NA
India,Rajasthan,Kota,"Dhanmandi, Kota - RSPCB","12-11-2025 02:00:00",25.164090,75.858137,OZONE,1,145,14
India,Rajasthan,Kota,"Shrinath Puram, Kota - RSPCB","12-11-2025 02:00:00",25.14389,75.821256,PM2.5,71,287,140
India,Rajasthan,Kota,"Shrinath Puram, Kota - RSPCB","12-11-2025 02:00:00",25.14389,75.821256,CO,16,85,59
India,Rajasthan,Kota,"Shrinath Puram, Kota - RSPCB","12-11-2025 02:00:00",25.14389,75.821256,OZONE,4,26,7
India,Rajasthan,Nagaur,"Karni Colony, Nagaur - RSPCB","12-11-2025 02:00:00",27.213494,73.734444,PM2.5,27,361,140
India,Rajasthan,Nagaur,"Karni Colony, Nagaur - RSPCB","12-11-2025 02:00:00",27.213494,73.734444,NH3,NA,NA,NA
India,Rajasthan,Nagaur,"Karni Colony, Nagaur - RSPCB","12-11-2025 02:00:00",27.213494,73.734444,OZONE,1,78,10
India,Rajasthan,Pali,"Indira Colony Vistar, Pali - RSPCB","12-11-2025 02:00:00",25.771061," 73.340227",PM10,30,216,104
India,Rajasthan,Pali,"Indira Colony Vistar, Pali - RSPCB","12-11-2025 02:00:00",25.771061," 73.340227",NH3,4,17,9
India,Rajasthan,Jaipur,"Police Commissionerate, Jaipur - RSPCB","12-11-2025 02:00:00",26.9164092,75.7994901,SO2,7,10,8
India,Rajasthan,Jaipur,"RIICO Sitapura, Jaipur - RSPCB","12-11-2025 02:00:00",26.786682,75.827928,PM10,103,451,243
India,Rajasthan,Jaipur,"RIICO Sitapura, Jaipur - RSPCB","12-11-2025 02:00:00",26.786682,75.827928,NO2,15,274,91
India,Rajasthan,Jaipur,"Sector-2 Murlipura, Jaipur - RSPCB","12-11-2025 02:00:00",26.960669,75.771817,CO,26,94,59
India,Rajasthan,Jaipur,"Shastri Nagar, Jaipur - RSPCB","12-11-2025 02:00:00",26.9502929,75.730943,PM2.5,80,319,203
India,Rajasthan,Jaisalmer,"Sadar Bazar, Jaisalmer - RSPCB","12-11-2025 02:00:00",26.912329,70.909168,PM10,66,414,127
India,Rajasthan,Jaisalmer,"Sadar Bazar, Jaisalmer - RSPCB","12-11-2025 02:00:00",26.912329,70.909168,NH3,4,16,8
India,Rajasthan,Jodhpur,"Jhalamand, Jodhpur - RSPCB","12-11-2025 02:00:00",26.215415,73.070156,PM10,73,278,130
India,Rajasthan,Jodhpur,"Samrat Ashok Udhyan, Jodhpur - RSPCB","12-11-2025 02:00:00",26.253384,72.976571,PM10,93,432,201
India,Rajasthan,Karauli,"Satyawati Vihar, Karauli - RSPCB","12-11-2025 02:00:00",26.506177,77.025989,PM2.5,57,313,167
India,Rajasthan,Karauli,"Satyawati Vihar, Karauli - RSPCB","12-11-2025 02:00:00",26.506177,77.025989,NO2,15,132,40
India,Rajasthan,Karauli,"Satyawati Vihar, Karauli - RSPCB","12-11-2025 02:00:00",26.506177,77.025989,SO2,9,14,11
India,Rajasthan,Kota,"Dhanmandi, Kota - RSPCB","12-11-2025 02:00:00",25.164090,75.858137,PM2.5,52,316,113
India,Rajasthan,Pratapgarh,"Pragati Nagar, Pratapgarh - RSPCB","12-11-2025 02:00:00",24.041198,74.780702,NO2,10,86,23
India,Rajasthan,Pratapgarh,"Pragati Nagar, Pratapgarh - RSPCB","12-11-2025 02:00:00",24.041198,74.780702,SO2,3,11,5
India,Rajasthan,Rajsamand,"Dhoinda, Rajsamand - RSPCB","12-11-2025 02:00:00",25.036360,73.883502,NH3,11,31,18
India,Rajasthan,"Sawai Madhopur","Sahu Nagar, Sawai Madhopur - RSPCB","12-11-2025 02:00:00",26.031443,76.359327,OZONE,1,151,7
India,Rajasthan,Sikar,"Radhakishan Pura, Sikar - RSPCB","12-11-2025 02:00:00",27.608912,75.153302,SO2,2,9,4
India,Rajasthan,Churu,"Subash Chowk, Churu - RSPCB","12-11-2025 02:00:00",28.296139,74.961696,PM2.5,70,358,197
India,Rajasthan,Dausa,"Khatikan Mohalla, Dausa - RSPCB","12-11-2025 02:00:00",26.895552,76.334753,SO2,1,16,6
India,Rajasthan,Dholpur,"Raja Ganj, Dholpur - RSPCB","12-11-2025 02:00:00",26.699557,77.898881,PM2.5,107,390,263
India,Rajasthan,Dholpur,"Raja Ganj, Dholpur - RSPCB","12-11-2025 02:00:00",26.699557,77.898881,NO2,17,94,40
India,Rajasthan,Bharatpur,"Krishna Nagar, Bharatpur - RSPCB","12-11-2025 02:00:00",27.215415,77.50873,SO2,5,20,12
India,Rajasthan,Bhilwara,"Pratap Nagar, Bhilwara - RSPCB","12-11-2025 02:00:00",25.339605,74.618883,PM10,103,342,168
India,Rajasthan,Bhiwadi,"RIICO Ind. Area III, Bhiwadi - RSPCB","12-11-2025 02:00:00",28.194909,76.862296,PM10,174,423,262
India,Rajasthan,Bikaner,"MM Ground, Bikaner - RSPCB","12-11-2025 02:00:00",28.018792,73.292658,OZONE,11,112,38
India,Rajasthan,Chittorgarh,"Shastri Nagar, Chittorgarh - RSPCB","12-11-2025 02:00:00",24.892047,74.623527,CO,2,130,27
India,Rajasthan,Jhunjhunu,"Indra Nagar, Jhunjhunu - RSPCB","12-11-2025 02:00:00",28.108988,75.386577,OZONE,4,166,15
India,TamilNadu,Tirupur,"Kumaran College, Tirupur - TNPCB","12-11-2025 02:00:00",11.0973603,77.3228673,PM10,10,240,123
India,TamilNadu,Vellore,"Vasanthapuram, Vellore - TNPCB","12-11-2025 02:00:00",12.909494,79.131861,CO,NA,NA,NA
India,TamilNadu,Virudhunagar,"Collectorate Office, Virudhunagar - TNPCB","12-11-2025 02:00:00",9.559382,77.948828,OZONE,1,2,1
India,Telangana,Hyderabad,"Bollaram Industrial Area, Hyderabad - TSPCB","12-11-2025 02:00:00",17.540891,78.358528,CO,22,40,27
India,Telangana,Hyderabad,"Central University, Hyderabad - TSPCB","12-11-2025 02:00:00",17.460103,78.334361,PM2.5,65,162,97
India,Telangana,Hyderabad,"Central University, Hyderabad - TSPCB","12-11-2025 02:00:00",17.460103,78.334361,NO2,28,101,61
India,Telangana,Hyderabad,"Central University, Hyderabad - TSPCB","12-11-2025 02:00:00",17.460103,78.334361,NH3,4,15,9
India,Telangana,Hyderabad,"ECIL Kapra, Hyderabad - TSPCB","12-11-2025 02:00:00",17.470431,78.566959,PM2.5,37,48,38
India,Telangana,Hyderabad,"ECIL Kapra, Hyderabad - TSPCB","12-11-2025 02:00:00",17.470431,78.566959,SO2,9,16,11
India,Telangana,Hyderabad,"ECIL Kapra, Hyderabad - TSPCB","12-11-2025 02:00:00",17.470431,78.566959,OZONE,13,34,19
India,Telangana,Hyderabad,"ICRISAT Patancheru, Hyderabad - TSPCB","12-11-2025 02:00:00",17.518400,78.278777,PM10,80,158,134
India,Telangana,Hyderabad,"ICRISAT Patancheru, Hyderabad - TSPCB","12-11-2025 02:00:00",17.518400,78.278777,NO2,7,21,15
India,Telangana,Hyderabad,"IDA Pashamylaram, Hyderabad - TSPCB","12-11-2025 02:00:00",17.5316895,78.218939,PM2.5,69,177,130
India,Telangana,Hyderabad,"IDA Pashamylaram, Hyderabad - TSPCB","12-11-2025 02:00:00",17.5316895,78.218939,OZONE,8,20,14
India,Telangana,Hyderabad,"IITH Kandi, Hyderabad - TSPCB","12-11-2025 02:00:00",17.585705,78.126199,CO,NA,NA,NA
India,TamilNadu,Coimbatore,"PSG College of Arts and Science, Coimbatore - TNPCB","12-11-2025 02:00:00",11.0328,77.0349,SO2,1,11,2
India,TamilNadu,Coimbatore,"SIDCO Kurichi, Coimbatore - TNPCB","12-11-2025 02:00:00",10.942451,76.978996,NO2,14,39,25
India,TamilNadu,Coimbatore,"SIDCO Kurichi, Coimbatore - TNPCB","12-11-2025 02:00:00",10.942451,76.978996,NH3,1,2,1
India,TamilNadu,Cuddalore,"Kudikadu, Cuddalore - TNPCB","12-11-2025 02:00:00",11.6829898,79.7532099,PM2.5,66,164,91
India,TamilNadu,Cuddalore,"Kudikadu, Cuddalore - TNPCB","12-11-2025 02:00:00",11.6829898,79.7532099,NO2,19,20,19
India,TamilNadu,Cuddalore,"Kudikadu, Cuddalore - TNPCB","12-11-2025 02:00:00",11.6829898,79.7532099,SO2,18,19,19
India,TamilNadu,Cuddalore,"Semmandalam, Cuddalore - TNPCB","12-11-2025 02:00:00",11.7637683,79.7499835,NO2,3,16,9
India,TamilNadu,Namakkal,"Ponnusamy Nagar, Namakkal - TNPCB","12-11-2025 02:00:00",11.273992,78.163545,SO2,NA,NA,NA
India,TamilNadu,Namakkal,"Ponnusamy Nagar, Namakkal - TNPCB","12-11-2025 02:00:00",11.273992,78.163545,CO,NA,NA,NA
India,TamilNadu,Palkalaiperur,"Bharathidasan University, Palkalaiperur - TNPCB","12-11-2025 02:00:00",10.681158,78.741746,NH3,1,1,1
India,TamilNadu,Pudukottai,"SIPCOT Nathampannai, Pudukottai - TNPCB","12-11-2025 02:00:00",10.423417,78.784889,PM2.5,77,219,119
India,TamilNadu,Pudukottai,"SIPCOT Nathampannai, Pudukottai - TNPCB","12-11-2025 02:00:00",10.423417,78.784889,NH3,2,3,3
India,TamilNadu,Ramanathapuram,"Chalai Bazaar, Ramanathapuram - TNPCB","12-11-2025 02:00:00",9.36399,78.831977,PM2.5,27,79,53
India,TamilNadu,Ramanathapuram,"Chalai Bazaar, Ramanathapuram - TNPCB","12-11-2025 02:00:00",9.36399,78.831977,SO2,1,5,3
India,TamilNadu,Salem,"Sona College of Technology, Salem - TNPCB","12-11-2025 02:00:00",11.679111,78.125052,SO2,18,19,19
India,TamilNadu,Thanjavur,"Parisutham Nagar, Thanjavur - TNPCB","12-11-2025 02:00:00",10.7654824,79.1389968,PM10,52,128,97
India,TamilNadu,Thanjavur,"Parisutham Nagar, Thanjavur - TNPCB","12-11-2025 02:00:00",10.7654824,79.1389968,SO2,16,17,17
India,TamilNadu,Tiruchirappalli,"St Joseph College, Tiruchirappalli - TNPCB","12-11-2025 02:00:00",10.830158,78.691849,NO2,2,6,4
India,TamilNadu,Hosur,"SIPCOT Phase-1, Hosur - TNPCB","12-11-2025 02:00:00",12.746998,77.813811,PM10,NA,NA,NA
India,TamilNadu,Kanchipuram,"Kilambi, Kanchipuram - TNPCB","12-11-2025 02:00:00",12.864618,79.659968,OZONE,NA,NA,NA
India,TamilNadu,Karur,"Kamadenu Nagar, Karur - TNPCB","12-11-2025 02:00:00",10.967820,78.080882,OZONE,6,9,7
India,TamilNadu,Nagapattinam,"Velippalayam, Nagapattinam - TNPCB","12-11-2025 02:00:00",10.798548,79.838212,NH3,NA,NA,NA
India,TamilNadu,Namakkal,"Ponnusamy Nagar, Namakkal - TNPCB","12-11-2025 02:00:00",11.273992,78.163545,PM10,NA,NA,NA
India,TamilNadu,Chennai,"Manali, Chennai - CPCB","12-11-2025 02:00:00",13.164544,80.26285,PM2.5,21,84,56
India,TamilNadu,Chennai,"Perungudi, Chennai - TNPCB","12-11-2025 02:00:00",12.9533,80.2357,OZONE,5,31,12
India,TamilNadu,Chennai,"Royapuram, Chennai - TNPCB","12-11-2025 02:00:00",13.1036,80.2909,PM2.5,NA,NA,NA
India,TamilNadu,Chennai,"Royapuram, Chennai - TNPCB","12-11-2025 02:00:00",13.1036,80.2909,NO2,NA,NA,NA
India,TamilNadu,Chennai,"Velachery Res. Area, Chennai - CPCB","12-11-2025 02:00:00",13.0052189,80.2398125,NO2,13,15,14
India,Rajasthan,"Sri Ganganagar","Old City, Sri Ganganagar - RSPCB","12-11-2025 02:00:00",29.931624,73.864511,OZONE,3,199,7
India,Rajasthan,Tonk,"Shastri Nagar, Tonk - RSPCB","12-11-2025 02:00:00",26.159933,75.780517,NO2,13,141,39
India,Rajasthan,Udaipur,"Ashok Nagar, Udaipur - RSPCB","12-11-2025 02:00:00",24.5886166,73.6321397,PM10,60,190,115
India,Rajasthan,Udaipur,"Ashok Nagar, Udaipur - RSPCB","12-11-2025 02:00:00",24.5886166,73.6321397,SO2,3,15,9
India,TamilNadu,Chennai,"Alandur Bus Depot, Chennai - CPCB","12-11-2025 02:00:00",12.9099161,80.1076538,PM2.5,26,448,258
India,Uttar_Pradesh,Lucknow,"Kukrail Picnic Spot-1, Lucknow - UPPCB","12-11-2025 02:00:00",26.90723,80.98579,NH3,5,5,5
India,Uttar_Pradesh,Lucknow,"Kukrail Picnic Spot-1, Lucknow - UPPCB","12-11-2025 02:00:00",26.90723,80.98579,SO2,39,42,40
India,Uttar_Pradesh,Lucknow,"Lalbagh, Lucknow - CPCB","12-11-2025 02:00:00",26.8458805,80.9365541,NH3,13,22,18
India,Uttar_Pradesh,Lucknow,"Talkatora District Industries Center, Lucknow - CPCB","12-11-2025 02:00:00",26.83399722,80.8917361,PM2.5,72,317,231
India,Uttar_Pradesh,Lucknow,"Talkatora District Industries Center, Lucknow - CPCB","12-11-2025 02:00:00",26.83399722,80.8917361,PM10,112,179,149
India,Uttar_Pradesh,Lucknow,"Talkatora District Industries Center, Lucknow - CPCB","12-11-2025 02:00:00",26.83399722,80.8917361,CO,2,42,26
India,Uttar_Pradesh,Meerut,"Ganga Nagar, Meerut - UPPCB","12-11-2025 02:00:00",28.999264,77.7590354,PM10,98,380,248
India,Uttar_Pradesh,Meerut,"Ganga Nagar, Meerut - UPPCB","12-11-2025 02:00:00",28.999264,77.7590354,OZONE,10,156,35
India,Uttar_Pradesh,Meerut,"Jai Bhim Nagar, Meerut - UPPCB","12-11-2025 02:00:00",28.9535882,77.7622941,PM10,121,447,291
India,Telangana,Hyderabad,"Sanathnagar, Hyderabad - TSPCB","12-11-2025 02:00:00",17.4559458,78.4332152,CO,4,20,17
India,Telangana,Hyderabad,"Somajiguda, Hyderabad - TSPCB","12-11-2025 02:00:00",17.417094,78.457437,SO2,11,15,13
India,Telangana,Hyderabad,"Zoo Park, Hyderabad - TSPCB","12-11-2025 02:00:00",17.349694,78.451437,OZONE,20,29,23
India,Tripura,Agartala,"Bardowali, Agartala - Tripura SPCB","12-11-2025 02:00:00",23.8175497,91.2726974,NH3,2,3,3
India,Tripura,Agartala,"Bardowali, Agartala - Tripura SPCB","12-11-2025 02:00:00",23.8175497,91.2726974,OZONE,1,5,1
India,Uttar_Pradesh,Agra,"Manoharpur, Agra - UPPCB","12-11-2025 02:00:00",27.23711,78.01936,PM10,111,275,181
India,Uttar_Pradesh,Agra,"Manoharpur, Agra - UPPCB","12-11-2025 02:00:00",27.23711,78.01936,NO2,30,32,30
India,Uttar_Pradesh,Agra,"Manoharpur, Agra - UPPCB","12-11-2025 02:00:00",27.23711,78.01936,NH3,2,2,2
India,Uttar_Pradesh,Agra,"Manoharpur, Agra - UPPCB","12-11-2025 02:00:00",27.23711,78.01936,SO2,28,64,41
India,Uttar_Pradesh,Baghpat,"Sardar Patel Inter College, Baghpat - UPPCB","12-11-2025 02:00:00",28.964949,77.278761,NH3,NA,NA,NA
India,Uttar_Pradesh,Bareilly,"Civil Lines, Bareilly - UPPCB","12-11-2025 02:00:00",28.359581,79.414455,PM10,34,75,59
India,Uttar_Pradesh,Bareilly,"Rajendra Nagar, Bareilly - UPPCB","12-11-2025 02:00:00",28.38910936,79.42963708,NO2,9,10,9
India,Uttar_Pradesh,Bareilly,"Rajendra Nagar, Bareilly - UPPCB","12-11-2025 02:00:00",28.38910936,79.42963708,NH3,1,1,1
India,Uttar_Pradesh,Bulandshahr,"Yamunapuram, Bulandshahr - UPPCB","12-11-2025 02:00:00",28.406963,77.849831,NH3,11,19,15
India,Uttar_Pradesh,Firozabad,"Nagla Bhau, Firozabad - UPPCB","12-11-2025 02:00:00",27.168897,78.376960,PM2.5,52,226,116
India,Uttar_Pradesh,Firozabad,"Vibhab Nagar, Firozabad - UPPCB","12-11-2025 02:00:00",27.1594,78.3953,PM2.5,NA,NA,NA
India,Uttar_Pradesh,Ghaziabad,"Loni, Ghaziabad - UPPCB","12-11-2025 02:00:00",28.757294,77.278792,PM10,174,484,381
India,Uttar_Pradesh,Ghaziabad,"Loni, Ghaziabad - UPPCB","12-11-2025 02:00:00",28.757294,77.278792,NO2,39,159,110
India,Uttar_Pradesh,Ghaziabad,"Loni, Ghaziabad - UPPCB","12-11-2025 02:00:00",28.757294,77.278792,CO,43,114,105
India,Uttar_Pradesh,Ghaziabad,"Sanjay Nagar, Ghaziabad - UPPCB","12-11-2025 02:00:00",28.685382,77.453839,NH3,11,22,16
India,Uttar_Pradesh,Ghaziabad,"Sanjay Nagar, Ghaziabad - UPPCB","12-11-2025 02:00:00",28.685382,77.453839,SO2,8,36,19
India,Uttar_Pradesh,Ghaziabad,"Sanjay Nagar, Ghaziabad - UPPCB","12-11-2025 02:00:00",28.685382,77.453839,OZONE,16,213,32
India,Telangana,Hyderabad,"Kokapet, Hyderabad - TSPCB","12-11-2025 02:00:00",17.393559,78.339194,OZONE,16,29,20
India,Telangana,Hyderabad,"Kompally Municipal Office, Hyderabad - TSPCB","12-11-2025 02:00:00",17.544899,78.486949,SO2,10,17,14
India,Telangana,Hyderabad,"Kompally Municipal Office, Hyderabad - TSPCB","12-11-2025 02:00:00",17.544899,78.486949,OZONE,17,44,43
India,Telangana,Hyderabad,"New Malakpet, Hyderabad - TSPCB","12-11-2025 02:00:00",17.37206,78.50864,SO2,11,15,12
India,Telangana,Hyderabad,"Ramachandrapuram, Hyderabad - TSPCB","12-11-2025 02:00:00",17.528544,78.286195,PM2.5,41,47,44
India,Telangana,Hyderabad,"Ramachandrapuram, Hyderabad - TSPCB","12-11-2025 02:00:00",17.528544,78.286195,SO2,11,17,13
India,Telangana,Hyderabad,"Ramachandrapuram, Hyderabad - TSPCB","12-11-2025 02:00:00",17.528544,78.286195,OZONE,23,29,24
India,Uttar_Pradesh,Ghaziabad,"Vasundhara, Ghaziabad - UPPCB","12-11-2025 02:00:00",28.6603346,77.3572563,PM10,197,500,382
India,Uttar_Pradesh,Ghaziabad,"Vasundhara, Ghaziabad - UPPCB","12-11-2025 02:00:00",28.6603346,77.3572563,NH3,7,12,9
India,Uttar_Pradesh,Gorakhpur,"Madan Mohan Malaviya University of Technology, Gorakhpur - UPPCB","12-11-2025 02:00:00",26.730136,83.433859,PM10,23,136,86
India,Uttar_Pradesh,Gorakhpur,"Madan Mohan Malaviya University of Technology, Gorakhpur - UPPCB","12-11-2025 02:00:00",26.730136,83.433859,NH3,1,1,1
India,Uttar_Pradesh,Hapur,"Anand Vihar, Hapur - UPPCB","12-11-2025 02:00:00",28.725645,77.749675,PM10,102,415,250
India,Uttar_Pradesh,Jhansi,"Shivaji Nagar, Jhansi - UPPCB","12-11-2025 02:00:00",25.4547,78.6039,OZONE,1,23,1
India,Uttar_Pradesh,Kanpur,"FTI Kidwai Nagar, Kanpur - UPPCB","12-11-2025 02:00:00",26.428282,80.327067,PM10,88,239,157
India,Uttar_Pradesh,Kanpur,"NSI Kalyanpur, Kanpur - UPPCB","12-11-2025 02:00:00",26.509954,80.249612,CO,48,91,80
India,Uttar_Pradesh,Kanpur,"Nehru Nagar, Kanpur - UPPCB","12-11-2025 02:00:00",26.4703136,80.3229863,SO2,6,15,12
India,Uttar_Pradesh,Agra,"Sanjay Palace, Agra - UPPCB","12-11-2025 02:00:00",27.19865833,78.00598056,OZONE,6,175,28
India,Uttar_Pradesh,Agra,"Shahjahan Garden, Agra - UPPCB","12-11-2025 02:00:00",27.169338,78.03582,PM10,127,363,223
India,Uttar_Pradesh,Agra,"Shastripuram, Agra - UPPCB","12-11-2025 02:00:00",27.19862,77.92066,PM10,124,304,197
India,Uttar_Pradesh,Agra,"Shastripuram, Agra - UPPCB","12-11-2025 02:00:00",27.19862,77.92066,CO,19,42,32
India,Uttar_Pradesh,Lucknow,"Kendriya Vidyalaya, Lucknow - CPCB","12-11-2025 02:00:00",26.906111,80.948222,NO2,42,45,43
India,Uttar_Pradesh,Lucknow,"Kendriya Vidyalaya, Lucknow - CPCB","12-11-2025 02:00:00",26.906111,80.948222,SO2,5,11,8
India,Uttar_Pradesh,Lucknow,"Kendriya Vidyalaya, Lucknow - CPCB","12-11-2025 02:00:00",26.906111,80.948222,OZONE,10,79,28
India,West_Bengal,Durgapur,"PCBL Residential Complex, Durgapur - WBPCB","12-11-2025 02:00:00",23.5087640,87.3544400,OZONE,7,22,11
India,West_Bengal,Durgapur,"Womens College_City Center, Durgapur - WBPCB (Formerly known as Sidhu Kanhu Indoor Stadium)","12-11-2025 02:00:00",23.549395,87.300496,NO2,28,41,32
India,West_Bengal,Haldia,"Priyambada Housing Estate, Haldia - WBPCB","12-11-2025 02:00:00",22.06047,88.109737,PM2.5,121,242,170
India,West_Bengal,Haldia,"Priyambada Housing Estate, Haldia - WBPCB","12-11-2025 02:00:00",22.06047,88.109737,SO2,13,20,16
India,West_Bengal,Howrah,"Belur Math, Howrah - WBPCB","12-11-2025 02:00:00",22.629801,88.352017,NH3,2,12,8
India,West_Bengal,Howrah,"Belur Math, Howrah - WBPCB","12-11-2025 02:00:00",22.629801,88.352017,SO2,7,57,22
India,West_Bengal,Howrah,"Botanical Garden, Howrah - WBPCB","12-11-2025 02:00:00",22.554954,88.292568,OZONE,5,21,10
India,West_Bengal,Howrah,"Dasnagar, Howrah - WBPCB","12-11-2025 02:00:00",22.6025571,88.3105664,PM2.5,70,276,132
India,Uttar_Pradesh,Vrindavan,"Omex Eternity, Vrindavan - UPPCB","12-11-2025 02:00:00",27.5714090,77.6557570,NH3,1,3,2
India,Uttarakhand,Dehradun,"Doon University, Dehradun - UKPCB","12-11-2025 02:00:00",30.269444,78.044167,NO2,1,5,2
India,Uttarakhand,Kashipur,"Govt. Girls Inter College, Kashipur - UKPCB","12-11-2025 02:00:00",29.2124114,78.9611753,PM2.5,52,183,101
India,Uttarakhand,Kashipur,"Govt. Girls Inter College, Kashipur - UKPCB","12-11-2025 02:00:00",29.2124114,78.9611753,PM10,54,122,87
India,Uttarakhand,Rishikesh,"Shivaji Nagar, Rishikesh - UKPCB","12-11-2025 02:00:00",30.075911,78.2859547,NO2,NA,NA,NA
India,Uttarakhand,Rishikesh,"Shivaji Nagar, Rishikesh - UKPCB","12-11-2025 02:00:00",30.075911,78.2859547,CO,NA,NA,NA
India,West_Bengal,Asansol,"Asansol Court Area, Asansol - WBPCB","12-11-2025 02:00:00",23.685297,86.945968,PM2.5,134,245,200
India,West_Bengal,Asansol,"Asansol Court Area, Asansol - WBPCB","12-11-2025 02:00:00",23.685297,86.945968,NO2,15,28,23
India,Uttar_Pradesh,Prayagraj,"Nagar Nigam, Prayagraj - UPPCB","12-11-2025 02:00:00","25.44919916 ","81.82735986 ",CO,34,100,85
India,Uttar_Pradesh,Varanasi,"Ardhali Bazar, Varanasi - UPPCB","12-11-2025 02:00:00",25.3505986,82.9083074,PM2.5,78,312,158
India,Uttar_Pradesh,Varanasi,"Bhelupur, Varanasi - UPPCB","12-11-2025 02:00:00",25.301778,82.996789,NO2,8,8,8
India,Uttar_Pradesh,Varanasi,"Bhelupur, Varanasi - UPPCB","12-11-2025 02:00:00",25.301778,82.996789,SO2,27,40,33
India,Uttar_Pradesh,Varanasi,"IESD Banaras Hindu University, Varanasi - UPPCB","12-11-2025 02:00:00",25.262326,82.995408,PM2.5,43,161,86
India,Uttar_Pradesh,Varanasi,"IESD Banaras Hindu University, Varanasi - UPPCB","12-11-2025 02:00:00",25.262326,82.995408,NO2,2,2,2
India,Uttar_Pradesh,Varanasi,"IESD Banaras Hindu University, Varanasi - UPPCB","12-11-2025 02:00:00",25.262326,82.995408,OZONE,18,78,29
India,Uttar_Pradesh,Varanasi,"Maldahiya, Varanasi - UPPCB","12-11-2025 02:00:00",25.32393,82.99687,PM10,100,194,138
India,West_Bengal,Howrah,"Dasnagar, Howrah - WBPCB","12-11-2025 02:00:00",22.6025571,88.3105664,CO,26,89,60
India,West_Bengal,Howrah,"Ghusuri, Howrah - WBPCB","12-11-2025 02:00:00",22.611968,88.347422,PM2.5,104,307,195
India,West_Bengal,Howrah,"Ghusuri, Howrah - WBPCB","12-11-2025 02:00:00",22.611968,88.347422,PM10,111,191,144
India,West_Bengal,Howrah,"Padmapukur, Howrah - WBPCB","12-11-2025 02:00:00",22.5687319,88.2797276,PM2.5,146,329,251
India,West_Bengal,Howrah,"Padmapukur, Howrah - WBPCB","12-11-2025 02:00:00",22.5687319,88.2797276,PM10,111,191,140
India,West_Bengal,Howrah,"Padmapukur, Howrah - WBPCB","12-11-2025 02:00:00",22.5687319,88.2797276,NH3,3,11,7
India,West_Bengal,Kolkata,"Ballygunge, Kolkata - WBPCB","12-11-2025 02:00:00",22.5367507,88.3638022,PM10,103,174,128
India,Uttar_Pradesh,Moradabad,"Buddhi Vihar, Moradabad - UPPCB","12-11-2025 02:00:00",28.83526,78.74460,PM2.5,NA,NA,NA
India,Uttar_Pradesh,Moradabad,"Buddhi Vihar, Moradabad - UPPCB","12-11-2025 02:00:00",28.83526,78.74460,PM10,NA,NA,NA
India,Uttar_Pradesh,Moradabad,"Buddhi Vihar, Moradabad - UPPCB","12-11-2025 02:00:00",28.83526,78.74460,SO2,28,84,33
India,Uttar_Pradesh,Moradabad,"Eco Herbal Park, Moradabad - UPPCB","12-11-2025 02:00:00",28.840739,78.697531,PM2.5,37,180,72
India,Uttar_Pradesh,Moradabad,"Eco Herbal Park, Moradabad - UPPCB","12-11-2025 02:00:00",28.840739,78.697531,PM10,50,161,92
India,Uttar_Pradesh,Moradabad,"Eco Herbal Park, Moradabad - UPPCB","12-11-2025 02:00:00",28.840739,78.697531,CO,9,68,45
India,Uttar_Pradesh,Moradabad,"Jigar Colony, Moradabad - UPPCB","12-11-2025 02:00:00",28.856664,78.772638,PM2.5,43,176,104
India,Uttar_Pradesh,Moradabad,"Kashiram Nagar, Moradabad - UPPCB","12-11-2025 02:00:00",28.849399,78.742362,PM2.5,37,191,91
India,Uttar_Pradesh,Moradabad,"Kashiram Nagar, Moradabad - UPPCB","12-11-2025 02:00:00",28.849399,78.742362,PM10,55,150,104
India,Uttar_Pradesh,Moradabad,"Kashiram Nagar, Moradabad - UPPCB","12-11-2025 02:00:00",28.849399,78.742362,OZONE,23,43,27
India,Uttar_Pradesh,Moradabad,"Transport Nagar, Moradabad - UPPCB","12-11-2025 02:00:00",28.802625,78.753728,PM10,40,119,89
India,Uttar_Pradesh,Moradabad,"Transport Nagar, Moradabad - UPPCB","12-11-2025 02:00:00",28.802625,78.753728,CO,32,36,34
India,Uttar_Pradesh,Noida,"Sector - 125, Noida - UPPCB","12-11-2025 02:00:00",28.5447608,77.3231257,SO2,18,30,24
India,Uttar_Pradesh,Noida,"Sector-116, Noida - UPPCB","12-11-2025 02:00:00",28.569230,77.393848,NO2,79,222,147
India,Uttar_Pradesh,Prayagraj,"Jhunsi, Prayagraj - UPPCB","12-11-2025 02:00:00",25.425602,81.917152,PM10,83,235,146
India,Uttar_Pradesh,Prayagraj,"Jhunsi, Prayagraj - UPPCB","12-11-2025 02:00:00",25.425602,81.917152,NO2,6,6,6
India,Uttar_Pradesh,Prayagraj,"Jhunsi, Prayagraj - UPPCB","12-11-2025 02:00:00",25.425602,81.917152,CO,34,72,61
India,Uttar_Pradesh,Prayagraj,"Motilal Nehru NIT, Prayagraj - UPPCB","12-11-2025 02:00:00",25.494,81.863,PM2.5,95,371,242
India,Uttar_Pradesh,Prayagraj,"Motilal Nehru NIT, Prayagraj - UPPCB","12-11-2025 02:00:00",25.494,81.863,PM10,114,465,248
India,West_Bengal,Asansol,"Trivenidevi Bhalotia College, Asansol - WBPCB","12-11-2025 02:00:00",23.616515,87.119133,PM2.5,85,256,159
India,West_Bengal,Asansol,"Trivenidevi Bhalotia College, Asansol - WBPCB","12-11-2025 02:00:00",23.616515,87.119133,SO2,2,10,5
India,West_Bengal,Durgapur,"PCBL Residential Complex, Durgapur - WBPCB","12-11-2025 02:00:00",23.5087640,87.3544400,SO2,4,10,6
India,West_Bengal,Asansol,"Evelyn Lodge, Asansol - WBPCB","12-11-2025 02:00:00",23.6979360,86.9443950,NH3,3,3,3
India,West_Bengal,Kolkata,"Jadavpur, Kolkata - WBPCB","12-11-2025 02:00:00",22.49929,88.36917,PM10,136,298,189
India,West_Bengal,Kolkata,"Jadavpur, Kolkata - WBPCB","12-11-2025 02:00:00",22.49929,88.36917,NO2,3,63,20
India,West_Bengal,Kolkata,"Jadavpur, Kolkata - WBPCB","12-11-2025 02:00:00",22.49929,88.36917,NH3,6,10,7
India,West_Bengal,Kolkata,"Jadavpur, Kolkata - WBPCB","12-11-2025 02:00:00",22.49929,88.36917,SO2,3,6,4
India,West_Bengal,Kolkata,"Rabindra Bharati University, Kolkata - WBPCB","12-11-2025 02:00:00",22.627847,88.380669,NO2,31,148,81
India,West_Bengal,Kolkata,"Rabindra Sarobar, Kolkata - WBPCB","12-11-2025 02:00:00",22.51106,88.35142,PM2.5,67,162,97
India,West_Bengal,Kolkata,"Rabindra Sarobar, Kolkata - WBPCB","12-11-2025 02:00:00",22.51106,88.35142,CO,26,75,62
India,West_Bengal,Kolkata,"Victoria, Kolkata - WBPCB","12-11-2025 02:00:00",22.5448082,88.3403691,SO2,2,14,7
India,West_Bengal,Siliguri,"Ward-32 Bapupara, Siliguri - WBPCB","12-11-2025 02:00:00",26.6879226,88.4152495,OZONE,12,80,25
India,Bihar,Bhagalpur,"DM Office_Kachari Chowk, Bhagalpur - BSPCB","12-11-2025 02:00:00",25.251013,86.989001,PM2.5,NA,NA,NA
India,Bihar,Bhagalpur,"DM Office_Kachari Chowk, Bhagalpur - BSPCB","12-11-2025 02:00:00",25.251013,86.989001,PM10,NA,NA,NA
India,Bihar,Bhagalpur,"Mayaganj, Bhagalpur - BSPCB","12-11-2025 02:00:00",25.265194,87.012947,OZONE,53,134,78
India,Bihar,"Bihar Sharif","D M Colony, Bihar Sharif - BSPCB","12-11-2025 02:00:00",25.204762,85.514960,PM10,84,130,102
India,Bihar,"Bihar Sharif","D M Colony, Bihar Sharif - BSPCB","12-11-2025 02:00:00",25.204762,85.514960,CO,8,8,8
India,Bihar,Buxar,"Charitra Van, Buxar - BSPCB","12-11-2025 02:00:00",25.567520,83.966379,PM2.5,38,130,99
India,Bihar,Buxar,"Charitra Van, Buxar - BSPCB","12-11-2025 02:00:00",25.567520,83.966379,PM10,33,113,94
India,Bihar,Buxar,"Charitra Van, Buxar - BSPCB","12-11-2025 02:00:00",25.567520,83.966379,SO2,1,12,6
India,Bihar,Chhapra,"Darshan Nagar, Chhapra - BSPCB","12-11-2025 02:00:00",25.7808257,84.7446768,NH3,4,6,5
India,Bihar,Chhapra,"Darshan Nagar, Chhapra - BSPCB","12-11-2025 02:00:00",25.7808257,84.7446768,CO,6,21,13
India,Bihar,Gaya,"Collectorate, Gaya - BSPCB","12-11-2025 02:00:00",24.7955,84.9994,PM2.5,74,305,201
India,Bihar,Gaya,"Kareemganj, Gaya - BSPCB","12-11-2025 02:00:00",24.792403,84.992416,SO2,11,17,13
India,Bihar,Gaya,"SFTI Kusdihra, Gaya - BSPCB","12-11-2025 02:00:00",24.762518,84.982348,PM2.5,15,38,24
India,Bihar,Gaya,"SFTI Kusdihra, Gaya - BSPCB","12-11-2025 02:00:00",24.762518,84.982348,PM10,54,76,65
India,Bihar,Hajipur,"Industrial Area, Hajipur - BSPCB","12-11-2025 02:00:00",25.697189,85.245900,PM2.5,91,301,185
India,Bihar,Hajipur,"Industrial Area, Hajipur - BSPCB","12-11-2025 02:00:00",25.697189,85.245900,PM10,68,133,102
India,Bihar,Hajipur,"Industrial Area, Hajipur - BSPCB","12-11-2025 02:00:00",25.697189,85.245900,NO2,28,65,41
India,Bihar,Hajipur,"Industrial Area, Hajipur - BSPCB","12-11-2025 02:00:00",25.697189,85.245900,NH3,3,9,7
India,Bihar,Hajipur,"Industrial Area, Hajipur - BSPCB","12-11-2025 02:00:00",25.697189,85.245900,OZONE,13,187,33
India,Bihar,Katihar,"Mirchaibari, Katihar - BSPCB","12-11-2025 02:00:00",25.560083,87.553265,CO,73,96,84
India,Bihar,Muzaffarpur,"MIT-Daudpur Kothi, Muzaffarpur - BSPCB","12-11-2025 02:00:00",26.1403345,85.3650192,PM2.5,58,127,93
India,Bihar,Muzaffarpur,"Muzaffarpur Collectorate, Muzaffarpur - BSPCB","12-11-2025 02:00:00",26.1209,85.3647,CO,11,52,28
India,Bihar,Muzaffarpur,"Muzaffarpur Collectorate, Muzaffarpur - BSPCB","12-11-2025 02:00:00",26.1209,85.3647,OZONE,9,70,16
India,Bihar,Patna,"DRM Office Danapur, Patna - BSPCB","12-11-2025 02:00:00",25.586562,85.043586,PM10,125,189,152
India,Bihar,Patna,"DRM Office Danapur, Patna - BSPCB","12-11-2025 02:00:00",25.586562,85.043586,NO2,47,109,64
India,Bihar,Patna,"DRM Office Danapur, Patna - BSPCB","12-11-2025 02:00:00",25.586562,85.043586,OZONE,7,81,16
India,Bihar,Patna,"IGSC Planetarium Complex, Patna - BSPCB","12-11-2025 02:00:00",25.610369,85.132568,NO2,1,22,16
India,Andhra_Pradesh,Vijayawada,"Rajiv Gandhi Park, Vijayawada - APPCB","12-11-2025 02:00:00",16.509717,80.612222,PM10,55,81,66
India,Andhra_Pradesh,Vijayawada,"Rajiv Nagar, Vijayawada - APPCB","12-11-2025 02:00:00",16.554731,80.649110,PM10,34,73,50
India,Andhra_Pradesh,Vijayawada,"Rajiv Nagar, Vijayawada - APPCB","12-11-2025 02:00:00",16.554731,80.649110,CO,22,44,34
India,Andhra_Pradesh,Visakhapatnam,"GVM Corporation, Visakhapatnam - APPCB","12-11-2025 02:00:00",17.72,83.3,PM2.5,154,301,187
India,Andhra_Pradesh,Visakhapatnam,"GVM Corporation, Visakhapatnam - APPCB","12-11-2025 02:00:00",17.72,83.3,NO2,13,138,43
India,Arunachal_Pradesh,Naharlagun,"Naharlagun, Naharlagun - APSPCB","12-11-2025 02:00:00",27.103358,93.679645,NO2,5,9,7
India,Andhra_Pradesh,Kadapa,"Yerramukkapalli, Kadapa - APPCB","12-11-2025 02:00:00",14.465052,78.824187,PM10,66,87,72
India,Andhra_Pradesh,Kadapa,"Yerramukkapalli, Kadapa - APPCB","12-11-2025 02:00:00",14.465052,78.824187,NO2,17,23,19
India,Andhra_Pradesh,Rajamahendravaram,"Anand Kala Kshetram, Rajamahendravaram - APPCB","12-11-2025 02:00:00",16.9872867,81.7363176,PM2.5,90,238,149
India,Andhra_Pradesh,Rajamahendravaram,"Anand Kala Kshetram, Rajamahendravaram - APPCB","12-11-2025 02:00:00",16.9872867,81.7363176,SO2,7,31,14
India,Andhra_Pradesh,Rajamahendravaram,"Anand Kala Kshetram, Rajamahendravaram - APPCB","12-11-2025 02:00:00",16.9872867,81.7363176,CO,25,46,38
India,Andhra_Pradesh,Tirupati,"Vaikuntapuram, Tirupati - APPCB","12-11-2025 02:00:00",13.615387,79.409230,NH3,NA,NA,NA
India,"Andaman and Nicobar","Sri Vijaya Puram","Police Line, Sri Vijaya Puram - ANPCC","12-11-2025 02:00:00",11.654054,92.734055,OZONE,1,4,3
India,Andhra_Pradesh,Amaravati,"Secretariat, Amaravati - APPCB","12-11-2025 02:00:00",16.5150833,80.5181667,CO,22,37,32
India,Andhra_Pradesh,Anantapur,"Gulzarpet, Anantapur - APPCB","12-11-2025 02:00:00",14.675886,77.593027,PM2.5,42,96,77
India,Andhra_Pradesh,Anantapur,"Gulzarpet, Anantapur - APPCB","12-11-2025 02:00:00",14.675886,77.593027,PM10,45,102,78
India,Andhra_Pradesh,Anantapur,"Gulzarpet, Anantapur - APPCB","12-11-2025 02:00:00",14.675886,77.593027,NO2,19,25,21
India,Bihar,Araria,"Kharahiya Basti, Araria - BSPCB","12-11-2025 02:00:00",26.146529,87.454184,NO2,3,68,21
India,Bihar,Araria,"Kharahiya Basti, Araria - BSPCB","12-11-2025 02:00:00",26.146529,87.454184,OZONE,10,11,10
India,Bihar,Arrah,"New DM Office, Arrah - BSPCB","12-11-2025 02:00:00",25.5626095,84.663264,NO2,6,9,7
India,Bihar,Aurangabad,"Gurdeo Nagar, Aurangabad - BSPCB","12-11-2025 02:00:00",24.75746,84.366208,PM10,72,111,89
India,Bihar,Begusarai,"Lohiyanagar, Begusarai - BSPCB","12-11-2025 02:00:00",25.42742023,86.13886079,NH3,3,4,4
India,Assam,Nagaon,"Christianpatty, Nagaon - PCBA","12-11-2025 02:00:00",26.349082,92.68449,SO2,7,15,11
India,Assam,Nalbari,"Bata Chowk, Nalbari - PCBA","12-11-2025 02:00:00",26.446912,91.439057,CO,66,109,102
India,Assam,Silchar,"Tarapur, Silchar - PCBA","12-11-2025 02:00:00",24.82827,92.79525,CO,26,56,44
India,Assam,Sivasagar,"Girls College, Sivasagar - PCBA","12-11-2025 02:00:00",26.987634,94.636574,SO2,7,11,9
India,Bihar,Kishanganj,"SDM Office_Khagra, Kishanganj - BSPCB","12-11-2025 02:00:00",26.0881305,87.93840336,SO2,6,7,7
India,Bihar,Manguraha,"Forest Rest House, Manguraha - BSPCB","12-11-2025 02:00:00",27.308328,84.531742,SO2,16,17,16
India,Bihar,Munger,"Town Hall, Munger - BSPCB","12-11-2025 02:00:00",25.376776,86.471523,PM2.5,75,220,107
India,Bihar,Munger,"Town Hall, Munger - BSPCB","12-11-2025 02:00:00",25.376776,86.471523,NH3,5,8,6
India,Assam,Byrnihat,"Central Academy for SFS, Byrnihat - PCBA","12-11-2025 02:00:00",26.071318,91.87488,PM2.5,83,332,142
India,Assam,Guwahati,"Pan Bazaar, Guwahati - PCBA","12-11-2025 02:00:00",26.187500,91.744194,SO2,40,77,56
India,Assam,Guwahati,"Pan Bazaar, Guwahati - PCBA","12-11-2025 02:00:00",26.187500,91.744194,CO,18,68,51
India,Assam,Guwahati,"Railway Colony, Guwahati - PCBA","12-11-2025 02:00:00",26.181742,91.78063,PM2.5,51,301,119
India,Chhattisgarh,Tumidih,"OP Jindal Industrial Park, Tumidih - CECB","12-11-2025 02:00:00",22.06631475,83.33820077,PM2.5,51,86,68
India,Chhattisgarh,Tumidih,"OP Jindal Industrial Park, Tumidih - CECB","12-11-2025 02:00:00",22.06631475,83.33820077,NO2,53,95,69
India,Delhi,Delhi,"Alipur, Delhi - DPCC","12-11-2025 02:00:00",28.815329,77.153010,NO2,36,127,81
India,Delhi,Delhi,"Alipur, Delhi - DPCC","12-11-2025 02:00:00",28.815329,77.153010,OZONE,2,83,19
India,Delhi,Delhi,"Anand Vihar, Delhi - DPCC","12-11-2025 02:00:00",28.647622,77.3158090,PM10,207,500,425
India,Delhi,Delhi,"Anand Vihar, Delhi - DPCC","12-11-2025 02:00:00",28.647622,77.3158090,OZONE,12,26,14
India,Delhi,Delhi,"Ashok Vihar, Delhi - DPCC","12-11-2025 02:00:00",28.695381,77.181665,PM10,207,500,417
India,Delhi,Delhi,"Ashok Vihar, Delhi - DPCC","12-11-2025 02:00:00",28.695381,77.181665,NH3,1,1,1
India,Delhi,Delhi,"Ashok Vihar, Delhi - DPCC","12-11-2025 02:00:00",28.695381,77.181665,SO2,9,32,19
India,Delhi,Delhi,"Ashok Vihar, Delhi - DPCC","12-11-2025 02:00:00",28.695381,77.181665,CO,43,114,90
India,Delhi,Delhi,"Ashok Vihar, Delhi - DPCC","12-11-2025 02:00:00",28.695381,77.181665,OZONE,1,156,18
India,Delhi,Delhi,"Bawana, Delhi - DPCC","12-11-2025 02:00:00",28.776200,77.051074,PM2.5,333,500,451
India,Delhi,Delhi,"Bawana, Delhi - DPCC","12-11-2025 02:00:00",28.776200,77.051074,NH3,6,8,6
India,Delhi,Delhi,"Bawana, Delhi - DPCC","12-11-2025 02:00:00",28.776200,77.051074,SO2,6,37,21
India,Delhi,Delhi,"Burari Crossing, Delhi - IMD","12-11-2025 02:00:00",28.7256504,77.2011573,NO2,78,160,122
India,Delhi,Delhi,"CRRI Mathura Road, Delhi - IMD","12-11-2025 02:00:00",28.5512005,77.2735737,OZONE,10,168,17
India,Delhi,Delhi,"Chandni Chowk, Delhi - IITM","12-11-2025 02:00:00",28.656756,77.227234,PM2.5,352,500,449
India,Delhi,Delhi,"Chandni Chowk, Delhi - IITM","12-11-2025 02:00:00",28.656756,77.227234,SO2,6,27,15
India,Delhi,Delhi,"Dr. Karni Singh Shooting Range, Delhi - DPCC","12-11-2025 02:00:00",28.498571,77.264840,PM2.5,325,500,428
India,Bihar,Rajgir,"Dangi Tola, Rajgir - BSPCB","12-11-2025 02:00:00",25.03280,85.41948,OZONE,31,34,33
India,Bihar,Saharsa,"Police Line, Saharsa - BSPCB","12-11-2025 02:00:00",25.892357,86.590325,NO2,7,8,7
India,Bihar,Sasaram,"Dada Peer, Sasaram - BSPCB","12-11-2025 02:00:00",24.952822,84.002396,NO2,2,4,2
India,Bihar,Sasaram,"Dada Peer, Sasaram - BSPCB","12-11-2025 02:00:00",24.952822,84.002396,SO2,1,36,15
India,Bihar,Siwan,"Chitragupta Nagar, Siwan - BSPCB","12-11-2025 02:00:00",26.2271665,84.3570427,PM10,NA,NA,NA
India,Bihar,Siwan,"Chitragupta Nagar, Siwan - BSPCB","12-11-2025 02:00:00",26.2271665,84.3570427,NO2,NA,NA,NA
India,Chandigarh,Chandigarh,"Sector 22, Chandigarh - CPCC","12-11-2025 02:00:00",30.735567,76.775714,PM2.5,37,147,68
India,Delhi,Delhi,"Jawaharlal Nehru Stadium, Delhi - DPCC","12-11-2025 02:00:00",28.580280,77.233829,NO2,52,177,123
India,Delhi,Delhi,"Jawaharlal Nehru Stadium, Delhi - DPCC","12-11-2025 02:00:00",28.580280,77.233829,SO2,13,33,22
India,Delhi,Delhi,"Lodhi Road, Delhi - IITM","12-11-2025 02:00:00",28.588333,77.221667,PM10,138,244,181
India,Delhi,Delhi,"Lodhi Road, Delhi - IITM","12-11-2025 02:00:00",28.588333,77.221667,SO2,3,46,21
India,Delhi,Delhi,"Lodhi Road, Delhi - IMD","12-11-2025 02:00:00",28.5918245,77.2273074,PM10,159,428,321
India,Delhi,Delhi,"Major Dhyan Chand National Stadium, Delhi - DPCC","12-11-2025 02:00:00",28.611281,77.237738,PM10,186,457,366
India,Delhi,Delhi,"Major Dhyan Chand National Stadium, Delhi - DPCC","12-11-2025 02:00:00",28.611281,77.237738,CO,26,112,94
India,Chandigarh,Chandigarh,"Sector 22, Chandigarh - CPCC","12-11-2025 02:00:00",30.735567,76.775714,NH3,8,11,9
India,Chandigarh,Chandigarh,"Sector 22, Chandigarh - CPCC","12-11-2025 02:00:00",30.735567,76.775714,OZONE,5,61,23
India,Chandigarh,Chandigarh,"Sector-53, Chandigarh - CPCC","12-11-2025 02:00:00",30.719859,76.738637,OZONE,2,89,15
India,Chhattisgarh,Bhilai,"Civic Center, Bhilai - Bhilai Steel Plant","12-11-2025 02:00:00",21.185571,81.343175,CO,21,22,22
India,Chhattisgarh,Bhilai,"Hathkhoj, Bhilai - CECB","12-11-2025 02:00:00",21.224231,81.408350,PM2.5,30,155,64
India,Delhi,Delhi,"Dr. Karni Singh Shooting Range, Delhi - DPCC","12-11-2025 02:00:00",28.498571,77.264840,CO,2,74,48
India,Delhi,Delhi,"IHBAS, Dilshad Garden, Delhi - CPCB","12-11-2025 02:00:00",28.6811736,77.3025234,CO,53,98,84
India,Delhi,Delhi,"ITO, Delhi - CPCB","12-11-2025 02:00:00",28.628624,77.241060,PM10,86,500,384
India,Delhi,Delhi,"ITO, Delhi - CPCB","12-11-2025 02:00:00",28.628624,77.241060,NH3,3,6,4
India,Delhi,Delhi,"Jahangirpuri, Delhi - DPCC","12-11-2025 02:00:00",28.732820,77.170633,PM10,248,500,443
India,Bihar,Patna,"Rajbansi Nagar, Patna - BSPCB","12-11-2025 02:00:00",25.599486,85.113666,NO2,40,128,78
India,Bihar,Patna,"Samanpura, Patna - BSPCB","12-11-2025 02:00:00",25.596727,85.085624,SO2,4,4,4
India,Bihar,Purnia,"Mariam Nagar, Purnia - BSPCB","12-11-2025 02:00:00",25.366336,87.117468,PM10,59,169,105
India,Bihar,Purnia,"Mariam Nagar, Purnia - BSPCB","12-11-2025 02:00:00",25.366336,87.117468,NH3,3,3,3
India,Bihar,Purnia,"Mariam Nagar, Purnia - BSPCB","12-11-2025 02:00:00",25.366336,87.117468,CO,52,70,64
India,Bihar,Purnia,"Mariam Nagar, Purnia - BSPCB","12-11-2025 02:00:00",25.366336,87.117468,OZONE,23,49,26
India,Chhattisgarh,Milupara,"Govt. Higher Secondary School, Milupara - CECB","12-11-2025 02:00:00",22.1910172,83.5197009,NO2,NA,NA,NA
India,Chhattisgarh,Raipur,"AIIMS, Raipur - CECB","12-11-2025 02:00:00",21.258815,81.578979,PM2.5,28,75,50
India,Chhattisgarh,Raipur,"AIIMS, Raipur - CECB","12-11-2025 02:00:00",21.258815,81.578979,OZONE,5,9,5
India,Chhattisgarh,Raipur,"Bhatagaon New ISBT, Raipur - CECB","12-11-2025 02:00:00",21.219665,81.630094,NO2,NA,NA,NA
India,Chhattisgarh,Bhilai,"Hathkhoj, Bhilai - CECB","12-11-2025 02:00:00",21.224231,81.408350,CO,9,101,50
India,Chhattisgarh,Chhal,"Nawapara SECL Colony, Chhal - CECB","12-11-2025 02:00:00",22.118125,83.140608,NO2,12,33,18
India,Gujarat,Gandhinagar,"IIPHG Lekawada, Gandhinagar - IITM","12-11-2025 02:00:00",23.243639,72.68994,CO,14,107,81
India,Gujarat,Gandhinagar,"Sector-10, Gandhinagar - GPCB","12-11-2025 02:00:00",23.221714,72.654328,NO2,16,36,23
India,Gujarat,Gandhinagar,"Sector-10, Gandhinagar - GPCB","12-11-2025 02:00:00",23.221714,72.654328,NH3,1,1,1
India,Gujarat,Gandhinagar,"Sector-10, Gandhinagar - GPCB","12-11-2025 02:00:00",23.221714,72.654328,OZONE,6,113,15
India,Gujarat,Surat,"Science Center, Surat - SMC","12-11-2025 02:00:00",21.170046,72.795405,PM10,71,113,96
India,Gujarat,Surat,"Science Center, Surat - SMC","12-11-2025 02:00:00",21.170046,72.795405,CO,36,40,39
India,Gujarat,Vatva,"Phase-4 GIDC, Vatva - GPCB","12-11-2025 02:00:00",22.969611,72.643500,PM10,34,173,93
India,Gujarat,Vatva,"Phase-4 GIDC, Vatva - GPCB","12-11-2025 02:00:00",22.969611,72.643500,NH3,3,3,3
India,Gujarat,Vatva,"Phase-4 GIDC, Vatva - GPCB","12-11-2025 02:00:00",22.969611,72.643500,SO2,24,47,32
India,Haryana,Ambala,"Patti Mehar, Ambala - HSPCB","12-11-2025 02:00:00",30.379589,76.778328,NH3,9,11,10
India,Haryana,Ambala,"Patti Mehar, Ambala - HSPCB","12-11-2025 02:00:00",30.379589,76.778328,CO,95,100,99
India,Haryana,Bahadurgarh,"Arya Nagar, Bahadurgarh - HSPCB","12-11-2025 02:00:00",28.6701,76.9254,CO,45,52,49
India,Haryana,Ballabgarh,"Nathu Colony, Ballabgarh - HSPCB","12-11-2025 02:00:00",28.3419248,77.319699,SO2,8,11,10
India,Haryana,Ballabgarh,"Nathu Colony, Ballabgarh - HSPCB","12-11-2025 02:00:00",28.3419248,77.319699,OZONE,15,15,15
India,Haryana,Bhiwani,"H.B. Colony, Bhiwani - HSPCB","12-11-2025 02:00:00",28.806223,76.141105,PM10,113,419,157
India,Haryana,Bhiwani,"H.B. Colony, Bhiwani - HSPCB","12-11-2025 02:00:00",28.806223,76.141105,NO2,1,35,31
India,Delhi,Delhi,"Sonia Vihar, Delhi - DPCC","12-11-2025 02:00:00",28.710508,77.249485,CO,20,118,99
India,Delhi,Delhi,"Sri Aurobindo Marg, Delhi - DPCC","12-11-2025 02:00:00",28.531346,77.190156,NO2,36,71,53
India,Delhi,Delhi,"Vivek Vihar, Delhi - DPCC","12-11-2025 02:00:00",28.672342,77.315260,NH3,11,12,12
India,Delhi,Delhi,"Vivek Vihar, Delhi - DPCC","12-11-2025 02:00:00",28.672342,77.315260,SO2,13,34,21
India,Gujarat,Ahmedabad,"Chandkheda, Ahmedabad - IITM","12-11-2025 02:00:00",23.107969,72.574648,PM2.5,47,193,96
India,Gujarat,Ahmedabad,"Chandkheda, Ahmedabad - IITM","12-11-2025 02:00:00",23.107969,72.574648,SO2,8,21,13
India,Delhi,Delhi,"NSIT Dwarka, Delhi - CPCB","12-11-2025 02:00:00",28.60909,77.0325413,NH3,5,9,8
India,Delhi,Delhi,"NSIT Dwarka, Delhi - CPCB","12-11-2025 02:00:00",28.60909,77.0325413,CO,22,68,45
India,Delhi,Delhi,"Najafgarh, Delhi - DPCC","12-11-2025 02:00:00",28.570173,76.933762,PM2.5,306,475,397
India,Delhi,Delhi,"Najafgarh, Delhi - DPCC","12-11-2025 02:00:00",28.570173,76.933762,NO2,121,155,135
India,Delhi,Delhi,"Najafgarh, Delhi - DPCC","12-11-2025 02:00:00",28.570173,76.933762,OZONE,6,20,9
India,Delhi,Delhi,"Nehru Nagar, Delhi - DPCC","12-11-2025 02:00:00",28.567890,77.250515,PM10,212,453,385
India,Delhi,Delhi,"Rohini, Delhi - DPCC","12-11-2025 02:00:00",28.732528,77.119920,NH3,6,6,6
India,Delhi,Delhi,"Rohini, Delhi - DPCC","12-11-2025 02:00:00",28.732528,77.119920,CO,15,60,46
India,Delhi,Delhi,"Shadipur, Delhi - CPCB","12-11-2025 02:00:00",28.6514781,77.1473105,NH3,8,13,10
India,Delhi,Delhi,"Sirifort, Delhi - CPCB","12-11-2025 02:00:00",28.5504249,77.2159377,CO,27,114,86
India,Delhi,Delhi,"Sonia Vihar, Delhi - DPCC","12-11-2025 02:00:00",28.710508,77.249485,PM2.5,306,500,434
India,Delhi,Delhi,"North Campus, DU, Delhi - IMD","12-11-2025 02:00:00",28.6573814,77.1585447,PM10,212,485,389
India,Delhi,Delhi,"Patparganj, Delhi - DPCC","12-11-2025 02:00:00",28.623763,77.287209,NO2,50,212,136
India,Delhi,Delhi,"Patparganj, Delhi - DPCC","12-11-2025 02:00:00",28.623763,77.287209,SO2,9,14,11
India,Delhi,Delhi,"Punjabi Bagh, Delhi - DPCC","12-11-2025 02:00:00",28.674045,77.131023,PM2.5,315,500,437
India,Delhi,Delhi,"Punjabi Bagh, Delhi - DPCC","12-11-2025 02:00:00",28.674045,77.131023,OZONE,3,153,17
India,Gujarat,Ahmedabad,"Gyaspur, Ahmedabad - IITM","12-11-2025 02:00:00",22.977134,72.553024,PM10,122,414,265
India,Gujarat,Ahmedabad,"Maninagar, Ahmedabad - GPCB","12-11-2025 02:00:00",23.002657,72.591912,SO2,28,46,39
India,Gujarat,Ahmedabad,"Rakhial, Ahmedabad - IITM","12-11-2025 02:00:00",23.016834,72.625775,OZONE,1,75,9
India,Gujarat,Ahmedabad,"SAC ISRO Bopal, Ahmedabad - IITM","12-11-2025 02:00:00",23.041137,72.456691,PM10,90,212,141
India,Gujarat,Ahmedabad,"SVPI Airport Hansol, Ahmedabad - IITM","12-11-2025 02:00:00",23.076793,72.627874,NO2,32,63,44
India,Gujarat,Ahmedabad,"SVPI Airport Hansol, Ahmedabad - IITM","12-11-2025 02:00:00",23.076793,72.627874,SO2,6,11,8
India,Gujarat,Ankleshwar,"GIDC, Ankleshwar - GPCB","12-11-2025 02:00:00",21.613267,73.010555,OZONE,34,60,36
India,Gujarat,Gandhinagar,"GIFT City, Gandhinagar - IITM","12-11-2025 02:00:00",23.163798,72.677768,NO2,8,95,45
India,Delhi,Delhi,"Pusa, Delhi - DPCC","12-11-2025 02:00:00",28.639652,77.146275,CO,78,108,97
India,Delhi,Delhi,"Pusa, Delhi - IMD","12-11-2025 02:00:00",28.636110,77.173332,PM2.5,323,500,420
India,Delhi,Delhi,"Pusa, Delhi - IMD","12-11-2025 02:00:00",28.636110,77.173332,NO2,23,150,82
India,Karnataka,Bagalkot,"Vidayagiri, Bagalkot - KSPCB","12-11-2025 02:00:00",16.172806,75.659694,SO2,7,7,7
India,Karnataka,Bengaluru,"BTM Layout, Bengaluru - CPCB","12-11-2025 02:00:00",12.9135218,77.5950804,PM2.5,41,65,51
India,Karnataka,Bengaluru,"BTM Layout, Bengaluru - CPCB","12-11-2025 02:00:00",12.9135218,77.5950804,OZONE,20,20,20
India,Karnataka,Bengaluru,"BWSSB Kadabesanahalli, Bengaluru - CPCB","12-11-2025 02:00:00",12.9352049,77.6814488,PM2.5,57,61,60
India,Karnataka,Bengaluru,"City Railway Station, Bengaluru - KSPCB","12-11-2025 02:00:00",12.9756843,77.5660749,NO2,NA,NA,NA
India,Karnataka,Bengaluru,"City Railway Station, Bengaluru - KSPCB","12-11-2025 02:00:00",12.9756843,77.5660749,SO2,NA,NA,NA
India,Karnataka,Bengaluru,"City Railway Station, Bengaluru - KSPCB","12-11-2025 02:00:00",12.9756843,77.5660749,CO,86,88,86
India,Karnataka,Bengaluru,"Hebbal, Bengaluru - KSPCB","12-11-2025 02:00:00",13.029152,77.585901,NO2,22,28,25
India,Haryana,"Yamuna Nagar","Gobind Pura, Yamuna Nagar - HSPCB","12-11-2025 02:00:00",30.1480566,77.2893471,PM2.5,17,238,158
India,Haryana,"Yamuna Nagar","Gobind Pura, Yamuna Nagar - HSPCB","12-11-2025 02:00:00",30.1480566,77.2893471,NH3,10,10,10
India,Haryana,"Yamuna Nagar","Gobind Pura, Yamuna Nagar - HSPCB","12-11-2025 02:00:00",30.1480566,77.2893471,CO,4,106,46
India,"Himachal Pradesh",Baddi,"HIMUDA Complex Phase-1, Baddi - HPPCB","12-11-2025 02:00:00",30.943887,76.801991,PM10,44,319,153
India,"Himachal Pradesh",Baddi,"HIMUDA Complex Phase-1, Baddi - HPPCB","12-11-2025 02:00:00",30.943887,76.801991,NO2,18,93,50
India,Jammu_and_Kashmir,Srinagar,"Rajbagh, Srinagar - JKSPCB","12-11-2025 02:00:00",34.066206,74.819820,PM10,NA,NA,NA
India,Jammu_and_Kashmir,Srinagar,"Rajbagh, Srinagar - JKSPCB","12-11-2025 02:00:00",34.066206,74.819820,SO2,NA,NA,NA
India,Haryana,Fatehabad,"Huda Sector, Fatehabad - HSPCB","12-11-2025 02:00:00",29.503664,75.467934,NO2,18,20,19
India,Haryana,Fatehabad,"Huda Sector, Fatehabad - HSPCB","12-11-2025 02:00:00",29.503664,75.467934,OZONE,11,20,13
India,Haryana,Gurugram,"Sector-51, Gurugram - HSPCB","12-11-2025 02:00:00",28.4227,77.0667,PM2.5,192,435,372
India,Haryana,Gurugram,"Sector-51, Gurugram - HSPCB","12-11-2025 02:00:00",28.4227,77.0667,PM10,136,438,342
India,Haryana,Gurugram,"Vikas Sadan, Gurugram - HSPCB","12-11-2025 02:00:00",28.4501238,77.0263051,OZONE,7,49,20
India,Haryana,Hisar,"Urban Estate-II, Hisar - HSPCB","12-11-2025 02:00:00",29.140560,75.744941,PM10,132,429,244
India,Haryana,Panchgaon,"Amity University, Panchgaon - IITM","12-11-2025 02:00:00",28.3153,76.9143,SO2,1,5,3
India,Haryana,Panchkula,"Sector-6, Panchkula - HSPCB ","12-11-2025 02:00:00",30.7057778,76.8531805555555,OZONE,17,36,23
India,Haryana,Panipat,"Sector-18, Panipat - HSPCB","12-11-2025 02:00:00",29.432304,76.972765,SO2,18,19,19
India,Haryana,Rohtak,"MD University, Rohtak - HSPCB","12-11-2025 02:00:00",28.52123,76.37138,NO2,5,7,6
India,Haryana,Sirsa,"F-Block, Sirsa - HSPCB","12-11-2025 02:00:00",29.536400,75.015800,NH3,10,15,13
India,Karnataka,Bengaluru,"Hombegowda Nagar, Bengaluru - KSPCB","12-11-2025 02:00:00",12.938539,77.590100,CO,17,68,33
India,Karnataka,Bengaluru,"Jayanagar 5th Block, Bengaluru - KSPCB","12-11-2025 02:00:00",12.920984,77.584908,NO2,12,83,42
India,Karnataka,Bengaluru,"Jayanagar 5th Block, Bengaluru - KSPCB","12-11-2025 02:00:00",12.920984,77.584908,OZONE,9,83,38
India,Karnataka,Bengaluru,"Jigani, Bengaluru - KSPCB","12-11-2025 02:00:00",12.7816279,77.6299145,PM2.5,39,355,90
India,Haryana,Jind,"Police Lines, Jind - HSPCB","12-11-2025 02:00:00",29.307814,76.337619,PM10,137,452,309
India,Haryana,Karnal,"Sector-12, Karnal - HSPCB","12-11-2025 02:00:00",29.695300,77.002700,PM10,49,181,114
India,Haryana,Kurukshetra,"Sector-7, Kurukshetra - HSPCB","12-11-2025 02:00:00",29.966942,76.875879,NO2,15,22,19
India,Haryana,Kurukshetra,"Sector-7, Kurukshetra - HSPCB","12-11-2025 02:00:00",29.966942,76.875879,OZONE,19,80,47
India,Karnataka,Bengaluru,"Jigani, Bengaluru - KSPCB","12-11-2025 02:00:00",12.7816279,77.6299145,SO2,18,18,18
India,Karnataka,Bengaluru,"Jigani, Bengaluru - KSPCB","12-11-2025 02:00:00",12.7816279,77.6299145,CO,38,39,38
India,Karnataka,Bengaluru,"Kasturi Nagar, Bengaluru - KSPCB","12-11-2025 02:00:00",13.003872,77.664217,PM2.5,57,59,58
India,Karnataka,Bengaluru,"RVCE-Mailasandra, Bengaluru - KSPCB","12-11-2025 02:00:00",12.921418,77.502466,PM10,65,260,136
India,Haryana,"Charkhi Dadri","Mini Secretariat, Charkhi Dadri - HSPCB","12-11-2025 02:00:00",28.593883,76.270653,NH3,5,8,6
India,Haryana,Faridabad,"New Industrial Town, Faridabad - HSPCB","12-11-2025 02:00:00",28.39072,77.30059,PM2.5,290,301,296
India,Haryana,Faridabad,"Sector 30, Faridabad - HSPCB","12-11-2025 02:00:00",28.4417,77.3217,NO2,35,40,37
India,Haryana,Narnaul,"Shastri Nagar, Narnaul - HSPCB","12-11-2025 02:00:00",28.060249,76.113115,SO2,11,12,11
India,Haryana,Panchgaon,"Amity University, Panchgaon - IITM","12-11-2025 02:00:00",28.3153,76.9143,PM10,62,188,128
India,"Madhya Pradesh",Indore,"Chhoti Gwaltoli, Indore - MPPCB","12-11-2025 02:00:00",22.4310,75.5213,PM10,55,268,149
India,"Madhya Pradesh",Indore,"Chhoti Gwaltoli, Indore - MPPCB","12-11-2025 02:00:00",22.4310,75.5213,OZONE,3,95,6
India,"Madhya Pradesh",Indore,"Regional Park, Indore - IMC","12-11-2025 02:00:00",22.6780,75.8559,PM2.5,41,181,71
India,"Madhya Pradesh",Indore,"Residency Area, Indore - IMC","12-11-2025 02:00:00",22.7084,75.8815,PM2.5,NA,NA,NA
India,"Madhya Pradesh",Jabalpur,"Govindh Bhavan Colony, Jabalpur - JMC","12-11-2025 02:00:00",23.163174,79.973061,PM2.5,93,193,126
India,"Madhya Pradesh",Jabalpur,"Govindh Bhavan Colony, Jabalpur - JMC","12-11-2025 02:00:00",23.163174,79.973061,PM10,87,135,109
India,"Madhya Pradesh",Jabalpur,"Gupteshwar, Jabalpur - JMC","12-11-2025 02:00:00",23.142888,79.916147,PM2.5,48,172,97
India,"Madhya Pradesh",Jabalpur,"Gupteshwar, Jabalpur - JMC","12-11-2025 02:00:00",23.142888,79.916147,PM10,55,212,121
India,Kerala,Kannur,"Thavakkara, Kannur - Kerala PCB","12-11-2025 02:00:00",11.875000,75.373200,CO,15,18,16
India,Kerala,Kollam,"Polayathode, Kollam - Kerala PCB","12-11-2025 02:00:00",8.8787,76.6073,NH3,NA,NA,NA
India,Kerala,Thiruvananthapuram,"Kariavattom, Thiruvananthapuram - Kerala PCB","12-11-2025 02:00:00",8.563700,76.886500,OZONE,36,36,36
India,Kerala,Thiruvananthapuram,"Plammoodu, Thiruvananthapuram - Kerala PCB","12-11-2025 02:00:00",8.5149093,76.9435879,PM2.5,19,35,28
India,Kerala,Thrissur,"Corporation Ground, Thrissur - Kerala PCB","12-11-2025 02:00:00",10.532400,76.215900,PM10,NA,NA,NA
India,"Madhya Pradesh",Bhopal,"Idgah Hills, Bhopal - MPPCB","12-11-2025 02:00:00",23.264759,77.381568,PM2.5,75,308,146
India,Karnataka,Mangalore,"Kadri, Mangalore - KSPCB","12-11-2025 02:00:00",12.889250,74.853000,NO2,2,6,5
India,Karnataka,Mangalore,"Kadri, Mangalore - KSPCB","12-11-2025 02:00:00",12.889250,74.853000,NH3,1,2,1
India,Karnataka,Mangalore,"Kadri, Mangalore - KSPCB","12-11-2025 02:00:00",12.889250,74.853000,SO2,14,15,14
India,Karnataka,Mysuru,"Hebbal 1st Stage, Mysuru - KSPCB","12-11-2025 02:00:00",12.21041,76.37376,CO,5,112,56
India,Karnataka,Shivamogga,"Vinoba Nagara, Shivamogga - KSPCB","12-11-2025 02:00:00",13.940000,75.555917,PM10,68,69,68
India,Karnataka,Shivamogga,"Vinoba Nagara, Shivamogga - KSPCB","12-11-2025 02:00:00",13.940000,75.555917,NH3,3,4,3
India,Karnataka,Tumakuru,"Thimmalapura, Tumakuru - KSPCB","12-11-2025 02:00:00",13.377516,77.099072,NH3,NA,NA,NA
India,Karnataka,Tumakuru,"Thimmalapura, Tumakuru - KSPCB","12-11-2025 02:00:00",13.377516,77.099072,OZONE,23,23,23
India,Karnataka,Bengaluru,"Shivapura_Peenya, Bengaluru - KSPCB","12-11-2025 02:00:00",13.0246342,77.5080115,PM2.5,60,242,140
India,Karnataka,Bengaluru,"Shivapura_Peenya, Bengaluru - KSPCB","12-11-2025 02:00:00",13.0246342,77.5080115,NH3,5,5,5
India,Karnataka,Bengaluru,"Shivapura_Peenya, Bengaluru - KSPCB","12-11-2025 02:00:00",13.0246342,77.5080115,OZONE,19,20,20
India,Karnataka,Bengaluru,"Silk Board, Bengaluru - KSPCB","12-11-2025 02:00:00",12.917348,77.622813,SO2,1,11,5
India,Karnataka,Bengaluru,"Silk Board, Bengaluru - KSPCB","12-11-2025 02:00:00",12.917348,77.622813,CO,18,46,34
India,Karnataka,Bengaluru,"Silk Board, Bengaluru - KSPCB","12-11-2025 02:00:00",12.917348,77.622813,OZONE,18,19,19
India,Karnataka,Chamarajanagar,"Urban, Chamarajanagar - KSPCB","12-11-2025 02:00:00",11.55358,76.55521,PM2.5,19,44,26
India,Karnataka,Chamarajanagar,"Urban, Chamarajanagar - KSPCB","12-11-2025 02:00:00",11.55358,76.55521,NH3,1,3,2
India,Karnataka,Vijayapura,"Ibrahimpur, Vijayapura - KSPCB","12-11-2025 02:00:00",16.802639,75.722694,PM2.5,26,31,30
India,Karnataka,Vijayapura,"Ibrahimpur, Vijayapura - KSPCB","12-11-2025 02:00:00",16.802639,75.722694,NO2,11,12,12
India,Karnataka,Yadgir,"Collector Office, Yadgir - KSPCB","12-11-2025 02:00:00",16.7602,77.1428,CO,25,92,27
India,Kerala,Eloor,"Udyogamandal, Eloor - Kerala PCB","12-11-2025 02:00:00",10.073232,76.302765,SO2,1,1,1
India,Kerala,Eloor,"Udyogamandal, Eloor - Kerala PCB","12-11-2025 02:00:00",10.073232,76.302765,OZONE,9,16,12
India,"Madhya Pradesh",Gwalior,"City Center, Gwalior - MPPCB","12-11-2025 02:00:00",26.203442,78.193251,CO,12,120,90
India,"Madhya Pradesh",Gwalior,"City Center, Gwalior - MPPCB","12-11-2025 02:00:00",26.203442,78.193251,OZONE,16,70,30
India,"Madhya Pradesh",Gwalior,"Deen Dayal Nagar, Gwalior - MPPCB","12-11-2025 02:00:00",26.259242,78.216432,NH3,7,12,9
India,"Madhya Pradesh",Gwalior,"Deen Dayal Nagar, Gwalior - MPPCB","12-11-2025 02:00:00",26.259242,78.216432,CO,14,142,110
India,"Madhya Pradesh",Indore,"Airport Area, Indore - IMC","12-11-2025 02:00:00",22.7289,75.8076,PM10,54,312,108
India,"Madhya Pradesh",Bhopal,"Paryavaran Parisar, Bhopal - MPPCB","12-11-2025 02:00:00",23.210494,77.425409,NO2,20,137,63
India,"Madhya Pradesh",Bhopal,"T T Nagar, Bhopal - MPPCB","12-11-2025 02:00:00",23.233584,77.400574,PM2.5,84,322,212
India,"Madhya Pradesh",Dewas,"Bhopal Chauraha, Dewas - MPPCB","12-11-2025 02:00:00",22.9682591,76.064118,PM10,100,216,139
India,"Madhya Pradesh",Gwalior,"City Center, Gwalior - MPPCB","12-11-2025 02:00:00",26.203442,78.193251,PM10,119,308,163
India,Karnataka,Chikkamagaluru,"Kalyana Nagara, Chikkamagaluru - KSPCB","12-11-2025 02:00:00",13.328028,75.797056,SO2,NA,NA,NA
India,Karnataka,Chikkamagaluru,"Kalyana Nagara, Chikkamagaluru - KSPCB","12-11-2025 02:00:00",13.328028,75.797056,CO,NA,NA,NA
India,Karnataka,Davanagere,"Devaraj Urs Badavane, Davanagere - KSPCB","12-11-2025 02:00:00",14.475800,75.905200,PM10,NA,NA,NA
India,Karnataka,Davanagere,"Devaraj Urs Badavane, Davanagere - KSPCB","12-11-2025 02:00:00",14.475800,75.905200,CO,46,71,47
India,Karnataka,Dharwad,"Kalabhavan, Dharwad - KSPCB","12-11-2025 02:00:00",15.459706,75.008381,NH3,5,7,6
India,Karnataka,Kalaburagi,"Lal Bahadur Shastri Nagar, Kalaburagi - KSPCB","12-11-2025 02:00:00",17.321993,76.822628,PM10,27,62,48
India,Karnataka,Kalaburagi,"Lal Bahadur Shastri Nagar, Kalaburagi - KSPCB","12-11-2025 02:00:00",17.321993,76.822628,CO,50,70,53
India,Karnataka,Kalaburagi,"Lal Bahadur Shastri Nagar, Kalaburagi - KSPCB","12-11-2025 02:00:00",17.321993,76.822628,OZONE,20,20,20
India,Karnataka,Koppal,"Diwator Nagar, Koppal - KSPCB","12-11-2025 02:00:00",15.347630,76.181767,NH3,7,7,7
India,Karnataka,Koppal,"Diwator Nagar, Koppal - KSPCB","12-11-2025 02:00:00",15.347630,76.181767,OZONE,11,16,12
India,"Madhya Pradesh",Pithampur,"Sector-2 Industrial Area, Pithampur - MPPCB","12-11-2025 02:00:00",22.624758,75.675238,PM10,107,374,186
India,"Madhya Pradesh",Sagar,"Civil Lines, Sagar - MPPCB","12-11-2025 02:00:00",23.838586,78.759431,PM10,99,191,119
India,"Madhya Pradesh",Sagar,"Civil Lines, Sagar - MPPCB","12-11-2025 02:00:00",23.838586,78.759431,OZONE,21,53,40
India,"Madhya Pradesh",Satna,"Bandhavgar Colony, Satna - Birla Cement","12-11-2025 02:00:00",24.58434363,80.8549414,PM10,62,64,63
India,"Madhya Pradesh",Satna,"Bandhavgar Colony, Satna - Birla Cement","12-11-2025 02:00:00",24.58434363,80.8549414,NO2,29,41,33
India,"Madhya Pradesh",Singrauli,"Suryakiran Bhawan NCL, Singrauli - MPPCB","12-11-2025 02:00:00",24.108970,82.645580,PM2.5,54,329,101
India,"Madhya Pradesh",Singrauli,"Suryakiran Bhawan NCL, Singrauli - MPPCB","12-11-2025 02:00:00",24.108970,82.645580,PM10,85,385,133
India,"Madhya Pradesh",Singrauli,"Suryakiran Bhawan NCL, Singrauli - MPPCB","12-11-2025 02:00:00",24.108970,82.645580,NH3,7,12,8
India,"Madhya Pradesh",Singrauli,"Suryakiran Bhawan NCL, Singrauli - MPPCB","12-11-2025 02:00:00",24.108970,82.645580,SO2,36,52,42
India,"Madhya Pradesh",Singrauli,"Suryakiran Bhawan NCL, Singrauli - MPPCB","12-11-2025 02:00:00",24.108970,82.645580,CO,12,15,12
India,Maharashtra,Jalna,"Old MIDC, Jalna - MPCB","12-11-2025 02:00:00",19.854616,75.905894,CO,10,40,26
India,Maharashtra,Kalyan,"Khadakpada, Kalyan - MPCB","12-11-2025 02:00:00",19.25292,73.142019,OZONE,9,9,9
India,Maharashtra,Kolhapur,"Shivaji University, Kolhapur - MPCB","12-11-2025 02:00:00",16.6870449,74.2505872,PM10,NA,NA,NA
India,Maharashtra,Kolhapur,"Shivaji University, Kolhapur - MPCB","12-11-2025 02:00:00",16.6870449,74.2505872,NO2,12,53,29
India,Maharashtra,Kolhapur,"Sinchan Bhavan, Kolhapur - MPCB","12-11-2025 02:00:00",16.7143745,74.2426398,PM2.5,31,124,78
India,Maharashtra,Kolhapur,"Sinchan Bhavan, Kolhapur - MPCB","12-11-2025 02:00:00",16.7143745,74.2426398,SO2,1,8,3
India,Maharashtra,Latur,"Sawe Wadi, Latur - MPCB","12-11-2025 02:00:00",18.39963,76.57452,NO2,14,49,27
India,Maharashtra,Ahmednagar,"Tarakpur, Ahmednagar - MPCB","12-11-2025 02:00:00",19.10122,74.73339,CO,2,80,49
India,Maharashtra,Ahmednagar,"Tarakpur, Ahmednagar - MPCB","12-11-2025 02:00:00",19.10122,74.73339,OZONE,9,111,33
India,Maharashtra,Akola,"Ramdaspeth, Akola - MPCB","12-11-2025 02:00:00",20.719516,77.000253,CO,8,112,69
India,Maharashtra,Akola,"Ramdaspeth, Akola - MPCB","12-11-2025 02:00:00",20.719516,77.000253,OZONE,1,58,5
India,Maharashtra,Amravati,"Shivneri Colony, Amravati - MPCB","12-11-2025 02:00:00",20.9402359,77.7895248,PM10,111,233,143
India,Maharashtra,Amravati,"Shri Shivaji Science College, Amravati - MPCB","12-11-2025 02:00:00",20.939198,77.765701,PM2.5,31,300,166
India,Maharashtra,Amravati,"Shri Shivaji Science College, Amravati - MPCB","12-11-2025 02:00:00",20.939198,77.765701,NO2,16,79,40
India,Maharashtra,Boisar,"Khaira, Boisar - MPCB","12-11-2025 02:00:00",19.786089,72.757971,SO2,11,16,12
India,Maharashtra,Boisar,"Khaira, Boisar - MPCB","12-11-2025 02:00:00",19.786089,72.757971,CO,17,63,42
India,Maharashtra,Chandrapur,"Chauhan Colony, Chandrapur - MPCB","12-11-2025 02:00:00",19.962900,79.298714,PM2.5,40,82,57
India,Maharashtra,Chandrapur,"MIDC Khutala, Chandrapur - MPCB","12-11-2025 02:00:00",19.9775302,79.2337086,NO2,12,56,24
India,Maharashtra,Chandrapur,"MIDC Khutala, Chandrapur - MPCB","12-11-2025 02:00:00",19.9775302,79.2337086,NH3,2,10,5
India,Maharashtra,Dhule,"Deopur, Dhule - MPCB","12-11-2025 02:00:00",20.918946,74.776388,NO2,6,106,26
India,Maharashtra,Mahad,"Kamble Tarf Birwadi, Mahad - MPCB","12-11-2025 02:00:00",18.1023399,73.4783687,OZONE,22,51,32
India,Maharashtra,Malegaon,"Mahesh Nagar, Malegaon - MPCB","12-11-2025 02:00:00",20.555712,74.529236,PM2.5,NA,NA,NA
India,Maharashtra,Malegaon,"Mahesh Nagar, Malegaon - MPCB","12-11-2025 02:00:00",20.555712,74.529236,PM10,75,204,114
India,Maharashtra,Mira-Bhayandar,"Bhayandar West, Mira-Bhayandar - MPCB","12-11-2025 02:00:00",19.296481,72.840923,OZONE,1,78,27
India,Maharashtra,Mumbai,"Bandra Kurla Complex, Mumbai - IITM","12-11-2025 02:00:00",19.053536,72.84643,OZONE,1,271,27
India,Maharashtra,Aurangabad,"MIDC Chilkalthana, Aurangabad - MPCB","12-11-2025 02:00:00",19.875620,75.387310,CO,21,103,50
India,Maharashtra,Belapur,"CBD Belapur, Belapur - MPCB","12-11-2025 02:00:00",19.0243902,73.0406721,NO2,18,20,19
India,Maharashtra,Belapur,"CBD Belapur, Belapur - MPCB","12-11-2025 02:00:00",19.0243902,73.0406721,NH3,NA,NA,NA
India,Maharashtra,Belapur,"CBD Belapur, Belapur - MPCB","12-11-2025 02:00:00",19.0243902,73.0406721,SO2,NA,NA,NA
India,Maharashtra,Belapur,"CBD Belapur, Belapur - MPCB","12-11-2025 02:00:00",19.0243902,73.0406721,OZONE,1,68,20
India,Maharashtra,Bhiwandi,"Gokul Nagar, Bhiwandi - MPCB","12-11-2025 02:00:00",19.309073,73.057223,PM2.5,NA,NA,NA
India,Maharashtra,Bhiwandi,"Gokul Nagar, Bhiwandi - MPCB","12-11-2025 02:00:00",19.309073,73.057223,PM10,NA,NA,NA
India,"Madhya Pradesh",Jabalpur,"Marhatal, Jabalpur - MPPCB","12-11-2025 02:00:00",23.168606,79.932247,PM2.5,77,344,210
India,"Madhya Pradesh",Jabalpur,"Suhagi, Jabalpur - JMC","12-11-2025 02:00:00",23.218135,79.957770,OZONE,20,139,26
India,"Madhya Pradesh",Katni,"Gole Bazar, Katni - MPPCB","12-11-2025 02:00:00",23.50016,80.23284,SO2,30,128,71
India,"Madhya Pradesh",Mandideep,"Sector-D Industrial Area, Mandideep - MPPCB","12-11-2025 02:00:00",23.108440,77.511428,PM10,110,369,231
India,"Madhya Pradesh",Mandideep,"Sector-D Industrial Area, Mandideep - MPPCB","12-11-2025 02:00:00",23.108440,77.511428,NH3,1,7,4
India,Maharashtra,Jalgaon,"Prabhat Colony, Jalgaon - MPCB","12-11-2025 02:00:00",21.001264,75.565602,NH3,2,3,2
India,Maharashtra,Jalgaon,"Prabhat Colony, Jalgaon - MPCB","12-11-2025 02:00:00",21.001264,75.565602,OZONE,2,87,14
India,Maharashtra,Jalna,"Old MIDC, Jalna - MPCB","12-11-2025 02:00:00",19.854616,75.905894,NO2,37,50,43
India,Maharashtra,Latur,"Sawe Wadi, Latur - MPCB","12-11-2025 02:00:00",18.39963,76.57452,NH3,4,15,8
India,Maharashtra,Latur,"Sawe Wadi, Latur - MPCB","12-11-2025 02:00:00",18.39963,76.57452,CO,18,42,29
India,Maharashtra,"Navi Mumbai","Sanpada, Navi Mumbai - MPCB","12-11-2025 02:00:00",19.0575752,73.0151367,OZONE,15,15,15
India,Maharashtra,"Navi Mumbai","Sector-2E Kalamboli, Navi Mumbai - MPCB","12-11-2025 02:00:00",19.02579,73.10297,SO2,1,7,4
India,Maharashtra,"Navi Mumbai","Sector-2E Kalamboli, Navi Mumbai - MPCB","12-11-2025 02:00:00",19.02579,73.10297,OZONE,1,90,25
India,Maharashtra,"Navi Mumbai","Tondare-Taloja, Navi Mumbai - MPCB","12-11-2025 02:00:00",19.0630,73.1209,PM10,90,158,117
India,Maharashtra,"Navi Mumbai","Tondare-Taloja, Navi Mumbai - MPCB","12-11-2025 02:00:00",19.0630,73.1209,NO2,13,28,20
India,Maharashtra,Parbhani,"Masoom Colony, Parbhani - MPCB","12-11-2025 02:00:00",19.265594,76.761463,PM10,79,157,120
India,Maharashtra,Parbhani,"Masoom Colony, Parbhani - MPCB","12-11-2025 02:00:00",19.265594,76.761463,NH3,NA,NA,NA
India,Maharashtra,Pimpri-Chinchwad,"Gavalinagar, Pimpri Chinchwad - MPCB","12-11-2025 02:00:00",18.63673,73.82487,PM10,90,150,120
India,Maharashtra,Pimpri-Chinchwad,"Gavalinagar, Pimpri Chinchwad - MPCB","12-11-2025 02:00:00",18.63673,73.82487,SO2,2,3,2
India,Maharashtra,Pimpri-Chinchwad,"Gavalinagar, Pimpri Chinchwad - MPCB","12-11-2025 02:00:00",18.63673,73.82487,CO,21,86,56
India,Maharashtra,Mumbai,"Kandivali West, Mumbai - BMC","12-11-2025 02:00:00",19.215859,72.831718,PM10,49,80,63
India,Maharashtra,Mumbai,"Kandivali West, Mumbai - BMC","12-11-2025 02:00:00",19.215859,72.831718,CO,10,57,29
India,Maharashtra,Mumbai,"Kherwadi_Bandra East, Mumbai - MPCB","12-11-2025 02:00:00",19.0632143,72.8456324,PM2.5,100,178,134
India,Maharashtra,Mumbai,"Kherwadi_Bandra East, Mumbai - MPCB","12-11-2025 02:00:00",19.0632143,72.8456324,PM10,70,167,132
India,Maharashtra,Mumbai,"Khindipada-Bhandup West, Mumbai - IITM","12-11-2025 02:00:00",19.1653323,72.922099,NH3,2,4,3
India,Maharashtra,Mumbai,"Khindipada-Bhandup West, Mumbai - IITM","12-11-2025 02:00:00",19.1653323,72.922099,SO2,4,45,15
India,Maharashtra,Mumbai,"Kurla, Mumbai - MPCB","12-11-2025 02:00:00",19.0863,72.8888,PM10,91,133,111
India,Maharashtra,Mumbai,"Malad West, Mumbai - IITM","12-11-2025 02:00:00",19.19709,72.82204,NH3,NA,NA,NA
India,Maharashtra,Mumbai,"Chhatrapati Shivaji Intl. Airport (T2), Mumbai - MPCB","12-11-2025 02:00:00",19.10078,72.87462,NH3,NA,NA,NA
India,Maharashtra,Mumbai,"Chhatrapati Shivaji Intl. Airport (T2), Mumbai - MPCB","12-11-2025 02:00:00",19.10078,72.87462,CO,NA,NA,NA
India,Maharashtra,Mumbai,"Colaba, Mumbai - MPCB","12-11-2025 02:00:00",18.910000,72.820000,PM10,34,105,61
India,Maharashtra,Mumbai,"Deonar, Mumbai - IITM","12-11-2025 02:00:00",19.04946,72.9230,PM2.5,46,209,116
India,Maharashtra,Mumbai,"Ghatkopar, Mumbai - BMC","12-11-2025 02:00:00",19.083694,72.920967,PM2.5,60,123,85
India,Maharashtra,Mumbai,"Ghatkopar, Mumbai - BMC","12-11-2025 02:00:00",19.083694,72.920967,SO2,4,11,7
India,Maharashtra,Mumbai,"Ghatkopar, Mumbai - BMC","12-11-2025 02:00:00",19.083694,72.920967,CO,11,35,26
India,Maharashtra,Mumbai,"Kandivali East, Mumbai - MPCB","12-11-2025 02:00:00",19.205800,72.868200,PM10,NA,NA,NA
India,Maharashtra,Mumbai,"Sewri, Mumbai - BMC","12-11-2025 02:00:00",19.000084,72.856730,CO,1,101,44
India,Maharashtra,Mumbai,"Shivaji Nagar, Mumbai - BMC","12-11-2025 02:00:00",19.060498,72.923356,NO2,30,78,46
India,Maharashtra,Mumbai,"Shivaji Nagar, Mumbai - BMC","12-11-2025 02:00:00",19.060498,72.923356,SO2,12,24,17
India,Maharashtra,Mumbai,"Shivaji Nagar, Mumbai - BMC","12-11-2025 02:00:00",19.060498,72.923356,OZONE,2,121,36
India,Maharashtra,Mumbai,"Siddharth Nagar-Worli, Mumbai - IITM","12-11-2025 02:00:00",19.000083,72.813993,PM2.5,56,150,101
India,Maharashtra,Mumbai,"Siddharth Nagar-Worli, Mumbai - IITM","12-11-2025 02:00:00",19.000083,72.813993,NO2,43,157,92
India,Maharashtra,Mumbai,"Siddharth Nagar-Worli, Mumbai - IITM","12-11-2025 02:00:00",19.000083,72.813993,OZONE,2,302,96
India,Maharashtra,Mumbai,"Sion, Mumbai - MPCB","12-11-2025 02:00:00",19.047000,72.874600,PM2.5,NA,NA,NA
India,Maharashtra,Mumbai,"Sion, Mumbai - MPCB","12-11-2025 02:00:00",19.047000,72.874600,OZONE,7,13,12
India,Maharashtra,Nagpur,"Ambazari, Nagpur - MPCB","12-11-2025 02:00:00",21.121801,79.04952,OZONE,1,104,20
India,Maharashtra,Nagpur,"Mahal, Nagpur - MPCB","12-11-2025 02:00:00",21.14472,79.107595,PM10,106,199,138
India,Maharashtra,Nagpur,"Mahal, Nagpur - MPCB","12-11-2025 02:00:00",21.14472,79.107595,NH3,3,5,4
India,Maharashtra,Nagpur,"Mahal, Nagpur - MPCB","12-11-2025 02:00:00",21.14472,79.107595,CO,14,149,84
India,Maharashtra,Nagpur,"Opp GPO Civil Lines, Nagpur - MPCB","12-11-2025 02:00:00",21.152875,79.0517531,CO,16,120,87
India,Maharashtra,Nagpur,"Opp GPO Civil Lines, Nagpur - MPCB","12-11-2025 02:00:00",21.152875,79.0517531,OZONE,2,63,4
India,Maharashtra,Mumbai,"Bandra Kurla Complex, Mumbai - MPCB","12-11-2025 02:00:00",19.065931,72.862131,CO,13,82,45
India,Maharashtra,Mumbai,"Byculla, Mumbai - BMC","12-11-2025 02:00:00",18.9767,72.8380,SO2,NA,NA,NA
India,Maharashtra,Mumbai,"Chakala-Andheri East, Mumbai - IITM","12-11-2025 02:00:00",19.11074,72.86084,PM10,99,157,129
India,Maharashtra,Mumbai,"Chakala-Andheri East, Mumbai - IITM","12-11-2025 02:00:00",19.11074,72.86084,CO,10,72,44
India,Maharashtra,Mumbai,"Mindspace-Malad West, Mumbai - MPCB","12-11-2025 02:00:00",19.1878657,72.8304069,NH3,6,29,15
India,Maharashtra,Mumbai,"Mindspace-Malad West, Mumbai - MPCB","12-11-2025 02:00:00",19.1878657,72.8304069,OZONE,2,52,34
India,Maharashtra,Mumbai,"Powai, Mumbai - MPCB","12-11-2025 02:00:00",19.137500,72.915056,PM10,95,169,119
India,Maharashtra,Mumbai,"Powai, Mumbai - MPCB","12-11-2025 02:00:00",19.137500,72.915056,SO2,27,28,28
India,Maharashtra,Nagpur,"Ram Nagar, Nagpur - MPCB","12-11-2025 02:00:00",21.143383,79.048912,NH3,2,15,5
India,Maharashtra,Nanded,"Sneh Nagar, Nanded - MPCB","12-11-2025 02:00:00",19.173852,77.296291,OZONE,19,173,78
India,Maharashtra,Nashik,"Gangapur Road, Nashik - MPCB","12-11-2025 02:00:00",20.0073285,73.7762427,PM2.5,NA,NA,NA
India,Maharashtra,"Navi Mumbai","Mahape, Navi Mumbai - MPCB","12-11-2025 02:00:00",19.1135051,73.008978,CO,20,23,22
India,Maharashtra,"Navi Mumbai","Nerul, Navi Mumbai - MPCB","12-11-2025 02:00:00",19.008751,73.016620,NO2,NA,NA,NA
India,Maharashtra,"Navi Mumbai","Nerul, Navi Mumbai - MPCB","12-11-2025 02:00:00",19.008751,73.016620,NH3,NA,NA,NA
India,Maharashtra,Pimpri-Chinchwad,"Park Street Wakad, Pimpri Chinchwad - MPCB","12-11-2025 02:00:00",18.59051,73.77946,NO2,29,102,51
India,Maharashtra,Pimpri-Chinchwad,"Park Street Wakad, Pimpri Chinchwad - MPCB","12-11-2025 02:00:00",18.59051,73.77946,SO2,1,5,2
India,Maharashtra,Pimpri-Chinchwad,"Savta Mali Nagar, Pimpri-Chinchwad - IITM","12-11-2025 02:00:00",18.614767,73.799516,PM2.5,56,185,110
India,Maharashtra,Pimpri-Chinchwad,"Savta Mali Nagar, Pimpri-Chinchwad - IITM","12-11-2025 02:00:00",18.614767,73.799516,PM10,83,147,114
India,Maharashtra,Pimpri-Chinchwad,"Savta Mali Nagar, Pimpri-Chinchwad - IITM","12-11-2025 02:00:00",18.614767,73.799516,NO2,27,122,64
India,Maharashtra,Pimpri-Chinchwad,"Thergaon, Pimpri Chinchwad - MPCB","12-11-2025 02:00:00",18.616318,73.765797,NO2,20,63,35
India,Maharashtra,Pimpri-Chinchwad,"Thergaon, Pimpri Chinchwad - MPCB","12-11-2025 02:00:00",18.616318,73.765797,CO,26,90,71
India,Maharashtra,Pimpri-Chinchwad,"Thergaon, Pimpri Chinchwad - MPCB","12-11-2025 02:00:00",18.616318,73.765797,OZONE,1,78,16
India,Maharashtra,Pune,"Bhumkar Nagar, Pune - IITM","12-11-2025 02:00:00",18.605770,73.749976,NO2,15,64,36
India,Maharashtra,Pune,"Bhumkar Nagar, Pune - IITM","12-11-2025 02:00:00",18.605770,73.749976,OZONE,12,70,21
India,Maharashtra,Pune,"Katraj Dairy, Pune - MPCB","12-11-2025 02:00:00",18.454450,73.854155,PM10,70,115,94
India,Maharashtra,Pune,"Katraj Dairy, Pune - MPCB","12-11-2025 02:00:00",18.454450,73.854155,NO2,26,87,47
India,Maharashtra,Pune,"Katraj Dairy, Pune - MPCB","12-11-2025 02:00:00",18.454450,73.854155,OZONE,1,13,5
India,Maharashtra,Pune,"Mhada Colony, Pune - IITM","12-11-2025 02:00:00",18.573040,73.927715,CO,7,134,92
India,Maharashtra,Pune,"Panchawati_Pashan, Pune - IITM","12-11-2025 02:00:00",18.536457,73.805454,NO2,11,54,28
India,Maharashtra,Pune,"Panchawati_Pashan, Pune - IITM","12-11-2025 02:00:00",18.536457,73.805454,CO,5,16,11
India,Maharashtra,Pune,"Revenue Colony-Shivajinagar, Pune - IITM","12-11-2025 02:00:00",18.530085,73.849598,PM2.5,49,177,99
India,Maharashtra,Pune,"Revenue Colony-Shivajinagar, Pune - IITM","12-11-2025 02:00:00",18.530085,73.849598,NO2,25,132,76
India,Maharashtra,Pune,"Savitribai Phule Pune University, Pune - MPCB","12-11-2025 02:00:00",18.547056,73.826908,PM10,88,197,139
India,Maharashtra,Sangli,"Vijay Nagar, Sangli - MPCB","12-11-2025 02:00:00"," 16.5038",74.3623,PM2.5,85,312,151
India,Maharashtra,Sangli,"Vijay Nagar, Sangli - MPCB","12-11-2025 02:00:00"," 16.5038",74.3623,PM10,90,391,154
India,Odisha,Nayagarh,"Dabuna, Nayagarh - OSPCB","12-11-2025 02:00:00",21.847279,85.416905,OZONE,12,35,26
India,Odisha,Rairangpur,"Divisional Forest Office, Rairangpur - OSPCB","12-11-2025 02:00:00",22.265816,86.174829,PM10,59,123,86
India,Odisha,Rairangpur,"Divisional Forest Office, Rairangpur - OSPCB","12-11-2025 02:00:00",22.265816,86.174829,NH3,1,1,1
India,Odisha,Rairangpur,"Divisional Forest Office, Rairangpur - OSPCB","12-11-2025 02:00:00",22.265816,86.174829,SO2,6,13,8
India,Odisha,Rourkela,"Fertilizer Township, Rourkela - OSPCB","12-11-2025 02:00:00",22.18972222,84.86277778,PM10,89,98,92
India,Odisha,Rourkela,"Raghunathpali, Rourkela - OSPCB","12-11-2025 02:00:00",22.220833,84.809444,SO2,1,8,5
India,Odisha,Rourkela,"Raghunathpali, Rourkela - OSPCB","12-11-2025 02:00:00",22.220833,84.809444,CO,22,86,58
India,Odisha,Talcher,"Talcher Coalfields,Talcher - OSPCB","12-11-2025 02:00:00",20.9360711,85.1707021,NH3,5,7,5
India,Maharashtra,Sangli,"Vijay Nagar, Sangli - MPCB","12-11-2025 02:00:00"," 16.5038",74.3623,CO,28,76,42
India,Maharashtra,Solapur,"Dnyaneshwar Nagar, Solapur - MPCB","12-11-2025 02:00:00",17.6336264,75.9132495,PM2.5,47,91,68
India,Maharashtra,Solapur,"Dnyaneshwar Nagar, Solapur - MPCB","12-11-2025 02:00:00",17.6336264,75.9132495,NO2,9,109,32
India,Maharashtra,Solapur,"Ratandeep Housing Society, Solapur - MPCB","12-11-2025 02:00:00",17.65439,75.90649,PM2.5,75,187,111
India,Maharashtra,Solapur,"Ratandeep Housing Society, Solapur - MPCB","12-11-2025 02:00:00",17.65439,75.90649,PM10,89,158,114
India,Maharashtra,Solapur,"Ratandeep Housing Society, Solapur - MPCB","12-11-2025 02:00:00",17.65439,75.90649,NO2,18,129,57
India,Maharashtra,Solapur,"Ratandeep Housing Society, Solapur - MPCB","12-11-2025 02:00:00",17.65439,75.90649,SO2,1,12,5
India,Maharashtra,Thane,"Upvan Fort, Thane - MPCB","12-11-2025 02:00:00",19.222279,72.957979,NO2,20,99,48
India,Odisha,Balasore,"Kalidaspur, Balasore - OSPCB","12-11-2025 02:00:00",21.51161,86.89088,PM10,83,404,149
India,Odisha,Balasore,"Kalidaspur, Balasore - OSPCB","12-11-2025 02:00:00",21.51161,86.89088,CO,20,84,30
India,Odisha,Baripada,"Meher Colony, Baripada - OSPCB","12-11-2025 02:00:00",21.941841,86.728318,SO2,4,11,7
India,Odisha,Bhubaneswar,"Lingraj Mandir, Bhubaneswar - OSPCB","12-11-2025 02:00:00",20.240790,85.836784,NO2,29,182,70
India,Odisha,Bhubaneswar,"Lingraj Mandir, Bhubaneswar - OSPCB","12-11-2025 02:00:00",20.240790,85.836784,NH3,4,6,6
India,Odisha,Bhubaneswar,"Patia, Bhubaneswar - OSPCB","12-11-2025 02:00:00",20.34652,85.81630,PM2.5,93,319,199
India,Odisha,Bhubaneswar,"Patia, Bhubaneswar - OSPCB","12-11-2025 02:00:00",20.34652,85.81630,PM10,107,237,153
India,Punjab,Khanna,"Kalal Majra, Khanna - PPCB","12-11-2025 02:00:00","30.736056 ",76.209694,NO2,26,29,28
India,Punjab,Khanna,"Kalal Majra, Khanna - PPCB","12-11-2025 02:00:00","30.736056 ",76.209694,CO,8,44,35
India,Punjab,Ludhiana,"Punjab Agricultural University, Ludhiana - PPCB","12-11-2025 02:00:00",30.9028,75.8086,PM2.5,122,228,172
India,Punjab,Rupnagar,"Ratanpura, Rupnagar - Ambuja Cements","12-11-2025 02:00:00",31.0325454,76.5623046,SO2,10,19,15
India,Rajasthan,Ajmer,"Civil Lines,  Ajmer - RSPCB","12-11-2025 02:00:00",26.470859,74.646594,PM2.5,64,113,81
India,Maharashtra,Virar,"Bolinj, Virar - MPCB","12-11-2025 02:00:00",19.4458210,72.7988231,PM10,58,161,104
India,Meghalaya,Shillong,"Lumpyngngad, Shillong - Meghalaya PCB","12-11-2025 02:00:00",25.5586,91.8985,SO2,5,6,5
India,Odisha,Angul,"Hakimapada, Angul - OSPCB","12-11-2025 02:00:00",20.832874,85.104082,PM2.5,170,345,264
India,Odisha,Angul,"Hakimapada, Angul - OSPCB","12-11-2025 02:00:00",20.832874,85.104082,PM10,121,199,158
India,Odisha,Angul,"Hakimapada, Angul - OSPCB","12-11-2025 02:00:00",20.832874,85.104082,NH3,8,10,9
India,Odisha,Angul,"Hakimapada, Angul - OSPCB","12-11-2025 02:00:00",20.832874,85.104082,SO2,8,60,26
India,Odisha,Bileipada,"Tata Township, Bileipada - OSPCB","12-11-2025 02:00:00",22.06156703,85.47409613,NH3,4,4,4
India,Odisha,Bileipada,"Tata Township, Bileipada - OSPCB","12-11-2025 02:00:00",22.06156703,85.47409613,CO,26,52,30
India,Odisha,Brajrajnagar,"GM Office, Brajrajnagar - OSPCB","12-11-2025 02:00:00",21.8004996,83.8396977,NH3,7,15,10
India,Odisha,Brajrajnagar,"GM Office, Brajrajnagar - OSPCB","12-11-2025 02:00:00",21.8004996,83.8396977,CO,4,15,9
India,Odisha,Keonjhar,"Jagamohanpur, Keonjhar - OSPCB","12-11-2025 02:00:00",21.643900,85.599355,SO2,NA,NA,NA
India,Punjab,Amritsar,"Golden Temple, Amritsar - PPCB","12-11-2025 02:00:00",31.620000,74.876512,PM10,52,136,106
India,Punjab,Amritsar,"Golden Temple, Amritsar - PPCB","12-11-2025 02:00:00",31.620000,74.876512,NO2,5,23,10
India,Punjab,Amritsar,"Golden Temple, Amritsar - PPCB","12-11-2025 02:00:00",31.620000,74.876512,SO2,11,38,20
India,Punjab,Jalandhar,"Civil Line, Jalandhar - PPCB","12-11-2025 02:00:00",31.321907,75.578914,PM10,31,201,147
India,Rajasthan,Jodhpur,"Jhalamand, Jodhpur - RSPCB","12-11-2025 02:00:00",26.215415,73.070156,NO2,13,84,41
India,Rajasthan,Jodhpur,"Jhalamand, Jodhpur - RSPCB","12-11-2025 02:00:00",26.215415,73.070156,SO2,4,6,5
India,Rajasthan,Jodhpur,"Jhalamand, Jodhpur - RSPCB","12-11-2025 02:00:00",26.215415,73.070156,OZONE,3,151,22
India,Rajasthan,Jodhpur,"Mandor, Jodhpur - RSPCB","12-11-2025 02:00:00",26.358805,73.047444,SO2,2,9,5
India,Rajasthan,Jodhpur,"Mandor, Jodhpur - RSPCB","12-11-2025 02:00:00",26.358805,73.047444,CO,8,60,40
India,Rajasthan,Jodhpur,"Mandor, Jodhpur - RSPCB","12-11-2025 02:00:00",26.358805,73.047444,OZONE,4,144,26
India,Rajasthan,Jodhpur,"Samrat Ashok Udhyan, Jodhpur - RSPCB","12-11-2025 02:00:00",26.253384,72.976571,PM2.5,52,385,191
India,Rajasthan,Jodhpur,"Samrat Ashok Udhyan, Jodhpur - RSPCB","12-11-2025 02:00:00",26.253384,72.976571,NO2,10,155,73
India,Rajasthan,Jodhpur,"Samrat Ashok Udhyan, Jodhpur - RSPCB","12-11-2025 02:00:00",26.253384,72.976571,NH3,1,14,6
India,Rajasthan,Jodhpur,"Samrat Ashok Udhyan, Jodhpur - RSPCB","12-11-2025 02:00:00",26.253384,72.976571,OZONE,3,176,22
India,Rajasthan,Karauli,"Satyawati Vihar, Karauli - RSPCB","12-11-2025 02:00:00",26.506177,77.025989,PM10,87,390,159
India,Rajasthan,Kota,"Dhanmandi, Kota - RSPCB","12-11-2025 02:00:00",25.164090,75.858137,NH3,1,4,3
India,Rajasthan,Kota,"Nayapura, Kota - RSPCB","12-11-2025 02:00:00",25.196024,75.855668,PM2.5,55,315,157
India,Rajasthan,Kota,"Nayapura, Kota - RSPCB","12-11-2025 02:00:00",25.196024,75.855668,NH3,8,25,14
India,Rajasthan,Kota,"Nayapura, Kota - RSPCB","12-11-2025 02:00:00",25.196024,75.855668,SO2,5,9,7
India,Rajasthan,Kota,"Nayapura, Kota - RSPCB","12-11-2025 02:00:00",25.196024,75.855668,CO,26,111,89
India,Rajasthan,Kota,"Nayapura, Kota - RSPCB","12-11-2025 02:00:00",25.196024,75.855668,OZONE,1,158,8
India,Rajasthan,Kota,"Shrinath Puram, Kota - RSPCB","12-11-2025 02:00:00",25.14389,75.821256,NO2,16,17,16
India,Rajasthan,Nagaur,"Karni Colony, Nagaur - RSPCB","12-11-2025 02:00:00",27.213494,73.734444,PM10,93,496,208
India,Rajasthan,Pali,"Indira Colony Vistar, Pali - RSPCB","12-11-2025 02:00:00",25.771061," 73.340227",PM2.5,12,325,137
India,Rajasthan,Pali,"Indira Colony Vistar, Pali - RSPCB","12-11-2025 02:00:00",25.771061," 73.340227",OZONE,6,55,12
India,Rajasthan,Pratapgarh,"Pragati Nagar, Pratapgarh - RSPCB","12-11-2025 02:00:00",24.041198,74.780702,PM10,79,180,107
India,Rajasthan,Ajmer,"Civil Lines,  Ajmer - RSPCB","12-11-2025 02:00:00",26.470859,74.646594,SO2,10,33,21
India,Rajasthan,Ajmer,"Civil Lines,  Ajmer - RSPCB","12-11-2025 02:00:00",26.470859,74.646594,OZONE,8,181,92
India,Rajasthan,Alwar,"Moti Doongri, Alwar - RSPCB","12-11-2025 02:00:00",27.554793,76.611536,NO2,47,77,65
India,Rajasthan,Banswara,"Rati Talai, Banswara - RSPCB","12-11-2025 02:00:00",23.555190,74.440010,NO2,12,128,41
India,Rajasthan,Banswara,"Rati Talai, Banswara - RSPCB","12-11-2025 02:00:00",23.555190,74.440010,CO,6,76,40
India,Rajasthan,Baran,"Bamboliya, Baran - RSPCB","12-11-2025 02:00:00",25.106006,76.469948,SO2,9,18,12
India,Rajasthan,Baran,"Bamboliya, Baran - RSPCB","12-11-2025 02:00:00",25.106006,76.469948,OZONE,4,158,23
India,Rajasthan,Barmer,"Railway Colony, Barmer - RSPCB","12-11-2025 02:00:00",25.747299,71.393989,NO2,3,115,29
India,Rajasthan,Bharatpur,"Krishna Nagar, Bharatpur - RSPCB","12-11-2025 02:00:00",27.215415,77.50873,NH3,1,15,8
India,Rajasthan,Bharatpur,"Krishna Nagar, Bharatpur - RSPCB","12-11-2025 02:00:00",27.215415,77.50873,CO,36,134,106
India,Rajasthan,Bhilwara,"Pratap Nagar, Bhilwara - RSPCB","12-11-2025 02:00:00",25.339605,74.618883,NH3,2,5,3
India,Rajasthan,Bhilwara,"Pratap Nagar, Bhilwara - RSPCB","12-11-2025 02:00:00",25.339605,74.618883,SO2,13,36,22
India,Rajasthan,Bhiwadi,"RIICO Ind. Area III, Bhiwadi - RSPCB","12-11-2025 02:00:00",28.194909,76.862296,SO2,1,27,8
India,Rajasthan,Bhiwadi,"RIICO Ind. Area III, Bhiwadi - RSPCB","12-11-2025 02:00:00",28.194909,76.862296,OZONE,10,69,15
India,Rajasthan,Bhiwadi,"Vasundhara Nagar_UIT, Bhiwadi - RSPCB","12-11-2025 02:00:00",28.207266,76.829265,PM10,160,449,321
India,Rajasthan,Bhiwadi,"Vasundhara Nagar_UIT, Bhiwadi - RSPCB","12-11-2025 02:00:00",28.207266,76.829265,SO2,4,33,12
India,Rajasthan,Bikaner,"MM Ground, Bikaner - RSPCB","12-11-2025 02:00:00",28.018792,73.292658,PM2.5,17,129,62
India,Rajasthan,Bikaner,"MM Ground, Bikaner - RSPCB","12-11-2025 02:00:00",28.018792,73.292658,NH3,6,17,12
India,Rajasthan,Jaipur,"Police Commissionerate, Jaipur - RSPCB","12-11-2025 02:00:00",26.9164092,75.7994901,CO,47,83,53
India,Rajasthan,Jaipur,"RIICO Sitapura, Jaipur - RSPCB","12-11-2025 02:00:00",26.786682,75.827928,SO2,5,9,6
India,Rajasthan,Jaipur,"RIICO Sitapura, Jaipur - RSPCB","12-11-2025 02:00:00",26.786682,75.827928,OZONE,2,170,4
India,Rajasthan,Jaipur,"Sector-2 Murlipura, Jaipur - RSPCB","12-11-2025 02:00:00",26.960669,75.771817,PM2.5,35,358,133
India,Rajasthan,Jaipur,"Shastri Nagar, Jaipur - RSPCB","12-11-2025 02:00:00",26.9502929,75.730943,NH3,3,34,16
India,Rajasthan,Jaipur,"Shastri Nagar, Jaipur - RSPCB","12-11-2025 02:00:00",26.9502929,75.730943,SO2,5,66,34
India,Rajasthan,Jaipur,"Shastri Nagar, Jaipur - RSPCB","12-11-2025 02:00:00",26.9502929,75.730943,CO,32,144,108
India,Rajasthan,Jaisalmer,"Sadar Bazar, Jaisalmer - RSPCB","12-11-2025 02:00:00",26.912329,70.909168,SO2,2,11,5
India,Rajasthan,Churu,"Subash Chowk, Churu - RSPCB","12-11-2025 02:00:00",28.296139,74.961696,SO2,2,16,9
India,Rajasthan,Dausa,"Khatikan Mohalla, Dausa - RSPCB","12-11-2025 02:00:00",26.895552,76.334753,PM2.5,42,352,156
India,Rajasthan,Dausa,"Khatikan Mohalla, Dausa - RSPCB","12-11-2025 02:00:00",26.895552,76.334753,CO,28,148,102
India,Rajasthan,Dholpur,"Raja Ganj, Dholpur - RSPCB","12-11-2025 02:00:00",26.699557,77.898881,NH3,8,34,12
India,Rajasthan,Dholpur,"Raja Ganj, Dholpur - RSPCB","12-11-2025 02:00:00",26.699557,77.898881,OZONE,11,26,14
India,Rajasthan,Jalore,"Mudtra Sili, Jalore - RSPCB","12-11-2025 02:00:00",25.344694,72.626208,CO,23,126,83
India,Rajasthan,Jalore,"Mudtra Sili, Jalore - RSPCB","12-11-2025 02:00:00",25.344694,72.626208,OZONE,3,112,9
India,Rajasthan,Jodhpur,"Collectorate, Jodhpur - RSPCB","12-11-2025 02:00:00",26.268249,73.0193853,NH3,8,48,20
India,Rajasthan,Jodhpur,"Collectorate, Jodhpur - RSPCB","12-11-2025 02:00:00",26.268249,73.0193853,CO,5,118,89
India,Rajasthan,Jodhpur,"Digari Kalan, Jodhpur - RSPCB","12-11-2025 02:00:00",26.295810,73.082283,SO2,1,6,3
India,Rajasthan,Dungarpur,"Bhoiwada, Dungarpur - RSPCB","12-11-2025 02:00:00",23.837789,73.714926,CO,10,56,32
India,Rajasthan,Jaipur,"Mansarovar Sector-12, Jaipur - RSPCB","12-11-2025 02:00:00",26.843698,75.766894,PM2.5,NA,NA,NA
India,Rajasthan,Jaipur,"Police Commissionerate, Jaipur - RSPCB","12-11-2025 02:00:00",26.9164092,75.7994901,PM10,74,222,148
India,Rajasthan,Bundi,"New Colony, Bundi - RSPCB","12-11-2025 02:00:00",25.435774,75.644272,NH3,3,6,4
India,Rajasthan,Chittorgarh,"Shastri Nagar, Chittorgarh - RSPCB","12-11-2025 02:00:00",24.892047,74.623527,SO2,1,81,14
India,TamilNadu,Ariyalur,"Keelapalur, Ariyalur - TNPCB","12-11-2025 02:00:00",11.06825,79.07033,SO2,12,13,13
India,TamilNadu,Chengalpattu,"Crescent University, Chengalpattu - TNPCB","12-11-2025 02:00:00",12.8777316,80.0834807,PM2.5,37,59,49
India,TamilNadu,Chengalpattu,"Crescent University, Chengalpattu - TNPCB","12-11-2025 02:00:00",12.8777316,80.0834807,SO2,15,16,16
India,TamilNadu,Chennai,"Alandur Bus Depot, Chennai - CPCB","12-11-2025 02:00:00",12.9099161,80.1076538,PM10,23,419,156
India,TamilNadu,Chennai,"Alandur Bus Depot, Chennai - CPCB","12-11-2025 02:00:00",12.9099161,80.1076538,NH3,1,5,2
India,TamilNadu,Chennai,"Alandur Bus Depot, Chennai - CPCB","12-11-2025 02:00:00",12.9099161,80.1076538,SO2,15,16,15
India,TamilNadu,Chennai,"Alandur Bus Depot, Chennai - CPCB","12-11-2025 02:00:00",12.9099161,80.1076538,CO,18,32,23
India,TamilNadu,Chennai,"Arumbakkam, Chennai - TNPCB","12-11-2025 02:00:00",13.0664,"80.2112 ",NO2,12,30,17
India,TamilNadu,Chennai,"Arumbakkam, Chennai - TNPCB","12-11-2025 02:00:00",13.0664,"80.2112 ",NH3,3,5,4
India,TamilNadu,Chennai,"Gandhi Nagar_Ennore, Chennai - TNPCB","12-11-2025 02:00:00",13.218341,80.32027,PM2.5,37,64,50
India,TamilNadu,Chennai,"Gandhi Nagar_Ennore, Chennai - TNPCB","12-11-2025 02:00:00",13.218341,80.32027,NH3,1,1,1
India,TamilNadu,Chennai,"Gandhi Nagar_Ennore, Chennai - TNPCB","12-11-2025 02:00:00",13.218341,80.32027,OZONE,4,21,17
India,TamilNadu,Chennai,"Kodungaiyur, Chennai - TNPCB","12-11-2025 02:00:00",13.1278,80.2642,SO2,5,17,11
India,TamilNadu,Chennai,"Manali Village, Chennai - TNPCB","12-11-2025 02:00:00",13.1662,80.2584,PM2.5,92,308,171
India,TamilNadu,Chennai,"Manali Village, Chennai - TNPCB","12-11-2025 02:00:00",13.1662,80.2584,PM10,73,125,95
India,TamilNadu,Chennai,"Manali Village, Chennai - TNPCB","12-11-2025 02:00:00",13.1662,80.2584,CO,44,54,51
India,TamilNadu,Chennai,"Manali, Chennai - CPCB","12-11-2025 02:00:00",13.164544,80.26285,PM10,NA,NA,NA
India,TamilNadu,Chennai,"Manali, Chennai - CPCB","12-11-2025 02:00:00",13.164544,80.26285,SO2,12,18,14
India,TamilNadu,Chennai,"Manali, Chennai - CPCB","12-11-2025 02:00:00",13.164544,80.26285,OZONE,10,12,10
India,TamilNadu,Chennai,"Perungudi, Chennai - TNPCB","12-11-2025 02:00:00",12.9533,80.2357,PM2.5,54,172,102
India,TamilNadu,Chennai,"Perungudi, Chennai - TNPCB","12-11-2025 02:00:00",12.9533,80.2357,CO,34,51,43
India,TamilNadu,Chennai,"Royapuram, Chennai - TNPCB","12-11-2025 02:00:00",13.1036,80.2909,OZONE,17,18,17
India,TamilNadu,Chennai,"Velachery Res. Area, Chennai - CPCB","12-11-2025 02:00:00",13.0052189,80.2398125,PM10,100,136,118
India,TamilNadu,Hosur,"SIPCOT Phase-1, Hosur - TNPCB","12-11-2025 02:00:00",12.746998,77.813811,NH3,NA,NA,NA
India,TamilNadu,Hosur,"SIPCOT Phase-1, Hosur - TNPCB","12-11-2025 02:00:00",12.746998,77.813811,OZONE,NA,NA,NA
India,TamilNadu,Kanchipuram,"Kilambi, Kanchipuram - TNPCB","12-11-2025 02:00:00",12.864618,79.659968,PM2.5,NA,NA,NA
India,TamilNadu,Kanchipuram,"Kilambi, Kanchipuram - TNPCB","12-11-2025 02:00:00",12.864618,79.659968,NO2,NA,NA,NA
India,TamilNadu,Karur,"Kamadenu Nagar, Karur - TNPCB","12-11-2025 02:00:00",10.967820,78.080882,PM2.5,80,163,131
India,TamilNadu,Karur,"Kamadenu Nagar, Karur - TNPCB","12-11-2025 02:00:00",10.967820,78.080882,NO2,2,6,5
India,TamilNadu,Madurai,"Uchapatti, Madurai - TNPCB","12-11-2025 02:00:00",9.865935,78.022669,NO2,16,16,16
India,TamilNadu,Madurai,"Uchapatti, Madurai - TNPCB","12-11-2025 02:00:00",9.865935,78.022669,NH3,4,4,4
India,TamilNadu,Nagapattinam,"Velippalayam, Nagapattinam - TNPCB","12-11-2025 02:00:00",10.798548,79.838212,PM10,NA,NA,NA
India,TamilNadu,Tirupur,"Kumaran College, Tirupur - TNPCB","12-11-2025 02:00:00",11.0973603,77.3228673,PM2.5,7,318,136
India,TamilNadu,Tirupur,"Kumaran College, Tirupur - TNPCB","12-11-2025 02:00:00",11.0973603,77.3228673,NO2,8,19,10
India,TamilNadu,Virudhunagar,"Collectorate Office, Virudhunagar - TNPCB","12-11-2025 02:00:00",9.559382,77.948828,PM2.5,72,170,123
India,TamilNadu,Virudhunagar,"Collectorate Office, Virudhunagar - TNPCB","12-11-2025 02:00:00",9.559382,77.948828,NO2,17,18,17
India,TamilNadu,Virudhunagar,"Collectorate Office, Virudhunagar - TNPCB","12-11-2025 02:00:00",9.559382,77.948828,CO,15,18,17
India,Telangana,Hyderabad,"Bollaram Industrial Area, Hyderabad - TSPCB","12-11-2025 02:00:00",17.540891,78.358528,PM2.5,63,190,107
India,Telangana,Hyderabad,"Bollaram Industrial Area, Hyderabad - TSPCB","12-11-2025 02:00:00",17.540891,78.358528,NO2,25,46,33
India,Telangana,Hyderabad,"Bollaram Industrial Area, Hyderabad - TSPCB","12-11-2025 02:00:00",17.540891,78.358528,NH3,3,6,4
India,TamilNadu,Salem,"Sona College of Technology, Salem - TNPCB","12-11-2025 02:00:00",11.679111,78.125052,NH3,1,2,1
India,TamilNadu,Thanjavur,"Parisutham Nagar, Thanjavur - TNPCB","12-11-2025 02:00:00",10.7654824,79.1389968,NO2,3,4,3
India,TamilNadu,Thoothukudi,"Meelavittan, Thoothukudi - TNPCB","12-11-2025 02:00:00","8.816428 ",78.099039,OZONE,1,15,3
India,TamilNadu,Tiruchirappalli,"St Joseph College, Tiruchirappalli - TNPCB","12-11-2025 02:00:00",10.830158,78.691849,PM10,41,74,52
India,TamilNadu,Tiruchirappalli,"St Joseph College, Tiruchirappalli - TNPCB","12-11-2025 02:00:00",10.830158,78.691849,OZONE,4,20,9
India,TamilNadu,Tirunelveli,"Municipal Corporation Office, Tirunelveli - TNPCB","12-11-2025 02:00:00",8.728442,77.6962,PM10,22,43,34
India,TamilNadu,Namakkal,"Ponnusamy Nagar, Namakkal - TNPCB","12-11-2025 02:00:00",11.273992,78.163545,OZONE,NA,NA,NA
India,TamilNadu,Ooty,"Bombay Castel, Ooty - TNPCB","12-11-2025 02:00:00",11.4068288,76.7138973,NO2,3,20,9
India,TamilNadu,Ooty,"Bombay Castel, Ooty - TNPCB","12-11-2025 02:00:00",11.4068288,76.7138973,OZONE,5,16,8
India,TamilNadu,Palkalaiperur,"Bharathidasan University, Palkalaiperur - TNPCB","12-11-2025 02:00:00",10.681158,78.741746,NO2,3,4,4
India,TamilNadu,Perundurai,"SIPCOT Industrial Park, Perundurai - TNPCB","12-11-2025 02:00:00",11.258242,77.552761,PM10,42,199,118
India,TamilNadu,Perundurai,"SIPCOT Industrial Park, Perundurai - TNPCB","12-11-2025 02:00:00",11.258242,77.552761,CO,25,48,28
India,TamilNadu,Perundurai,"SIPCOT Industrial Park, Perundurai - TNPCB","12-11-2025 02:00:00",11.258242,77.552761,OZONE,NA,NA,NA
India,TamilNadu,Chennai,"Velachery Res. Area, Chennai - CPCB","12-11-2025 02:00:00",13.0052189,80.2398125,OZONE,6,10,7
India,TamilNadu,Coimbatore,"PSG College of Arts and Science, Coimbatore - TNPCB","12-11-2025 02:00:00",11.0328,77.0349,OZONE,3,7,4
India,TamilNadu,Cuddalore,"Semmandalam, Cuddalore - TNPCB","12-11-2025 02:00:00",11.7637683,79.7499835,PM2.5,40,100,65
India,TamilNadu,Dindigul,"Mendonsa Colony, Dindigul - TNPCB","12-11-2025 02:00:00",10.358535,77.984321,PM10,137,420,182
India,TamilNadu,Dindigul,"Mendonsa Colony, Dindigul - TNPCB","12-11-2025 02:00:00",10.358535,77.984321,NO2,9,24,16
India,Rajasthan,Rajsamand,"Dhoinda, Rajsamand - RSPCB","12-11-2025 02:00:00",25.036360,73.883502,OZONE,4,80,31
India,Rajasthan,"Sawai Madhopur","Sahu Nagar, Sawai Madhopur - RSPCB","12-11-2025 02:00:00",26.031443,76.359327,PM2.5,23,342,96
India,Rajasthan,Sikar,"Radhakishan Pura, Sikar - RSPCB","12-11-2025 02:00:00",27.608912,75.153302,NO2,14,133,57
India,Rajasthan,Sirohi,"Vedhaynath Colony, Sirohi - RSPCB","12-11-2025 02:00:00",24.885261,72.857549,PM2.5,33,117,54
India,Rajasthan,Tonk,"Shastri Nagar, Tonk - RSPCB","12-11-2025 02:00:00",26.159933,75.780517,PM10,102,500,193
India,Rajasthan,Tonk,"Shastri Nagar, Tonk - RSPCB","12-11-2025 02:00:00",26.159933,75.780517,OZONE,1,73,19
India,Sikkim,Gangtok,"Zero Point GICI, Gangtok - SSPCB","12-11-2025 02:00:00",27.338530,88.614099,PM10,10,33,19
India,Sikkim,Gangtok,"Zero Point GICI, Gangtok - SSPCB","12-11-2025 02:00:00",27.338530,88.614099,NH3,1,1,1
India,Uttar_Pradesh,Gorakhpur,"Madan Mohan Malaviya University of Technology, Gorakhpur - UPPCB","12-11-2025 02:00:00",26.730136,83.433859,PM2.5,44,131,84
India,Uttar_Pradesh,Gorakhpur,"Madan Mohan Malaviya University of Technology, Gorakhpur - UPPCB","12-11-2025 02:00:00",26.730136,83.433859,NO2,11,12,11
India,Uttar_Pradesh,"Greater Noida","Knowledge Park - III, Greater Noida - UPPCB","12-11-2025 02:00:00",28.47272,77.482000,NH3,10,19,14
India,Uttar_Pradesh,"Greater Noida","Knowledge Park - III, Greater Noida - UPPCB","12-11-2025 02:00:00",28.47272,77.482000,SO2,27,61,44
India,Uttar_Pradesh,"Greater Noida","Knowledge Park - III, Greater Noida - UPPCB","12-11-2025 02:00:00",28.47272,77.482000,OZONE,2,258,10
India,Uttar_Pradesh,"Greater Noida","Knowledge Park - V, Greater Noida - UPPCB","12-11-2025 02:00:00",28.557054,77.453663,SO2,7,18,13
India,Uttar_Pradesh,Hapur,"Anand Vihar, Hapur - UPPCB","12-11-2025 02:00:00",28.725645,77.749675,PM2.5,92,488,332
India,Uttar_Pradesh,Hapur,"Anand Vihar, Hapur - UPPCB","12-11-2025 02:00:00",28.725645,77.749675,NH3,6,14,10
India,Uttar_Pradesh,Jhansi,"Shivaji Nagar, Jhansi - UPPCB","12-11-2025 02:00:00",25.4547,78.6039,PM10,40,119,76
India,Uttar_Pradesh,Kanpur,"FTI Kidwai Nagar, Kanpur - UPPCB","12-11-2025 02:00:00",26.428282,80.327067,NH3,2,2,2
India,Uttar_Pradesh,Kanpur,"FTI Kidwai Nagar, Kanpur - UPPCB","12-11-2025 02:00:00",26.428282,80.327067,CO,39,64,55
India,Uttar_Pradesh,Kanpur,"NSI Kalyanpur, Kanpur - UPPCB","12-11-2025 02:00:00",26.509954,80.249612,NH3,3,3,3
India,Uttar_Pradesh,Kanpur,"Nehru Nagar, Kanpur - UPPCB","12-11-2025 02:00:00",26.4703136,80.3229863,PM10,82,210,150
India,Telangana,Hyderabad,"Kokapet, Hyderabad - TSPCB","12-11-2025 02:00:00",17.393559,78.339194,CO,16,32,21
India,Telangana,Hyderabad,"Kompally Municipal Office, Hyderabad - TSPCB","12-11-2025 02:00:00",17.544899,78.486949,NO2,11,15,14
India,Telangana,Hyderabad,"Nacharam_TSIIC IALA, Hyderabad - TSPCB","12-11-2025 02:00:00",17.429398,78.569354,PM10,58,122,86
India,Telangana,Hyderabad,"Nacharam_TSIIC IALA, Hyderabad - TSPCB","12-11-2025 02:00:00",17.429398,78.569354,SO2,10,16,14
India,Telangana,Hyderabad,"New Malakpet, Hyderabad - TSPCB","12-11-2025 02:00:00",17.37206,78.50864,NH3,2,3,3
India,Telangana,Hyderabad,"Ramachandrapuram, Hyderabad - TSPCB","12-11-2025 02:00:00",17.528544,78.286195,NO2,9,11,10
India,Uttar_Pradesh,Agra,"Rohta, Agra - UPPCB","12-11-2025 02:00:00",27.106972,78.000111,SO2,21,39,30
India,Uttar_Pradesh,Agra,"Rohta, Agra - UPPCB","12-11-2025 02:00:00",27.106972,78.000111,OZONE,12,16,16
India,Uttar_Pradesh,Agra,"Sector-3B Avas Vikas Colony, Agra - UPPCB","12-11-2025 02:00:00",27.19412,77.96237,PM10,117,295,180
India,Uttar_Pradesh,Agra,"Sector-3B Avas Vikas Colony, Agra - UPPCB","12-11-2025 02:00:00",27.19412,77.96237,SO2,8,10,9
India,Uttar_Pradesh,Agra,"Sector-3B Avas Vikas Colony, Agra - UPPCB","12-11-2025 02:00:00",27.19412,77.96237,OZONE,7,36,9
India,Uttar_Pradesh,Agra,"Shastripuram, Agra - UPPCB","12-11-2025 02:00:00",27.19862,77.92066,PM2.5,61,281,151
India,Uttar_Pradesh,Baghpat,"Sardar Patel Inter College, Baghpat - UPPCB","12-11-2025 02:00:00",28.964949,77.278761,PM2.5,NA,NA,NA
India,Uttar_Pradesh,Bareilly,"Civil Lines, Bareilly - UPPCB","12-11-2025 02:00:00",28.359581,79.414455,NO2,2,3,3
India,Uttar_Pradesh,Bareilly,"Civil Lines, Bareilly - UPPCB","12-11-2025 02:00:00",28.359581,79.414455,SO2,11,27,19
India,Uttar_Pradesh,Bareilly,"Civil Lines, Bareilly - UPPCB","12-11-2025 02:00:00",28.359581,79.414455,OZONE,14,16,15
India,Uttar_Pradesh,Bulandshahr,"Yamunapuram, Bulandshahr - UPPCB","12-11-2025 02:00:00",28.406963,77.849831,SO2,11,79,29
India,Telangana,Hyderabad,"ECIL Kapra, Hyderabad - TSPCB","12-11-2025 02:00:00",17.470431,78.566959,CO,18,42,32
India,Telangana,Hyderabad,"ICRISAT Patancheru, Hyderabad - TSPCB","12-11-2025 02:00:00",17.518400,78.278777,PM2.5,81,182,143
India,Telangana,Hyderabad,"ICRISAT Patancheru, Hyderabad - TSPCB","12-11-2025 02:00:00",17.518400,78.278777,CO,18,52,43
India,Telangana,Hyderabad,"IDA Pashamylaram, Hyderabad - TSPCB","12-11-2025 02:00:00",17.5316895,78.218939,CO,30,62,54
India,Telangana,Hyderabad,"IITH Kandi, Hyderabad - TSPCB","12-11-2025 02:00:00",17.585705,78.126199,PM2.5,NA,NA,NA
India,Uttar_Pradesh,Khurja,"Kalindi Kunj, Khurja - UPPCB","12-11-2025 02:00:00",28.2348927,77.8683002,SO2,14,15,15
India,Uttar_Pradesh,Khurja,"Kalindi Kunj, Khurja - UPPCB","12-11-2025 02:00:00",28.2348927,77.8683002,OZONE,5,53,16
India,Uttar_Pradesh,Lucknow,"B R Ambedkar University, Lucknow - UPPCB","12-11-2025 02:00:00",26.766433,80.927299,NO2,21,22,22
India,Uttar_Pradesh,Lucknow,"Gomti Nagar, Lucknow - UPPCB","12-11-2025 02:00:00",26.868120,81.005119,CO,31,38,34
India,Telangana,Hyderabad,"Sanathnagar, Hyderabad - TSPCB","12-11-2025 02:00:00",17.4559458,78.4332152,OZONE,12,16,14
India,Telangana,Hyderabad,"Somajiguda, Hyderabad - TSPCB","12-11-2025 02:00:00",17.417094,78.457437,CO,17,37,26
India,Telangana,Hyderabad,"Somajiguda, Hyderabad - TSPCB","12-11-2025 02:00:00",17.417094,78.457437,OZONE,21,79,40
India,Telangana,Hyderabad,"Zoo Park, Hyderabad - TSPCB","12-11-2025 02:00:00",17.349694,78.451437,PM2.5,134,186,163
India,Uttar_Pradesh,Ghaziabad,"Indirapuram, Ghaziabad - UPPCB","12-11-2025 02:00:00",28.646233,77.358075,PM2.5,152,372,306
India,Uttar_Pradesh,Ghaziabad,"Indirapuram, Ghaziabad - UPPCB","12-11-2025 02:00:00",28.646233,77.358075,SO2,13,37,18
India,Uttar_Pradesh,Ghaziabad,"Loni, Ghaziabad - UPPCB","12-11-2025 02:00:00",28.757294,77.278792,NH3,3,13,9
India,West_Bengal,Durgapur,"Mahishkapur Road_B-Zone, Durgapur - WBPCB","12-11-2025 02:00:00",23.567923,87.306843,NH3,1,1,1
India,West_Bengal,Durgapur,"Mahishkapur Road_B-Zone, Durgapur - WBPCB","12-11-2025 02:00:00",23.567923,87.306843,SO2,13,89,28
India,West_Bengal,Durgapur,"Mahishkapur Road_B-Zone, Durgapur - WBPCB","12-11-2025 02:00:00",23.567923,87.306843,CO,40,90,71
India,West_Bengal,Durgapur,"PCBL Residential Complex, Durgapur - WBPCB","12-11-2025 02:00:00",23.5087640,87.3544400,CO,41,92,68
India,West_Bengal,Haldia,"Priyambada Housing Estate, Haldia - WBPCB","12-11-2025 02:00:00",22.06047,88.109737,PM10,72,140,116
India,West_Bengal,Haldia,"Priyambada Housing Estate, Haldia - WBPCB","12-11-2025 02:00:00",22.06047,88.109737,OZONE,20,45,27
India,West_Bengal,Howrah,"Belur Math, Howrah - WBPCB","12-11-2025 02:00:00",22.629801,88.352017,CO,20,63,51
India,Uttar_Pradesh,Meerut,"Pallavpuram Phase 2, Meerut - UPPCB","12-11-2025 02:00:00",29.063510,77.709723,PM10,120,439,306
India,Uttar_Pradesh,Moradabad,"Buddhi Vihar, Moradabad - UPPCB","12-11-2025 02:00:00",28.83526,78.74460,NO2,22,32,29
India,Uttar_Pradesh,Moradabad,"Eco Herbal Park, Moradabad - UPPCB","12-11-2025 02:00:00",28.840739,78.697531,NO2,7,14,10
India,Uttar_Pradesh,Moradabad,"Eco Herbal Park, Moradabad - UPPCB","12-11-2025 02:00:00",28.840739,78.697531,OZONE,13,76,28
India,Uttar_Pradesh,Moradabad,"Employment Office, Moradabad - UPPCB","12-11-2025 02:00:00",28.88528,78.73880,NO2,16,16,16
India,Uttar_Pradesh,Moradabad,"Employment Office, Moradabad - UPPCB","12-11-2025 02:00:00",28.88528,78.73880,NH3,4,4,4
India,Uttar_Pradesh,Varanasi,"Maldahiya, Varanasi - UPPCB","12-11-2025 02:00:00",25.32393,82.99687,PM2.5,55,207,98
India,Uttar_Pradesh,Varanasi,"Maldahiya, Varanasi - UPPCB","12-11-2025 02:00:00",25.32393,82.99687,CO,18,52,39
India,Uttarakhand,Dehradun,"Doon University, Dehradun - UKPCB","12-11-2025 02:00:00",30.269444,78.044167,PM10,21,57,35
India,Uttarakhand,Kashipur,"Govt. Girls Inter College, Kashipur - UKPCB","12-11-2025 02:00:00",29.2124114,78.9611753,CO,21,32,30
India,Uttarakhand,Rishikesh,"Shivaji Nagar, Rishikesh - UKPCB","12-11-2025 02:00:00",30.075911,78.2859547,PM10,NA,NA,NA
India,West_Bengal,Howrah,"Dasnagar, Howrah - WBPCB","12-11-2025 02:00:00",22.6025571,88.3105664,SO2,3,51,18
India,West_Bengal,Howrah,"Ghusuri, Howrah - WBPCB","12-11-2025 02:00:00",22.611968,88.347422,OZONE,1,143,24
India,West_Bengal,Howrah,"Padmapukur, Howrah - WBPCB","12-11-2025 02:00:00",22.5687319,88.2797276,OZONE,4,140,22
India,West_Bengal,Kolkata,"Ballygunge, Kolkata - WBPCB","12-11-2025 02:00:00",22.5367507,88.3638022,PM2.5,90,252,142
India,West_Bengal,Kolkata,"Ballygunge, Kolkata - WBPCB","12-11-2025 02:00:00",22.5367507,88.3638022,NO2,27,67,48
India,Uttar_Pradesh,Lucknow,"Kendriya Vidyalaya, Lucknow - CPCB","12-11-2025 02:00:00",26.906111,80.948222,CO,18,95,47
India,Uttar_Pradesh,Lucknow,"Kukrail Picnic Spot-1, Lucknow - UPPCB","12-11-2025 02:00:00",26.90723,80.98579,PM10,82,168,126
India,Uttar_Pradesh,Lucknow,"Kukrail Picnic Spot-1, Lucknow - UPPCB","12-11-2025 02:00:00",26.90723,80.98579,CO,13,17,14
India,Uttar_Pradesh,Lucknow,"Lalbagh, Lucknow - CPCB","12-11-2025 02:00:00",26.8458805,80.9365541,PM10,137,302,237
India,Uttar_Pradesh,Lucknow,"Lalbagh, Lucknow - CPCB","12-11-2025 02:00:00",26.8458805,80.9365541,CO,1,79,27
India,West_Bengal,Asansol,"Evelyn Lodge, Asansol - WBPCB","12-11-2025 02:00:00",23.6979360,86.9443950,PM2.5,82,208,126
India,West_Bengal,Asansol,"Evelyn Lodge, Asansol - WBPCB","12-11-2025 02:00:00",23.6979360,86.9443950,PM10,87,139,112
India,West_Bengal,Asansol,"Mahabir Colliery, Asansol - WBPCB","12-11-2025 02:00:00",23.6181830,87.1057180,PM10,67,172,112
India,West_Bengal,Asansol,"Mahabir Colliery, Asansol - WBPCB","12-11-2025 02:00:00",23.6181830,87.1057180,NO2,18,106,53
India,West_Bengal,Barrackpore,"SVSPA Campus, Barrackpore - WBPCB","12-11-2025 02:00:00",22.7605581,88.3617589,NO2,14,66,31
India,Uttar_Pradesh,Noida,"Sector - 62, Noida - IMD","12-11-2025 02:00:00",28.6245479,77.3577104,PM10,192,468,351
India,Uttar_Pradesh,Noida,"Sector - 62, Noida - IMD","12-11-2025 02:00:00",28.6245479,77.3577104,OZONE,31,238,52
India,Uttar_Pradesh,Noida,"Sector-116, Noida - UPPCB","12-11-2025 02:00:00",28.569230,77.393848,PM10,234,450,382
India,Uttar_Pradesh,Prayagraj,"Jhunsi, Prayagraj - UPPCB","12-11-2025 02:00:00",25.425602,81.917152,NH3,5,5,5
India,Uttar_Pradesh,Prayagraj,"Motilal Nehru NIT, Prayagraj - UPPCB","12-11-2025 02:00:00",25.494,81.863,OZONE,8,56,12
India,Uttar_Pradesh,Prayagraj,"Nagar Nigam, Prayagraj - UPPCB","12-11-2025 02:00:00","25.44919916 ","81.82735986 ",PM10,108,262,162
India,Uttar_Pradesh,Varanasi,"Ardhali Bazar, Varanasi - UPPCB","12-11-2025 02:00:00",25.3505986,82.9083074,NO2,25,71,44
India,Uttar_Pradesh,Moradabad,"Kashiram Nagar, Moradabad - UPPCB","12-11-2025 02:00:00",28.849399,78.742362,CO,24,42,37
India,Uttar_Pradesh,Moradabad,"Transport Nagar, Moradabad - UPPCB","12-11-2025 02:00:00",28.802625,78.753728,PM2.5,28,157,82
India,Uttar_Pradesh,Noida,"Sector - 125, Noida - UPPCB","12-11-2025 02:00:00",28.5447608,77.3231257,PM10,204,494,367
India,West_Bengal,Kolkata,"Ballygunge, Kolkata - WBPCB","12-11-2025 02:00:00",22.5367507,88.3638022,OZONE,7,49,13
India,West_Bengal,Kolkata,"Bidhannagar, Kolkata - WBPCB","12-11-2025 02:00:00",22.58157048,88.41002457,OZONE,12,58,17
India,West_Bengal,Kolkata,"Fort William, Kolkata - WBPCB","12-11-2025 02:00:00",22.556640,88.342674,PM2.5,102,266,174
India,West_Bengal,Kolkata,"Fort William, Kolkata - WBPCB","12-11-2025 02:00:00",22.556640,88.342674,PM10,103,160,128
India,West_Bengal,Kolkata,"Fort William, Kolkata - WBPCB","12-11-2025 02:00:00",22.556640,88.342674,SO2,10,27,14
India,West_Bengal,Kolkata,"Fort William, Kolkata - WBPCB","12-11-2025 02:00:00",22.556640,88.342674,CO,26,70,55
India,West_Bengal,Kolkata,"Jadavpur, Kolkata - WBPCB","12-11-2025 02:00:00",22.49929,88.36917,CO,28,82,64
India,West_Bengal,Kolkata,"Jadavpur, Kolkata - WBPCB","12-11-2025 02:00:00",22.49929,88.36917,OZONE,11,47,15
India,West_Bengal,Kolkata,"Rabindra Bharati University, Kolkata - WBPCB","12-11-2025 02:00:00",22.627847,88.380669,SO2,7,9,8
India,West_Bengal,Kolkata,"Rabindra Sarobar, Kolkata - WBPCB","12-11-2025 02:00:00",22.51106,88.35142,NH3,8,19,13
India,West_Bengal,Kolkata,"Victoria, Kolkata - WBPCB","12-11-2025 02:00:00",22.5448082,88.3403691,OZONE,6,41,9
India,Bihar,Bhagalpur,"DM Office_Kachari Chowk, Bhagalpur - BSPCB","12-11-2025 02:00:00",25.251013,86.989001,NH3,1,1,1
India,Bihar,Bhagalpur,"Mayaganj, Bhagalpur - BSPCB","12-11-2025 02:00:00",25.265194,87.012947,NO2,NA,NA,NA
India,Bihar,Bhagalpur,"Mayaganj, Bhagalpur - BSPCB","12-11-2025 02:00:00",25.265194,87.012947,CO,36,68,52
India,Bihar,"Bihar Sharif","D M Colony, Bihar Sharif - BSPCB","12-11-2025 02:00:00",25.204762,85.514960,PM2.5,100,250,150
India,Bihar,"Bihar Sharif","D M Colony, Bihar Sharif - BSPCB","12-11-2025 02:00:00",25.204762,85.514960,NH3,3,4,3
India,Bihar,"Bihar Sharif","D M Colony, Bihar Sharif - BSPCB","12-11-2025 02:00:00",25.204762,85.514960,SO2,10,10,10
India,Bihar,Buxar,"Charitra Van, Buxar - BSPCB","12-11-2025 02:00:00",25.567520,83.966379,NH3,3,3,3
India,Bihar,Chhapra,"Darshan Nagar, Chhapra - BSPCB","12-11-2025 02:00:00",25.7808257,84.7446768,SO2,19,23,20
India,Bihar,Chhapra,"Darshan Nagar, Chhapra - BSPCB","12-11-2025 02:00:00",25.7808257,84.7446768,OZONE,18,69,41
India,Bihar,Araria,"Kharahiya Basti, Araria - BSPCB","12-11-2025 02:00:00",26.146529,87.454184,NH3,11,12,12
India,Bihar,Arrah,"New DM Office, Arrah - BSPCB","12-11-2025 02:00:00",25.5626095,84.663264,NH3,1,1,1
India,Bihar,Aurangabad,"Gurdeo Nagar, Aurangabad - BSPCB","12-11-2025 02:00:00",24.75746,84.366208,NH3,1,2,2
India,Bihar,Aurangabad,"Gurdeo Nagar, Aurangabad - BSPCB","12-11-2025 02:00:00",24.75746,84.366208,CO,100,104,102
India,Bihar,Begusarai,"Lohiyanagar, Begusarai - BSPCB","12-11-2025 02:00:00",25.42742023,86.13886079,NO2,14,25,19
India,Bihar,Begusarai,"Lohiyanagar, Begusarai - BSPCB","12-11-2025 02:00:00",25.42742023,86.13886079,SO2,36,50,43
India,Bihar,Begusarai,"Lohiyanagar, Begusarai - BSPCB","12-11-2025 02:00:00",25.42742023,86.13886079,CO,55,60,56
India,Bihar,Bettiah,"Kamalnath Nagar, Bettiah - BSPCB","12-11-2025 02:00:00",26.80365,84.51954,PM2.5,48,200,124
India,Bihar,Bettiah,"Kamalnath Nagar, Bettiah - BSPCB","12-11-2025 02:00:00",26.80365,84.51954,CO,62,104,103
India,Bihar,Manguraha,"Forest Rest House, Manguraha - BSPCB","12-11-2025 02:00:00",27.308328,84.531742,CO,32,32,32
India,Bihar,Motihari,"Gandak Colony, Motihari - BSPCB","12-11-2025 02:00:00",26.63086,84.90051,PM2.5,28,143,80
India,Bihar,Motihari,"Gandak Colony, Motihari - BSPCB","12-11-2025 02:00:00",26.63086,84.90051,PM10,34,131,87
India,Bihar,Motihari,"Gandak Colony, Motihari - BSPCB","12-11-2025 02:00:00",26.63086,84.90051,SO2,2,3,2
India,Bihar,Munger,"Town Hall, Munger - BSPCB","12-11-2025 02:00:00",25.376776,86.471523,NO2,4,5,5
India,Bihar,Munger,"Town Hall, Munger - BSPCB","12-11-2025 02:00:00",25.376776,86.471523,SO2,16,21,19
India,Bihar,Muzaffarpur,"Buddha Colony, Muzaffarpur - BSPCB","12-11-2025 02:00:00",26.11442,85.39813,PM2.5,86,303,168
India,Bihar,Muzaffarpur,"Buddha Colony, Muzaffarpur - BSPCB","12-11-2025 02:00:00",26.11442,85.39813,OZONE,51,211,67
India,Assam,Byrnihat,"Central Academy for SFS, Byrnihat - PCBA","12-11-2025 02:00:00",26.071318,91.87488,NH3,3,4,4
India,Assam,Guwahati,"IITG, Guwahati - PCBA","12-11-2025 02:00:00",26.2028636,91.70046436,PM10,NA,NA,NA
India,Assam,Guwahati,"IITG, Guwahati - PCBA","12-11-2025 02:00:00",26.2028636,91.70046436,SO2,23,26,24
India,Assam,Guwahati,"LGBI Airport, Guwahati - PCBA","12-11-2025 02:00:00",26.10887,91.589544,NH3,6,6,6
India,Assam,Guwahati,"LGBI Airport, Guwahati - PCBA","12-11-2025 02:00:00",26.10887,91.589544,SO2,6,14,11
India,Assam,Guwahati,"LGBI Airport, Guwahati - PCBA","12-11-2025 02:00:00",26.10887,91.589544,OZONE,13,16,14
India,Assam,Guwahati,"Railway Colony, Guwahati - PCBA","12-11-2025 02:00:00",26.181742,91.78063,NO2,3,3,3
India,Assam,Guwahati,"Railway Colony, Guwahati - PCBA","12-11-2025 02:00:00",26.181742,91.78063,CO,27,77,57
India,Bihar,Gaya,"Collectorate, Gaya - BSPCB","12-11-2025 02:00:00",24.7955,84.9994,SO2,8,14,10
India,Bihar,Gaya,"Collectorate, Gaya - BSPCB","12-11-2025 02:00:00",24.7955,84.9994,OZONE,19,21,20
India,Bihar,Gaya,"Kareemganj, Gaya - BSPCB","12-11-2025 02:00:00",24.792403,84.992416,CO,28,43,31
India,Bihar,Gaya,"Kareemganj, Gaya - BSPCB","12-11-2025 02:00:00",24.792403,84.992416,OZONE,3,57,15
India,Bihar,Katihar,"Mirchaibari, Katihar - BSPCB","12-11-2025 02:00:00",25.560083,87.553265,NH3,1,1,1
India,Bihar,Kishanganj,"SDM Office_Khagra, Kishanganj - BSPCB","12-11-2025 02:00:00",26.0881305,87.93840336,PM2.5,NA,NA,NA
India,Bihar,Kishanganj,"SDM Office_Khagra, Kishanganj - BSPCB","12-11-2025 02:00:00",26.0881305,87.93840336,NO2,9,11,10
India,Bihar,Muzaffarpur,"Muzaffarpur Collectorate, Muzaffarpur - BSPCB","12-11-2025 02:00:00",26.1209,85.3647,NO2,9,18,11
India,Bihar,Patna,"Govt. High School Shikarpur, Patna - BSPCB","12-11-2025 02:00:00",25.592539,85.227158,PM2.5,54,89,66
India,Bihar,Patna,"Govt. High School Shikarpur, Patna - BSPCB","12-11-2025 02:00:00",25.592539,85.227158,CO,48,79,66
India,Bihar,Patna,"IGSC Planetarium Complex, Patna - BSPCB","12-11-2025 02:00:00",25.610369,85.132568,OZONE,28,30,29
India,Bihar,Patna,"Muradpur, Patna - BSPCB","12-11-2025 02:00:00",25.619651,85.147382,PM10,112,431,176
India,Assam,Nalbari,"Bata Chowk, Nalbari - PCBA","12-11-2025 02:00:00",26.446912,91.439057,PM10,45,111,76
India,Assam,Nalbari,"Bata Chowk, Nalbari - PCBA","12-11-2025 02:00:00",26.446912,91.439057,SO2,8,9,8
India,Assam,Nalbari,"Bata Chowk, Nalbari - PCBA","12-11-2025 02:00:00",26.446912,91.439057,OZONE,18,21,20
India,Assam,Silchar,"Tarapur, Silchar - PCBA","12-11-2025 02:00:00",24.82827,92.79525,PM2.5,37,75,51
India,Assam,Silchar,"Tarapur, Silchar - PCBA","12-11-2025 02:00:00",24.82827,92.79525,NH3,1,1,1
India,Assam,Sivasagar,"Girls College, Sivasagar - PCBA","12-11-2025 02:00:00",26.987634,94.636574,OZONE,2,6,2
India,Andhra_Pradesh,Vijayawada,"Rajiv Gandhi Park, Vijayawada - APPCB","12-11-2025 02:00:00",16.509717,80.612222,PM2.5,56,68,61
India,Andhra_Pradesh,Vijayawada,"Rajiv Gandhi Park, Vijayawada - APPCB","12-11-2025 02:00:00",16.509717,80.612222,OZONE,10,52,29
India,Andhra_Pradesh,Vijayawada,"Rajiv Nagar, Vijayawada - APPCB","12-11-2025 02:00:00",16.554731,80.649110,NO2,7,14,9
India,Andhra_Pradesh,Visakhapatnam,"GVM Corporation, Visakhapatnam - APPCB","12-11-2025 02:00:00",17.72,83.3,NH3,3,4,4
India,Andhra_Pradesh,Visakhapatnam,"GVM Corporation, Visakhapatnam - APPCB","12-11-2025 02:00:00",17.72,83.3,SO2,12,34,21
India,Andhra_Pradesh,Chittoor,"Gangineni Cheruvu, Chittoor - APPCB","12-11-2025 02:00:00",13.204880,79.097889,CO,34,68,46
India,Andhra_Pradesh,Kadapa,"Yerramukkapalli, Kadapa - APPCB","12-11-2025 02:00:00",14.465052,78.824187,PM2.5,57,71,64
India,Andhra_Pradesh,Kadapa,"Yerramukkapalli, Kadapa - APPCB","12-11-2025 02:00:00",14.465052,78.824187,CO,27,42,38
India,Andhra_Pradesh,Tirumala,"Toll Gate, Tirumala - APPCB","12-11-2025 02:00:00",13.67,79.35,PM10,78,113,98
India,"Andaman and Nicobar","Sri Vijaya Puram","Police Line, Sri Vijaya Puram - ANPCC","12-11-2025 02:00:00",11.654054,92.734055,PM2.5,NA,NA,NA
India,Andhra_Pradesh,Anantapur,"Gulzarpet, Anantapur - APPCB","12-11-2025 02:00:00",14.675886,77.593027,SO2,14,18,17
India,Andhra_Pradesh,Anantapur,"Gulzarpet, Anantapur - APPCB","12-11-2025 02:00:00",14.675886,77.593027,CO,27,63,53
India,Delhi,Delhi,"Dr. Karni Singh Shooting Range, Delhi - DPCC","12-11-2025 02:00:00",28.498571,77.264840,OZONE,3,139,15
India,Delhi,Delhi,"Dwarka-Sector 8, Delhi - DPCC ","12-11-2025 02:00:00",28.5710274,77.0719006,PM2.5,324,500,425
India,Delhi,Delhi,"Dwarka-Sector 8, Delhi - DPCC ","12-11-2025 02:00:00",28.5710274,77.0719006,NO2,76,179,116
India,Delhi,Delhi,"Dwarka-Sector 8, Delhi - DPCC ","12-11-2025 02:00:00",28.5710274,77.0719006,NH3,14,21,17
India,Delhi,Delhi,"Dwarka-Sector 8, Delhi - DPCC ","12-11-2025 02:00:00",28.5710274,77.0719006,SO2,1,33,12
India,Delhi,Delhi,"IGI Airport (T3), Delhi - IMD","12-11-2025 02:00:00",28.5627763,77.1180053,PM2.5,290,500,388
India,Delhi,Delhi,"IGI Airport (T3), Delhi - IMD","12-11-2025 02:00:00",28.5627763,77.1180053,PM10,211,500,370
India,Delhi,Delhi,"IHBAS, Dilshad Garden, Delhi - CPCB","12-11-2025 02:00:00",28.6811736,77.3025234,PM2.5,91,137,111
India,Delhi,Delhi,"IHBAS, Dilshad Garden, Delhi - CPCB","12-11-2025 02:00:00",28.6811736,77.3025234,NH3,4,6,5
India,Delhi,Delhi,"IHBAS, Dilshad Garden, Delhi - CPCB","12-11-2025 02:00:00",28.6811736,77.3025234,SO2,14,40,27
India,Delhi,Delhi,"ITO, Delhi - CPCB","12-11-2025 02:00:00",28.628624,77.241060,PM2.5,98,500,433
India,Delhi,Delhi,"Jahangirpuri, Delhi - DPCC","12-11-2025 02:00:00",28.732820,77.170633,NO2,70,168,123
India,Chhattisgarh,Bhilai,"Hathkhoj, Bhilai - CECB","12-11-2025 02:00:00",21.224231,81.408350,OZONE,8,61,17
India,Chhattisgarh,Bilaspur,"Mangala, Bilaspur - NTPC","12-11-2025 02:00:00",22.08815,82.13737,NO2,16,28,21
India,Chhattisgarh,Bilaspur,"Mangala, Bilaspur - NTPC","12-11-2025 02:00:00",22.08815,82.13737,SO2,8,20,15
India,Chhattisgarh,Chhal,"Nawapara SECL Colony, Chhal - CECB","12-11-2025 02:00:00",22.118125,83.140608,PM10,38,189,74
India,Chhattisgarh,Chhal,"Nawapara SECL Colony, Chhal - CECB","12-11-2025 02:00:00",22.118125,83.140608,SO2,3,40,15
India,Chhattisgarh,Korba,"Urja Nagar, Korba - CECB","12-11-2025 02:00:00",22.348441,82.549611,PM2.5,53,72,55
India,Chhattisgarh,Korba,"Urja Nagar, Korba - CECB","12-11-2025 02:00:00",22.348441,82.549611,PM10,72,73,73
India,Chhattisgarh,Korba,"Urja Nagar, Korba - CECB","12-11-2025 02:00:00",22.348441,82.549611,NO2,29,44,36
India,Chhattisgarh,Kunjemura,"OP Jindal School, Kunjemura - CECB","12-11-2025 02:00:00",22.126650,83.483212,PM10,22,204,83
India,Chhattisgarh,Kunjemura,"OP Jindal School, Kunjemura - CECB","12-11-2025 02:00:00",22.126650,83.483212,NH3,2,3,2
India,Delhi,Delhi,"Jawaharlal Nehru Stadium, Delhi - DPCC","12-11-2025 02:00:00",28.580280,77.233829,PM2.5,314,500,421
India,Delhi,Delhi,"Jawaharlal Nehru Stadium, Delhi - DPCC","12-11-2025 02:00:00",28.580280,77.233829,NH3,1,5,1
India,Delhi,Delhi,"Jawaharlal Nehru Stadium, Delhi - DPCC","12-11-2025 02:00:00",28.580280,77.233829,CO,47,119,107
India,Delhi,Delhi,"Jawaharlal Nehru Stadium, Delhi - DPCC","12-11-2025 02:00:00",28.580280,77.233829,OZONE,3,284,12
India,Delhi,Delhi,"Lodhi Road, Delhi - IMD","12-11-2025 02:00:00",28.5918245,77.2273074,PM2.5,313,476,392
India,Delhi,Delhi,"Lodhi Road, Delhi - IMD","12-11-2025 02:00:00",28.5918245,77.2273074,NO2,14,81,46
India,Delhi,Delhi,"Lodhi Road, Delhi - IMD","12-11-2025 02:00:00",28.5918245,77.2273074,OZONE,5,148,12
India,Delhi,Delhi,"Major Dhyan Chand National Stadium, Delhi - DPCC","12-11-2025 02:00:00",28.611281,77.237738,NO2,48,176,108
India,Delhi,Delhi,"Major Dhyan Chand National Stadium, Delhi - DPCC","12-11-2025 02:00:00",28.611281,77.237738,SO2,18,40,29
India,Delhi,Delhi,"Mandir Marg, Delhi - DPCC","12-11-2025 02:00:00",28.636429,77.201067,PM10,143,450,335
India,Delhi,Delhi,"Mandir Marg, Delhi - DPCC","12-11-2025 02:00:00",28.636429,77.201067,NO2,33,91,57
India,Chandigarh,Chandigarh,"Sector 22, Chandigarh - CPCC","12-11-2025 02:00:00",30.735567,76.775714,CO,56,71,64
India,Chandigarh,Chandigarh,"Sector-25, Chandigarh - CPCC","12-11-2025 02:00:00",30.751462,76.762879,NO2,13,42,22
India,Chandigarh,Chandigarh,"Sector-25, Chandigarh - CPCC","12-11-2025 02:00:00",30.751462,76.762879,CO,12,33,27
India,Chandigarh,Chandigarh,"Sector-25, Chandigarh - CPCC","12-11-2025 02:00:00",30.751462,76.762879,OZONE,1,44,12
India,Chandigarh,Chandigarh,"Sector-53, Chandigarh - CPCC","12-11-2025 02:00:00",30.719859,76.738637,PM10,38,131,81
India,Chandigarh,Chandigarh,"Sector-53, Chandigarh - CPCC","12-11-2025 02:00:00",30.719859,76.738637,NO2,20,131,60
India,Chandigarh,Chandigarh,"Sector-53, Chandigarh - CPCC","12-11-2025 02:00:00",30.719859,76.738637,NH3,3,14,5
India,Chhattisgarh,Bhilai,"32Bungalows, Bhilai - CECB","12-11-2025 02:00:00",21.194815,81.314770,PM2.5,24,51,36
India,Chhattisgarh,Bhilai,"32Bungalows, Bhilai - CECB","12-11-2025 02:00:00",21.194815,81.314770,PM10,40,95,62
India,Chhattisgarh,Bhilai,"32Bungalows, Bhilai - CECB","12-11-2025 02:00:00",21.194815,81.314770,NH3,5,5,5
India,Chhattisgarh,Bhilai,"32Bungalows, Bhilai - CECB","12-11-2025 02:00:00",21.194815,81.314770,SO2,5,15,8
India,Bihar,Saharsa,"Police Line, Saharsa - BSPCB","12-11-2025 02:00:00",25.892357,86.590325,PM10,24,114,61
India,Bihar,Saharsa,"Police Line, Saharsa - BSPCB","12-11-2025 02:00:00",25.892357,86.590325,SO2,15,19,17
India,Bihar,Samastipur,"DM Office_Kasipur, Samastipur - BSPCB","12-11-2025 02:00:00",25.859655,85.77944,SO2,27,35,31
India,Bihar,Samastipur,"DM Office_Kasipur, Samastipur - BSPCB","12-11-2025 02:00:00",25.859655,85.77944,OZONE,8,8,8
India,Bihar,Sasaram,"Dada Peer, Sasaram - BSPCB","12-11-2025 02:00:00",24.952822,84.002396,PM10,86,237,140
India,Bihar,Siwan,"Chitragupta Nagar, Siwan - BSPCB","12-11-2025 02:00:00",26.2271665,84.3570427,PM2.5,NA,NA,NA
India,Bihar,Siwan,"Chitragupta Nagar, Siwan - BSPCB","12-11-2025 02:00:00",26.2271665,84.3570427,NH3,NA,NA,NA
India,Delhi,Delhi,"Burari Crossing, Delhi - IMD","12-11-2025 02:00:00",28.7256504,77.2011573,PM2.5,309,500,439
India,Delhi,Delhi,"Burari Crossing, Delhi - IMD","12-11-2025 02:00:00",28.7256504,77.2011573,OZONE,12,196,24
India,Delhi,Delhi,"Chandni Chowk, Delhi - IITM","12-11-2025 02:00:00",28.656756,77.227234,NO2,30,59,42
India,Delhi,Delhi,"Chandni Chowk, Delhi - IITM","12-11-2025 02:00:00",28.656756,77.227234,CO,46,110,103
India,Delhi,Delhi,"DTU, Delhi - CPCB","12-11-2025 02:00:00",28.7500499,77.1112615,CO,38,94,68
India,Chhattisgarh,Raipur,"Bhatagaon New ISBT, Raipur - CECB","12-11-2025 02:00:00",21.219665,81.630094,NH3,2,2,2
India,Chhattisgarh,Raipur,"Bhatagaon New ISBT, Raipur - CECB","12-11-2025 02:00:00",21.219665,81.630094,OZONE,3,10,4
India,Chhattisgarh,Raipur,"Krishak Nagar, Raipur - CECB","12-11-2025 02:00:00",21.237755,81.705301,CO,32,53,39
India,Chhattisgarh,Raipur,"Siltara Phase-II, Raipur - CECB","12-11-2025 02:00:00",21.371751,81.664929,PM2.5,38,183,85
India,Chhattisgarh,Raipur,"Siltara Phase-II, Raipur - CECB","12-11-2025 02:00:00",21.371751,81.664929,SO2,3,6,4
India,Chhattisgarh,Tumidih,"OP Jindal Industrial Park, Tumidih - CECB","12-11-2025 02:00:00",22.06631475,83.33820077,PM10,50,168,78
India,Delhi,Delhi,"Alipur, Delhi - DPCC","12-11-2025 02:00:00",28.815329,77.153010,NH3,4,4,4
India,Delhi,Delhi,"Alipur, Delhi - DPCC","12-11-2025 02:00:00",28.815329,77.153010,CO,52,105,93
India,Delhi,Delhi,"Anand Vihar, Delhi - DPCC","12-11-2025 02:00:00",28.647622,77.3158090,SO2,52,66,60
India,Bihar,Patna,"Rajbansi Nagar, Patna - BSPCB","12-11-2025 02:00:00",25.599486,85.113666,NH3,3,7,5
India,Bihar,Patna,"Rajbansi Nagar, Patna - BSPCB","12-11-2025 02:00:00",25.599486,85.113666,SO2,6,8,7
India,Bihar,Patna,"Samanpura, Patna - BSPCB","12-11-2025 02:00:00",25.596727,85.085624,OZONE,9,147,12
India,Bihar,Purnia,"Mariam Nagar, Purnia - BSPCB","12-11-2025 02:00:00",25.366336,87.117468,NO2,5,6,6
India,Bihar,Purnia,"Mariam Nagar, Purnia - BSPCB","12-11-2025 02:00:00",25.366336,87.117468,SO2,15,20,18
India,Gujarat,Gandhinagar,"IIPHG Lekawada, Gandhinagar - IITM","12-11-2025 02:00:00",23.243639,72.68994,NO2,7,14,9
India,Gujarat,Gandhinagar,"IIPHG Lekawada, Gandhinagar - IITM","12-11-2025 02:00:00",23.243639,72.68994,OZONE,5,46,10
India,Gujarat,Surat,"Science Center, Surat - SMC","12-11-2025 02:00:00",21.170046,72.795405,PM2.5,85,265,121
India,Gujarat,Surat,"Science Center, Surat - SMC","12-11-2025 02:00:00",21.170046,72.795405,NO2,4,15,8
India,Gujarat,Vapi,"Phase-1 GIDC, Vapi - GPCB","12-11-2025 02:00:00",20.362421,72.918013,NO2,1,2,1
India,Gujarat,Vapi,"Phase-1 GIDC, Vapi - GPCB","12-11-2025 02:00:00",20.362421,72.918013,NH3,5,6,5
India,Gujarat,Vapi,"Phase-1 GIDC, Vapi - GPCB","12-11-2025 02:00:00",20.362421,72.918013,SO2,10,17,13
India,Gujarat,Vatva,"Phase-4 GIDC, Vatva - GPCB","12-11-2025 02:00:00",22.969611,72.643500,NO2,22,23,22
India,Haryana,Ambala,"Patti Mehar, Ambala - HSPCB","12-11-2025 02:00:00",30.379589,76.778328,PM2.5,80,292,175
India,Delhi,Delhi,"Mundka, Delhi - DPCC","12-11-2025 02:00:00",28.684678,77.076574,OZONE,2,128,14
India,Delhi,Delhi,"NSIT Dwarka, Delhi - CPCB","12-11-2025 02:00:00",28.60909,77.0325413,PM10,182,253,207
India,Delhi,Delhi,"Najafgarh, Delhi - DPCC","12-11-2025 02:00:00",28.570173,76.933762,CO,47,103,67
India,Delhi,Delhi,"Narela, Delhi - DPCC","12-11-2025 02:00:00",28.822836,77.101981,PM2.5,308,500,437
India,Delhi,Delhi,"Narela, Delhi - DPCC","12-11-2025 02:00:00",28.822836,77.101981,NO2,19,80,45
India,Delhi,Delhi,"Narela, Delhi - DPCC","12-11-2025 02:00:00",28.822836,77.101981,OZONE,4,222,41
India,Delhi,Delhi,"Nehru Nagar, Delhi - DPCC","12-11-2025 02:00:00",28.567890,77.250515,NO2,42,141,91
India,Delhi,Delhi,"North Campus, DU, Delhi - IMD","12-11-2025 02:00:00",28.6573814,77.1585447,PM2.5,313,500,429
India,Delhi,Delhi,"R K Puram, Delhi - DPCC","12-11-2025 02:00:00",28.563262,77.186937,NH3,4,6,5
India,Delhi,Delhi,"R K Puram, Delhi - DPCC","12-11-2025 02:00:00",28.563262,77.186937,OZONE,4,258,13
India,Delhi,Delhi,"Rohini, Delhi - DPCC","12-11-2025 02:00:00",28.732528,77.119920,PM10,197,500,418
India,Delhi,Delhi,"Shadipur, Delhi - CPCB","12-11-2025 02:00:00",28.6514781,77.1473105,PM2.5,281,333,302
India,Delhi,Delhi,"Shadipur, Delhi - CPCB","12-11-2025 02:00:00",28.6514781,77.1473105,CO,34,117,96
India,Delhi,Delhi,"Sirifort, Delhi - CPCB","12-11-2025 02:00:00",28.5504249,77.2159377,PM2.5,324,500,406
India,Delhi,Delhi,"Sirifort, Delhi - CPCB","12-11-2025 02:00:00",28.5504249,77.2159377,SO2,23,32,27
India,Haryana,Ambala,"Patti Mehar, Ambala - HSPCB","12-11-2025 02:00:00",30.379589,76.778328,SO2,30,32,31
India,Haryana,Bahadurgarh,"Arya Nagar, Bahadurgarh - HSPCB","12-11-2025 02:00:00",28.6701,76.9254,PM10,25,500,277
India,Haryana,Ballabgarh,"Nathu Colony, Ballabgarh - HSPCB","12-11-2025 02:00:00",28.3419248,77.319699,PM2.5,97,135,112
India,Haryana,Ballabgarh,"Nathu Colony, Ballabgarh - HSPCB","12-11-2025 02:00:00",28.3419248,77.319699,PM10,111,129,119
India,Haryana,Bhiwani,"H.B. Colony, Bhiwani - HSPCB","12-11-2025 02:00:00",28.806223,76.141105,OZONE,6,19,14
India,Delhi,Delhi,"North Campus, DU, Delhi - IMD","12-11-2025 02:00:00",28.6573814,77.1585447,NO2,24,234,95
India,Delhi,Delhi,"Patparganj, Delhi - DPCC","12-11-2025 02:00:00",28.623763,77.287209,PM10,228,500,412
India,Delhi,Delhi,"Patparganj, Delhi - DPCC","12-11-2025 02:00:00",28.623763,77.287209,OZONE,5,261,10
India,Delhi,Delhi,"Punjabi Bagh, Delhi - DPCC","12-11-2025 02:00:00",28.674045,77.131023,NO2,38,93,65
India,Delhi,Delhi,"Punjabi Bagh, Delhi - DPCC","12-11-2025 02:00:00",28.674045,77.131023,SO2,12,48,26
India,Delhi,Delhi,"Pusa, Delhi - DPCC","12-11-2025 02:00:00",28.639652,77.146275,OZONE,3,64,5
India,Gujarat,Ahmedabad,"Gyaspur, Ahmedabad - IITM","12-11-2025 02:00:00",22.977134,72.553024,NO2,40,162,105
India,Gujarat,Ahmedabad,"Gyaspur, Ahmedabad - IITM","12-11-2025 02:00:00",22.977134,72.553024,NH3,3,86,24
India,Gujarat,Ahmedabad,"Maninagar, Ahmedabad - GPCB","12-11-2025 02:00:00",23.002657,72.591912,CO,21,87,57
India,Gujarat,Ahmedabad,"Rakhial, Ahmedabad - IITM","12-11-2025 02:00:00",23.016834,72.625775,PM10,74,301,154
India,Gujarat,Ahmedabad,"SAC ISRO Bopal, Ahmedabad - IITM","12-11-2025 02:00:00",23.041137,72.456691,PM2.5,34,298,132
India,Delhi,Delhi,"Sri Aurobindo Marg, Delhi - DPCC","12-11-2025 02:00:00",28.531346,77.190156,CO,37,107,71
India,Delhi,Delhi,"Wazirpur, Delhi - DPCC","12-11-2025 02:00:00",28.699793,77.165453,NH3,8,11,9
India,Delhi,Delhi,"Wazirpur, Delhi - DPCC","12-11-2025 02:00:00",28.699793,77.165453,SO2,10,34,19
India,Gujarat,Ahmedabad,"Chandkheda, Ahmedabad - IITM","12-11-2025 02:00:00",23.107969,72.574648,NH3,5,38,17
India,Gujarat,Ahmedabad,"Chandkheda, Ahmedabad - IITM","12-11-2025 02:00:00",23.107969,72.574648,CO,18,136,107
India,Gujarat,Ahmedabad,"SAC ISRO Satellite, Ahmedabad - IITM","12-11-2025 02:00:00",23.023389,72.515201,SO2,1,54,13
India,Gujarat,Ahmedabad,"SAC ISRO Satellite, Ahmedabad - IITM","12-11-2025 02:00:00",23.023389,72.515201,CO,2,142,101
India,Gujarat,Gandhinagar,"GIFT City, Gandhinagar - IITM","12-11-2025 02:00:00",23.163798,72.677768,PM10,114,432,178
India,Delhi,Delhi,"Pusa, Delhi - IMD","12-11-2025 02:00:00",28.636110,77.173332,PM10,184,477,385
India,Haryana,Mandikhera,"General Hospital, Mandikhera - HSPCB","12-11-2025 02:00:00",27.9002,76.9938,CO,83,114,91
India,Haryana,Manesar,"Sector-2 IMT, Manesar - HSPCB","12-11-2025 02:00:00",28.360699,76.936090,NO2,63,77,72
India,Haryana,Manesar,"Sector-2 IMT, Manesar - HSPCB","12-11-2025 02:00:00",28.360699,76.936090,SO2,10,24,18
India,Haryana,Manesar,"Sector-2 IMT, Manesar - HSPCB","12-11-2025 02:00:00",28.360699,76.936090,CO,30,75,61
India,Haryana,Narnaul,"Shastri Nagar, Narnaul - HSPCB","12-11-2025 02:00:00",28.060249,76.113115,PM2.5,201,330,274
India,Haryana,Narnaul,"Shastri Nagar, Narnaul - HSPCB","12-11-2025 02:00:00",28.060249,76.113115,OZONE,16,81,22
India,Haryana,Palwal,"Shyam Nagar, Palwal - HSPCB","12-11-2025 02:00:00",28.1485564,77.3320667,NO2,23,24,24
India,Haryana,Palwal,"Shyam Nagar, Palwal - HSPCB","12-11-2025 02:00:00",28.1485564,77.3320667,NH3,8,9,9
India,Haryana,Panchgaon,"Amity University, Panchgaon - IITM","12-11-2025 02:00:00",28.3153,76.9143,PM2.5,51,303,150
India,Haryana,Panchgaon,"Amity University, Panchgaon - IITM","12-11-2025 02:00:00",28.3153,76.9143,OZONE,1,97,17
India,Haryana,Panchkula,"Sector-6, Panchkula - HSPCB ","12-11-2025 02:00:00",30.7057778,76.8531805555555,SO2,8,9,9
India,Haryana,Panchkula,"Sector-6, Panchkula - HSPCB ","12-11-2025 02:00:00",30.7057778,76.8531805555555,CO,20,22,21
India,Haryana,Panipat,"Sector-18, Panipat - HSPCB","12-11-2025 02:00:00",29.432304,76.972765,OZONE,30,30,30
India,Haryana,Rohtak,"MD University, Rohtak - HSPCB","12-11-2025 02:00:00",28.52123,76.37138,SO2,4,6,5
India,Haryana,Rohtak,"MD University, Rohtak - HSPCB","12-11-2025 02:00:00",28.52123,76.37138,CO,44,65,61
India,Haryana,Rohtak,"MD University, Rohtak - HSPCB","12-11-2025 02:00:00",28.52123,76.37138,OZONE,12,13,13
India,Haryana,Sirsa,"F-Block, Sirsa - HSPCB","12-11-2025 02:00:00",29.536400,75.015800,OZONE,54,63,56
India,Haryana,"Charkhi Dadri","Mini Secretariat, Charkhi Dadri - HSPCB","12-11-2025 02:00:00",28.593883,76.270653,NO2,9,24,16
India,Haryana,Dharuhera,"Municipal Corporation Office, Dharuhera -  HSPCB","12-11-2025 02:00:00",28.206800,76.799700,NO2,18,64,46
India,Haryana,Faridabad,"New Industrial Town, Faridabad - HSPCB","12-11-2025 02:00:00",28.39072,77.30059,SO2,8,9,8
India,Haryana,Faridabad,"Sector 11, Faridabad - HSPCB","12-11-2025 02:00:00",28.376058,77.315741,PM2.5,180,346,286
India,Haryana,Faridabad,"Sector 30, Faridabad - HSPCB","12-11-2025 02:00:00",28.4417,77.3217,PM2.5,307,310,308
India,Haryana,Faridabad,"Sector 30, Faridabad - HSPCB","12-11-2025 02:00:00",28.4417,77.3217,SO2,6,6,6
India,Haryana,Faridabad,"Sector 30, Faridabad - HSPCB","12-11-2025 02:00:00",28.4417,77.3217,CO,18,66,61
India,Haryana,Sonipat,"Murthal, Sonipat - HSPCB","12-11-2025 02:00:00",29.027200,77.062100,OZONE,25,26,26
India,"Himachal Pradesh",Baddi,"HIMUDA Complex Phase-1, Baddi - HPPCB","12-11-2025 02:00:00",30.943887,76.801991,NH3,4,8,6
India,"Himachal Pradesh",Baddi,"HIMUDA Complex Phase-1, Baddi - HPPCB","12-11-2025 02:00:00",30.943887,76.801991,OZONE,9,142,46
India,Jammu_and_Kashmir,Srinagar,"Rajbagh, Srinagar - JKSPCB","12-11-2025 02:00:00",34.066206,74.819820,OZONE,1,45,1
India,Jharkhand,Jorapokhar,"Tata Stadium, Jorapokhar - JSPCB","12-11-2025 02:00:00",23.707909,86.414670,SO2,NA,NA,NA
India,Jharkhand,Jorapokhar,"Tata Stadium, Jorapokhar - JSPCB","12-11-2025 02:00:00",23.707909,86.414670,OZONE,1,7,4
India,Karnataka,Belgaum,"Ramteerth Nagar, Belgaum - KSPCB","12-11-2025 02:00:00",15.888653,74.541751,NO2,6,77,44
India,Karnataka,Belgaum,"Ramteerth Nagar, Belgaum - KSPCB","12-11-2025 02:00:00",15.888653,74.541751,SO2,20,20,20
India,Karnataka,Bengaluru,"BTM Layout, Bengaluru - CPCB","12-11-2025 02:00:00",12.9135218,77.5950804,CO,41,48,45
India,Karnataka,Bengaluru,"BWSSB Kadabesanahalli, Bengaluru - CPCB","12-11-2025 02:00:00",12.9352049,77.6814488,OZONE,29,29,29
India,Karnataka,Bengaluru,"Hebbal, Bengaluru - KSPCB","12-11-2025 02:00:00",13.029152,77.585901,PM10,83,132,102
India,Karnataka,Bengaluru,"Hebbal, Bengaluru - KSPCB","12-11-2025 02:00:00",13.029152,77.585901,OZONE,7,18,8
India,Haryana,Jind,"Police Lines, Jind - HSPCB","12-11-2025 02:00:00",29.307814,76.337619,NH3,4,6,5
India,Haryana,Jind,"Police Lines, Jind - HSPCB","12-11-2025 02:00:00",29.307814,76.337619,SO2,27,30,28
India,Haryana,Jind,"Police Lines, Jind - HSPCB","12-11-2025 02:00:00",29.307814,76.337619,CO,4,139,63
India,Haryana,Jind,"Police Lines, Jind - HSPCB","12-11-2025 02:00:00",29.307814,76.337619,OZONE,1,3,2
India,Haryana,Kaithal,"Rishi Nagar, Kaithal - HSPCB","12-11-2025 02:00:00",29.8006,76.4155,NO2,12,33,30
India,Haryana,Mandikhera,"General Hospital, Mandikhera - HSPCB","12-11-2025 02:00:00",27.9002,76.9938,PM10,90,151,117
India,Karnataka,Bengaluru,"Jigani, Bengaluru - KSPCB","12-11-2025 02:00:00",12.7816279,77.6299145,NH3,3,3,3
India,Karnataka,Bengaluru,"Kasturi Nagar, Bengaluru - KSPCB","12-11-2025 02:00:00",13.003872,77.664217,SO2,10,12,11
India,Karnataka,Bengaluru,"RVCE-Mailasandra, Bengaluru - KSPCB","12-11-2025 02:00:00",12.921418,77.502466,NO2,29,30,29
India,Karnataka,Bengaluru,"RVCE-Mailasandra, Bengaluru - KSPCB","12-11-2025 02:00:00",12.921418,77.502466,CO,24,50,38
India,Haryana,Gurugram,"Sector-51, Gurugram - HSPCB","12-11-2025 02:00:00",28.4227,77.0667,SO2,1,8,4
India,Haryana,Gurugram,"Teri Gram, Gurugram - HSPCB","12-11-2025 02:00:00",28.4275,77.1465,CO,44,88,44
India,Haryana,Gurugram,"Vikas Sadan, Gurugram - HSPCB","12-11-2025 02:00:00",28.4501238,77.0263051,PM10,125,328,196
India,Karnataka,Bengaluru,"Hombegowda Nagar, Bengaluru - KSPCB","12-11-2025 02:00:00",12.938539,77.590100,PM2.5,60,94,70
India,Karnataka,Bengaluru,"Hombegowda Nagar, Bengaluru - KSPCB","12-11-2025 02:00:00",12.938539,77.590100,NO2,15,75,28
India,Karnataka,Bengaluru,"Jayanagar 5th Block, Bengaluru - KSPCB","12-11-2025 02:00:00",12.920984,77.584908,SO2,1,47,14
India,Karnataka,Hubballi,"Lingaraj Nagar, Hubballi - KSPCB","12-11-2025 02:00:00",15.3714823,75.1160168,CO,14,42,22
India,Karnataka,Kalaburagi,"Lal Bahadur Shastri Nagar, Kalaburagi - KSPCB","12-11-2025 02:00:00",17.321993,76.822628,PM2.5,25,52,41
India,Karnataka,Kalaburagi,"Lal Bahadur Shastri Nagar, Kalaburagi - KSPCB","12-11-2025 02:00:00",17.321993,76.822628,NO2,12,12,12
India,Karnataka,Kalaburagi,"Lal Bahadur Shastri Nagar, Kalaburagi - KSPCB","12-11-2025 02:00:00",17.321993,76.822628,NH3,1,1,1
India,Karnataka,Kalaburagi,"Mahatma Basaveswar Colony, Kalaburgi - KSPCB","12-11-2025 02:00:00",17.336318,76.847397,PM2.5,21,68,34
India,Karnataka,Kalaburagi,"Mahatma Basaveswar Colony, Kalaburgi - KSPCB","12-11-2025 02:00:00",17.336318,76.847397,NO2,9,19,14
India,Karnataka,Koppal,"Diwator Nagar, Koppal - KSPCB","12-11-2025 02:00:00",15.347630,76.181767,PM10,41,78,59
India,Karnataka,Madikeri,"Stuart Hill, Madikeri - KSPCB","12-11-2025 02:00:00",12.415911,75.735050,PM2.5,42,116,68
India,Karnataka,Madikeri,"Stuart Hill, Madikeri - KSPCB","12-11-2025 02:00:00",12.415911,75.735050,OZONE,3,6,4
India,Karnataka,Chikkamagaluru,"Kalyana Nagara, Chikkamagaluru - KSPCB","12-11-2025 02:00:00",13.328028,75.797056,OZONE,31,72,31
India,Karnataka,Davanagere,"Devaraj Urs Badavane, Davanagere - KSPCB","12-11-2025 02:00:00",14.475800,75.905200,PM2.5,64,250,101
India,Karnataka,Davanagere,"Devaraj Urs Badavane, Davanagere - KSPCB","12-11-2025 02:00:00",14.475800,75.905200,NO2,22,59,35
India,Karnataka,Dharwad,"Kalabhavan, Dharwad - KSPCB","12-11-2025 02:00:00",15.459706,75.008381,PM2.5,51,71,65
India,Karnataka,Dharwad,"Kalabhavan, Dharwad - KSPCB","12-11-2025 02:00:00",15.459706,75.008381,CO,46,103,74
India,Karnataka,Gadag,"Panchal Nagar, Gadag - KSPCB","12-11-2025 02:00:00",15.411456,75.638133,SO2,16,24,20
India,Karnataka,Gadag,"Panchal Nagar, Gadag - KSPCB","12-11-2025 02:00:00",15.411456,75.638133,CO,10,16,13
India,Karnataka,Hubballi,"Lingaraj Nagar, Hubballi - KSPCB","12-11-2025 02:00:00",15.3714823,75.1160168,PM2.5,34,53,48
India,"Madhya Pradesh",Indore,"Chhoti Gwaltoli, Indore - MPPCB","12-11-2025 02:00:00",22.4310,75.5213,CO,42,150,137
India,"Madhya Pradesh",Indore,"Regional Park, Indore - IMC","12-11-2025 02:00:00",22.6780,75.8559,NH3,NA,NA,NA
India,"Madhya Pradesh",Indore,"Regional Park, Indore - IMC","12-11-2025 02:00:00",22.6780,75.8559,SO2,19,25,23
India,"Madhya Pradesh",Indore,"Residency Area, Indore - IMC","12-11-2025 02:00:00",22.7084,75.8815,PM10,NA,NA,NA
India,"Madhya Pradesh",Indore,"Residency Area, Indore - IMC","12-11-2025 02:00:00",22.7084,75.8815,OZONE,NA,NA,NA
India,"Madhya Pradesh",Jabalpur,"Govindh Bhavan Colony, Jabalpur - JMC","12-11-2025 02:00:00",23.163174,79.973061,NH3,2,2,2
India,"Madhya Pradesh",Jabalpur,"Gupteshwar, Jabalpur - JMC","12-11-2025 02:00:00",23.142888,79.916147,NH3,6,10,8
India,Karnataka,Bengaluru,"Sanegurava Halli, Bengaluru - KSPCB","12-11-2025 02:00:00",12.990328,77.5431385,PM10,51,56,51
India,Karnataka,Bengaluru,"Sanegurava Halli, Bengaluru - KSPCB","12-11-2025 02:00:00",12.990328,77.5431385,CO,18,40,31
India,Karnataka,Bengaluru,"Silk Board, Bengaluru - KSPCB","12-11-2025 02:00:00",12.917348,77.622813,PM2.5,75,116,88
India,Karnataka,Bengaluru,"Silk Board, Bengaluru - KSPCB","12-11-2025 02:00:00",12.917348,77.622813,NO2,9,20,14
India,Karnataka,Chamarajanagar,"Urban, Chamarajanagar - KSPCB","12-11-2025 02:00:00",11.55358,76.55521,PM10,34,54,40
India,"Madhya Pradesh",Gwalior,"Maharaj Bada, Gwalior - MPPCB","12-11-2025 02:00:00",26.200388,78.147714,NO2,18,122,52
India,"Madhya Pradesh",Gwalior,"Maharaj Bada, Gwalior - MPPCB","12-11-2025 02:00:00",26.200388,78.147714,NH3,3,4,4
India,"Madhya Pradesh",Indore,"Airport Area, Indore - IMC","12-11-2025 02:00:00",22.7289,75.8076,SO2,20,21,20
India,"Madhya Pradesh",Indore,"Chhoti Gwaltoli, Indore - MPPCB","12-11-2025 02:00:00",22.4310,75.5213,PM2.5,43,344,207
India,"Madhya Pradesh",Bhopal,"Paryavaran Parisar, Bhopal - MPPCB","12-11-2025 02:00:00",23.210494,77.425409,CO,6,91,60
India,"Madhya Pradesh",Bhopal,"T T Nagar, Bhopal - MPPCB","12-11-2025 02:00:00",23.233584,77.400574,NO2,42,122,77
India,"Madhya Pradesh",Dewas,"Bhopal Chauraha, Dewas - MPPCB","12-11-2025 02:00:00",22.9682591,76.064118,NO2,6,7,7
India,Kerala,Kannur,"Thavakkara, Kannur - Kerala PCB","12-11-2025 02:00:00",11.875000,75.373200,OZONE,27,32,28
India,Kerala,Kollam,"Polayathode, Kollam - Kerala PCB","12-11-2025 02:00:00",8.8787,76.6073,OZONE,NA,NA,NA
India,Kerala,Thrissur,"Corporation Ground, Thrissur - Kerala PCB","12-11-2025 02:00:00",10.532400,76.215900,OZONE,NA,NA,NA
India,Karnataka,Yadgir,"Collector Office, Yadgir - KSPCB","12-11-2025 02:00:00",16.7602,77.1428,PM2.5,NA,NA,NA
India,Karnataka,Yadgir,"Collector Office, Yadgir - KSPCB","12-11-2025 02:00:00",16.7602,77.1428,NH3,NA,NA,NA
India,Kerala,Eloor,"Udyogamandal, Eloor - Kerala PCB","12-11-2025 02:00:00",10.073232,76.302765,CO,28,105,49
India,Karnataka,Udupi,"Brahmagiri, Udupi - KSPCB","12-11-2025 02:00:00",13.34194444,74.74694444,PM2.5,43,85,57
India,Karnataka,Udupi,"Brahmagiri, Udupi - KSPCB","12-11-2025 02:00:00",13.34194444,74.74694444,SO2,8,9,8
India,Maharashtra,Mumbai,"Byculla, Mumbai - BMC","12-11-2025 02:00:00",18.9767,72.8380,CO,33,77,51
India,Maharashtra,Mumbai,"Byculla, Mumbai - BMC","12-11-2025 02:00:00",18.9767,72.8380,OZONE,7,69,23
India,Maharashtra,Mumbai,"Chakala-Andheri East, Mumbai - IITM","12-11-2025 02:00:00",19.11074,72.86084,NO2,42,135,85
India,Maharashtra,Mumbai,"Chakala-Andheri East, Mumbai - IITM","12-11-2025 02:00:00",19.11074,72.86084,NH3,7,21,14
India,Maharashtra,Mumbai,"Chembur, Mumbai - MPCB","12-11-2025 02:00:00",19.0364585,72.8954371,PM2.5,80,154,104
India,Maharashtra,Mumbai,"Chembur, Mumbai - MPCB","12-11-2025 02:00:00",19.0364585,72.8954371,NO2,14,80,46
India,Maharashtra,Mumbai,"Chembur, Mumbai - MPCB","12-11-2025 02:00:00",19.0364585,72.8954371,NH3,2,3,2
India,Maharashtra,Mumbai,"Chembur, Mumbai - MPCB","12-11-2025 02:00:00",19.0364585,72.8954371,SO2,1,17,6
India,Maharashtra,Mumbai,"Chhatrapati Shivaji Intl. Airport (T2), Mumbai - MPCB","12-11-2025 02:00:00",19.10078,72.87462,PM10,NA,NA,NA
India,Maharashtra,Malegaon,"Mahesh Nagar, Malegaon - MPCB","12-11-2025 02:00:00",20.555712,74.529236,CO,40,48,44
India,Maharashtra,Mira-Bhayandar,"Bhayandar West, Mira-Bhayandar - MPCB","12-11-2025 02:00:00",19.296481,72.840923,PM2.5,NA,NA,NA
India,Maharashtra,Mira-Bhayandar,"Bhayandar West, Mira-Bhayandar - MPCB","12-11-2025 02:00:00",19.296481,72.840923,NH3,NA,NA,NA
India,Maharashtra,Mira-Bhayandar,"Bhayandar West, Mira-Bhayandar - MPCB","12-11-2025 02:00:00",19.296481,72.840923,CO,10,56,20
India,Maharashtra,Mumbai,"Bandra Kurla Complex, Mumbai - IITM","12-11-2025 02:00:00",19.053536,72.84643,PM10,168,303,227
India,Maharashtra,Mumbai,"Bandra Kurla Complex, Mumbai - IITM","12-11-2025 02:00:00",19.053536,72.84643,NH3,19,58,40
India,Maharashtra,Mumbai,"Bandra Kurla Complex, Mumbai - IITM","12-11-2025 02:00:00",19.053536,72.84643,CO,5,52,32
India,Maharashtra,Mumbai,"Bandra Kurla Complex, Mumbai - MPCB","12-11-2025 02:00:00",19.065931,72.862131,NH3,4,35,14
India,"Madhya Pradesh",Pithampur,"Sector-2 Industrial Area, Pithampur - MPPCB","12-11-2025 02:00:00",22.624758,75.675238,NO2,13,54,35
India,"Madhya Pradesh",Ratlam,"Shasthri Nagar, Ratlam - IPCA Lab","12-11-2025 02:00:00",23.331731,75.045981,PM2.5,11,226,88
India,"Madhya Pradesh",Ratlam,"Shasthri Nagar, Ratlam - IPCA Lab","12-11-2025 02:00:00",23.331731,75.045981,PM10,108,271,157
India,"Madhya Pradesh",Ratlam,"Shasthri Nagar, Ratlam - IPCA Lab","12-11-2025 02:00:00",23.331731,75.045981,SO2,18,20,19
India,"Madhya Pradesh",Satna,"Bandhavgar Colony, Satna - Birla Cement","12-11-2025 02:00:00",24.58434363,80.8549414,PM2.5,43,47,45
India,Maharashtra,Ahmednagar,"Tarakpur, Ahmednagar - MPCB","12-11-2025 02:00:00",19.10122,74.73339,NO2,14,24,20
India,Maharashtra,Chandrapur,"Chauhan Colony, Chandrapur - MPCB","12-11-2025 02:00:00",19.962900,79.298714,NH3,2,2,2
India,Maharashtra,Chandrapur,"Chauhan Colony, Chandrapur - MPCB","12-11-2025 02:00:00",19.962900,79.298714,CO,22,41,33
India,Maharashtra,Chandrapur,"MIDC Khutala, Chandrapur - MPCB","12-11-2025 02:00:00",19.9775302,79.2337086,PM10,115,230,167
India,Maharashtra,Chandrapur,"MIDC Khutala, Chandrapur - MPCB","12-11-2025 02:00:00",19.9775302,79.2337086,OZONE,17,19,18
India,Maharashtra,Dhule,"Deopur, Dhule - MPCB","12-11-2025 02:00:00",20.918946,74.776388,SO2,7,14,11
India,Maharashtra,Jalna,"Old MIDC, Jalna - MPCB","12-11-2025 02:00:00",19.854616,75.905894,SO2,5,18,12
India,Maharashtra,Kalyan,"Khadakpada, Kalyan - MPCB","12-11-2025 02:00:00",19.25292,73.142019,PM2.5,17,137,58
India,Maharashtra,Kalyan,"Khadakpada, Kalyan - MPCB","12-11-2025 02:00:00",19.25292,73.142019,PM10,54,139,77
India,Maharashtra,Kolhapur,"Sinchan Bhavan, Kolhapur - MPCB","12-11-2025 02:00:00",16.7143745,74.2426398,NH3,2,4,2
India,Maharashtra,Akola,"Ramdaspeth, Akola - MPCB","12-11-2025 02:00:00",20.719516,77.000253,SO2,1,40,16
India,Maharashtra,Amravati,"Shivneri Colony, Amravati - MPCB","12-11-2025 02:00:00",20.9402359,77.7895248,NH3,2,2,2
India,Maharashtra,Aurangabad,"MIDC Chilkalthana, Aurangabad - MPCB","12-11-2025 02:00:00",19.875620,75.387310,PM10,67,161,104
India,Maharashtra,Aurangabad,"Rachnakar Colony, Aurangabad - MPCB","12-11-2025 02:00:00",19.863756,75.321188,NH3,NA,NA,NA
India,Maharashtra,Aurangabad,"Rachnakar Colony, Aurangabad - MPCB","12-11-2025 02:00:00",19.863756,75.321188,SO2,NA,NA,NA
India,Maharashtra,Aurangabad,"Rachnakar Colony, Aurangabad - MPCB","12-11-2025 02:00:00",19.863756,75.321188,OZONE,9,75,13
India,Maharashtra,Bhiwandi,"Gokul Nagar, Bhiwandi - MPCB","12-11-2025 02:00:00",19.309073,73.057223,CO,21,46,37
India,"Madhya Pradesh",Katni,"Gole Bazar, Katni - MPPCB","12-11-2025 02:00:00",23.50016,80.23284,NO2,12,78,50
India,"Madhya Pradesh",Katni,"Gole Bazar, Katni - MPPCB","12-11-2025 02:00:00",23.50016,80.23284,CO,12,129,98
India,"Madhya Pradesh",Mandideep,"Sector-D Industrial Area, Mandideep - MPPCB","12-11-2025 02:00:00",23.108440,77.511428,OZONE,4,142,17
India,Maharashtra,Jalna,"Old MIDC, Jalna - MPCB","12-11-2025 02:00:00",19.854616,75.905894,PM10,73,153,101
India,Maharashtra,Mumbai,"Mazgaon, Mumbai - IITM","12-11-2025 02:00:00",18.96702,72.84214,SO2,6,12,9
India,Maharashtra,Mumbai,"Mazgaon, Mumbai - IITM","12-11-2025 02:00:00",18.96702,72.84214,OZONE,14,305,90
India,Maharashtra,Mumbai,"Mindspace-Malad West, Mumbai - MPCB","12-11-2025 02:00:00",19.1878657,72.8304069,PM10,NA,NA,NA
India,Maharashtra,Mumbai,"Mindspace-Malad West, Mumbai - MPCB","12-11-2025 02:00:00",19.1878657,72.8304069,SO2,15,16,15
India,Maharashtra,Mumbai,"Mulund West, Mumbai - MPCB","12-11-2025 02:00:00",19.1750,72.9419,NH3,3,4,3
India,Maharashtra,Mumbai,"Navy Nagar-Colaba, Mumbai - IITM","12-11-2025 02:00:00",18.897756,72.813320,OZONE,8,123,14
India,Maharashtra,Mumbai,"Powai, Mumbai - MPCB","12-11-2025 02:00:00",19.137500,72.915056,NO2,7,8,8
India,Maharashtra,Mumbai,"Powai, Mumbai - MPCB","12-11-2025 02:00:00",19.137500,72.915056,CO,16,17,16
India,Maharashtra,Mumbai,"Sewri, Mumbai - BMC","12-11-2025 02:00:00",19.000084,72.856730,PM2.5,1,303,27
India,Maharashtra,Mumbai,"Sewri, Mumbai - BMC","12-11-2025 02:00:00",19.000084,72.856730,PM10,20,413,104
India,Maharashtra,Mumbai,"Sewri, Mumbai - BMC","12-11-2025 02:00:00",19.000084,72.856730,OZONE,76,315,198
India,Maharashtra,Mumbai,"Shivaji Nagar, Mumbai - BMC","12-11-2025 02:00:00",19.060498,72.923356,PM10,114,191,152
India,Maharashtra,Mumbai,"Shivaji Nagar, Mumbai - BMC","12-11-2025 02:00:00",19.060498,72.923356,NH3,2,5,3
India,Maharashtra,Mumbai,"Siddharth Nagar-Worli, Mumbai - IITM","12-11-2025 02:00:00",19.000083,72.813993,CO,20,79,39
India,Maharashtra,Mumbai,"Vasai West, Mumbai - MPCB","12-11-2025 02:00:00",19.383200,72.820400,PM2.5,29,71,45
India,Maharashtra,Mumbai,"Vasai West, Mumbai - MPCB","12-11-2025 02:00:00",19.383200,72.820400,NH3,3,5,4
India,Maharashtra,Mumbai,"Vasai West, Mumbai - MPCB","12-11-2025 02:00:00",19.383200,72.820400,OZONE,11,22,15
India,Maharashtra,Mumbai,"Vile Parle West, Mumbai - MPCB","12-11-2025 02:00:00",19.10861,72.83622,PM10,NA,NA,NA
India,Maharashtra,Mumbai,"Vile Parle West, Mumbai - MPCB","12-11-2025 02:00:00",19.10861,72.83622,NO2,9,30,26
India,Maharashtra,Nagpur,"Ram Nagar, Nagpur - MPCB","12-11-2025 02:00:00",21.143383,79.048912,SO2,29,126,49
India,Maharashtra,Nanded,"Sneh Nagar, Nanded - MPCB","12-11-2025 02:00:00",19.173852,77.296291,PM10,101,145,126
India,Maharashtra,Nanded,"Sneh Nagar, Nanded - MPCB","12-11-2025 02:00:00",19.173852,77.296291,CO,17,28,22
India,Maharashtra,Nashik,"Gangapur Road, Nashik - MPCB","12-11-2025 02:00:00",20.0073285,73.7762427,OZONE,NA,NA,NA
India,Maharashtra,Nashik,"Hirawadi, Nashik - MPCB","12-11-2025 02:00:00",20.021503,73.813844,PM10,85,261,139
India,Maharashtra,Nashik,"MIDC Ambad, Nashik - MPCB","12-11-2025 02:00:00",19.950220,73.731480,PM10,68,279,121
India,Maharashtra,Nashik,"MIDC Ambad, Nashik - MPCB","12-11-2025 02:00:00",19.950220,73.731480,NH3,4,7,5
India,Maharashtra,"Navi Mumbai","Kopripada-Vashi, Navi Mumbai - MPCB","12-11-2025 02:00:00",19.090337,73.014232,NO2,13,53,30
India,Maharashtra,"Navi Mumbai","Kopripada-Vashi, Navi Mumbai - MPCB","12-11-2025 02:00:00",19.090337,73.014232,OZONE,3,73,18
India,Maharashtra,"Navi Mumbai","Mahape, Navi Mumbai - MPCB","12-11-2025 02:00:00",19.1135051,73.008978,NO2,34,36,35
India,Maharashtra,"Navi Mumbai","Mahape, Navi Mumbai - MPCB","12-11-2025 02:00:00",19.1135051,73.008978,NH3,3,3,3
India,Maharashtra,"Navi Mumbai","Mahape, Navi Mumbai - MPCB","12-11-2025 02:00:00",19.1135051,73.008978,OZONE,8,15,10
India,Maharashtra,"Navi Mumbai","Nerul, Navi Mumbai - MPCB","12-11-2025 02:00:00",19.008751,73.016620,PM2.5,72,218,119
India,Maharashtra,"Navi Mumbai","Sanpada, Navi Mumbai - MPCB","12-11-2025 02:00:00",19.0575752,73.0151367,SO2,1,20,10
India,Maharashtra,"Navi Mumbai","Sanpada, Navi Mumbai - MPCB","12-11-2025 02:00:00",19.0575752,73.0151367,CO,20,96,57
India,Maharashtra,"Navi Mumbai","Sector-2E Kalamboli, Navi Mumbai - MPCB","12-11-2025 02:00:00",19.02579,73.10297,NO2,12,117,35
India,Maharashtra,"Navi Mumbai","Tondare-Taloja, Navi Mumbai - MPCB","12-11-2025 02:00:00",19.0630,73.1209,NH3,4,10,7
India,Maharashtra,Parbhani,"Masoom Colony, Parbhani - MPCB","12-11-2025 02:00:00",19.265594,76.761463,NO2,NA,NA,NA
India,Maharashtra,Parbhani,"Masoom Colony, Parbhani - MPCB","12-11-2025 02:00:00",19.265594,76.761463,SO2,2,19,8
India,Maharashtra,Pimpri-Chinchwad,"Park Street Wakad, Pimpri Chinchwad - MPCB","12-11-2025 02:00:00",18.59051,73.77946,PM10,81,151,114
India,Maharashtra,Mumbai,"Kherwadi_Bandra East, Mumbai - MPCB","12-11-2025 02:00:00",19.0632143,72.8456324,NH3,4,15,10
India,Maharashtra,Mumbai,"Kherwadi_Bandra East, Mumbai - MPCB","12-11-2025 02:00:00",19.0632143,72.8456324,CO,19,48,32
India,Maharashtra,Mumbai,"Kherwadi_Bandra East, Mumbai - MPCB","12-11-2025 02:00:00",19.0632143,72.8456324,OZONE,1,109,24
India,Maharashtra,Mumbai,"Khindipada-Bhandup West, Mumbai - IITM","12-11-2025 02:00:00",19.1653323,72.922099,OZONE,2,143,63
India,Maharashtra,Mumbai,"Kurla, Mumbai - MPCB","12-11-2025 02:00:00",19.0863,72.8888,PM2.5,71,121,89
India,Maharashtra,Mumbai,"Kurla, Mumbai - MPCB","12-11-2025 02:00:00",19.0863,72.8888,CO,10,20,17
India,Maharashtra,Mumbai,"Vile Parle West, Mumbai - MPCB","12-11-2025 02:00:00",19.10861,72.83622,CO,24,26,24
India,Maharashtra,Nagpur,"Ambazari, Nagpur - MPCB","12-11-2025 02:00:00",21.121801,79.04952,SO2,5,117,31
India,Maharashtra,Nagpur,"Mahal, Nagpur - MPCB","12-11-2025 02:00:00",21.14472,79.107595,OZONE,1,29,5
India,Maharashtra,Nagpur,"Opp GPO Civil Lines, Nagpur - MPCB","12-11-2025 02:00:00",21.152875,79.0517531,NH3,1,12,5
India,Maharashtra,Nagpur,"Opp GPO Civil Lines, Nagpur - MPCB","12-11-2025 02:00:00",21.152875,79.0517531,SO2,1,110,16
India,Maharashtra,Mumbai,"Colaba, Mumbai - MPCB","12-11-2025 02:00:00",18.910000,72.820000,PM2.5,20,102,49
India,Maharashtra,Mumbai,"Colaba, Mumbai - MPCB","12-11-2025 02:00:00",18.910000,72.820000,NO2,27,31,28
India,Maharashtra,Mumbai,"Colaba, Mumbai - MPCB","12-11-2025 02:00:00",18.910000,72.820000,NH3,3,3,3
India,Maharashtra,Mumbai,"Deonar, Mumbai - IITM","12-11-2025 02:00:00",19.04946,72.9230,NH3,6,12,9
India,Maharashtra,Mumbai,"Deonar, Mumbai - IITM","12-11-2025 02:00:00",19.04946,72.9230,CO,24,102,65
India,Maharashtra,Mumbai,"Kandivali East, Mumbai - MPCB","12-11-2025 02:00:00",19.205800,72.868200,NH3,NA,NA,NA
India,Maharashtra,Pune,"Hadapsar, Pune - IITM","12-11-2025 02:00:00",18.501793,73.927532,NO2,23,72,43
India,Maharashtra,Pune,"Katraj Dairy, Pune - MPCB","12-11-2025 02:00:00",18.454450,73.854155,NH3,2,10,5
India,Maharashtra,Pune,"Katraj Dairy, Pune - MPCB","12-11-2025 02:00:00",18.454450,73.854155,SO2,1,4,3
India,Maharashtra,Pune,"Katraj Dairy, Pune - MPCB","12-11-2025 02:00:00",18.454450,73.854155,CO,22,102,72
India,Puducherry,Puducherry,"Jawahar Nagar, Puducherry - PPCC","12-11-2025 02:00:00",11.9309,79.8027,PM10,60,104,83
India,Puducherry,Puducherry,"Jawahar Nagar, Puducherry - PPCC","12-11-2025 02:00:00",11.9309,79.8027,OZONE,30,84,48
India,Punjab,Amritsar,"Golden Temple, Amritsar - PPCB","12-11-2025 02:00:00",31.620000,74.876512,PM2.5,45,189,108
India,Punjab,Amritsar,"Golden Temple, Amritsar - PPCB","12-11-2025 02:00:00",31.620000,74.876512,OZONE,30,43,35
India,Punjab,Bathinda,"Hardev Nagar, Bathinda - PPCB","12-11-2025 02:00:00",30.233011,74.907758,NO2,31,33,32
India,Punjab,Jalandhar,"Civil Line, Jalandhar - PPCB","12-11-2025 02:00:00",31.321907,75.578914,NO2,35,40,37
India,Punjab,Khanna,"Kalal Majra, Khanna - PPCB","12-11-2025 02:00:00","30.736056 ",76.209694,PM2.5,79,295,164
India,Punjab,Khanna,"Kalal Majra, Khanna - PPCB","12-11-2025 02:00:00","30.736056 ",76.209694,NH3,7,8,7
India,Punjab,Ludhiana,"Punjab Agricultural University, Ludhiana - PPCB","12-11-2025 02:00:00",30.9028,75.8086,PM10,122,165,142
India,Punjab,Ludhiana,"Punjab Agricultural University, Ludhiana - PPCB","12-11-2025 02:00:00",30.9028,75.8086,SO2,4,36,20
India,Punjab,Ludhiana,"Punjab Agricultural University, Ludhiana - PPCB","12-11-2025 02:00:00",30.9028,75.8086,OZONE,17,31,25
India,Punjab,"Mandi Gobindgarh","RIMT University, Mandi Gobindgarh - PPCB","12-11-2025 02:00:00",30.649961,76.331442,PM2.5,88,362,168
India,Punjab,Patiala,"Model Town, Patiala - PPCB","12-11-2025 02:00:00",30.349388,76.366642,PM10,90,194,130
India,Punjab,Patiala,"Model Town, Patiala - PPCB","12-11-2025 02:00:00",30.349388,76.366642,NO2,16,19,17
India,Punjab,Patiala,"Model Town, Patiala - PPCB","12-11-2025 02:00:00",30.349388,76.366642,NH3,6,7,6
India,Rajasthan,Ajmer,"Civil Lines,  Ajmer - RSPCB","12-11-2025 02:00:00",26.470859,74.646594,NO2,19,37,25
India,Maharashtra,Sangli,"Vijay Nagar, Sangli - MPCB","12-11-2025 02:00:00"," 16.5038",74.3623,SO2,1,8,5
India,Maharashtra,Sangli,"Vijay Nagar, Sangli - MPCB","12-11-2025 02:00:00"," 16.5038",74.3623,OZONE,7,63,23
India,Maharashtra,Solapur,"Dnyaneshwar Nagar, Solapur - MPCB","12-11-2025 02:00:00",17.6336264,75.9132495,NH3,6,46,14
India,Maharashtra,Solapur,"Dnyaneshwar Nagar, Solapur - MPCB","12-11-2025 02:00:00",17.6336264,75.9132495,CO,16,108,48
India,Maharashtra,Thane,"Kasarvadavali, Thane - MPCB","12-11-2025 02:00:00",19.26777,72.97182,PM2.5,30,132,75
India,Maharashtra,Thane,"Kasarvadavali, Thane - MPCB","12-11-2025 02:00:00",19.26777,72.97182,NH3,1,16,5
India,Maharashtra,Thane,"Kasarvadavali, Thane - MPCB","12-11-2025 02:00:00",19.26777,72.97182,CO,10,48,31
India,Maharashtra,Thane,"Upvan Fort, Thane - MPCB","12-11-2025 02:00:00",19.222279,72.957979,NH3,1,3,1
India,Maharashtra,Thane,"Upvan Fort, Thane - MPCB","12-11-2025 02:00:00",19.222279,72.957979,SO2,1,2,1
India,Odisha,Balasore,"Kalidaspur, Balasore - OSPCB","12-11-2025 02:00:00",21.51161,86.89088,NH3,1,3,2
India,Odisha,Balasore,"Kalidaspur, Balasore - OSPCB","12-11-2025 02:00:00",21.51161,86.89088,OZONE,8,78,24
India,Odisha,Barbil,"Forest Office, Barbil - OSPCB","12-11-2025 02:00:00",22.1166054,85.3945546,PM2.5,83,342,171
India,Odisha,Barbil,"Forest Office, Barbil - OSPCB","12-11-2025 02:00:00",22.1166054,85.3945546,NO2,17,60,27
India,Odisha,Barbil,"Forest Office, Barbil - OSPCB","12-11-2025 02:00:00",22.1166054,85.3945546,CO,28,62,42
India,Odisha,Baripada,"Meher Colony, Baripada - OSPCB","12-11-2025 02:00:00",21.941841,86.728318,PM2.5,70,231,122
India,Odisha,Bhubaneswar,"Patia, Bhubaneswar - OSPCB","12-11-2025 02:00:00",20.34652,85.81630,SO2,4,8,5
India,Maharashtra,Ulhasnagar,"Sidhi Vinayak Nagar, Ulhasnagar - MPCB","12-11-2025 02:00:00",19.235581,73.159121,NO2,10,34,21
India,Nagaland,Kohima,"PWD Junction, Kohima - NPCB","12-11-2025 02:00:00",25.6635413,94.0989878,PM10,20,135,76
India,Nagaland,Kohima,"PWD Junction, Kohima - NPCB","12-11-2025 02:00:00",25.6635413,94.0989878,NO2,3,4,3
India,Nagaland,Kohima,"PWD Junction, Kohima - NPCB","12-11-2025 02:00:00",25.6635413,94.0989878,SO2,70,74,72
India,Odisha,Angul,"Hakimapada, Angul - OSPCB","12-11-2025 02:00:00",20.832874,85.104082,CO,41,72,54
India,Maharashtra,Pune,"Panchawati_Pashan, Pune - IITM","12-11-2025 02:00:00",18.536457,73.805454,PM2.5,23,85,62
India,Maharashtra,Pune,"Savitribai Phule Pune University, Pune - MPCB","12-11-2025 02:00:00",18.547056,73.826908,PM2.5,64,305,144
India,Maharashtra,Pune,"Savitribai Phule Pune University, Pune - MPCB","12-11-2025 02:00:00",18.547056,73.826908,SO2,1,4,2
India,Maharashtra,Pune,"Transport Nagar-Nigdi, Pune - IITM","12-11-2025 02:00:00",18.664282,73.763966,NO2,28,98,51
India,Odisha,Bileipada,"Tata Township, Bileipada - OSPCB","12-11-2025 02:00:00",22.06156703,85.47409613,SO2,4,10,7
India,Odisha,Brajrajnagar,"GM Office, Brajrajnagar - OSPCB","12-11-2025 02:00:00",21.8004996,83.8396977,OZONE,26,32,27
India,Odisha,Cuttack,"CDA Area, Cuttack - OSPCB","12-11-2025 02:00:00","20.48891     ","85.84768     ",CO,31,106,73
India,Odisha,Rourkela,"Sector-2, Rourkela - OSPCB","12-11-2025 02:00:00",22.24500000,84.88111111,PM2.5,NA,NA,NA
India,Odisha,Rourkela,"Sector-2, Rourkela - OSPCB","12-11-2025 02:00:00",22.24500000,84.88111111,CO,26,44,36
India,Odisha,Talcher,"Talcher Coalfields,Talcher - OSPCB","12-11-2025 02:00:00",20.9360711,85.1707021,NO2,73,118,99
India,Odisha,Talcher,"Talcher Coalfields,Talcher - OSPCB","12-11-2025 02:00:00",20.9360711,85.1707021,SO2,42,78,61
India,Odisha,Bileipada,"Tata Township, Bileipada - OSPCB","12-11-2025 02:00:00",22.06156703,85.47409613,PM2.5,68,68,68
India,Rajasthan,Jhalawar,"Rajlaxmi Nagar, Jhalawar - RSPCB","12-11-2025 02:00:00",24.588397,76.172782,PM2.5,28,163,64
India,Rajasthan,Jhalawar,"Rajlaxmi Nagar, Jhalawar - RSPCB","12-11-2025 02:00:00",24.588397,76.172782,SO2,8,17,12
India,Rajasthan,Jhunjhunu,"Indra Nagar, Jhunjhunu - RSPCB","12-11-2025 02:00:00",28.108988,75.386577,PM10,85,445,225
India,Rajasthan,Jodhpur,"Collectorate, Jodhpur - RSPCB","12-11-2025 02:00:00",26.268249,73.0193853,SO2,6,16,14
India,Rajasthan,Jodhpur,"Digari Kalan, Jodhpur - RSPCB","12-11-2025 02:00:00",26.295810,73.082283,PM2.5,33,233,77
India,Rajasthan,Jodhpur,"Digari Kalan, Jodhpur - RSPCB","12-11-2025 02:00:00",26.295810,73.082283,PM10,91,487,154
India,Rajasthan,Jodhpur,"Digari Kalan, Jodhpur - RSPCB","12-11-2025 02:00:00",26.295810,73.082283,NO2,15,111,51
India,Rajasthan,Jodhpur,"Digari Kalan, Jodhpur - RSPCB","12-11-2025 02:00:00",26.295810,73.082283,NH3,7,15,10
India,Rajasthan,Jodhpur,"Digari Kalan, Jodhpur - RSPCB","12-11-2025 02:00:00",26.295810,73.082283,OZONE,1,191,14
India,Rajasthan,Jodhpur,"Jhalamand, Jodhpur - RSPCB","12-11-2025 02:00:00",26.215415,73.070156,PM2.5,35,250,84
India,Rajasthan,Bharatpur,"Krishna Nagar, Bharatpur - RSPCB","12-11-2025 02:00:00",27.215415,77.50873,OZONE,2,199,19
India,Rajasthan,Bhilwara,"Pratap Nagar, Bhilwara - RSPCB","12-11-2025 02:00:00",25.339605,74.618883,PM2.5,55,323,137
India,Rajasthan,Bhilwara,"Pratap Nagar, Bhilwara - RSPCB","12-11-2025 02:00:00",25.339605,74.618883,NO2,12,94,43
India,Rajasthan,Bhilwara,"Pratap Nagar, Bhilwara - RSPCB","12-11-2025 02:00:00",25.339605,74.618883,OZONE,1,50,6
India,Rajasthan,Bhiwadi,"RIICO Ind. Area III, Bhiwadi - RSPCB","12-11-2025 02:00:00",28.194909,76.862296,NO2,30,129,76
India,Rajasthan,Bikaner,"MM Ground, Bikaner - RSPCB","12-11-2025 02:00:00",28.018792,73.292658,PM10,77,274,137
India,Rajasthan,Bundi,"New Colony, Bundi - RSPCB","12-11-2025 02:00:00",25.435774,75.644272,PM10,95,238,133
India,Rajasthan,Alwar,"Moti Doongri, Alwar - RSPCB","12-11-2025 02:00:00",27.554793,76.611536,PM10,83,154,113
India,Rajasthan,Alwar,"Moti Doongri, Alwar - RSPCB","12-11-2025 02:00:00",27.554793,76.611536,NH3,9,16,14
India,Rajasthan,Alwar,"Moti Doongri, Alwar - RSPCB","12-11-2025 02:00:00",27.554793,76.611536,SO2,11,78,27
India,Rajasthan,Barmer,"Railway Colony, Barmer - RSPCB","12-11-2025 02:00:00",25.747299,71.393989,PM2.5,27,243,64
India,Rajasthan,Barmer,"Railway Colony, Barmer - RSPCB","12-11-2025 02:00:00",25.747299,71.393989,NH3,NA,NA,NA
India,Rajasthan,Barmer,"Railway Colony, Barmer - RSPCB","12-11-2025 02:00:00",25.747299,71.393989,CO,11,109,41
India,Rajasthan,Bharatpur,"Krishna Nagar, Bharatpur - RSPCB","12-11-2025 02:00:00",27.215415,77.50873,PM10,84,261,148
India,Rajasthan,Churu,"Subash Chowk, Churu - RSPCB","12-11-2025 02:00:00",28.296139,74.961696,PM10,102,500,242
India,Rajasthan,Churu,"Subash Chowk, Churu - RSPCB","12-11-2025 02:00:00",28.296139,74.961696,NH3,5,17,9
India,Rajasthan,Churu,"Subash Chowk, Churu - RSPCB","12-11-2025 02:00:00",28.296139,74.961696,OZONE,4,135,19
India,Rajasthan,Dausa,"Khatikan Mohalla, Dausa - RSPCB","12-11-2025 02:00:00",26.895552,76.334753,PM10,90,430,179
India,Rajasthan,Dholpur,"Raja Ganj, Dholpur - RSPCB","12-11-2025 02:00:00",26.699557,77.898881,CO,34,120,77
India,Rajasthan,Dungarpur,"Bhoiwada, Dungarpur - RSPCB","12-11-2025 02:00:00",23.837789,73.714926,PM10,82,142,114
India,Rajasthan,Hanumangarh,"Housing Board, Hanumangarh - RSPCB","12-11-2025 02:00:00",29.610750,74.283608,PM2.5,60,361,221
India,Rajasthan,Jaipur,"Mansarovar Sector-12, Jaipur - RSPCB","12-11-2025 02:00:00",26.843698,75.766894,OZONE,NA,NA,NA
India,Rajasthan,Jaipur,"Police Commissionerate, Jaipur - RSPCB","12-11-2025 02:00:00",26.9164092,75.7994901,PM2.5,77,311,201
India,Rajasthan,Jaipur,"Police Commissionerate, Jaipur - RSPCB","12-11-2025 02:00:00",26.9164092,75.7994901,NO2,12,167,122
India,Rajasthan,Jaipur,"Police Commissionerate, Jaipur - RSPCB","12-11-2025 02:00:00",26.9164092,75.7994901,OZONE,1,111,20
India,Rajasthan,Jodhpur,"Mandor, Jodhpur - RSPCB","12-11-2025 02:00:00",26.358805,73.047444,NO2,5,101,47
India,Rajasthan,Jodhpur,"Samrat Ashok Udhyan, Jodhpur - RSPCB","12-11-2025 02:00:00",26.253384,72.976571,SO2,1,14,7
India,Rajasthan,Kota,"Dhanmandi, Kota - RSPCB","12-11-2025 02:00:00",25.164090,75.858137,SO2,1,55,8
India,Rajasthan,Kota,"Dhanmandi, Kota - RSPCB","12-11-2025 02:00:00",25.164090,75.858137,CO,29,119,96
India,Rajasthan,Bundi,"New Colony, Bundi - RSPCB","12-11-2025 02:00:00",25.435774,75.644272,SO2,4,20,10
India,Rajasthan,Bundi,"New Colony, Bundi - RSPCB","12-11-2025 02:00:00",25.435774,75.644272,CO,20,90,50
India,Rajasthan,Chittorgarh,"Shastri Nagar, Chittorgarh - RSPCB","12-11-2025 02:00:00",24.892047,74.623527,PM2.5,12,250,97
India,Rajasthan,Chittorgarh,"Shastri Nagar, Chittorgarh - RSPCB","12-11-2025 02:00:00",24.892047,74.623527,NO2,16,100,48
India,Rajasthan,Jaisalmer,"Sadar Bazar, Jaisalmer - RSPCB","12-11-2025 02:00:00",26.912329,70.909168,CO,9,127,67
India,Rajasthan,Jalore,"Mudtra Sili, Jalore - RSPCB","12-11-2025 02:00:00",25.344694,72.626208,NO2,12,140,57
India,Rajasthan,Jalore,"Mudtra Sili, Jalore - RSPCB","12-11-2025 02:00:00",25.344694,72.626208,NH3,4,10,7
India,Rajasthan,Jalore,"Mudtra Sili, Jalore - RSPCB","12-11-2025 02:00:00",25.344694,72.626208,SO2,3,8,6
India,Rajasthan,Pali,"Indira Colony Vistar, Pali - RSPCB","12-11-2025 02:00:00",25.771061," 73.340227",NO2,31,76,44
India,Rajasthan,Pali,"Indira Colony Vistar, Pali - RSPCB","12-11-2025 02:00:00",25.771061," 73.340227",SO2,4,14,10
India,Rajasthan,Pali,"Indira Colony Vistar, Pali - RSPCB","12-11-2025 02:00:00",25.771061," 73.340227",CO,6,100,69
India,TamilNadu,Coimbatore,"PSG College of Arts and Science, Coimbatore - TNPCB","12-11-2025 02:00:00",11.0328,77.0349,PM2.5,29,96,61
India,TamilNadu,Coimbatore,"PSG College of Arts and Science, Coimbatore - TNPCB","12-11-2025 02:00:00",11.0328,77.0349,NH3,1,1,1
India,TamilNadu,Coimbatore,"SIDCO Kurichi, Coimbatore - TNPCB","12-11-2025 02:00:00",10.942451,76.978996,CO,26,48,41
India,TamilNadu,Cuddalore,"Kudikadu, Cuddalore - TNPCB","12-11-2025 02:00:00",11.6829898,79.7532099,PM10,NA,NA,NA
India,TamilNadu,Dindigul,"Mendonsa Colony, Dindigul - TNPCB","12-11-2025 02:00:00",10.358535,77.984321,PM2.5,105,357,175
India,TamilNadu,Dindigul,"Mendonsa Colony, Dindigul - TNPCB","12-11-2025 02:00:00",10.358535,77.984321,NH3,1,2,2
India,TamilNadu,Dindigul,"Mendonsa Colony, Dindigul - TNPCB","12-11-2025 02:00:00",10.358535,77.984321,SO2,20,24,22
India,TamilNadu,Dindigul,"Mendonsa Colony, Dindigul - TNPCB","12-11-2025 02:00:00",10.358535,77.984321,CO,21,26,23
India,TamilNadu,Gummidipoondi,"Anthoni Pillai Nagar, Gummidipoondi - TNPCB","12-11-2025 02:00:00",13.4127,80.1081,PM2.5,73,335,196
India,TamilNadu,Ramanathapuram,"Chalai Bazaar, Ramanathapuram - TNPCB","12-11-2025 02:00:00",9.36399,78.831977,NO2,10,10,10
India,TamilNadu,Ramanathapuram,"Chalai Bazaar, Ramanathapuram - TNPCB","12-11-2025 02:00:00",9.36399,78.831977,CO,4,22,20
India,TamilNadu,Ramanathapuram,"Chalai Bazaar, Ramanathapuram - TNPCB","12-11-2025 02:00:00",9.36399,78.831977,OZONE,4,5,5
India,TamilNadu,Salem,"Sona College of Technology, Salem - TNPCB","12-11-2025 02:00:00",11.679111,78.125052,PM2.5,95,163,124
India,TamilNadu,Salem,"Sona College of Technology, Salem - TNPCB","12-11-2025 02:00:00",11.679111,78.125052,CO,12,12,12
India,TamilNadu,Thanjavur,"Parisutham Nagar, Thanjavur - TNPCB","12-11-2025 02:00:00",10.7654824,79.1389968,NH3,1,1,1
India,TamilNadu,Tirunelveli,"Municipal Corporation Office, Tirunelveli - TNPCB","12-11-2025 02:00:00",8.728442,77.6962,NH3,1,2,1
India,TamilNadu,Gummidipoondi,"Anthoni Pillai Nagar, Gummidipoondi - TNPCB","12-11-2025 02:00:00",13.4127,80.1081,SO2,32,76,50
India,TamilNadu,Kanchipuram,"Kilambi, Kanchipuram - TNPCB","12-11-2025 02:00:00",12.864618,79.659968,PM10,NA,NA,NA
India,TamilNadu,Kanchipuram,"Kilambi, Kanchipuram - TNPCB","12-11-2025 02:00:00",12.864618,79.659968,CO,NA,NA,NA
India,TamilNadu,Karur,"Kamadenu Nagar, Karur - TNPCB","12-11-2025 02:00:00",10.967820,78.080882,NH3,3,4,3
India,TamilNadu,Nagapattinam,"Velippalayam, Nagapattinam - TNPCB","12-11-2025 02:00:00",10.798548,79.838212,CO,NA,NA,NA
India,TamilNadu,Namakkal,"Ponnusamy Nagar, Namakkal - TNPCB","12-11-2025 02:00:00",11.273992,78.163545,NO2,NA,NA,NA
India,TamilNadu,Tirupur,"Kumaran College, Tirupur - TNPCB","12-11-2025 02:00:00",11.0973603,77.3228673,OZONE,3,3,3
India,TamilNadu,Virudhunagar,"Collectorate Office, Virudhunagar - TNPCB","12-11-2025 02:00:00",9.559382,77.948828,PM10,104,139,128
India,Telangana,Hyderabad,"Bollaram Industrial Area, Hyderabad - TSPCB","12-11-2025 02:00:00",17.540891,78.358528,OZONE,50,62,54
India,Telangana,Hyderabad,"Central University, Hyderabad - TSPCB","12-11-2025 02:00:00",17.460103,78.334361,PM10,100,157,128
India,Telangana,Hyderabad,"Central University, Hyderabad - TSPCB","12-11-2025 02:00:00",17.460103,78.334361,SO2,4,14,8
India,Rajasthan,"Sawai Madhopur","Sahu Nagar, Sawai Madhopur - RSPCB","12-11-2025 02:00:00",26.031443,76.359327,NO2,16,42,24
India,Rajasthan,"Sawai Madhopur","Sahu Nagar, Sawai Madhopur - RSPCB","12-11-2025 02:00:00",26.031443,76.359327,CO,14,120,87
India,Rajasthan,Sikar,"Radhakishan Pura, Sikar - RSPCB","12-11-2025 02:00:00",27.608912,75.153302,PM2.5,60,368,196
India,Rajasthan,Sirohi,"Vedhaynath Colony, Sirohi - RSPCB","12-11-2025 02:00:00",24.885261,72.857549,PM10,67,163,107
India,Rajasthan,Sirohi,"Vedhaynath Colony, Sirohi - RSPCB","12-11-2025 02:00:00",24.885261,72.857549,CO,20,46,35
India,Rajasthan,Udaipur,"Ashok Nagar, Udaipur - RSPCB","12-11-2025 02:00:00",24.5886166,73.6321397,PM2.5,41,185,90
India,Rajasthan,Udaipur,"Ashok Nagar, Udaipur - RSPCB","12-11-2025 02:00:00",24.5886166,73.6321397,NO2,13,103,59
India,Sikkim,Gangtok,"Zero Point GICI, Gangtok - SSPCB","12-11-2025 02:00:00",27.338530,88.614099,SO2,1,1,1
India,TamilNadu,Ariyalur,"Keelapalur, Ariyalur - TNPCB","12-11-2025 02:00:00",11.06825,79.07033,PM2.5,47,89,71
India,TamilNadu,Chennai,"Manali Village, Chennai - TNPCB","12-11-2025 02:00:00",13.1662,80.2584,OZONE,27,51,37
India,TamilNadu,Chennai,"Perungudi, Chennai - TNPCB","12-11-2025 02:00:00",12.9533,80.2357,PM10,52,122,92
India,TamilNadu,Chennai,"Perungudi, Chennai - TNPCB","12-11-2025 02:00:00",12.9533,80.2357,NO2,2,12,5
India,TamilNadu,Chennai,"Perungudi, Chennai - TNPCB","12-11-2025 02:00:00",12.9533,80.2357,NH3,3,5,4
India,TamilNadu,Chennai,"Velachery Res. Area, Chennai - CPCB","12-11-2025 02:00:00",13.0052189,80.2398125,CO,36,45,42
India,TamilNadu,Ooty,"Bombay Castel, Ooty - TNPCB","12-11-2025 02:00:00",11.4068288,76.7138973,PM2.5,NA,NA,NA
India,TamilNadu,Ooty,"Bombay Castel, Ooty - TNPCB","12-11-2025 02:00:00",11.4068288,76.7138973,CO,6,10,9
India,TamilNadu,Palkalaiperur,"Bharathidasan University, Palkalaiperur - TNPCB","12-11-2025 02:00:00",10.681158,78.741746,OZONE,5,37,10
India,TamilNadu,Perundurai,"SIPCOT Industrial Park, Perundurai - TNPCB","12-11-2025 02:00:00",11.258242,77.552761,NO2,7,10,8
India,TamilNadu,Chengalpattu,"Crescent University, Chengalpattu - TNPCB","12-11-2025 02:00:00",12.8777316,80.0834807,CO,5,7,6
India,TamilNadu,Chennai,"Arumbakkam, Chennai - TNPCB","12-11-2025 02:00:00",13.0664,"80.2112 ",PM10,67,159,115
India,Uttar_Pradesh,Firozabad,"Nagla Bhau, Firozabad - UPPCB","12-11-2025 02:00:00",27.168897,78.376960,SO2,7,20,15
India,Uttar_Pradesh,Firozabad,"Nagla Bhau, Firozabad - UPPCB","12-11-2025 02:00:00",27.168897,78.376960,CO,7,18,18
India,Uttar_Pradesh,Firozabad,"Nagla Bhau, Firozabad - UPPCB","12-11-2025 02:00:00",27.168897,78.376960,OZONE,10,23,10
India,Uttar_Pradesh,Firozabad,"Vibhab Nagar, Firozabad - UPPCB","12-11-2025 02:00:00",27.1594,78.3953,PM10,NA,NA,NA
India,Uttar_Pradesh,Ghaziabad,"Indirapuram, Ghaziabad - UPPCB","12-11-2025 02:00:00",28.646233,77.358075,NO2,31,139,81
India,Uttar_Pradesh,Ghaziabad,"Indirapuram, Ghaziabad - UPPCB","12-11-2025 02:00:00",28.646233,77.358075,NH3,10,17,14
India,Uttar_Pradesh,Ghaziabad,"Loni, Ghaziabad - UPPCB","12-11-2025 02:00:00",28.757294,77.278792,OZONE,8,76,19
India,Uttar_Pradesh,Ghaziabad,"Sanjay Nagar, Ghaziabad - UPPCB","12-11-2025 02:00:00",28.685382,77.453839,PM2.5,157,492,365
India,Uttar_Pradesh,Ghaziabad,"Sanjay Nagar, Ghaziabad - UPPCB","12-11-2025 02:00:00",28.685382,77.453839,PM10,145,427,298
India,Uttar_Pradesh,Ghaziabad,"Sanjay Nagar, Ghaziabad - UPPCB","12-11-2025 02:00:00",28.685382,77.453839,CO,48,117,101
India,Uttar_Pradesh,Ghaziabad,"Vasundhara, Ghaziabad - UPPCB","12-11-2025 02:00:00",28.6603346,77.3572563,OZONE,4,141,19
India,Uttar_Pradesh,Gorakhpur,"Madan Mohan Malaviya University of Technology, Gorakhpur - UPPCB","12-11-2025 02:00:00",26.730136,83.433859,CO,6,8,7
India,Uttar_Pradesh,"Greater Noida","Knowledge Park - III, Greater Noida - UPPCB","12-11-2025 02:00:00",28.47272,77.482000,PM2.5,322,492,392
India,Uttar_Pradesh,"Greater Noida","Knowledge Park - V, Greater Noida - UPPCB","12-11-2025 02:00:00",28.557054,77.453663,PM10,211,429,332
India,Uttar_Pradesh,"Greater Noida","Knowledge Park - V, Greater Noida - UPPCB","12-11-2025 02:00:00",28.557054,77.453663,NH3,7,13,10
India,Telangana,Hyderabad,"Kokapet, Hyderabad - TSPCB","12-11-2025 02:00:00",17.393559,78.339194,NH3,2,3,2
India,Telangana,Hyderabad,"Kompally Municipal Office, Hyderabad - TSPCB","12-11-2025 02:00:00",17.544899,78.486949,NH3,3,5,4
India,Telangana,Hyderabad,"Kompally Municipal Office, Hyderabad - TSPCB","12-11-2025 02:00:00",17.544899,78.486949,CO,14,16,15
India,Telangana,Hyderabad,"Nacharam_TSIIC IALA, Hyderabad - TSPCB","12-11-2025 02:00:00",17.429398,78.569354,PM2.5,42,55,46
India,Telangana,Hyderabad,"New Malakpet, Hyderabad - TSPCB","12-11-2025 02:00:00",17.37206,78.50864,PM2.5,48,70,57
India,Telangana,Hyderabad,"New Malakpet, Hyderabad - TSPCB","12-11-2025 02:00:00",17.37206,78.50864,PM10,79,90,84
India,Telangana,Hyderabad,"ECIL Kapra, Hyderabad - TSPCB","12-11-2025 02:00:00",17.470431,78.566959,PM10,54,72,61
India,Telangana,Hyderabad,"ECIL Kapra, Hyderabad - TSPCB","12-11-2025 02:00:00",17.470431,78.566959,NH3,7,7,7
India,Telangana,Hyderabad,"ICRISAT Patancheru, Hyderabad - TSPCB","12-11-2025 02:00:00",17.518400,78.278777,OZONE,1,89,39
India,Telangana,Hyderabad,"IDA Pashamylaram, Hyderabad - TSPCB","12-11-2025 02:00:00",17.5316895,78.218939,PM10,NA,NA,NA
India,Telangana,Hyderabad,"IITH Kandi, Hyderabad - TSPCB","12-11-2025 02:00:00",17.585705,78.126199,PM10,NA,NA,NA
India,Telangana,Hyderabad,"IITH Kandi, Hyderabad - TSPCB","12-11-2025 02:00:00",17.585705,78.126199,NH3,NA,NA,NA
India,Telangana,Hyderabad,"IITH Kandi, Hyderabad - TSPCB","12-11-2025 02:00:00",17.585705,78.126199,SO2,NA,NA,NA
India,Uttar_Pradesh,Khurja,"Kalindi Kunj, Khurja - UPPCB","12-11-2025 02:00:00",28.2348927,77.8683002,NO2,3,4,3
India,Uttar_Pradesh,Lucknow,"B R Ambedkar University, Lucknow - UPPCB","12-11-2025 02:00:00",26.766433,80.927299,PM2.5,37,210,111
India,Uttar_Pradesh,Lucknow,"B R Ambedkar University, Lucknow - UPPCB","12-11-2025 02:00:00",26.766433,80.927299,CO,52,56,55
India,Uttar_Pradesh,Lucknow,"Gomti Nagar, Lucknow - UPPCB","12-11-2025 02:00:00",26.868120,81.005119,PM2.5,59,282,157
India,Uttar_Pradesh,Lucknow,"Kendriya Vidyalaya, Lucknow - CPCB","12-11-2025 02:00:00",26.906111,80.948222,NH3,12,17,15
India,Uttar_Pradesh,Agra,"Rohta, Agra - UPPCB","12-11-2025 02:00:00",27.106972,78.000111,NO2,15,15,15
India,Uttar_Pradesh,Agra,"Sanjay Palace, Agra - UPPCB","12-11-2025 02:00:00",27.19865833,78.00598056,NO2,6,31,17
India,Uttar_Pradesh,Agra,"Sector-3B Avas Vikas Colony, Agra - UPPCB","12-11-2025 02:00:00",27.19412,77.96237,NO2,38,39,38
India,Uttar_Pradesh,Agra,"Shastripuram, Agra - UPPCB","12-11-2025 02:00:00",27.19862,77.92066,NO2,33,39,37
India,Uttar_Pradesh,Agra,"Shastripuram, Agra - UPPCB","12-11-2025 02:00:00",27.19862,77.92066,NH3,3,3,3
India,Uttar_Pradesh,Agra,"Shastripuram, Agra - UPPCB","12-11-2025 02:00:00",27.19862,77.92066,SO2,5,39,20
India,Uttar_Pradesh,Hapur,"Anand Vihar, Hapur - UPPCB","12-11-2025 02:00:00",28.725645,77.749675,CO,43,114,100
India,Uttar_Pradesh,Jhansi,"Shivaji Nagar, Jhansi - UPPCB","12-11-2025 02:00:00",25.4547,78.6039,PM2.5,18,121,60
India,Uttar_Pradesh,Kanpur,"Nehru Nagar, Kanpur - UPPCB","12-11-2025 02:00:00",26.4703136,80.3229863,NO2,20,50,32
India,Uttar_Pradesh,Khurja,"Kalindi Kunj, Khurja - UPPCB","12-11-2025 02:00:00",28.2348927,77.8683002,PM2.5,258,431,355
India,Uttar_Pradesh,Bareilly,"Civil Lines, Bareilly - UPPCB","12-11-2025 02:00:00",28.359581,79.414455,CO,44,103,78
India,Uttar_Pradesh,Bareilly,"Rajendra Nagar, Bareilly - UPPCB","12-11-2025 02:00:00",28.38910936,79.42963708,PM2.5,25,74,52
India,Uttar_Pradesh,Bareilly,"Rajendra Nagar, Bareilly - UPPCB","12-11-2025 02:00:00",28.38910936,79.42963708,OZONE,NA,NA,NA
India,Uttar_Pradesh,Bulandshahr,"Yamunapuram, Bulandshahr - UPPCB","12-11-2025 02:00:00",28.406963,77.849831,PM2.5,171,432,336
India,Telangana,Hyderabad,"Sanathnagar, Hyderabad - TSPCB","12-11-2025 02:00:00",17.4559458,78.4332152,SO2,4,21,8
India,Telangana,Hyderabad,"Somajiguda, Hyderabad - TSPCB","12-11-2025 02:00:00",17.417094,78.457437,PM10,40,75,50
India,Uttar_Pradesh,Agra,"Manoharpur, Agra - UPPCB","12-11-2025 02:00:00",27.23711,78.01936,PM2.5,91,324,220
India,Uttar_Pradesh,Vrindavan,"Omex Eternity, Vrindavan - UPPCB","12-11-2025 02:00:00",27.5714090,77.6557570,PM2.5,82,272,175
India,Uttar_Pradesh,Vrindavan,"Omex Eternity, Vrindavan - UPPCB","12-11-2025 02:00:00",27.5714090,77.6557570,PM10,96,285,182
India,Uttarakhand,Dehradun,"Doon University, Dehradun - UKPCB","12-11-2025 02:00:00",30.269444,78.044167,PM2.5,4,92,50
India,Uttarakhand,Dehradun,"Doon University, Dehradun - UKPCB","12-11-2025 02:00:00",30.269444,78.044167,SO2,2,2,2
India,Uttarakhand,Dehradun,"Doon University, Dehradun - UKPCB","12-11-2025 02:00:00",30.269444,78.044167,CO,1,31,14
India,Uttarakhand,Dehradun,"Doon University, Dehradun - UKPCB","12-11-2025 02:00:00",30.269444,78.044167,OZONE,25,59,37
India,Uttarakhand,Kashipur,"Govt. Girls Inter College, Kashipur - UKPCB","12-11-2025 02:00:00",29.2124114,78.9611753,OZONE,1,25,1
India,West_Bengal,Asansol,"Asansol Court Area, Asansol - WBPCB","12-11-2025 02:00:00",23.685297,86.945968,PM10,129,148,137
India,West_Bengal,Durgapur,"PCBL Residential Complex, Durgapur - WBPCB","12-11-2025 02:00:00",23.5087640,87.3544400,PM10,93,140,112
India,West_Bengal,Durgapur,"Womens College_City Center, Durgapur - WBPCB (Formerly known as Sidhu Kanhu Indoor Stadium)","12-11-2025 02:00:00",23.549395,87.300496,PM10,111,177,136
India,West_Bengal,Durgapur,"Womens College_City Center, Durgapur - WBPCB (Formerly known as Sidhu Kanhu Indoor Stadium)","12-11-2025 02:00:00",23.549395,87.300496,SO2,18,40,27
India,West_Bengal,Durgapur,"Womens College_City Center, Durgapur - WBPCB (Formerly known as Sidhu Kanhu Indoor Stadium)","12-11-2025 02:00:00",23.549395,87.300496,CO,34,66,53
India,West_Bengal,Haldia,"Priyambada Housing Estate, Haldia - WBPCB","12-11-2025 02:00:00",22.06047,88.109737,NH3,6,9,8
India,West_Bengal,Howrah,"Belur Math, Howrah - WBPCB","12-11-2025 02:00:00",22.629801,88.352017,NO2,2,53,25
India,West_Bengal,Howrah,"Belur Math, Howrah - WBPCB","12-11-2025 02:00:00",22.629801,88.352017,OZONE,7,41,15
India,Uttar_Pradesh,Moradabad,"Jigar Colony, Moradabad - UPPCB","12-11-2025 02:00:00",28.856664,78.772638,PM10,64,187,124
India,Uttar_Pradesh,Moradabad,"Jigar Colony, Moradabad - UPPCB","12-11-2025 02:00:00",28.856664,78.772638,NH3,6,6,6
India,Uttar_Pradesh,Moradabad,"Jigar Colony, Moradabad - UPPCB","12-11-2025 02:00:00",28.856664,78.772638,SO2,16,37,29
India,Uttar_Pradesh,Moradabad,"Kashiram Nagar, Moradabad - UPPCB","12-11-2025 02:00:00",28.849399,78.742362,NO2,25,25,25
India,Uttar_Pradesh,Moradabad,"Kashiram Nagar, Moradabad - UPPCB","12-11-2025 02:00:00",28.849399,78.742362,SO2,3,50,24
India,Uttar_Pradesh,Moradabad,"Transport Nagar, Moradabad - UPPCB","12-11-2025 02:00:00",28.802625,78.753728,SO2,32,36,34
India,Uttar_Pradesh,Muzaffarnagar,"New Mandi, Muzaffarnagar - UPPCB","12-11-2025 02:00:00",29.4723508,77.7194031,SO2,12,38,21
India,Uttar_Pradesh,Noida,"Sector - 125, Noida - UPPCB","12-11-2025 02:00:00",28.5447608,77.3231257,PM2.5,309,498,410
India,Uttar_Pradesh,Noida,"Sector - 62, Noida - IMD","12-11-2025 02:00:00",28.6245479,77.3577104,NO2,29,157,63
India,Uttar_Pradesh,Noida,"Sector-1, Noida - UPPCB","12-11-2025 02:00:00",28.5898,77.3101,PM2.5,278,496,399
India,Uttar_Pradesh,Noida,"Sector-1, Noida - UPPCB","12-11-2025 02:00:00",28.5898,77.3101,PM10,181,443,361
India,Uttar_Pradesh,Noida,"Sector-1, Noida - UPPCB","12-11-2025 02:00:00",28.5898,77.3101,SO2,23,38,28
India,Uttar_Pradesh,Noida,"Sector-116, Noida - UPPCB","12-11-2025 02:00:00",28.569230,77.393848,CO,2,118,96
India,Uttar_Pradesh,Prayagraj,"Jhunsi, Prayagraj - UPPCB","12-11-2025 02:00:00",25.425602,81.917152,PM2.5,41,192,102
India,Uttar_Pradesh,Prayagraj,"Motilal Nehru NIT, Prayagraj - UPPCB","12-11-2025 02:00:00",25.494,81.863,NO2,12,12,12
India,Uttar_Pradesh,Prayagraj,"Motilal Nehru NIT, Prayagraj - UPPCB","12-11-2025 02:00:00",25.494,81.863,CO,24,64,54
India,Uttar_Pradesh,Prayagraj,"Nagar Nigam, Prayagraj - UPPCB","12-11-2025 02:00:00","25.44919916 ","81.82735986 ",PM2.5,94,394,265
India,Uttar_Pradesh,Prayagraj,"Nagar Nigam, Prayagraj - UPPCB","12-11-2025 02:00:00","25.44919916 ","81.82735986 ",SO2,49,101,81
India,Uttar_Pradesh,Prayagraj,"Nagar Nigam, Prayagraj - UPPCB","12-11-2025 02:00:00","25.44919916 ","81.82735986 ",OZONE,11,12,11
India,Uttar_Pradesh,Varanasi,"Bhelupur, Varanasi - UPPCB","12-11-2025 02:00:00",25.301778,82.996789,PM2.5,71,303,128
India,Uttar_Pradesh,Varanasi,"Bhelupur, Varanasi - UPPCB","12-11-2025 02:00:00",25.301778,82.996789,CO,20,56,44
India,Uttar_Pradesh,Varanasi,"IESD Banaras Hindu University, Varanasi - UPPCB","12-11-2025 02:00:00",25.262326,82.995408,PM10,97,162,122
India,Uttar_Pradesh,Meerut,"Jai Bhim Nagar, Meerut - UPPCB","12-11-2025 02:00:00",28.9535882,77.7622941,CO,26,110,92
India,Uttar_Pradesh,Meerut,"Pallavpuram Phase 2, Meerut - UPPCB","12-11-2025 02:00:00",29.063510,77.709723,NH3,10,16,13
India,Uttar_Pradesh,Meerut,"Pallavpuram Phase 2, Meerut - UPPCB","12-11-2025 02:00:00",29.063510,77.709723,OZONE,20,177,43
India,Uttar_Pradesh,Moradabad,"Buddhi Vihar, Moradabad - UPPCB","12-11-2025 02:00:00",28.83526,78.74460,NH3,4,5,5
India,Uttar_Pradesh,Moradabad,"Buddhi Vihar, Moradabad - UPPCB","12-11-2025 02:00:00",28.83526,78.74460,CO,38,52,45
India,Uttar_Pradesh,Moradabad,"Employment Office, Moradabad - UPPCB","12-11-2025 02:00:00",28.88528,78.73880,PM2.5,NA,NA,NA
India,Uttar_Pradesh,Moradabad,"Employment Office, Moradabad - UPPCB","12-11-2025 02:00:00",28.88528,78.73880,CO,2,70,6
India,Uttar_Pradesh,Lucknow,"Kukrail Picnic Spot-1, Lucknow - UPPCB","12-11-2025 02:00:00",26.90723,80.98579,PM2.5,44,172,101
India,Uttar_Pradesh,Lucknow,"Lalbagh, Lucknow - CPCB","12-11-2025 02:00:00",26.8458805,80.9365541,SO2,2,16,8
India,Uttar_Pradesh,Meerut,"Ganga Nagar, Meerut - UPPCB","12-11-2025 02:00:00",28.999264,77.7590354,PM2.5,69,344,252
India,Uttar_Pradesh,Meerut,"Ganga Nagar, Meerut - UPPCB","12-11-2025 02:00:00",28.999264,77.7590354,NO2,36,116,73
India,Uttar_Pradesh,Meerut,"Ganga Nagar, Meerut - UPPCB","12-11-2025 02:00:00",28.999264,77.7590354,NH3,3,11,7
India,Uttar_Pradesh,Meerut,"Ganga Nagar, Meerut - UPPCB","12-11-2025 02:00:00",28.999264,77.7590354,CO,17,102,88
India,West_Bengal,Asansol,"Mahabir Colliery, Asansol - WBPCB","12-11-2025 02:00:00",23.6181830,87.1057180,PM2.5,83,337,202
India,West_Bengal,Asansol,"Mahabir Colliery, Asansol - WBPCB","12-11-2025 02:00:00",23.6181830,87.1057180,NH3,4,33,13
India,West_Bengal,Asansol,"Mahabir Colliery, Asansol - WBPCB","12-11-2025 02:00:00",23.6181830,87.1057180,OZONE,16,91,24
India,West_Bengal,Barrackpore,"SVSPA Campus, Barrackpore - WBPCB","12-11-2025 02:00:00",22.7605581,88.3617589,NH3,6,11,9
India,West_Bengal,Barrackpore,"SVSPA Campus, Barrackpore - WBPCB","12-11-2025 02:00:00",22.7605581,88.3617589,CO,34,75,66
India,West_Bengal,Howrah,"Botanical Garden, Howrah - WBPCB","12-11-2025 02:00:00",22.554954,88.292568,SO2,7,10,8
India,West_Bengal,Howrah,"Ghusuri, Howrah - WBPCB","12-11-2025 02:00:00",22.611968,88.347422,NH3,7,15,11
India,West_Bengal,Kolkata,"Ballygunge, Kolkata - WBPCB","12-11-2025 02:00:00",22.5367507,88.3638022,NH3,7,13,9
India,West_Bengal,Kolkata,"Ballygunge, Kolkata - WBPCB","12-11-2025 02:00:00",22.5367507,88.3638022,CO,2,61,39
India,West_Bengal,Kolkata,"Bidhannagar, Kolkata - WBPCB","12-11-2025 02:00:00",22.58157048,88.41002457,SO2,7,43,13
India,West_Bengal,Kolkata,"Bidhannagar, Kolkata - WBPCB","12-11-2025 02:00:00",22.58157048,88.41002457,CO,30,77,71
India,West_Bengal,Kolkata,"Rabindra Bharati University, Kolkata - WBPCB","12-11-2025 02:00:00",22.627847,88.380669,NH3,12,13,12
India,West_Bengal,Kolkata,"Rabindra Bharati University, Kolkata - WBPCB","12-11-2025 02:00:00",22.627847,88.380669,CO,28,52,46
India,West_Bengal,Kolkata,"Rabindra Sarobar, Kolkata - WBPCB","12-11-2025 02:00:00",22.51106,88.35142,OZONE,6,140,20
India,West_Bengal,Siliguri,"Ward-32 Bapupara, Siliguri - WBPCB","12-11-2025 02:00:00",26.6879226,88.4152495,PM2.5,35,156,90
India,Andhra_Pradesh,Visakhapatnam,"GVM Corporation, Visakhapatnam - APPCB","12-11-2025 02:00:00",17.72,83.3,CO,3,48,20
India,Arunachal_Pradesh,Naharlagun,"Naharlagun, Naharlagun - APSPCB","12-11-2025 02:00:00",27.103358,93.679645,PM2.5,26,99,60
India,Assam,Byrnihat,"Central Academy for SFS, Byrnihat - PCBA","12-11-2025 02:00:00",26.071318,91.87488,PM10,75,195,104
India,Assam,Byrnihat,"Central Academy for SFS, Byrnihat - PCBA","12-11-2025 02:00:00",26.071318,91.87488,NO2,4,9,7
India,Assam,Byrnihat,"Central Academy for SFS, Byrnihat - PCBA","12-11-2025 02:00:00",26.071318,91.87488,SO2,5,18,8
India,Assam,Byrnihat,"Central Academy for SFS, Byrnihat - PCBA","12-11-2025 02:00:00",26.071318,91.87488,OZONE,16,53,20
India,Assam,Guwahati,"IITG, Guwahati - PCBA","12-11-2025 02:00:00",26.2028636,91.70046436,NO2,1,8,4
India,Assam,Guwahati,"IITG, Guwahati - PCBA","12-11-2025 02:00:00",26.2028636,91.70046436,NH3,5,5,5
India,Assam,Guwahati,"IITG, Guwahati - PCBA","12-11-2025 02:00:00",26.2028636,91.70046436,OZONE,1,72,3
India,Bihar,Munger,"Town Hall, Munger - BSPCB","12-11-2025 02:00:00",25.376776,86.471523,CO,16,34,28
India,Bihar,Muzaffarpur,"Buddha Colony, Muzaffarpur - BSPCB","12-11-2025 02:00:00",26.11442,85.39813,PM10,66,139,99
India,Bihar,Muzaffarpur,"Buddha Colony, Muzaffarpur - BSPCB","12-11-2025 02:00:00",26.11442,85.39813,NO2,14,57,36
India,Bihar,Muzaffarpur,"Buddha Colony, Muzaffarpur - BSPCB","12-11-2025 02:00:00",26.11442,85.39813,CO,33,102,73
India,Bihar,Muzaffarpur,"MIT-Daudpur Kothi, Muzaffarpur - BSPCB","12-11-2025 02:00:00",26.1403345,85.3650192,PM10,64,89,75
India,Bihar,Muzaffarpur,"MIT-Daudpur Kothi, Muzaffarpur - BSPCB","12-11-2025 02:00:00",26.1403345,85.3650192,NH3,1,1,1
India,Bihar,Muzaffarpur,"Muzaffarpur Collectorate, Muzaffarpur - BSPCB","12-11-2025 02:00:00",26.1209,85.3647,SO2,4,9,5
India,Bihar,Patna,"DRM Office Danapur, Patna - BSPCB","12-11-2025 02:00:00",25.586562,85.043586,PM2.5,96,306,206
India,Bihar,Patna,"DRM Office Danapur, Patna - BSPCB","12-11-2025 02:00:00",25.586562,85.043586,NH3,6,19,8
India,Andhra_Pradesh,Rajamahendravaram,"Anand Kala Kshetram, Rajamahendravaram - APPCB","12-11-2025 02:00:00",16.9872867,81.7363176,NO2,9,34,20
India,Andhra_Pradesh,Rajamahendravaram,"Anand Kala Kshetram, Rajamahendravaram - APPCB","12-11-2025 02:00:00",16.9872867,81.7363176,OZONE,10,61,16
India,Andhra_Pradesh,Tirumala,"Toll Gate, Tirumala - APPCB","12-11-2025 02:00:00",13.67,79.35,CO,26,64,35
India,Andhra_Pradesh,Tirupati,"Vaikuntapuram, Tirupati - APPCB","12-11-2025 02:00:00",13.615387,79.409230,PM10,NA,NA,NA
India,Andhra_Pradesh,Vijayawada,"HB Colony, Vijayawada - APPCB","12-11-2025 02:00:00",16.536107,80.594233,PM2.5,57,91,71
India,Andhra_Pradesh,Vijayawada,"HB Colony, Vijayawada - APPCB","12-11-2025 02:00:00",16.536107,80.594233,NH3,3,4,3
India,Andhra_Pradesh,Vijayawada,"Rajiv Gandhi Park, Vijayawada - APPCB","12-11-2025 02:00:00",16.509717,80.612222,NH3,1,4,3
India,Andhra_Pradesh,Vijayawada,"Rajiv Gandhi Park, Vijayawada - APPCB","12-11-2025 02:00:00",16.509717,80.612222,SO2,9,17,13
India,Bihar,Gaya,"SFTI Kusdihra, Gaya - BSPCB","12-11-2025 02:00:00",24.762518,84.982348,NH3,2,2,2
India,Bihar,Gaya,"SFTI Kusdihra, Gaya - BSPCB","12-11-2025 02:00:00",24.762518,84.982348,SO2,5,11,8
India,Bihar,Hajipur,"Industrial Area, Hajipur - BSPCB","12-11-2025 02:00:00",25.697189,85.245900,SO2,3,5,4
India,Bihar,Hajipur,"Industrial Area, Hajipur - BSPCB","12-11-2025 02:00:00",25.697189,85.245900,CO,20,93,63
India,Bihar,Katihar,"Mirchaibari, Katihar - BSPCB","12-11-2025 02:00:00",25.560083,87.553265,SO2,18,24,21
India,Bihar,Kishanganj,"SDM Office_Khagra, Kishanganj - BSPCB","12-11-2025 02:00:00",26.0881305,87.93840336,PM10,NA,NA,NA
India,Bihar,Kishanganj,"SDM Office_Khagra, Kishanganj - BSPCB","12-11-2025 02:00:00",26.0881305,87.93840336,NH3,3,3,3
India,Bihar,Manguraha,"Forest Rest House, Manguraha - BSPCB","12-11-2025 02:00:00",27.308328,84.531742,PM10,57,214,98
India,Bihar,Aurangabad,"Gurdeo Nagar, Aurangabad - BSPCB","12-11-2025 02:00:00",24.75746,84.366208,NO2,7,8,8
India,Bihar,Aurangabad,"Gurdeo Nagar, Aurangabad - BSPCB","12-11-2025 02:00:00",24.75746,84.366208,SO2,11,21,13
India,Bihar,Begusarai,"Lohiyanagar, Begusarai - BSPCB","12-11-2025 02:00:00",25.42742023,86.13886079,PM10,56,122,90
India,Bihar,Bettiah,"Kamalnath Nagar, Bettiah - BSPCB","12-11-2025 02:00:00",26.80365,84.51954,SO2,2,13,7
India,Bihar,Bhagalpur,"DM Office_Kachari Chowk, Bhagalpur - BSPCB","12-11-2025 02:00:00",25.251013,86.989001,NO2,7,9,8
India,Bihar,Bhagalpur,"DM Office_Kachari Chowk, Bhagalpur - BSPCB","12-11-2025 02:00:00",25.251013,86.989001,CO,6,17,15
India,Bihar,Bhagalpur,"DM Office_Kachari Chowk, Bhagalpur - BSPCB","12-11-2025 02:00:00",25.251013,86.989001,OZONE,11,30,17
India,Bihar,Bhagalpur,"Mayaganj, Bhagalpur - BSPCB","12-11-2025 02:00:00",25.265194,87.012947,NH3,5,9,7
India,Bihar,Patna,"Govt. High School Shikarpur, Patna - BSPCB","12-11-2025 02:00:00",25.592539,85.227158,PM10,100,119,110
India,Bihar,Patna,"Govt. High School Shikarpur, Patna - BSPCB","12-11-2025 02:00:00",25.592539,85.227158,OZONE,7,13,10
India,Bihar,Patna,"IGSC Planetarium Complex, Patna - BSPCB","12-11-2025 02:00:00",25.610369,85.132568,PM2.5,83,288,172
India,Bihar,Patna,"IGSC Planetarium Complex, Patna - BSPCB","12-11-2025 02:00:00",25.610369,85.132568,SO2,1,36,26
India,Bihar,Patna,"Muradpur, Patna - BSPCB","12-11-2025 02:00:00",25.619651,85.147382,NO2,3,3,3
India,Bihar,Patna,"Muradpur, Patna - BSPCB","12-11-2025 02:00:00",25.619651,85.147382,NH3,4,5,4
India,Bihar,Patna,"Muradpur, Patna - BSPCB","12-11-2025 02:00:00",25.619651,85.147382,CO,22,78,57
India,Bihar,Patna,"Muradpur, Patna - BSPCB","12-11-2025 02:00:00",25.619651,85.147382,OZONE,4,41,12
India,Bihar,Patna,"Rajbansi Nagar, Patna - BSPCB","12-11-2025 02:00:00",25.599486,85.113666,PM10,113,173,139
India,Assam,Guwahati,"LGBI Airport, Guwahati - PCBA","12-11-2025 02:00:00",26.10887,91.589544,CO,16,100,33
India,Assam,Guwahati,"Pan Bazaar, Guwahati - PCBA","12-11-2025 02:00:00",26.187500,91.744194,PM2.5,45,94,65
India,Assam,Guwahati,"Pan Bazaar, Guwahati - PCBA","12-11-2025 02:00:00",26.187500,91.744194,OZONE,16,18,18
India,Assam,Guwahati,"Railway Colony, Guwahati - PCBA","12-11-2025 02:00:00",26.181742,91.78063,PM10,50,154,88
India,Assam,Nalbari,"Bata Chowk, Nalbari - PCBA","12-11-2025 02:00:00",26.446912,91.439057,NH3,5,8,6
India,Assam,Silchar,"Tarapur, Silchar - PCBA","12-11-2025 02:00:00",24.82827,92.79525,PM10,53,69,57
India,Assam,Silchar,"Tarapur, Silchar - PCBA","12-11-2025 02:00:00",24.82827,92.79525,NO2,17,25,20
India,Assam,Silchar,"Tarapur, Silchar - PCBA","12-11-2025 02:00:00",24.82827,92.79525,SO2,4,7,5
India,Assam,Sivasagar,"Girls College, Sivasagar - PCBA","12-11-2025 02:00:00",26.987634,94.636574,PM2.5,37,93,60
India,Assam,Sivasagar,"Girls College, Sivasagar - PCBA","12-11-2025 02:00:00",26.987634,94.636574,NO2,22,37,27
India,Bihar,Araria,"Kharahiya Basti, Araria - BSPCB","12-11-2025 02:00:00",26.146529,87.454184,SO2,14,22,19
India,Bihar,Arrah,"New DM Office, Arrah - BSPCB","12-11-2025 02:00:00",25.5626095,84.663264,PM10,27,47,38
India,Bihar,Arrah,"New DM Office, Arrah - BSPCB","12-11-2025 02:00:00",25.5626095,84.663264,CO,42,67,51
India,Bihar,Arrah,"New DM Office, Arrah - BSPCB","12-11-2025 02:00:00",25.5626095,84.663264,OZONE,2,15,8
India,Andhra_Pradesh,Amaravati,"Secretariat, Amaravati - APPCB","12-11-2025 02:00:00",16.5150833,80.5181667,PM2.5,78,156,99
India,Andhra_Pradesh,Amaravati,"Secretariat, Amaravati - APPCB","12-11-2025 02:00:00",16.5150833,80.5181667,PM10,110,186,132
India,Andhra_Pradesh,Anantapur,"Gulzarpet, Anantapur - APPCB","12-11-2025 02:00:00",14.675886,77.593027,NH3,4,5,5
India,Andhra_Pradesh,Chittoor,"Gangineni Cheruvu, Chittoor - APPCB","12-11-2025 02:00:00",13.204880,79.097889,PM2.5,75,329,166
India,Andhra_Pradesh,Chittoor,"Gangineni Cheruvu, Chittoor - APPCB","12-11-2025 02:00:00",13.204880,79.097889,PM10,72,210,120
India,Bihar,Buxar,"Charitra Van, Buxar - BSPCB","12-11-2025 02:00:00",25.567520,83.966379,NO2,9,10,9
India,Bihar,Buxar,"Charitra Van, Buxar - BSPCB","12-11-2025 02:00:00",25.567520,83.966379,CO,22,28,26
India,Bihar,Patna,"Rajbansi Nagar, Patna - BSPCB","12-11-2025 02:00:00",25.599486,85.113666,OZONE,39,74,54
India,Bihar,Patna,"Samanpura, Patna - BSPCB","12-11-2025 02:00:00",25.596727,85.085624,PM2.5,68,387,274
India,Bihar,Patna,"Samanpura, Patna - BSPCB","12-11-2025 02:00:00",25.596727,85.085624,PM10,174,476,297
India,Bihar,Patna,"Samanpura, Patna - BSPCB","12-11-2025 02:00:00",25.596727,85.085624,NO2,38,52,44
India,Bihar,Patna,"Samanpura, Patna - BSPCB","12-11-2025 02:00:00",25.596727,85.085624,CO,31,110,84
India,Bihar,Rajgir,"Dangi Tola, Rajgir - BSPCB","12-11-2025 02:00:00",25.03280,85.41948,NO2,8,10,9
India,Bihar,Rajgir,"Dangi Tola, Rajgir - BSPCB","12-11-2025 02:00:00",25.03280,85.41948,NH3,4,7,6
India,Bihar,Rajgir,"Dangi Tola, Rajgir - BSPCB","12-11-2025 02:00:00",25.03280,85.41948,CO,61,100,88
India,Bihar,Saharsa,"Police Line, Saharsa - BSPCB","12-11-2025 02:00:00",25.892357,86.590325,NH3,4,4,4
India,Bihar,Samastipur,"DM Office_Kasipur, Samastipur - BSPCB","12-11-2025 02:00:00",25.859655,85.77944,NH3,2,2,2
India,Chhattisgarh,Korba,"Rampur, Korba - CECB","12-11-2025 02:00:00",22.368195,82.746431,NO2,11,27,16
India,Chhattisgarh,Korba,"Rampur, Korba - CECB","12-11-2025 02:00:00",22.368195,82.746431,OZONE,2,18,3
India,Chhattisgarh,Korba,"Urja Nagar, Korba - CECB","12-11-2025 02:00:00",22.348441,82.549611,CO,20,38,29
India,Chhattisgarh,Kunjemura,"OP Jindal School, Kunjemura - CECB","12-11-2025 02:00:00",22.126650,83.483212,NO2,3,22,6
India,Chhattisgarh,Kunjemura,"OP Jindal School, Kunjemura - CECB","12-11-2025 02:00:00",22.126650,83.483212,CO,2,30,21
India,Chhattisgarh,Milupara,"Govt. Higher Secondary School, Milupara - CECB","12-11-2025 02:00:00",22.1910172,83.5197009,OZONE,15,141,29
India,Chhattisgarh,Raipur,"AIIMS, Raipur - CECB","12-11-2025 02:00:00",21.258815,81.578979,PM10,41,175,106
India,Chhattisgarh,Raipur,"AIIMS, Raipur - CECB","12-11-2025 02:00:00",21.258815,81.578979,NO2,40,52,46
India,Chhattisgarh,Raipur,"AIIMS, Raipur - CECB","12-11-2025 02:00:00",21.258815,81.578979,CO,34,74,56
India,Chhattisgarh,Raipur,"Bhatagaon New ISBT, Raipur - CECB","12-11-2025 02:00:00",21.219665,81.630094,PM10,40,151,101
India,Chhattisgarh,Raipur,"Bhatagaon New ISBT, Raipur - CECB","12-11-2025 02:00:00",21.219665,81.630094,SO2,6,8,7
India,Chhattisgarh,Raipur,"Krishak Nagar, Raipur - CECB","12-11-2025 02:00:00",21.237755,81.705301,PM2.5,55,97,76
India,Chhattisgarh,Raipur,"Krishak Nagar, Raipur - CECB","12-11-2025 02:00:00",21.237755,81.705301,SO2,6,10,8
India,Chhattisgarh,Raipur,"Krishak Nagar, Raipur - CECB","12-11-2025 02:00:00",21.237755,81.705301,OZONE,2,5,2
India,Chhattisgarh,Raipur,"Siltara Phase-II, Raipur - CECB","12-11-2025 02:00:00",21.371751,81.664929,CO,34,36,36
India,Chhattisgarh,Tumidih,"OP Jindal Industrial Park, Tumidih - CECB","12-11-2025 02:00:00",22.06631475,83.33820077,SO2,5,11,6
India,Delhi,Delhi,"Alipur, Delhi - DPCC","12-11-2025 02:00:00",28.815329,77.153010,PM2.5,302,500,431
India,Delhi,Delhi,"CRRI Mathura Road, Delhi - IMD","12-11-2025 02:00:00",28.5512005,77.2735737,NO2,40,141,83
India,Delhi,Delhi,"DTU, Delhi - CPCB","12-11-2025 02:00:00",28.7500499,77.1112615,PM10,167,458,367
India,Delhi,Delhi,"DTU, Delhi - CPCB","12-11-2025 02:00:00",28.7500499,77.1112615,NO2,45,101,60
India,Delhi,Delhi,"DTU, Delhi - CPCB","12-11-2025 02:00:00",28.7500499,77.1112615,SO2,29,32,30
India,Delhi,Delhi,"Dr. Karni Singh Shooting Range, Delhi - DPCC","12-11-2025 02:00:00",28.498571,77.264840,PM10,211,465,372
India,Delhi,Delhi,"Dr. Karni Singh Shooting Range, Delhi - DPCC","12-11-2025 02:00:00",28.498571,77.264840,NO2,80,137,109
India,Delhi,Delhi,"Dr. Karni Singh Shooting Range, Delhi - DPCC","12-11-2025 02:00:00",28.498571,77.264840,SO2,3,99,26
India,Delhi,Delhi,"Dwarka-Sector 8, Delhi - DPCC ","12-11-2025 02:00:00",28.5710274,77.0719006,CO,6,128,96
India,Delhi,Delhi,"Dwarka-Sector 8, Delhi - DPCC ","12-11-2025 02:00:00",28.5710274,77.0719006,OZONE,2,210,14
India,Bihar,Sasaram,"Dada Peer, Sasaram - BSPCB","12-11-2025 02:00:00",24.952822,84.002396,PM2.5,43,84,60
India,Bihar,Sasaram,"Dada Peer, Sasaram - BSPCB","12-11-2025 02:00:00",24.952822,84.002396,CO,48,64,52
India,Bihar,Siwan,"Chitragupta Nagar, Siwan - BSPCB","12-11-2025 02:00:00",26.2271665,84.3570427,SO2,NA,NA,NA
India,Chandigarh,Chandigarh,"Sector 22, Chandigarh - CPCC","12-11-2025 02:00:00",30.735567,76.775714,PM10,33,131,66
India,Chandigarh,Chandigarh,"Sector 22, Chandigarh - CPCC","12-11-2025 02:00:00",30.735567,76.775714,SO2,6,83,12
India,Chandigarh,Chandigarh,"Sector-25, Chandigarh - CPCC","12-11-2025 02:00:00",30.751462,76.762879,NH3,8,15,10
India,Chandigarh,Chandigarh,"Sector-25, Chandigarh - CPCC","12-11-2025 02:00:00",30.751462,76.762879,SO2,6,15,8
India,Chandigarh,Chandigarh,"Sector-53, Chandigarh - CPCC","12-11-2025 02:00:00",30.719859,76.738637,PM2.5,22,157,78
India,Delhi,Delhi,"IGI Airport (T3), Delhi - IMD","12-11-2025 02:00:00",28.5627763,77.1180053,NO2,116,254,187
India,Delhi,Delhi,"IHBAS, Dilshad Garden, Delhi - CPCB","12-11-2025 02:00:00",28.6811736,77.3025234,OZONE,2,67,7
India,Delhi,Delhi,"ITO, Delhi - CPCB","12-11-2025 02:00:00",28.628624,77.241060,SO2,3,31,16
India,Delhi,Delhi,"Jahangirpuri, Delhi - DPCC","12-11-2025 02:00:00",28.732820,77.170633,CO,78,137,124
India,Delhi,Delhi,"Jawaharlal Nehru Stadium, Delhi - DPCC","12-11-2025 02:00:00",28.580280,77.233829,PM10,211,474,406
India,Delhi,Delhi,"Lodhi Road, Delhi - IITM","12-11-2025 02:00:00",28.588333,77.221667,NO2,46,207,119
India,Delhi,Delhi,"Alipur, Delhi - DPCC","12-11-2025 02:00:00",28.815329,77.153010,SO2,16,41,25
India,Delhi,Delhi,"Anand Vihar, Delhi - DPCC","12-11-2025 02:00:00",28.647622,77.3158090,CO,60,147,123
India,Delhi,Delhi,"Ashok Vihar, Delhi - DPCC","12-11-2025 02:00:00",28.695381,77.181665,PM2.5,312,500,439
India,Delhi,Delhi,"Ashok Vihar, Delhi - DPCC","12-11-2025 02:00:00",28.695381,77.181665,NO2,50,185,112
India,Delhi,Delhi,"Aya Nagar, Delhi - IMD","12-11-2025 02:00:00",28.4706914,77.1099364,NO2,26,103,56
India,Delhi,Delhi,"Aya Nagar, Delhi - IMD","12-11-2025 02:00:00",28.4706914,77.1099364,CO,32,94,68
India,Delhi,Delhi,"Burari Crossing, Delhi - IMD","12-11-2025 02:00:00",28.7256504,77.2011573,PM10,184,500,393
India,Delhi,Delhi,"Major Dhyan Chand National Stadium, Delhi - DPCC","12-11-2025 02:00:00",28.611281,77.237738,OZONE,2,233,9
India,Delhi,Delhi,"Mandir Marg, Delhi - DPCC","12-11-2025 02:00:00",28.636429,77.201067,PM2.5,190,500,411
India,Delhi,Delhi,"Mandir Marg, Delhi - DPCC","12-11-2025 02:00:00",28.636429,77.201067,SO2,12,98,64
India,Delhi,Delhi,"Mandir Marg, Delhi - DPCC","12-11-2025 02:00:00",28.636429,77.201067,OZONE,7,182,19
India,Delhi,Delhi,"Mundka, Delhi - DPCC","12-11-2025 02:00:00",28.684678,77.076574,PM2.5,323,500,444
India,Delhi,Delhi,"Mundka, Delhi - DPCC","12-11-2025 02:00:00",28.684678,77.076574,NH3,9,20,15
India,Delhi,Delhi,"Mundka, Delhi - DPCC","12-11-2025 02:00:00",28.684678,77.076574,SO2,2,133,47
India,Chandigarh,Chandigarh,"Sector-53, Chandigarh - CPCC","12-11-2025 02:00:00",30.719859,76.738637,CO,26,102,68
India,Chhattisgarh,Bhilai,"32Bungalows, Bhilai - CECB","12-11-2025 02:00:00",21.194815,81.314770,OZONE,1,67,6
India,Chhattisgarh,Bhilai,"Hathkhoj, Bhilai - CECB","12-11-2025 02:00:00",21.224231,81.408350,PM10,38,141,81
India,Chhattisgarh,Bhilai,"Hathkhoj, Bhilai - CECB","12-11-2025 02:00:00",21.224231,81.408350,NH3,3,5,4
India,Chhattisgarh,Chhal,"Nawapara SECL Colony, Chhal - CECB","12-11-2025 02:00:00",22.118125,83.140608,PM2.5,44,112,70
India,Haryana,Ballabgarh,"Nathu Colony, Ballabgarh - HSPCB","12-11-2025 02:00:00",28.3419248,77.319699,NH3,3,3,3
India,Haryana,"Charkhi Dadri","Mini Secretariat, Charkhi Dadri - HSPCB","12-11-2025 02:00:00",28.593883,76.270653,PM2.5,290,372,343
India,Haryana,"Charkhi Dadri","Mini Secretariat, Charkhi Dadri - HSPCB","12-11-2025 02:00:00",28.593883,76.270653,PM10,158,292,236
India,Haryana,"Charkhi Dadri","Mini Secretariat, Charkhi Dadri - HSPCB","12-11-2025 02:00:00",28.593883,76.270653,SO2,9,11,10
India,Haryana,"Charkhi Dadri","Mini Secretariat, Charkhi Dadri - HSPCB","12-11-2025 02:00:00",28.593883,76.270653,CO,6,25,15
India,Haryana,"Charkhi Dadri","Mini Secretariat, Charkhi Dadri - HSPCB","12-11-2025 02:00:00",28.593883,76.270653,OZONE,13,17,15
India,Haryana,Dharuhera,"Municipal Corporation Office, Dharuhera -  HSPCB","12-11-2025 02:00:00",28.206800,76.799700,PM10,149,486,294
India,Haryana,Dharuhera,"Municipal Corporation Office, Dharuhera -  HSPCB","12-11-2025 02:00:00",28.206800,76.799700,NH3,8,23,16
India,Haryana,Dharuhera,"Municipal Corporation Office, Dharuhera -  HSPCB","12-11-2025 02:00:00",28.206800,76.799700,CO,54,72,61
India,Haryana,Dharuhera,"Municipal Corporation Office, Dharuhera -  HSPCB","12-11-2025 02:00:00",28.206800,76.799700,OZONE,10,71,23
India,Delhi,Delhi,"Rohini, Delhi - DPCC","12-11-2025 02:00:00",28.732528,77.119920,SO2,2,11,6
India,Delhi,Delhi,"Rohini, Delhi - DPCC","12-11-2025 02:00:00",28.732528,77.119920,OZONE,4,292,17
India,Delhi,Delhi,"Shadipur, Delhi - CPCB","12-11-2025 02:00:00",28.6514781,77.1473105,PM10,233,449,388
India,Delhi,Delhi,"Shadipur, Delhi - CPCB","12-11-2025 02:00:00",28.6514781,77.1473105,NO2,66,144,98
India,Delhi,Delhi,"Sirifort, Delhi - CPCB","12-11-2025 02:00:00",28.5504249,77.2159377,PM10,211,477,395
India,Delhi,Delhi,"Sirifort, Delhi - CPCB","12-11-2025 02:00:00",28.5504249,77.2159377,NH3,7,13,10
India,Delhi,Delhi,"Sonia Vihar, Delhi - DPCC","12-11-2025 02:00:00",28.710508,77.249485,NH3,NA,NA,NA
India,Delhi,Delhi,"Sri Aurobindo Marg, Delhi - DPCC","12-11-2025 02:00:00",28.531346,77.190156,NH3,4,6,5
India,Delhi,Delhi,"Vivek Vihar, Delhi - DPCC","12-11-2025 02:00:00",28.672342,77.315260,PM10,197,492,393
India,Delhi,Delhi,"Narela, Delhi - DPCC","12-11-2025 02:00:00",28.822836,77.101981,PM10,198,500,397
India,Delhi,Delhi,"Narela, Delhi - DPCC","12-11-2025 02:00:00",28.822836,77.101981,NH3,15,18,17
India,Delhi,Delhi,"Nehru Nagar, Delhi - DPCC","12-11-2025 02:00:00",28.567890,77.250515,PM2.5,321,500,438
India,Delhi,Delhi,"Nehru Nagar, Delhi - DPCC","12-11-2025 02:00:00",28.567890,77.250515,NH3,8,15,12
India,Delhi,Delhi,"Nehru Nagar, Delhi - DPCC","12-11-2025 02:00:00",28.567890,77.250515,SO2,13,36,26
India,Delhi,Delhi,"North Campus, DU, Delhi - IMD","12-11-2025 02:00:00",28.6573814,77.1585447,CO,7,123,103
India,Delhi,Delhi,"North Campus, DU, Delhi - IMD","12-11-2025 02:00:00",28.6573814,77.1585447,OZONE,17,329,38
India,Delhi,Delhi,"Okhla Phase-2, Delhi - DPCC","12-11-2025 02:00:00",28.530785,77.271255,OZONE,5,263,15
India,Delhi,Delhi,"Patparganj, Delhi - DPCC","12-11-2025 02:00:00",28.623763,77.287209,PM2.5,309,500,436
India,Gujarat,Ahmedabad,"SVPI Airport Hansol, Ahmedabad - IITM","12-11-2025 02:00:00",23.076793,72.627874,CO,10,108,85
India,Gujarat,Ankleshwar,"GIDC, Ankleshwar - GPCB","12-11-2025 02:00:00",21.613267,73.010555,NO2,19,28,24
India,Gujarat,Gandhinagar,"GIFT City, Gandhinagar - IITM","12-11-2025 02:00:00",23.163798,72.677768,PM2.5,5,146,70
India,Gujarat,Gandhinagar,"GIFT City, Gandhinagar - IITM","12-11-2025 02:00:00",23.163798,72.677768,SO2,4,23,14
India,Gujarat,Gandhinagar,"IIPHG Lekawada, Gandhinagar - IITM","12-11-2025 02:00:00",23.243639,72.68994,PM10,69,156,112
India,Gujarat,Gandhinagar,"Sector-10, Gandhinagar - GPCB","12-11-2025 02:00:00",23.221714,72.654328,SO2,4,13,10
India,Gujarat,Surat,"Science Center, Surat - SMC","12-11-2025 02:00:00",21.170046,72.795405,SO2,30,39,32
India,Gujarat,Vatva,"Phase-4 GIDC, Vatva - GPCB","12-11-2025 02:00:00",22.969611,72.643500,OZONE,23,109,58
India,Haryana,Ambala,"Patti Mehar, Ambala - HSPCB","12-11-2025 02:00:00",30.379589,76.778328,PM10,80,164,123
India,Haryana,Ambala,"Patti Mehar, Ambala - HSPCB","12-11-2025 02:00:00",30.379589,76.778328,OZONE,46,51,50
India,Haryana,Bahadurgarh,"Arya Nagar, Bahadurgarh - HSPCB","12-11-2025 02:00:00",28.6701,76.9254,PM2.5,34,500,364
India,Haryana,Bahadurgarh,"Arya Nagar, Bahadurgarh - HSPCB","12-11-2025 02:00:00",28.6701,76.9254,NO2,13,14,13
India,Gujarat,Ahmedabad,"Raikhad, Ahmedabad - IITM","12-11-2025 02:00:00",23.020509,72.579261,PM10,131,323,182
India,Gujarat,Ahmedabad,"Rakhial, Ahmedabad - IITM","12-11-2025 02:00:00",23.016834,72.625775,NH3,2,17,4
India,Gujarat,Ahmedabad,"SAC ISRO Bopal, Ahmedabad - IITM","12-11-2025 02:00:00",23.041137,72.456691,SO2,2,11,4
India,Gujarat,Ahmedabad,"SAC ISRO Bopal, Ahmedabad - IITM","12-11-2025 02:00:00",23.041137,72.456691,CO,34,76,43
India,Gujarat,Ahmedabad,"SAC ISRO Satellite, Ahmedabad - IITM","12-11-2025 02:00:00",23.023389,72.515201,PM2.5,78,209,124
India,Gujarat,Ahmedabad,"SAC ISRO Satellite, Ahmedabad - IITM","12-11-2025 02:00:00",23.023389,72.515201,OZONE,1,65,9
India,Delhi,Delhi,"Wazirpur, Delhi - DPCC","12-11-2025 02:00:00",28.699793,77.165453,NO2,58,142,100
India,Gujarat,Ahmedabad,"Chandkheda, Ahmedabad - IITM","12-11-2025 02:00:00",23.107969,72.574648,PM10,99,382,177
India,Gujarat,Ahmedabad,"Chandkheda, Ahmedabad - IITM","12-11-2025 02:00:00",23.107969,72.574648,OZONE,2,63,8
India,Gujarat,Ahmedabad,"Gyaspur, Ahmedabad - IITM","12-11-2025 02:00:00",22.977134,72.553024,CO,48,103,58
India,Gujarat,Ahmedabad,"Maninagar, Ahmedabad - GPCB","12-11-2025 02:00:00",23.002657,72.591912,NO2,40,58,48
India,Delhi,Delhi,"Patparganj, Delhi - DPCC","12-11-2025 02:00:00",28.623763,77.287209,NH3,9,12,11
India,Delhi,Delhi,"Punjabi Bagh, Delhi - DPCC","12-11-2025 02:00:00",28.674045,77.131023,PM10,199,493,399
India,Delhi,Delhi,"Punjabi Bagh, Delhi - DPCC","12-11-2025 02:00:00",28.674045,77.131023,CO,40,106,85
India,Delhi,Delhi,"Pusa, Delhi - IMD","12-11-2025 02:00:00",28.636110,77.173332,CO,19,124,107
India,Delhi,Delhi,"Pusa, Delhi - IMD","12-11-2025 02:00:00",28.636110,77.173332,OZONE,2,175,15
India,"Himachal Pradesh",Baddi,"HIMUDA Complex Phase-1, Baddi - HPPCB","12-11-2025 02:00:00",30.943887,76.801991,SO2,21,111,41
India,Jharkhand,Dhanbad,"Sardar Patel Nagar, Dhanbad - JSPCB","12-11-2025 02:00:00",23.80569,86.44268,PM2.5,NA,NA,NA
India,Jharkhand,Dhanbad,"Sardar Patel Nagar, Dhanbad - JSPCB","12-11-2025 02:00:00",23.80569,86.44268,CO,NA,NA,NA
India,Jharkhand,Dhanbad,"Sardar Patel Nagar, Dhanbad - JSPCB","12-11-2025 02:00:00",23.80569,86.44268,OZONE,NA,NA,NA
India,Jharkhand,Jorapokhar,"Tata Stadium, Jorapokhar - JSPCB","12-11-2025 02:00:00",23.707909,86.414670,PM10,NA,NA,NA
India,Karnataka,Bagalkot,"Vidayagiri, Bagalkot - KSPCB","12-11-2025 02:00:00",16.172806,75.659694,PM10,53,54,54
India,Karnataka,Bagalkot,"Vidayagiri, Bagalkot - KSPCB","12-11-2025 02:00:00",16.172806,75.659694,OZONE,10,16,15
India,Karnataka,Belgaum,"Ramteerth Nagar, Belgaum - KSPCB","12-11-2025 02:00:00",15.888653,74.541751,PM2.5,26,166,68
India,Karnataka,Belgaum,"Ramteerth Nagar, Belgaum - KSPCB","12-11-2025 02:00:00",15.888653,74.541751,NH3,7,10,9
India,Karnataka,Bengaluru,"BTM Layout, Bengaluru - CPCB","12-11-2025 02:00:00",12.9135218,77.5950804,NH3,3,3,3
India,Haryana,Rohtak,"MD University, Rohtak - HSPCB","12-11-2025 02:00:00",28.52123,76.37138,PM2.5,266,443,382
India,Haryana,Sirsa,"F-Block, Sirsa - HSPCB","12-11-2025 02:00:00",29.536400,75.015800,CO,78,118,96
India,Haryana,Sonipat,"Murthal, Sonipat - HSPCB","12-11-2025 02:00:00",29.027200,77.062100,PM10,174,417,304
India,Haryana,Sonipat,"Murthal, Sonipat - HSPCB","12-11-2025 02:00:00",29.027200,77.062100,NO2,19,58,42
India,Haryana,"Yamuna Nagar","Gobind Pura, Yamuna Nagar - HSPCB","12-11-2025 02:00:00",30.1480566,77.2893471,PM10,16,141,111
India,Haryana,"Yamuna Nagar","Gobind Pura, Yamuna Nagar - HSPCB","12-11-2025 02:00:00",30.1480566,77.2893471,SO2,10,15,12
India,Haryana,"Yamuna Nagar","Gobind Pura, Yamuna Nagar - HSPCB","12-11-2025 02:00:00",30.1480566,77.2893471,OZONE,38,38,38
India,"Himachal Pradesh",Baddi,"HIMUDA Complex Phase-1, Baddi - HPPCB","12-11-2025 02:00:00",30.943887,76.801991,PM2.5,30,300,146
India,Karnataka,Bengaluru,"Jigani, Bengaluru - KSPCB","12-11-2025 02:00:00",12.7816279,77.6299145,NO2,20,21,20
India,Karnataka,Bengaluru,"Jigani, Bengaluru - KSPCB","12-11-2025 02:00:00",12.7816279,77.6299145,OZONE,20,21,20
India,Karnataka,Bengaluru,"Kasturi Nagar, Bengaluru - KSPCB","12-11-2025 02:00:00",13.003872,77.664217,PM10,68,70,69
India,Karnataka,Bengaluru,"Kasturi Nagar, Bengaluru - KSPCB","12-11-2025 02:00:00",13.003872,77.664217,NO2,29,30,29
India,Karnataka,Bengaluru,"RVCE-Mailasandra, Bengaluru - KSPCB","12-11-2025 02:00:00",12.921418,77.502466,NH3,3,3,3
India,Karnataka,Bengaluru,"RVCE-Mailasandra, Bengaluru - KSPCB","12-11-2025 02:00:00",12.921418,77.502466,SO2,6,6,6
India,Karnataka,Bengaluru,"Sanegurava Halli, Bengaluru - KSPCB","12-11-2025 02:00:00",12.990328,77.5431385,NO2,19,21,20
India,Karnataka,Bengaluru,"Shivapura_Peenya, Bengaluru - KSPCB","12-11-2025 02:00:00",13.0246342,77.5080115,PM10,106,138,121
India,Haryana,Narnaul,"Shastri Nagar, Narnaul - HSPCB","12-11-2025 02:00:00",28.060249,76.113115,PM10,124,193,151
India,Haryana,Palwal,"Shyam Nagar, Palwal - HSPCB","12-11-2025 02:00:00",28.1485564,77.3320667,OZONE,23,25,24
India,Haryana,Panchgaon,"Amity University, Panchgaon - IITM","12-11-2025 02:00:00",28.3153,76.9143,NO2,33,94,62
India,Haryana,Panchgaon,"Amity University, Panchgaon - IITM","12-11-2025 02:00:00",28.3153,76.9143,NH3,11,21,16
India,Haryana,Panchgaon,"Amity University, Panchgaon - IITM","12-11-2025 02:00:00",28.3153,76.9143,CO,34,88,55
India,Haryana,Panipat,"Sector-18, Panipat - HSPCB","12-11-2025 02:00:00",29.432304,76.972765,NO2,31,32,31
India,Haryana,Panipat,"Sector-18, Panipat - HSPCB","12-11-2025 02:00:00",29.432304,76.972765,NH3,2,3,3
India,Haryana,Kaithal,"Rishi Nagar, Kaithal - HSPCB","12-11-2025 02:00:00",29.8006,76.4155,NH3,2,6,5
India,Haryana,Kaithal,"Rishi Nagar, Kaithal - HSPCB","12-11-2025 02:00:00",29.8006,76.4155,OZONE,15,51,19
India,Haryana,Karnal,"Sector-12, Karnal - HSPCB","12-11-2025 02:00:00",29.695300,77.002700,CO,41,62,49
India,Haryana,Karnal,"Sector-12, Karnal - HSPCB","12-11-2025 02:00:00",29.695300,77.002700,OZONE,26,26,26
India,Haryana,Mandikhera,"General Hospital, Mandikhera - HSPCB","12-11-2025 02:00:00",27.9002,76.9938,NH3,13,14,13
India,Haryana,Manesar,"Sector-2 IMT, Manesar - HSPCB","12-11-2025 02:00:00",28.360699,76.936090,PM10,92,351,180
India,Haryana,Manesar,"Sector-2 IMT, Manesar - HSPCB","12-11-2025 02:00:00",28.360699,76.936090,NH3,16,22,19
India,Haryana,Faridabad,"New Industrial Town, Faridabad - HSPCB","12-11-2025 02:00:00",28.39072,77.30059,PM10,189,200,194
India,Haryana,Faridabad,"New Industrial Town, Faridabad - HSPCB","12-11-2025 02:00:00",28.39072,77.30059,CO,8,13,11
India,Haryana,Faridabad,"Sector 11, Faridabad - HSPCB","12-11-2025 02:00:00",28.376058,77.315741,SO2,1,79,37
India,Haryana,Faridabad,"Sector 30, Faridabad - HSPCB","12-11-2025 02:00:00",28.4417,77.3217,NH3,11,12,11
India,Haryana,Gurugram,"NISE Gwal Pahari, Gurugram - IMD","12-11-2025 02:00:00",28.422681,77.148944,PM10,207,500,374
India,Haryana,Gurugram,"NISE Gwal Pahari, Gurugram - IMD","12-11-2025 02:00:00",28.422681,77.148944,OZONE,4,104,16
India,Haryana,Gurugram,"Sector-51, Gurugram - HSPCB","12-11-2025 02:00:00",28.4227,77.0667,OZONE,5,21,7
India,Haryana,Hisar,"Urban Estate-II, Hisar - HSPCB","12-11-2025 02:00:00",29.140560,75.744941,OZONE,50,118,67
India,Haryana,Jind,"Police Lines, Jind - HSPCB","12-11-2025 02:00:00",29.307814,76.337619,PM2.5,262,493,394
India,Haryana,Jind,"Police Lines, Jind - HSPCB","12-11-2025 02:00:00",29.307814,76.337619,NO2,12,14,13
India,Haryana,Kaithal,"Rishi Nagar, Kaithal - HSPCB","12-11-2025 02:00:00",29.8006,76.4155,PM10,139,407,205
India,Karnataka,Bidar,"Naubad, Bidar - KSPCB","12-11-2025 02:00:00",17.930306,77.482194,NH3,NA,NA,NA
India,Karnataka,Chamarajanagar,"Urban, Chamarajanagar - KSPCB","12-11-2025 02:00:00",11.55358,76.55521,CO,17,120,30
India,Karnataka,Chamarajanagar,"Urban, Chamarajanagar - KSPCB","12-11-2025 02:00:00",11.55358,76.55521,OZONE,14,37,17
India,Karnataka,Chikkamagaluru,"Kalyana Nagara, Chikkamagaluru - KSPCB","12-11-2025 02:00:00",13.328028,75.797056,PM2.5,NA,NA,NA
India,Karnataka,Chikkamagaluru,"Kalyana Nagara, Chikkamagaluru - KSPCB","12-11-2025 02:00:00",13.328028,75.797056,PM10,NA,NA,NA
India,Karnataka,Bengaluru,"BWSSB Kadabesanahalli, Bengaluru - CPCB","12-11-2025 02:00:00",12.9352049,77.6814488,NH3,4,5,5
India,Karnataka,Bengaluru,"Hombegowda Nagar, Bengaluru - KSPCB","12-11-2025 02:00:00",12.938539,77.590100,NH3,3,4,3
India,Karnataka,Bengaluru,"Jayanagar 5th Block, Bengaluru - KSPCB","12-11-2025 02:00:00",12.920984,77.584908,PM2.5,81,117,94
India,Karnataka,Bengaluru,"Jayanagar 5th Block, Bengaluru - KSPCB","12-11-2025 02:00:00",12.920984,77.584908,NH3,1,2,1
India,Karnataka,Kalaburagi,"Lal Bahadur Shastri Nagar, Kalaburagi - KSPCB","12-11-2025 02:00:00",17.321993,76.822628,SO2,67,69,69
India,Karnataka,Kalaburagi,"Mahatma Basaveswar Colony, Kalaburgi - KSPCB","12-11-2025 02:00:00",17.336318,76.847397,SO2,2,8,4
India,Karnataka,Kalaburagi,"Mahatma Basaveswar Colony, Kalaburgi - KSPCB","12-11-2025 02:00:00",17.336318,76.847397,OZONE,13,33,15
India,Karnataka,Madikeri,"Stuart Hill, Madikeri - KSPCB","12-11-2025 02:00:00",12.415911,75.735050,SO2,7,8,8
India,Karnataka,Mangalore,"Kadri, Mangalore - KSPCB","12-11-2025 02:00:00",12.889250,74.853000,PM2.5,56,94,75
India,Karnataka,Mangalore,"Kadri, Mangalore - KSPCB","12-11-2025 02:00:00",12.889250,74.853000,PM10,58,95,77
India,Karnataka,Mangalore,"Kadri, Mangalore - KSPCB","12-11-2025 02:00:00",12.889250,74.853000,OZONE,17,43,24
India,Karnataka,Mysuru,"Hebbal 1st Stage, Mysuru - KSPCB","12-11-2025 02:00:00",12.21041,76.37376,PM2.5,14,40,26
India,Karnataka,Mysuru,"Hebbal 1st Stage, Mysuru - KSPCB","12-11-2025 02:00:00",12.21041,76.37376,NH3,4,6,5
India,Karnataka,Shivamogga,"Vinoba Nagara, Shivamogga - KSPCB","12-11-2025 02:00:00",13.940000,75.555917,PM2.5,41,54,46
India,Karnataka,Shivamogga,"Vinoba Nagara, Shivamogga - KSPCB","12-11-2025 02:00:00",13.940000,75.555917,NO2,15,18,16
India,Karnataka,Shivamogga,"Vinoba Nagara, Shivamogga - KSPCB","12-11-2025 02:00:00",13.940000,75.555917,CO,8,26,23
India,Karnataka,Tumakuru,"Thimmalapura, Tumakuru - KSPCB","12-11-2025 02:00:00",13.377516,77.099072,PM10,NA,NA,NA
India,Karnataka,Tumakuru,"Thimmalapura, Tumakuru - KSPCB","12-11-2025 02:00:00",13.377516,77.099072,NO2,NA,NA,NA
India,Karnataka,Tumakuru,"Thimmalapura, Tumakuru - KSPCB","12-11-2025 02:00:00",13.377516,77.099072,SO2,NA,NA,NA
India,Karnataka,Udupi,"Brahmagiri, Udupi - KSPCB","12-11-2025 02:00:00",13.34194444,74.74694444,PM10,51,101,69
India,Karnataka,Udupi,"Brahmagiri, Udupi - KSPCB","12-11-2025 02:00:00",13.34194444,74.74694444,OZONE,8,8,8
India,Karnataka,Vijayapura,"Ibrahimpur, Vijayapura - KSPCB","12-11-2025 02:00:00",16.802639,75.722694,CO,14,121,31
India,Karnataka,Yadgir,"Collector Office, Yadgir - KSPCB","12-11-2025 02:00:00",16.7602,77.1428,PM10,NA,NA,NA
India,"Madhya Pradesh",Jabalpur,"Suhagi, Jabalpur - JMC","12-11-2025 02:00:00",23.218135,79.957770,NO2,21,149,57
India,"Madhya Pradesh",Katni,"Gole Bazar, Katni - MPPCB","12-11-2025 02:00:00",23.50016,80.23284,PM2.5,49,353,230
India,"Madhya Pradesh",Katni,"Gole Bazar, Katni - MPPCB","12-11-2025 02:00:00",23.50016,80.23284,OZONE,11,145,17
India,"Madhya Pradesh",Mandideep,"Sector-D Industrial Area, Mandideep - MPPCB","12-11-2025 02:00:00",23.108440,77.511428,PM2.5,114,413,305
India,"Madhya Pradesh",Mandideep,"Sector-D Industrial Area, Mandideep - MPPCB","12-11-2025 02:00:00",23.108440,77.511428,SO2,17,133,75
India,"Madhya Pradesh",Mandideep,"Sector-D Industrial Area, Mandideep - MPPCB","12-11-2025 02:00:00",23.108440,77.511428,CO,18,114,96
India,"Madhya Pradesh",Pithampur,"Sector-2 Industrial Area, Pithampur - MPPCB","12-11-2025 02:00:00",22.624758,75.675238,PM2.5,75,334,187
India,"Madhya Pradesh",Pithampur,"Sector-2 Industrial Area, Pithampur - MPPCB","12-11-2025 02:00:00",22.624758,75.675238,NH3,1,4,3
India,"Madhya Pradesh",Pithampur,"Sector-2 Industrial Area, Pithampur - MPPCB","12-11-2025 02:00:00",22.624758,75.675238,SO2,15,34,22
India,Kerala,Thiruvananthapuram,"Plammoodu, Thiruvananthapuram - Kerala PCB","12-11-2025 02:00:00",8.5149093,76.9435879,PM10,29,52,42
India,Kerala,Thiruvananthapuram,"Plammoodu, Thiruvananthapuram - Kerala PCB","12-11-2025 02:00:00",8.5149093,76.9435879,SO2,9,40,18
India,Kerala,Thiruvananthapuram,"Plammoodu, Thiruvananthapuram - Kerala PCB","12-11-2025 02:00:00",8.5149093,76.9435879,CO,10,24,12
India,Kerala,Thiruvananthapuram,"Plammoodu, Thiruvananthapuram - Kerala PCB","12-11-2025 02:00:00",8.5149093,76.9435879,OZONE,8,46,16
India,Kerala,Thrissur,"Corporation Ground, Thrissur - Kerala PCB","12-11-2025 02:00:00",10.532400,76.215900,PM2.5,NA,NA,NA
India,Kerala,Thrissur,"Corporation Ground, Thrissur - Kerala PCB","12-11-2025 02:00:00",10.532400,76.215900,NO2,NA,NA,NA
India,Kerala,Thrissur,"Corporation Ground, Thrissur - Kerala PCB","12-11-2025 02:00:00",10.532400,76.215900,SO2,NA,NA,NA
India,Kerala,Thrissur,"Corporation Ground, Thrissur - Kerala PCB","12-11-2025 02:00:00",10.532400,76.215900,CO,NA,NA,NA
India,"Madhya Pradesh",Bhopal,"Idgah Hills, Bhopal - MPPCB","12-11-2025 02:00:00",23.264759,77.381568,PM10,112,201,149
India,"Madhya Pradesh",Bhopal,"Idgah Hills, Bhopal - MPPCB","12-11-2025 02:00:00",23.264759,77.381568,NO2,15,56,27
India,"Madhya Pradesh",Indore,"Residency Area, Indore - IMC","12-11-2025 02:00:00",22.7084,75.8815,SO2,NA,NA,NA
India,"Madhya Pradesh",Jabalpur,"Govindh Bhavan Colony, Jabalpur - JMC","12-11-2025 02:00:00",23.163174,79.973061,NO2,14,28,22
India,"Madhya Pradesh",Jabalpur,"Govindh Bhavan Colony, Jabalpur - JMC","12-11-2025 02:00:00",23.163174,79.973061,SO2,15,17,16
India,"Madhya Pradesh",Jabalpur,"Gupteshwar, Jabalpur - JMC","12-11-2025 02:00:00",23.142888,79.916147,SO2,7,10,8
India,"Madhya Pradesh",Jabalpur,"Gupteshwar, Jabalpur - JMC","12-11-2025 02:00:00",23.142888,79.916147,CO,42,130,94
India,"Madhya Pradesh",Jabalpur,"Gupteshwar, Jabalpur - JMC","12-11-2025 02:00:00",23.142888,79.916147,OZONE,3,94,12
India,"Madhya Pradesh",Jabalpur,"Marhatal, Jabalpur - MPPCB","12-11-2025 02:00:00",23.168606,79.932247,PM10,118,378,170
India,"Madhya Pradesh",Jabalpur,"Marhatal, Jabalpur - MPPCB","12-11-2025 02:00:00",23.168606,79.932247,SO2,4,93,17
India,"Madhya Pradesh",Dewas,"Bhopal Chauraha, Dewas - MPPCB","12-11-2025 02:00:00",22.9682591,76.064118,CO,8,50,31
India,"Madhya Pradesh",Gwalior,"City Center, Gwalior - MPPCB","12-11-2025 02:00:00",26.203442,78.193251,PM2.5,62,350,199
India,"Madhya Pradesh",Gwalior,"City Center, Gwalior - MPPCB","12-11-2025 02:00:00",26.203442,78.193251,NH3,2,5,3
India,"Madhya Pradesh",Gwalior,"City Center, Gwalior - MPPCB","12-11-2025 02:00:00",26.203442,78.193251,SO2,9,18,14
India,"Madhya Pradesh",Gwalior,"Deen Dayal Nagar, Gwalior - MPPCB","12-11-2025 02:00:00",26.259242,78.216432,PM2.5,66,401,222
India,"Madhya Pradesh",Gwalior,"Deen Dayal Nagar, Gwalior - MPPCB","12-11-2025 02:00:00",26.259242,78.216432,NO2,12,131,56
India,"Madhya Pradesh",Gwalior,"Maharaj Bada, Gwalior - MPPCB","12-11-2025 02:00:00",26.200388,78.147714,PM2.5,55,315,158
India,"Madhya Pradesh",Gwalior,"Maharaj Bada, Gwalior - MPPCB","12-11-2025 02:00:00",26.200388,78.147714,PM10,93,268,143
India,"Madhya Pradesh",Indore,"Airport Area, Indore - IMC","12-11-2025 02:00:00",22.7289,75.8076,PM2.5,34,320,87
India,"Madhya Pradesh",Indore,"Airport Area, Indore - IMC","12-11-2025 02:00:00",22.7289,75.8076,NO2,2,3,2
India,"Madhya Pradesh",Indore,"Airport Area, Indore - IMC","12-11-2025 02:00:00",22.7289,75.8076,OZONE,1,10,3
India,Karnataka,Dharwad,"Kalabhavan, Dharwad - KSPCB","12-11-2025 02:00:00",15.459706,75.008381,NO2,22,27,24
India,Karnataka,Gadag,"Panchal Nagar, Gadag - KSPCB","12-11-2025 02:00:00",15.411456,75.638133,NH3,2,3,3
India,Karnataka,Gadag,"Panchal Nagar, Gadag - KSPCB","12-11-2025 02:00:00",15.411456,75.638133,OZONE,12,49,17
India,Karnataka,Hubballi,"Lingaraj Nagar, Hubballi - KSPCB","12-11-2025 02:00:00",15.3714823,75.1160168,NO2,7,11,10
India,Kerala,Eloor,"Udyogamandal, Eloor - Kerala PCB","12-11-2025 02:00:00",10.073232,76.302765,PM2.5,51,88,68
India,Kerala,Eloor,"Udyogamandal, Eloor - Kerala PCB","12-11-2025 02:00:00",10.073232,76.302765,PM10,46,68,56
India,Kerala,Eloor,"Udyogamandal, Eloor - Kerala PCB","12-11-2025 02:00:00",10.073232,76.302765,NO2,6,8,7
India,Kerala,Kollam,"Polayathode, Kollam - Kerala PCB","12-11-2025 02:00:00",8.8787,76.6073,PM10,NA,NA,NA
India,Kerala,Kollam,"Polayathode, Kollam - Kerala PCB","12-11-2025 02:00:00",8.8787,76.6073,NO2,NA,NA,NA
India,Maharashtra,Akola,"Ramdaspeth, Akola - MPCB","12-11-2025 02:00:00",20.719516,77.000253,NH3,3,31,6
India,Maharashtra,Amravati,"Shivneri Colony, Amravati - MPCB","12-11-2025 02:00:00",20.9402359,77.7895248,NO2,10,41,20
India,Maharashtra,Amravati,"Shivneri Colony, Amravati - MPCB","12-11-2025 02:00:00",20.9402359,77.7895248,CO,12,58,40
India,Maharashtra,Amravati,"Shivneri Colony, Amravati - MPCB","12-11-2025 02:00:00",20.9402359,77.7895248,OZONE,1,139,19
India,Maharashtra,Amravati,"Shri Shivaji Science College, Amravati - MPCB","12-11-2025 02:00:00",20.939198,77.765701,OZONE,1,117,16
India,Maharashtra,Aurangabad,"MIDC Chilkalthana, Aurangabad - MPCB","12-11-2025 02:00:00",19.875620,75.387310,OZONE,15,308,308
India,Maharashtra,Aurangabad,"Rachnakar Colony, Aurangabad - MPCB","12-11-2025 02:00:00",19.863756,75.321188,PM2.5,NA,NA,NA
India,Maharashtra,Malegaon,"Mahesh Nagar, Malegaon - MPCB","12-11-2025 02:00:00",20.555712,74.529236,SO2,NA,NA,NA
India,Maharashtra,Malegaon,"Mahesh Nagar, Malegaon - MPCB","12-11-2025 02:00:00",20.555712,74.529236,OZONE,14,53,22
India,Maharashtra,Mira-Bhayandar,"Bhayandar West, Mira-Bhayandar - MPCB","12-11-2025 02:00:00",19.296481,72.840923,PM10,NA,NA,NA
India,Maharashtra,Mira-Bhayandar,"Bhayandar West, Mira-Bhayandar - MPCB","12-11-2025 02:00:00",19.296481,72.840923,SO2,NA,NA,NA
India,Maharashtra,Mumbai,"Bandra Kurla Complex, Mumbai - IITM","12-11-2025 02:00:00",19.053536,72.84643,PM2.5,147,310,218
India,Maharashtra,Mumbai,"Bandra Kurla Complex, Mumbai - MPCB","12-11-2025 02:00:00",19.065931,72.862131,NO2,22,87,52
India,Maharashtra,Mumbai,"Borivali East, Mumbai - IITM","12-11-2025 02:00:00",19.23241,72.86895,NH3,NA,NA,NA
India,Maharashtra,Badlapur,"Katrap, Badlapur - MPCB","12-11-2025 02:00:00",19.16485,73.23409,PM2.5,33,182,80
India,Maharashtra,Badlapur,"Katrap, Badlapur - MPCB","12-11-2025 02:00:00",19.16485,73.23409,NO2,9,31,20
India,Maharashtra,Badlapur,"Katrap, Badlapur - MPCB","12-11-2025 02:00:00",19.16485,73.23409,SO2,8,21,13
India,Maharashtra,Belapur,"CBD Belapur, Belapur - MPCB","12-11-2025 02:00:00",19.0243902,73.0406721,PM10,76,172,124
India,Maharashtra,Bhiwandi,"Gokul Nagar, Bhiwandi - MPCB","12-11-2025 02:00:00",19.309073,73.057223,NO2,NA,NA,NA
India,Maharashtra,Bhiwandi,"Gokul Nagar, Bhiwandi - MPCB","12-11-2025 02:00:00",19.309073,73.057223,SO2,NA,NA,NA
India,Maharashtra,Boisar,"Khaira, Boisar - MPCB","12-11-2025 02:00:00",19.786089,72.757971,NO2,12,22,16
India,Maharashtra,Boisar,"Khaira, Boisar - MPCB","12-11-2025 02:00:00",19.786089,72.757971,NH3,4,8,5
India,Maharashtra,Mumbai,"Colaba, Mumbai - MPCB","12-11-2025 02:00:00",18.910000,72.820000,SO2,NA,NA,NA
India,Maharashtra,Mumbai,"Colaba, Mumbai - MPCB","12-11-2025 02:00:00",18.910000,72.820000,CO,26,30,27
India,Maharashtra,Mumbai,"Deonar, Mumbai - IITM","12-11-2025 02:00:00",19.04946,72.9230,NO2,18,82,40
India,Maharashtra,Mumbai,"Kandivali East, Mumbai - MPCB","12-11-2025 02:00:00",19.205800,72.868200,PM2.5,NA,NA,NA
India,Maharashtra,Mumbai,"Kandivali East, Mumbai - MPCB","12-11-2025 02:00:00",19.205800,72.868200,NO2,NA,NA,NA
India,Maharashtra,Mumbai,"Kandivali East, Mumbai - MPCB","12-11-2025 02:00:00",19.205800,72.868200,SO2,NA,NA,NA
India,Maharashtra,Mumbai,"Kandivali West, Mumbai - BMC","12-11-2025 02:00:00",19.215859,72.831718,OZONE,2,89,34
India,Maharashtra,Chandrapur,"Chauhan Colony, Chandrapur - MPCB","12-11-2025 02:00:00",19.962900,79.298714,PM10,98,177,140
India,Maharashtra,Dhule,"Deopur, Dhule - MPCB","12-11-2025 02:00:00",20.918946,74.776388,PM2.5,42,110,70
India,Maharashtra,Dhule,"Deopur, Dhule - MPCB","12-11-2025 02:00:00",20.918946,74.776388,PM10,75,500,147
India,Maharashtra,Jalgaon,"Prabhat Colony, Jalgaon - MPCB","12-11-2025 02:00:00",21.001264,75.565602,SO2,2,15,8
India,Maharashtra,Jalna,"Old MIDC, Jalna - MPCB","12-11-2025 02:00:00",19.854616,75.905894,PM2.5,47,140,72
India,Maharashtra,Mumbai,"Borivali East, Mumbai - IITM","12-11-2025 02:00:00",19.23241,72.86895,CO,NA,NA,NA
India,Maharashtra,Mumbai,"Byculla, Mumbai - BMC","12-11-2025 02:00:00",18.9767,72.8380,NH3,NA,NA,NA
India,Maharashtra,Mumbai,"Chakala-Andheri East, Mumbai - IITM","12-11-2025 02:00:00",19.11074,72.86084,OZONE,4,106,37
India,Maharashtra,Mumbai,"Chhatrapati Shivaji Intl. Airport (T2), Mumbai - MPCB","12-11-2025 02:00:00",19.10078,72.87462,PM2.5,NA,NA,NA
India,Maharashtra,Mumbai,"Chhatrapati Shivaji Intl. Airport (T2), Mumbai - MPCB","12-11-2025 02:00:00",19.10078,72.87462,SO2,NA,NA,NA
India,"Madhya Pradesh",Sagar,"Civil Lines, Sagar - MPPCB","12-11-2025 02:00:00",23.838586,78.759431,PM2.5,70,327,129
India,"Madhya Pradesh",Sagar,"Civil Lines, Sagar - MPPCB","12-11-2025 02:00:00",23.838586,78.759431,NO2,9,47,22
India,Maharashtra,Ahmednagar,"Tarakpur, Ahmednagar - MPCB","12-11-2025 02:00:00",19.10122,74.73339,PM10,60,131,92
India,Maharashtra,Ahmednagar,"Tarakpur, Ahmednagar - MPCB","12-11-2025 02:00:00",19.10122,74.73339,NH3,5,7,5
India,Maharashtra,Kalyan,"Khadakpada, Kalyan - MPCB","12-11-2025 02:00:00",19.25292,73.142019,NO2,36,36,36
India,Maharashtra,Kolhapur,"Shivaji University, Kolhapur - MPCB","12-11-2025 02:00:00",16.6870449,74.2505872,NH3,3,4,3
India,Maharashtra,Kolhapur,"Shivaji University, Kolhapur - MPCB","12-11-2025 02:00:00",16.6870449,74.2505872,CO,9,32,20
India,Maharashtra,Mahad,"Kamble Tarf Birwadi, Mahad - MPCB","12-11-2025 02:00:00",18.1023399,73.4783687,NH3,NA,NA,NA
India,Maharashtra,Mumbai,"Shivaji Nagar, Mumbai - BMC","12-11-2025 02:00:00",19.060498,72.923356,CO,8,50,18
India,Maharashtra,Mumbai,"Siddharth Nagar-Worli, Mumbai - IITM","12-11-2025 02:00:00",19.000083,72.813993,PM10,57,145,104
India,Maharashtra,Mumbai,"Sion, Mumbai - MPCB","12-11-2025 02:00:00",19.047000,72.874600,NO2,NA,NA,NA
India,Maharashtra,Mumbai,"Sion, Mumbai - MPCB","12-11-2025 02:00:00",19.047000,72.874600,CO,8,16,15
India,Maharashtra,Mumbai,"Vasai West, Mumbai - MPCB","12-11-2025 02:00:00",19.383200,72.820400,PM10,87,190,133
India,Maharashtra,Mumbai,"Vasai West, Mumbai - MPCB","12-11-2025 02:00:00",19.383200,72.820400,SO2,9,9,9
India,Maharashtra,Mumbai,"Vile Parle West, Mumbai - MPCB","12-11-2025 02:00:00",19.10861,72.83622,NH3,2,5,4
India,Maharashtra,Mumbai,"Vile Parle West, Mumbai - MPCB","12-11-2025 02:00:00",19.10861,72.83622,SO2,17,59,50
India,Maharashtra,Mumbai,"Worli, Mumbai - MPCB","12-11-2025 02:00:00",18.9936162,72.8128113,PM2.5,NA,NA,NA
India,Maharashtra,Mumbai,"Worli, Mumbai - MPCB","12-11-2025 02:00:00",18.9936162,72.8128113,NO2,NA,NA,NA
India,Maharashtra,Mumbai,"Worli, Mumbai - MPCB","12-11-2025 02:00:00",18.9936162,72.8128113,NH3,NA,NA,NA
India,Maharashtra,Mumbai,"Mindspace-Malad West, Mumbai - MPCB","12-11-2025 02:00:00",19.1878657,72.8304069,NO2,17,80,43
India,Maharashtra,Mumbai,"Mulund West, Mumbai - MPCB","12-11-2025 02:00:00",19.1750,72.9419,PM2.5,77,294,120
India,Maharashtra,Mumbai,"Mulund West, Mumbai - MPCB","12-11-2025 02:00:00",19.1750,72.9419,PM10,103,199,126
India,Maharashtra,Mumbai,"Mulund West, Mumbai - MPCB","12-11-2025 02:00:00",19.1750,72.9419,NO2,15,17,16
India,Maharashtra,Mumbai,"Mulund West, Mumbai - MPCB","12-11-2025 02:00:00",19.1750,72.9419,SO2,NA,NA,NA
India,Maharashtra,Mumbai,"Navy Nagar-Colaba, Mumbai - IITM","12-11-2025 02:00:00",18.897756,72.813320,PM10,95,305,152
India,Maharashtra,Mumbai,"Navy Nagar-Colaba, Mumbai - IITM","12-11-2025 02:00:00",18.897756,72.813320,CO,15,101,19
India,Maharashtra,Mumbai,"Powai, Mumbai - MPCB","12-11-2025 02:00:00",19.137500,72.915056,OZONE,9,9,9
India,Maharashtra,Mumbai,"Sewri, Mumbai - BMC","12-11-2025 02:00:00",19.000084,72.856730,NH3,7,27,15
India,Maharashtra,Mumbai,"Sewri, Mumbai - BMC","12-11-2025 02:00:00",19.000084,72.856730,SO2,5,125,58
India,Maharashtra,Nashik,"Hirawadi, Nashik - MPCB","12-11-2025 02:00:00",20.021503,73.813844,CO,26,103,64
India,Maharashtra,Nashik,"Hirawadi, Nashik - MPCB","12-11-2025 02:00:00",20.021503,73.813844,OZONE,4,86,16
India,Maharashtra,Nashik,"MIDC Ambad, Nashik - MPCB","12-11-2025 02:00:00",19.950220,73.731480,CO,13,15,14
India,Maharashtra,Nashik,"MIDC Ambad, Nashik - MPCB","12-11-2025 02:00:00",19.950220,73.731480,OZONE,9,117,43
India,Maharashtra,Nashik,"Pandav Nagari, Nashik - MPCB","12-11-2025 02:00:00",19.9591346,73.7788008,PM10,84,157,130
India,Maharashtra,Nashik,"Pandav Nagari, Nashik - MPCB","12-11-2025 02:00:00",19.9591346,73.7788008,NH3,6,8,8
India,Maharashtra,Nashik,"Pandav Nagari, Nashik - MPCB","12-11-2025 02:00:00",19.9591346,73.7788008,CO,18,72,48
India,Maharashtra,Mumbai,"Worli, Mumbai - MPCB","12-11-2025 02:00:00",18.9936162,72.8128113,OZONE,20,20,20
India,Maharashtra,Nagpur,"Ambazari, Nagpur - MPCB","12-11-2025 02:00:00",21.121801,79.04952,PM10,82,119,108
India,Maharashtra,Nagpur,"Ambazari, Nagpur - MPCB","12-11-2025 02:00:00",21.121801,79.04952,NO2,13,77,34
India,Maharashtra,Nagpur,"Ambazari, Nagpur - MPCB","12-11-2025 02:00:00",21.121801,79.04952,CO,8,102,55
India,Maharashtra,Nagpur,"Ram Nagar, Nagpur - MPCB","12-11-2025 02:00:00",21.143383,79.048912,PM10,87,174,126
India,Maharashtra,Nanded,"Sneh Nagar, Nanded - MPCB","12-11-2025 02:00:00",19.173852,77.296291,PM2.5,65,257,149
India,Maharashtra,"Navi Mumbai","Tondare-Taloja, Navi Mumbai - MPCB","12-11-2025 02:00:00",19.0630,73.1209,SO2,2,3,3
India,Maharashtra,"Navi Mumbai","Tondare-Taloja, Navi Mumbai - MPCB","12-11-2025 02:00:00",19.0630,73.1209,OZONE,8,50,16
India,Maharashtra,Parbhani,"Masoom Colony, Parbhani - MPCB","12-11-2025 02:00:00",19.265594,76.761463,PM2.5,58,210,128
India,Maharashtra,Parbhani,"Masoom Colony, Parbhani - MPCB","12-11-2025 02:00:00",19.265594,76.761463,CO,8,14,11
India,Maharashtra,Pimpri-Chinchwad,"Gavalinagar, Pimpri Chinchwad - MPCB","12-11-2025 02:00:00",18.63673,73.82487,OZONE,1,123,17
India,Maharashtra,Pune,"Revenue Colony-Shivajinagar, Pune - IITM","12-11-2025 02:00:00",18.530085,73.849598,SO2,4,15,10
India,Maharashtra,Pune,"Revenue Colony-Shivajinagar, Pune - IITM","12-11-2025 02:00:00",18.530085,73.849598,CO,36,118,91
India,Maharashtra,Pune,"Savitribai Phule Pune University, Pune - MPCB","12-11-2025 02:00:00",18.547056,73.826908,CO,22,103,83
India,Maharashtra,Pune,"Transport Nagar-Nigdi, Pune - IITM","12-11-2025 02:00:00",18.664282,73.763966,OZONE,9,78,40
India,Maharashtra,"Navi Mumbai","Kopripada-Vashi, Navi Mumbai - MPCB","12-11-2025 02:00:00",19.090337,73.014232,CO,13,62,35
India,Maharashtra,"Navi Mumbai","Sanpada, Navi Mumbai - MPCB","12-11-2025 02:00:00",19.0575752,73.0151367,PM10,62,148,112
India,Maharashtra,"Navi Mumbai","Sanpada, Navi Mumbai - MPCB","12-11-2025 02:00:00",19.0575752,73.0151367,NH3,5,6,6
India,Maharashtra,"Navi Mumbai","Sector-2E Kalamboli, Navi Mumbai - MPCB","12-11-2025 02:00:00",19.02579,73.10297,PM10,85,327,146
India,Maharashtra,Mumbai,"Malad West, Mumbai - IITM","12-11-2025 02:00:00",19.19709,72.82204,PM10,109,185,155
India,Maharashtra,Mumbai,"Malad West, Mumbai - IITM","12-11-2025 02:00:00",19.19709,72.82204,SO2,2,8,4
India,Maharashtra,Mumbai,"Malad West, Mumbai - IITM","12-11-2025 02:00:00",19.19709,72.82204,CO,17,92,67
India,Maharashtra,Mumbai,"Malad West, Mumbai - IITM","12-11-2025 02:00:00",19.19709,72.82204,OZONE,6,280,65
India,Maharashtra,Mumbai,"Mazgaon, Mumbai - IITM","12-11-2025 02:00:00",18.96702,72.84214,CO,10,128,86
India,Maharashtra,Pune,"Katraj Dairy, Pune - MPCB","12-11-2025 02:00:00",18.454450,73.854155,PM2.5,19,74,39
India,Odisha,Rairangpur,"Divisional Forest Office, Rairangpur - OSPCB","12-11-2025 02:00:00",22.265816,86.174829,CO,27,57,47
India,Odisha,Rourkela,"Fertilizer Township, Rourkela - OSPCB","12-11-2025 02:00:00",22.18972222,84.86277778,NO2,11,11,11
India,Odisha,Rourkela,"Raghunathpali, Rourkela - OSPCB","12-11-2025 02:00:00",22.220833,84.809444,PM10,72,200,135
India,Odisha,Rourkela,"Raghunathpali, Rourkela - OSPCB","12-11-2025 02:00:00",22.220833,84.809444,OZONE,7,103,17
India,Odisha,Talcher,"Talcher Coalfields,Talcher - OSPCB","12-11-2025 02:00:00",20.9360711,85.1707021,PM2.5,91,340,204
India,Odisha,Talcher,"Talcher Coalfields,Talcher - OSPCB","12-11-2025 02:00:00",20.9360711,85.1707021,PM10,103,258,150
India,Odisha,Talcher,"Talcher Coalfields,Talcher - OSPCB","12-11-2025 02:00:00",20.9360711,85.1707021,CO,62,106,102
India,Odisha,Tensa,"Barsua Iron Ore Mines, Tensa - OSPCB","12-11-2025 02:00:00",21.869985,85.167016,PM10,NA,NA,NA
India,Odisha,Tensa,"Barsua Iron Ore Mines, Tensa - OSPCB","12-11-2025 02:00:00",21.869985,85.167016,OZONE,11,23,18
India,Puducherry,Puducherry,"Jawahar Nagar, Puducherry - PPCC","12-11-2025 02:00:00",11.9309,79.8027,NH3,3,4,4
India,Odisha,Brajrajnagar,"GM Office, Brajrajnagar - OSPCB","12-11-2025 02:00:00",21.8004996,83.8396977,NO2,12,100,36
India,Odisha,Byasanagar,"Ferro Chrome Colony, Byasanagar - OSPCB","12-11-2025 02:00:00",20.94185,86.11510,NH3,2,3,2
India,Odisha,Byasanagar,"Ferro Chrome Colony, Byasanagar - OSPCB","12-11-2025 02:00:00",20.94185,86.11510,SO2,5,30,17
India,Odisha,Byasanagar,"Ferro Chrome Colony, Byasanagar - OSPCB","12-11-2025 02:00:00",20.94185,86.11510,CO,24,58,39
India,Odisha,Byasanagar,"Ferro Chrome Colony, Byasanagar - OSPCB","12-11-2025 02:00:00",20.94185,86.11510,OZONE,19,185,42
India,Odisha,Cuttack,"CDA Area, Cuttack - OSPCB","12-11-2025 02:00:00","20.48891     ","85.84768     ",SO2,6,101,17
India,Odisha,Keonjhar,"Jagamohanpur, Keonjhar - OSPCB","12-11-2025 02:00:00",21.643900,85.599355,PM10,NA,NA,NA
India,Odisha,Keonjhar,"Jagamohanpur, Keonjhar - OSPCB","12-11-2025 02:00:00",21.643900,85.599355,OZONE,17,21,19
India,Odisha,Nayagarh,"Dabuna, Nayagarh - OSPCB","12-11-2025 02:00:00",21.847279,85.416905,PM10,54,116,79
India,Rajasthan,Alwar,"Moti Doongri, Alwar - RSPCB","12-11-2025 02:00:00",27.554793,76.611536,CO,38,79,61
India,Rajasthan,Alwar,"Moti Doongri, Alwar - RSPCB","12-11-2025 02:00:00",27.554793,76.611536,OZONE,13,47,22
India,Rajasthan,Banswara,"Rati Talai, Banswara - RSPCB","12-11-2025 02:00:00",23.555190,74.440010,PM10,84,200,133
India,Rajasthan,Banswara,"Rati Talai, Banswara - RSPCB","12-11-2025 02:00:00",23.555190,74.440010,SO2,3,38,12
India,Rajasthan,Banswara,"Rati Talai, Banswara - RSPCB","12-11-2025 02:00:00",23.555190,74.440010,OZONE,3,153,28
India,Rajasthan,Baran,"Bamboliya, Baran - RSPCB","12-11-2025 02:00:00",25.106006,76.469948,PM2.5,40,352,118
India,Rajasthan,Barmer,"Railway Colony, Barmer - RSPCB","12-11-2025 02:00:00",25.747299,71.393989,PM10,84,266,127
India,Rajasthan,Bharatpur,"Krishna Nagar, Bharatpur - RSPCB","12-11-2025 02:00:00",27.215415,77.50873,NO2,22,124,59
India,Maharashtra,Ulhasnagar,"Sidhi Vinayak Nagar, Ulhasnagar - MPCB","12-11-2025 02:00:00",19.235581,73.159121,CO,22,47,30
India,Maharashtra,Virar,"Bolinj, Virar - MPCB","12-11-2025 02:00:00",19.4458210,72.7988231,PM2.5,52,250,100
India,Maharashtra,Virar,"Bolinj, Virar - MPCB","12-11-2025 02:00:00",19.4458210,72.7988231,NO2,7,63,28
India,Maharashtra,Virar,"Bolinj, Virar - MPCB","12-11-2025 02:00:00",19.4458210,72.7988231,OZONE,1,78,62
India,Meghalaya,Shillong,"Lumpyngngad, Shillong - Meghalaya PCB","12-11-2025 02:00:00",25.5586,91.8985,OZONE,1,7,1
India,Odisha,Balasore,"Kalidaspur, Balasore - OSPCB","12-11-2025 02:00:00",21.51161,86.89088,NO2,7,138,33
India,Odisha,Balasore,"Kalidaspur, Balasore - OSPCB","12-11-2025 02:00:00",21.51161,86.89088,SO2,6,22,12
India,Punjab,"Mandi Gobindgarh","RIMT University, Mandi Gobindgarh - PPCB","12-11-2025 02:00:00",30.649961,76.331442,PM10,108,394,174
India,Punjab,"Mandi Gobindgarh","RIMT University, Mandi Gobindgarh - PPCB","12-11-2025 02:00:00",30.649961,76.331442,NH3,6,6,6
India,Punjab,"Mandi Gobindgarh","RIMT University, Mandi Gobindgarh - PPCB","12-11-2025 02:00:00",30.649961,76.331442,SO2,5,18,10
India,Punjab,Rupnagar,"Ratanpura, Rupnagar - Ambuja Cements","12-11-2025 02:00:00",31.0325454,76.5623046,PM10,21,129,66
India,Punjab,Rupnagar,"Ratanpura, Rupnagar - Ambuja Cements","12-11-2025 02:00:00",31.0325454,76.5623046,NO2,3,7,5
India,Punjab,Rupnagar,"Ratanpura, Rupnagar - Ambuja Cements","12-11-2025 02:00:00",31.0325454,76.5623046,CO,41,54,44
India,Rajasthan,Ajmer,"Civil Lines,  Ajmer - RSPCB","12-11-2025 02:00:00",26.470859,74.646594,PM10,68,133,100
India,Maharashtra,Solapur,"Dnyaneshwar Nagar, Solapur - MPCB","12-11-2025 02:00:00",17.6336264,75.9132495,SO2,1,9,3
India,Maharashtra,Solapur,"Ratandeep Housing Society, Solapur - MPCB","12-11-2025 02:00:00",17.65439,75.90649,CO,20,153,75
India,Maharashtra,Thane,"Kasarvadavali, Thane - MPCB","12-11-2025 02:00:00",19.26777,72.97182,OZONE,1,99,37
India,Maharashtra,Thane,"Upvan Fort, Thane - MPCB","12-11-2025 02:00:00",19.222279,72.957979,PM2.5,24,76,52
India,Maharashtra,Ulhasnagar,"Sidhi Vinayak Nagar, Ulhasnagar - MPCB","12-11-2025 02:00:00",19.235581,73.159121,SO2,7,23,13
India,Odisha,Barbil,"Forest Office, Barbil - OSPCB","12-11-2025 02:00:00",22.1166054,85.3945546,NH3,3,4,3
India,Odisha,Barbil,"Forest Office, Barbil - OSPCB","12-11-2025 02:00:00",22.1166054,85.3945546,OZONE,4,76,17
India,Odisha,Baripada,"Meher Colony, Baripada - OSPCB","12-11-2025 02:00:00",21.941841,86.728318,OZONE,14,107,29
India,Odisha,Bhubaneswar,"Lingraj Mandir, Bhubaneswar - OSPCB","12-11-2025 02:00:00",20.240790,85.836784,PM10,101,403,171
India,Punjab,Bathinda,"Hardev Nagar, Bathinda - PPCB","12-11-2025 02:00:00",30.233011,74.907758,PM2.5,82,269,177
India,Punjab,Bathinda,"Hardev Nagar, Bathinda - PPCB","12-11-2025 02:00:00",30.233011,74.907758,PM10,62,131,93
India,Punjab,Jalandhar,"Civil Line, Jalandhar - PPCB","12-11-2025 02:00:00",31.321907,75.578914,PM2.5,24,294,173
India,Odisha,Bileipada,"Tata Township, Bileipada - OSPCB","12-11-2025 02:00:00",22.06156703,85.47409613,NO2,6,7,7
India,Odisha,Brajrajnagar,"GM Office, Brajrajnagar - OSPCB","12-11-2025 02:00:00",21.8004996,83.8396977,PM10,54,172,111
India,Rajasthan,Hanumangarh,"Housing Board, Hanumangarh - RSPCB","12-11-2025 02:00:00",29.610750,74.283608,SO2,6,18,11
India,Rajasthan,Hanumangarh,"Housing Board, Hanumangarh - RSPCB","12-11-2025 02:00:00",29.610750,74.283608,CO,67,115,105
India,Rajasthan,Hanumangarh,"Housing Board, Hanumangarh - RSPCB","12-11-2025 02:00:00",29.610750,74.283608,OZONE,5,101,10
India,Rajasthan,Jaipur,"Adarsh Nagar, Jaipur - RSPCB","12-11-2025 02:00:00",26.902909,75.836858,PM2.5,71,319,187
India,Rajasthan,Jaipur,"Adarsh Nagar, Jaipur - RSPCB","12-11-2025 02:00:00",26.902909,75.836858,NO2,22,109,67
India,Rajasthan,Jaipur,"Police Commissionerate, Jaipur - RSPCB","12-11-2025 02:00:00",26.9164092,75.7994901,NH3,3,76,16
India,Rajasthan,Jaipur,"RIICO Sitapura, Jaipur - RSPCB","12-11-2025 02:00:00",26.786682,75.827928,NH3,3,48,15
India,Rajasthan,Jaipur,"RIICO Sitapura, Jaipur - RSPCB","12-11-2025 02:00:00",26.786682,75.827928,CO,17,148,105
India,Rajasthan,Jhunjhunu,"Indra Nagar, Jhunjhunu - RSPCB","12-11-2025 02:00:00",28.108988,75.386577,PM2.5,42,330,181
India,Rajasthan,Jhunjhunu,"Indra Nagar, Jhunjhunu - RSPCB","12-11-2025 02:00:00",28.108988,75.386577,NO2,14,160,63
India,Rajasthan,Jodhpur,"Collectorate, Jodhpur - RSPCB","12-11-2025 02:00:00",26.268249,73.0193853,NO2,7,25,12
India,Rajasthan,Jodhpur,"Collectorate, Jodhpur - RSPCB","12-11-2025 02:00:00",26.268249,73.0193853,OZONE,3,80,10
India,Rajasthan,Jodhpur,"Digari Kalan, Jodhpur - RSPCB","12-11-2025 02:00:00",26.295810,73.082283,CO,26,101,63
India,Rajasthan,Jodhpur,"Jhalamand, Jodhpur - RSPCB","12-11-2025 02:00:00",26.215415,73.070156,NH3,6,28,18
India,Rajasthan,Jodhpur,"Jhalamand, Jodhpur - RSPCB","12-11-2025 02:00:00",26.215415,73.070156,CO,12,81,55
India,Rajasthan,Jaipur,"Shastri Nagar, Jaipur - RSPCB","12-11-2025 02:00:00",26.9502929,75.730943,PM10,104,242,155
India,Rajasthan,Jaisalmer,"Sadar Bazar, Jaisalmer - RSPCB","12-11-2025 02:00:00",26.912329,70.909168,NO2,9,128,45
India,Rajasthan,Jaisalmer,"Sadar Bazar, Jaisalmer - RSPCB","12-11-2025 02:00:00",26.912329,70.909168,OZONE,1,117,22
India,Rajasthan,Jalore,"Mudtra Sili, Jalore - RSPCB","12-11-2025 02:00:00",25.344694,72.626208,PM2.5,35,305,94
India,Rajasthan,Jhalawar,"Rajlaxmi Nagar, Jhalawar - RSPCB","12-11-2025 02:00:00",24.588397,76.172782,PM10,54,167,92
India,Rajasthan,Jhalawar,"Rajlaxmi Nagar, Jhalawar - RSPCB","12-11-2025 02:00:00",24.588397,76.172782,NO2,39,77,55
India,Rajasthan,Kota,"Shrinath Puram, Kota - RSPCB","12-11-2025 02:00:00",25.14389,75.821256,SO2,1,14,6
India,Rajasthan,Nagaur,"Karni Colony, Nagaur - RSPCB","12-11-2025 02:00:00",27.213494,73.734444,SO2,2,14,6
India,Rajasthan,Nagaur,"Karni Colony, Nagaur - RSPCB","12-11-2025 02:00:00",27.213494,73.734444,CO,8,116,70
India,Rajasthan,Pratapgarh,"Pragati Nagar, Pratapgarh - RSPCB","12-11-2025 02:00:00",24.041198,74.780702,PM2.5,28,163,66
India,Rajasthan,Pratapgarh,"Pragati Nagar, Pratapgarh - RSPCB","12-11-2025 02:00:00",24.041198,74.780702,CO,14,55,31
India,Rajasthan,Rajsamand,"Dhoinda, Rajsamand - RSPCB","12-11-2025 02:00:00",25.036360,73.883502,PM2.5,10,400,66
India,Rajasthan,Jodhpur,"Samrat Ashok Udhyan, Jodhpur - RSPCB","12-11-2025 02:00:00",26.253384,72.976571,CO,20,117,85
India,Rajasthan,Karauli,"Satyawati Vihar, Karauli - RSPCB","12-11-2025 02:00:00",26.506177,77.025989,NH3,6,16,11
India,Rajasthan,Karauli,"Satyawati Vihar, Karauli - RSPCB","12-11-2025 02:00:00",26.506177,77.025989,CO,24,108,78
India,Rajasthan,Karauli,"Satyawati Vihar, Karauli - RSPCB","12-11-2025 02:00:00",26.506177,77.025989,OZONE,6,112,10
India,Rajasthan,Kota,"Dhanmandi, Kota - RSPCB","12-11-2025 02:00:00",25.164090,75.858137,PM10,88,214,135
India,Rajasthan,Kota,"Dhanmandi, Kota - RSPCB","12-11-2025 02:00:00",25.164090,75.858137,NO2,24,126,53
India,Rajasthan,Churu,"Subash Chowk, Churu - RSPCB","12-11-2025 02:00:00",28.296139,74.961696,NO2,9,118,51
India,Rajasthan,Churu,"Subash Chowk, Churu - RSPCB","12-11-2025 02:00:00",28.296139,74.961696,CO,8,120,77
India,Rajasthan,Dausa,"Khatikan Mohalla, Dausa - RSPCB","12-11-2025 02:00:00",26.895552,76.334753,NO2,26,139,64
India,Rajasthan,Dausa,"Khatikan Mohalla, Dausa - RSPCB","12-11-2025 02:00:00",26.895552,76.334753,OZONE,3,127,19
India,Rajasthan,Dungarpur,"Bhoiwada, Dungarpur - RSPCB","12-11-2025 02:00:00",23.837789,73.714926,NH3,5,8,6
India,Rajasthan,Rajsamand,"Dhoinda, Rajsamand - RSPCB","12-11-2025 02:00:00",25.036360,73.883502,CO,11,94,51
India,Rajasthan,Sikar,"Radhakishan Pura, Sikar - RSPCB","12-11-2025 02:00:00",27.608912,75.153302,OZONE,7,124,14
India,Rajasthan,Sirohi,"Vedhaynath Colony, Sirohi - RSPCB","12-11-2025 02:00:00",24.885261,72.857549,NO2,6,97,42
India,Rajasthan,Sirohi,"Vedhaynath Colony, Sirohi - RSPCB","12-11-2025 02:00:00",24.885261,72.857549,NH3,NA,NA,NA
India,Rajasthan,Sirohi,"Vedhaynath Colony, Sirohi - RSPCB","12-11-2025 02:00:00",24.885261,72.857549,OZONE,10,89,38
India,Rajasthan,Bhilwara,"Pratap Nagar, Bhilwara - RSPCB","12-11-2025 02:00:00",25.339605,74.618883,CO,18,123,90
India,Rajasthan,Bhiwadi,"RIICO Ind. Area III, Bhiwadi - RSPCB","12-11-2025 02:00:00",28.194909,76.862296,CO,2,127,74
India,Rajasthan,Bikaner,"MM Ground, Bikaner - RSPCB","12-11-2025 02:00:00",28.018792,73.292658,CO,14,110,68
India,Rajasthan,Bundi,"New Colony, Bundi - RSPCB","12-11-2025 02:00:00",25.435774,75.644272,PM2.5,55,311,107
India,Rajasthan,Chittorgarh,"Shastri Nagar, Chittorgarh - RSPCB","12-11-2025 02:00:00",24.892047,74.623527,PM10,65,248,116
India,Rajasthan,Tonk,"Shastri Nagar, Tonk - RSPCB","12-11-2025 02:00:00",26.159933,75.780517,PM2.5,72,435,192
India,Rajasthan,Tonk,"Shastri Nagar, Tonk - RSPCB","12-11-2025 02:00:00",26.159933,75.780517,SO2,1,4,2
India,Rajasthan,Udaipur,"Ashok Nagar, Udaipur - RSPCB","12-11-2025 02:00:00",24.5886166,73.6321397,OZONE,1,91,15
India,Sikkim,Gangtok,"Zero Point GICI, Gangtok - SSPCB","12-11-2025 02:00:00",27.338530,88.614099,CO,2,15,8
India,TamilNadu,Ariyalur,"Keelapalur, Ariyalur - TNPCB","12-11-2025 02:00:00",11.06825,79.07033,NH3,1,1,1
India,TamilNadu,Chengalpattu,"Crescent University, Chengalpattu - TNPCB","12-11-2025 02:00:00",12.8777316,80.0834807,PM10,30,75,46
India,TamilNadu,Chengalpattu,"Crescent University, Chengalpattu - TNPCB","12-11-2025 02:00:00",12.8777316,80.0834807,NH3,1,1,1
India,TamilNadu,Chennai,"Alandur Bus Depot, Chennai - CPCB","12-11-2025 02:00:00",12.9099161,80.1076538,OZONE,10,15,14
India,TamilNadu,Chennai,"Arumbakkam, Chennai - TNPCB","12-11-2025 02:00:00",13.0664,"80.2112 ",PM2.5,65,160,109
India,TamilNadu,Chennai,"Gandhi Nagar_Ennore, Chennai - TNPCB","12-11-2025 02:00:00",13.218341,80.32027,CO,8,9,8
India,TamilNadu,Chennai,"Kodungaiyur, Chennai - TNPCB","12-11-2025 02:00:00",13.1278,80.2642,PM10,58,150,105
India,TamilNadu,Chennai,"Kodungaiyur, Chennai - TNPCB","12-11-2025 02:00:00",13.1278,80.2642,NO2,4,13,6
India,TamilNadu,Chennai,"Kodungaiyur, Chennai - TNPCB","12-11-2025 02:00:00",13.1278,80.2642,CO,16,33,26
India,TamilNadu,Chennai,"Manali Village, Chennai - TNPCB","12-11-2025 02:00:00",13.1662,80.2584,NH3,1,2,1
India,TamilNadu,Coimbatore,"SIDCO Kurichi, Coimbatore - TNPCB","12-11-2025 02:00:00",10.942451,76.978996,PM2.5,10,307,154
India,TamilNadu,Coimbatore,"SIDCO Kurichi, Coimbatore - TNPCB","12-11-2025 02:00:00",10.942451,76.978996,PM10,15,151,97
India,TamilNadu,Coimbatore,"SIDCO Kurichi, Coimbatore - TNPCB","12-11-2025 02:00:00",10.942451,76.978996,SO2,21,23,22
India,TamilNadu,Cuddalore,"Kudikadu, Cuddalore - TNPCB","12-11-2025 02:00:00",11.6829898,79.7532099,NH3,1,6,3
India,TamilNadu,Cuddalore,"Semmandalam, Cuddalore - TNPCB","12-11-2025 02:00:00",11.7637683,79.7499835,PM10,40,100,65
India,TamilNadu,Cuddalore,"Semmandalam, Cuddalore - TNPCB","12-11-2025 02:00:00",11.7637683,79.7499835,NH3,1,3,2
India,TamilNadu,Gummidipoondi,"Anthoni Pillai Nagar, Gummidipoondi - TNPCB","12-11-2025 02:00:00",13.4127,80.1081,NO2,2,37,17
India,TamilNadu,Kanchipuram,"Kilambi, Kanchipuram - TNPCB","12-11-2025 02:00:00",12.864618,79.659968,SO2,NA,NA,NA
India,TamilNadu,Madurai,"Uchapatti, Madurai - TNPCB","12-11-2025 02:00:00",9.865935,78.022669,PM10,69,163,114
India,TamilNadu,Madurai,"Uchapatti, Madurai - TNPCB","12-11-2025 02:00:00",9.865935,78.022669,CO,25,30,27
India,TamilNadu,Madurai,"Uchapatti, Madurai - TNPCB","12-11-2025 02:00:00",9.865935,78.022669,OZONE,6,6,6
India,TamilNadu,Nagapattinam,"Velippalayam, Nagapattinam - TNPCB","12-11-2025 02:00:00",10.798548,79.838212,NO2,NA,NA,NA
India,TamilNadu,Nagapattinam,"Velippalayam, Nagapattinam - TNPCB","12-11-2025 02:00:00",10.798548,79.838212,SO2,NA,NA,NA
India,TamilNadu,Ooty,"Bombay Castel, Ooty - TNPCB","12-11-2025 02:00:00",11.4068288,76.7138973,PM10,NA,NA,NA
India,TamilNadu,Vellore,"Vasanthapuram, Vellore - TNPCB","12-11-2025 02:00:00",12.909494,79.131861,PM2.5,NA,NA,NA
India,TamilNadu,Vellore,"Vasanthapuram, Vellore - TNPCB","12-11-2025 02:00:00",12.909494,79.131861,SO2,NA,NA,NA
India,TamilNadu,Virudhunagar,"Collectorate Office, Virudhunagar - TNPCB","12-11-2025 02:00:00",9.559382,77.948828,NH3,8,9,8
India,Telangana,Hyderabad,"Central University, Hyderabad - TSPCB","12-11-2025 02:00:00",17.460103,78.334361,CO,20,80,70
India,Telangana,Hyderabad,"Central University, Hyderabad - TSPCB","12-11-2025 02:00:00",17.460103,78.334361,OZONE,5,28,20
India,Telangana,Hyderabad,"ECIL Kapra, Hyderabad - TSPCB","12-11-2025 02:00:00",17.470431,78.566959,NO2,16,16,16
India,TamilNadu,Salem,"Sona College of Technology, Salem - TNPCB","12-11-2025 02:00:00",11.679111,78.125052,OZONE,7,7,7
India,TamilNadu,Thoothukudi,"Meelavittan, Thoothukudi - TNPCB","12-11-2025 02:00:00","8.816428 ",78.099039,CO,1,187,23
India,TamilNadu,Tiruchirappalli,"St Joseph College, Tiruchirappalli - TNPCB","12-11-2025 02:00:00",10.830158,78.691849,PM2.5,20,60,38
India,TamilNadu,Tiruchirappalli,"St Joseph College, Tiruchirappalli - TNPCB","12-11-2025 02:00:00",10.830158,78.691849,NH3,1,1,1
India,TamilNadu,Tirunelveli,"Municipal Corporation Office, Tirunelveli - TNPCB","12-11-2025 02:00:00",8.728442,77.6962,OZONE,6,7,6
India,TamilNadu,Chennai,"Manali, Chennai - CPCB","12-11-2025 02:00:00",13.164544,80.26285,NH3,7,9,7
India,TamilNadu,Chennai,"Manali, Chennai - CPCB","12-11-2025 02:00:00",13.164544,80.26285,CO,17,66,43
India,TamilNadu,Chennai,"Royapuram, Chennai - TNPCB","12-11-2025 02:00:00",13.1036,80.2909,NH3,NA,NA,NA
India,TamilNadu,Chennai,"Velachery Res. Area, Chennai - CPCB","12-11-2025 02:00:00",13.0052189,80.2398125,PM2.5,31,89,54
India,TamilNadu,Chennai,"Velachery Res. Area, Chennai - CPCB","12-11-2025 02:00:00",13.0052189,80.2398125,SO2,14,16,15
India,Telangana,Hyderabad,"ICRISAT Patancheru, Hyderabad - TSPCB","12-11-2025 02:00:00",17.518400,78.278777,SO2,8,78,21
India,Telangana,Hyderabad,"IITH Kandi, Hyderabad - TSPCB","12-11-2025 02:00:00",17.585705,78.126199,NO2,NA,NA,NA
India,Telangana,Hyderabad,"IITH Kandi, Hyderabad - TSPCB","12-11-2025 02:00:00",17.585705,78.126199,OZONE,NA,NA,NA
India,Telangana,Hyderabad,"Kokapet, Hyderabad - TSPCB","12-11-2025 02:00:00",17.393559,78.339194,NO2,11,15,13
India,Telangana,Hyderabad,"Kokapet, Hyderabad - TSPCB","12-11-2025 02:00:00",17.393559,78.339194,SO2,12,17,14
India,TamilNadu,Palkalaiperur,"Bharathidasan University, Palkalaiperur - TNPCB","12-11-2025 02:00:00",10.681158,78.741746,PM2.5,29,48,39
India,TamilNadu,Palkalaiperur,"Bharathidasan University, Palkalaiperur - TNPCB","12-11-2025 02:00:00",10.681158,78.741746,SO2,7,11,10
India,Uttar_Pradesh,Jhansi,"Shivaji Nagar, Jhansi - UPPCB","12-11-2025 02:00:00",25.4547,78.6039,NO2,6,6,6
India,Uttar_Pradesh,Jhansi,"Shivaji Nagar, Jhansi - UPPCB","12-11-2025 02:00:00",25.4547,78.6039,CO,10,92,73
India,Uttar_Pradesh,Kanpur,"FTI Kidwai Nagar, Kanpur - UPPCB","12-11-2025 02:00:00",26.428282,80.327067,PM2.5,52,318,201
India,Uttar_Pradesh,Kanpur,"FTI Kidwai Nagar, Kanpur - UPPCB","12-11-2025 02:00:00",26.428282,80.327067,NO2,25,25,25
India,Uttar_Pradesh,Kanpur,"FTI Kidwai Nagar, Kanpur - UPPCB","12-11-2025 02:00:00",26.428282,80.327067,SO2,23,33,26
India,Uttar_Pradesh,Kanpur,"FTI Kidwai Nagar, Kanpur - UPPCB","12-11-2025 02:00:00",26.428282,80.327067,OZONE,20,22,21
India,Uttar_Pradesh,Kanpur,"NSI Kalyanpur, Kanpur - UPPCB","12-11-2025 02:00:00",26.509954,80.249612,PM2.5,62,309,197
India,Uttar_Pradesh,Kanpur,"NSI Kalyanpur, Kanpur - UPPCB","12-11-2025 02:00:00",26.509954,80.249612,NO2,22,22,22
India,Uttar_Pradesh,Kanpur,"NSI Kalyanpur, Kanpur - UPPCB","12-11-2025 02:00:00",26.509954,80.249612,SO2,17,25,19
India,Uttar_Pradesh,Kanpur,"NSI Kalyanpur, Kanpur - UPPCB","12-11-2025 02:00:00",26.509954,80.249612,OZONE,16,17,17
India,Uttar_Pradesh,Kanpur,"Nehru Nagar, Kanpur - UPPCB","12-11-2025 02:00:00",26.4703136,80.3229863,CO,28,56,48
India,Uttar_Pradesh,Kanpur,"Nehru Nagar, Kanpur - UPPCB","12-11-2025 02:00:00",26.4703136,80.3229863,OZONE,6,61,7
India,Uttar_Pradesh,Khurja,"Kalindi Kunj, Khurja - UPPCB","12-11-2025 02:00:00",28.2348927,77.8683002,PM10,179,469,379
India,Uttar_Pradesh,Lucknow,"Lalbagh, Lucknow - CPCB","12-11-2025 02:00:00",26.8458805,80.9365541,PM2.5,60,378,243
India,Uttar_Pradesh,Lucknow,"Lalbagh, Lucknow - CPCB","12-11-2025 02:00:00",26.8458805,80.9365541,NO2,26,65,46
India,Uttar_Pradesh,Lucknow,"Talkatora District Industries Center, Lucknow - CPCB","12-11-2025 02:00:00",26.83399722,80.8917361,NO2,33,63,51
India,Uttar_Pradesh,Lucknow,"Talkatora District Industries Center, Lucknow - CPCB","12-11-2025 02:00:00",26.83399722,80.8917361,SO2,1,21,7
India,Uttar_Pradesh,Lucknow,"Talkatora District Industries Center, Lucknow - CPCB","12-11-2025 02:00:00",26.83399722,80.8917361,OZONE,9,53,19
India,Uttar_Pradesh,Meerut,"Ganga Nagar, Meerut - UPPCB","12-11-2025 02:00:00",28.999264,77.7590354,SO2,2,23,8
India,Uttar_Pradesh,Meerut,"Jai Bhim Nagar, Meerut - UPPCB","12-11-2025 02:00:00",28.9535882,77.7622941,PM2.5,55,403,255
India,Uttar_Pradesh,Meerut,"Jai Bhim Nagar, Meerut - UPPCB","12-11-2025 02:00:00",28.9535882,77.7622941,NH3,11,25,18
India,Uttar_Pradesh,Meerut,"Jai Bhim Nagar, Meerut - UPPCB","12-11-2025 02:00:00",28.9535882,77.7622941,OZONE,31,198,58
India,Uttar_Pradesh,Meerut,"Pallavpuram Phase 2, Meerut - UPPCB","12-11-2025 02:00:00",29.063510,77.709723,PM2.5,63,448,296
India,Uttar_Pradesh,Baghpat,"Sardar Patel Inter College, Baghpat - UPPCB","12-11-2025 02:00:00",28.964949,77.278761,CO,NA,NA,NA
India,Uttar_Pradesh,Bareilly,"Civil Lines, Bareilly - UPPCB","12-11-2025 02:00:00",28.359581,79.414455,PM2.5,7,64,32
India,Uttar_Pradesh,Bareilly,"Civil Lines, Bareilly - UPPCB","12-11-2025 02:00:00",28.359581,79.414455,NH3,1,1,1
India,Uttar_Pradesh,Bulandshahr,"Yamunapuram, Bulandshahr - UPPCB","12-11-2025 02:00:00",28.406963,77.849831,PM10,172,465,340
India,Uttar_Pradesh,Bulandshahr,"Yamunapuram, Bulandshahr - UPPCB","12-11-2025 02:00:00",28.406963,77.849831,OZONE,2,58,11
India,Uttar_Pradesh,Firozabad,"Nagla Bhau, Firozabad - UPPCB","12-11-2025 02:00:00",27.168897,78.376960,PM10,82,197,135
India,Uttar_Pradesh,Firozabad,"Nagla Bhau, Firozabad - UPPCB","12-11-2025 02:00:00",27.168897,78.376960,NO2,17,17,17
India,Uttar_Pradesh,Firozabad,"Nagla Bhau, Firozabad - UPPCB","12-11-2025 02:00:00",27.168897,78.376960,NH3,2,2,2
India,Telangana,Hyderabad,"Zoo Park, Hyderabad - TSPCB","12-11-2025 02:00:00",17.349694,78.451437,NO2,14,31,22
India,Telangana,Hyderabad,"Zoo Park, Hyderabad - TSPCB","12-11-2025 02:00:00",17.349694,78.451437,NH3,3,4,3
India,Telangana,Hyderabad,"Zoo Park, Hyderabad - TSPCB","12-11-2025 02:00:00",17.349694,78.451437,CO,2,64,11
India,Tripura,Agartala,"Bardowali, Agartala - Tripura SPCB","12-11-2025 02:00:00",23.8175497,91.2726974,PM10,33,65,51
India,Tripura,Agartala,"Bardowali, Agartala - Tripura SPCB","12-11-2025 02:00:00",23.8175497,91.2726974,SO2,27,28,27
India,Uttar_Pradesh,Agra,"Manoharpur, Agra - UPPCB","12-11-2025 02:00:00",27.23711,78.01936,CO,25,32,27
India,Uttar_Pradesh,Agra,"Rohta, Agra - UPPCB","12-11-2025 02:00:00",27.106972,78.000111,PM2.5,72,316,210
India,Uttar_Pradesh,Ghaziabad,"Vasundhara, Ghaziabad - UPPCB","12-11-2025 02:00:00",28.6603346,77.3572563,SO2,21,106,35
India,Uttar_Pradesh,Ghaziabad,"Vasundhara, Ghaziabad - UPPCB","12-11-2025 02:00:00",28.6603346,77.3572563,CO,56,122,106
India,Uttar_Pradesh,"Greater Noida","Knowledge Park - III, Greater Noida - UPPCB","12-11-2025 02:00:00",28.47272,77.482000,NO2,52,147,115
India,Uttar_Pradesh,"Greater Noida","Knowledge Park - III, Greater Noida - UPPCB","12-11-2025 02:00:00",28.47272,77.482000,CO,22,120,102
India,Uttar_Pradesh,"Greater Noida","Knowledge Park - V, Greater Noida - UPPCB","12-11-2025 02:00:00",28.557054,77.453663,PM2.5,262,476,389
India,Uttar_Pradesh,Hapur,"Anand Vihar, Hapur - UPPCB","12-11-2025 02:00:00",28.725645,77.749675,OZONE,1,65,2
India,Telangana,Hyderabad,"Nacharam_TSIIC IALA, Hyderabad - TSPCB","12-11-2025 02:00:00",17.429398,78.569354,NH3,4,5,4
India,Telangana,Hyderabad,"New Malakpet, Hyderabad - TSPCB","12-11-2025 02:00:00",17.37206,78.50864,CO,22,32,25
India,Telangana,Hyderabad,"Ramachandrapuram, Hyderabad - TSPCB","12-11-2025 02:00:00",17.528544,78.286195,PM10,68,78,73
India,Telangana,Hyderabad,"Ramachandrapuram, Hyderabad - TSPCB","12-11-2025 02:00:00",17.528544,78.286195,NH3,2,3,3
India,Telangana,Hyderabad,"Sanathnagar, Hyderabad - TSPCB","12-11-2025 02:00:00",17.4559458,78.4332152,PM2.5,76,180,119
India,Telangana,Hyderabad,"Sanathnagar, Hyderabad - TSPCB","12-11-2025 02:00:00",17.4559458,78.4332152,NO2,26,30,27
India,Uttar_Pradesh,Firozabad,"Vibhab Nagar, Firozabad - UPPCB","12-11-2025 02:00:00",27.1594,78.3953,SO2,NA,NA,NA
India,Uttar_Pradesh,Firozabad,"Vibhab Nagar, Firozabad - UPPCB","12-11-2025 02:00:00",27.1594,78.3953,CO,NA,NA,NA
India,Uttar_Pradesh,Ghaziabad,"Indirapuram, Ghaziabad - UPPCB","12-11-2025 02:00:00",28.646233,77.358075,PM10,151,423,312
India,Uttar_Pradesh,Ghaziabad,"Indirapuram, Ghaziabad - UPPCB","12-11-2025 02:00:00",28.646233,77.358075,CO,13,135,105
India,Uttar_Pradesh,Ghaziabad,"Loni, Ghaziabad - UPPCB","12-11-2025 02:00:00",28.757294,77.278792,PM2.5,NA,NA,NA
India,Uttar_Pradesh,Agra,"Sanjay Palace, Agra - UPPCB","12-11-2025 02:00:00",27.19865833,78.00598056,PM10,94,314,185
India,Uttar_Pradesh,Agra,"Sanjay Palace, Agra - UPPCB","12-11-2025 02:00:00",27.19865833,78.00598056,CO,31,52,39
India,Uttar_Pradesh,Agra,"Sector-3B Avas Vikas Colony, Agra - UPPCB","12-11-2025 02:00:00",27.19412,77.96237,PM2.5,60,319,180
India,Uttar_Pradesh,Agra,"Shastripuram, Agra - UPPCB","12-11-2025 02:00:00",27.19862,77.92066,OZONE,6,8,6
India,Uttar_Pradesh,Lucknow,"B R Ambedkar University, Lucknow - UPPCB","12-11-2025 02:00:00",26.766433,80.927299,OZONE,27,28,28
India,Uttar_Pradesh,Lucknow,"Gomti Nagar, Lucknow - UPPCB","12-11-2025 02:00:00",26.868120,81.005119,PM10,52,134,98
India,Uttar_Pradesh,Lucknow,"Kendriya Vidyalaya, Lucknow - CPCB","12-11-2025 02:00:00",26.906111,80.948222,PM10,120,208,173
India,West_Bengal,Asansol,"Evelyn Lodge, Asansol - WBPCB","12-11-2025 02:00:00",23.6979360,86.9443950,CO,16,64,38
India,West_Bengal,Asansol,"Evelyn Lodge, Asansol - WBPCB","12-11-2025 02:00:00",23.6979360,86.9443950,OZONE,11,79,24
India,West_Bengal,Asansol,"Mahabir Colliery, Asansol - WBPCB","12-11-2025 02:00:00",23.6181830,87.1057180,CO,22,104,80
India,West_Bengal,Asansol,"Trivenidevi Bhalotia College, Asansol - WBPCB","12-11-2025 02:00:00",23.616515,87.119133,PM10,87,160,121
India,West_Bengal,Asansol,"Trivenidevi Bhalotia College, Asansol - WBPCB","12-11-2025 02:00:00",23.616515,87.119133,NO2,17,50,30
India,West_Bengal,Asansol,"Trivenidevi Bhalotia College, Asansol - WBPCB","12-11-2025 02:00:00",23.616515,87.119133,NH3,3,6,5
India,West_Bengal,Asansol,"Trivenidevi Bhalotia College, Asansol - WBPCB","12-11-2025 02:00:00",23.616515,87.119133,CO,18,64,50
India,West_Bengal,Asansol,"Trivenidevi Bhalotia College, Asansol - WBPCB","12-11-2025 02:00:00",23.616515,87.119133,OZONE,18,93,43
India,West_Bengal,Barrackpore,"SVSPA Campus, Barrackpore - WBPCB","12-11-2025 02:00:00",22.7605581,88.3617589,PM2.5,69,206,124
India,West_Bengal,Barrackpore,"SVSPA Campus, Barrackpore - WBPCB","12-11-2025 02:00:00",22.7605581,88.3617589,PM10,64,125,98
India,West_Bengal,Durgapur,"Mahishkapur Road_B-Zone, Durgapur - WBPCB","12-11-2025 02:00:00",23.567923,87.306843,PM2.5,NA,NA,NA
India,West_Bengal,Durgapur,"Mahishkapur Road_B-Zone, Durgapur - WBPCB","12-11-2025 02:00:00",23.567923,87.306843,OZONE,20,134,36
India,West_Bengal,Durgapur,"PCBL Residential Complex, Durgapur - WBPCB","12-11-2025 02:00:00",23.5087640,87.3544400,PM2.5,82,177,122
India,West_Bengal,Durgapur,"PCBL Residential Complex, Durgapur - WBPCB","12-11-2025 02:00:00",23.5087640,87.3544400,NH3,6,8,7
India,West_Bengal,Durgapur,"Womens College_City Center, Durgapur - WBPCB (Formerly known as Sidhu Kanhu Indoor Stadium)","12-11-2025 02:00:00",23.549395,87.300496,PM2.5,90,197,136
India,West_Bengal,Haldia,"Priyambada Housing Estate, Haldia - WBPCB","12-11-2025 02:00:00",22.06047,88.109737,CO,33,58,52
India,West_Bengal,Howrah,"Belur Math, Howrah - WBPCB","12-11-2025 02:00:00",22.629801,88.352017,PM10,118,215,158
India,West_Bengal,Howrah,"Botanical Garden, Howrah - WBPCB","12-11-2025 02:00:00",22.554954,88.292568,PM10,53,120,85
India,West_Bengal,Howrah,"Botanical Garden, Howrah - WBPCB","12-11-2025 02:00:00",22.554954,88.292568,NO2,NA,NA,NA
India,West_Bengal,Howrah,"Botanical Garden, Howrah - WBPCB","12-11-2025 02:00:00",22.554954,88.292568,NH3,NA,NA,NA
India,West_Bengal,Howrah,"Dasnagar, Howrah - WBPCB","12-11-2025 02:00:00",22.6025571,88.3105664,PM10,72,139,109
India,Uttar_Pradesh,Vrindavan,"Omex Eternity, Vrindavan - UPPCB","12-11-2025 02:00:00",27.5714090,77.6557570,OZONE,15,16,15
India,Uttarakhand,Kashipur,"Govt. Girls Inter College, Kashipur - UKPCB","12-11-2025 02:00:00",29.2124114,78.9611753,NH3,2,14,5
India,Uttarakhand,Rishikesh,"Shivaji Nagar, Rishikesh - UKPCB","12-11-2025 02:00:00",30.075911,78.2859547,PM2.5,NA,NA,NA
India,Uttarakhand,Rishikesh,"Shivaji Nagar, Rishikesh - UKPCB","12-11-2025 02:00:00",30.075911,78.2859547,NH3,NA,NA,NA
India,Uttarakhand,Rishikesh,"Shivaji Nagar, Rishikesh - UKPCB","12-11-2025 02:00:00",30.075911,78.2859547,SO2,NA,NA,NA
India,West_Bengal,Asansol,"Asansol Court Area, Asansol - WBPCB","12-11-2025 02:00:00",23.685297,86.945968,NH3,2,9,5
India,West_Bengal,Asansol,"Asansol Court Area, Asansol - WBPCB","12-11-2025 02:00:00",23.685297,86.945968,SO2,16,32,22
India,West_Bengal,Asansol,"Asansol Court Area, Asansol - WBPCB","12-11-2025 02:00:00",23.685297,86.945968,CO,34,79,60
India,Uttar_Pradesh,Moradabad,"Transport Nagar, Moradabad - UPPCB","12-11-2025 02:00:00",28.802625,78.753728,NO2,29,30,30
India,Uttar_Pradesh,Moradabad,"Transport Nagar, Moradabad - UPPCB","12-11-2025 02:00:00",28.802625,78.753728,OZONE,25,62,30
India,Uttar_Pradesh,Muzaffarnagar,"New Mandi, Muzaffarnagar - UPPCB","12-11-2025 02:00:00",29.4723508,77.7194031,PM2.5,39,332,207
India,Uttar_Pradesh,Muzaffarnagar,"New Mandi, Muzaffarnagar - UPPCB","12-11-2025 02:00:00",29.4723508,77.7194031,NO2,30,141,56
India,Uttar_Pradesh,Muzaffarnagar,"New Mandi, Muzaffarnagar - UPPCB","12-11-2025 02:00:00",29.4723508,77.7194031,NH3,7,11,9
India,Uttar_Pradesh,Muzaffarnagar,"New Mandi, Muzaffarnagar - UPPCB","12-11-2025 02:00:00",29.4723508,77.7194031,CO,16,104,59
India,Uttar_Pradesh,Noida,"Sector - 125, Noida - UPPCB","12-11-2025 02:00:00",28.5447608,77.3231257,NH3,13,25,20
India,Uttar_Pradesh,Noida,"Sector - 62, Noida - IMD","12-11-2025 02:00:00",28.6245479,77.3577104,PM2.5,NA,NA,NA
India,Uttar_Pradesh,Meerut,"Pallavpuram Phase 2, Meerut - UPPCB","12-11-2025 02:00:00",29.063510,77.709723,CO,2,106,47
India,Uttar_Pradesh,Moradabad,"Eco Herbal Park, Moradabad - UPPCB","12-11-2025 02:00:00",28.840739,78.697531,NH3,2,4,2
India,Uttar_Pradesh,Moradabad,"Eco Herbal Park, Moradabad - UPPCB","12-11-2025 02:00:00",28.840739,78.697531,SO2,8,35,17
India,Uttar_Pradesh,Moradabad,"Employment Office, Moradabad - UPPCB","12-11-2025 02:00:00",28.88528,78.73880,SO2,17,40,24
India,Uttar_Pradesh,Moradabad,"Employment Office, Moradabad - UPPCB","12-11-2025 02:00:00",28.88528,78.73880,OZONE,13,103,16
India,Uttar_Pradesh,Moradabad,"Jigar Colony, Moradabad - UPPCB","12-11-2025 02:00:00",28.856664,78.772638,NO2,24,25,25
India,Uttar_Pradesh,Noida,"Sector - 62, Noida - IMD","12-11-2025 02:00:00",28.6245479,77.3577104,CO,14,80,63
India,Uttar_Pradesh,Noida,"Sector-1, Noida - UPPCB","12-11-2025 02:00:00",28.5898,77.3101,NO2,69,201,146
India,Uttar_Pradesh,Noida,"Sector-1, Noida - UPPCB","12-11-2025 02:00:00",28.5898,77.3101,NH3,13,28,21
India,Uttar_Pradesh,Prayagraj,"Jhunsi, Prayagraj - UPPCB","12-11-2025 02:00:00",25.425602,81.917152,SO2,8,17,11
India,Uttar_Pradesh,Prayagraj,"Jhunsi, Prayagraj - UPPCB","12-11-2025 02:00:00",25.425602,81.917152,OZONE,15,34,18
India,Uttar_Pradesh,Prayagraj,"Motilal Nehru NIT, Prayagraj - UPPCB","12-11-2025 02:00:00",25.494,81.863,NH3,8,8,8
India,Uttar_Pradesh,Varanasi,"Ardhali Bazar, Varanasi - UPPCB","12-11-2025 02:00:00",25.3505986,82.9083074,PM10,105,267,154
India,Uttar_Pradesh,Varanasi,"Ardhali Bazar, Varanasi - UPPCB","12-11-2025 02:00:00",25.3505986,82.9083074,SO2,17,19,18
India,Uttar_Pradesh,Varanasi,"IESD Banaras Hindu University, Varanasi - UPPCB","12-11-2025 02:00:00",25.262326,82.995408,NH3,1,2,1
India,Uttar_Pradesh,Varanasi,"IESD Banaras Hindu University, Varanasi - UPPCB","12-11-2025 02:00:00",25.262326,82.995408,CO,12,34,25
India,Uttar_Pradesh,Varanasi,"Maldahiya, Varanasi - UPPCB","12-11-2025 02:00:00",25.32393,82.99687,NO2,2,2,2
India,Uttar_Pradesh,Varanasi,"Maldahiya, Varanasi - UPPCB","12-11-2025 02:00:00",25.32393,82.99687,OZONE,2,13,4
India,West_Bengal,Howrah,"Dasnagar, Howrah - WBPCB","12-11-2025 02:00:00",22.6025571,88.3105664,OZONE,1,112,37
India,West_Bengal,Howrah,"Ghusuri, Howrah - WBPCB","12-11-2025 02:00:00",22.611968,88.347422,NO2,21,37,26
India,West_Bengal,Howrah,"Ghusuri, Howrah - WBPCB","12-11-2025 02:00:00",22.611968,88.347422,SO2,12,44,24
India,West_Bengal,Howrah,"Padmapukur, Howrah - WBPCB","12-11-2025 02:00:00",22.5687319,88.2797276,SO2,3,11,7
India,West_Bengal,Asansol,"Evelyn Lodge, Asansol - WBPCB","12-11-2025 02:00:00",23.6979360,86.9443950,NO2,11,37,23
India,West_Bengal,Kolkata,"Fort William, Kolkata - WBPCB","12-11-2025 02:00:00",22.556640,88.342674,NO2,7,18,13
India,West_Bengal,Kolkata,"Fort William, Kolkata - WBPCB","12-11-2025 02:00:00",22.556640,88.342674,OZONE,7,80,18
India,West_Bengal,Kolkata,"Rabindra Bharati University, Kolkata - WBPCB","12-11-2025 02:00:00",22.627847,88.380669,PM2.5,73,195,113
India,West_Bengal,Kolkata,"Rabindra Bharati University, Kolkata - WBPCB","12-11-2025 02:00:00",22.627847,88.380669,PM10,88,170,122
India,West_Bengal,Kolkata,"Rabindra Sarobar, Kolkata - WBPCB","12-11-2025 02:00:00",22.51106,88.35142,SO2,8,40,19
India,West_Bengal,Kolkata,"Victoria, Kolkata - WBPCB","12-11-2025 02:00:00",22.5448082,88.3403691,PM10,95,159,121
India,West_Bengal,Kolkata,"Victoria, Kolkata - WBPCB","12-11-2025 02:00:00",22.5448082,88.3403691,NO2,12,26,18
India,West_Bengal,Kolkata,"Victoria, Kolkata - WBPCB","12-11-2025 02:00:00",22.5448082,88.3403691,CO,19,114,51
India,West_Bengal,Siliguri,"Ward-32 Bapupara, Siliguri - WBPCB","12-11-2025 02:00:00",26.6879226,88.4152495,CO,20,96,71
India,Bihar,Gaya,"SFTI Kusdihra, Gaya - BSPCB","12-11-2025 02:00:00",24.762518,84.982348,CO,28,50,41
India,Bihar,Katihar,"Mirchaibari, Katihar - BSPCB","12-11-2025 02:00:00",25.560083,87.553265,PM10,54,107,80
India,Bihar,Katihar,"Mirchaibari, Katihar - BSPCB","12-11-2025 02:00:00",25.560083,87.553265,NO2,15,18,16
India,Bihar,Katihar,"Mirchaibari, Katihar - BSPCB","12-11-2025 02:00:00",25.560083,87.553265,OZONE,5,8,6
India,Bihar,Kishanganj,"SDM Office_Khagra, Kishanganj - BSPCB","12-11-2025 02:00:00",26.0881305,87.93840336,CO,16,21,18
India,Bihar,Kishanganj,"SDM Office_Khagra, Kishanganj - BSPCB","12-11-2025 02:00:00",26.0881305,87.93840336,OZONE,16,18,17
India,Bihar,Manguraha,"Forest Rest House, Manguraha - BSPCB","12-11-2025 02:00:00",27.308328,84.531742,PM2.5,47,280,85
India,Bihar,Manguraha,"Forest Rest House, Manguraha - BSPCB","12-11-2025 02:00:00",27.308328,84.531742,NO2,3,11,5
India,Bihar,Manguraha,"Forest Rest House, Manguraha - BSPCB","12-11-2025 02:00:00",27.308328,84.531742,OZONE,10,20,11
India,Bihar,Motihari,"Gandak Colony, Motihari - BSPCB","12-11-2025 02:00:00",26.63086,84.90051,NO2,8,12,10
India,Bihar,Motihari,"Gandak Colony, Motihari - BSPCB","12-11-2025 02:00:00",26.63086,84.90051,NH3,3,3,3
India,Bihar,Munger,"Town Hall, Munger - BSPCB","12-11-2025 02:00:00",25.376776,86.471523,PM10,75,141,96
India,Bihar,Muzaffarpur,"Buddha Colony, Muzaffarpur - BSPCB","12-11-2025 02:00:00",26.11442,85.39813,NH3,4,10,8
India,Bihar,Muzaffarpur,"MIT-Daudpur Kothi, Muzaffarpur - BSPCB","12-11-2025 02:00:00",26.1403345,85.3650192,NO2,5,10,7
India,Bihar,Muzaffarpur,"MIT-Daudpur Kothi, Muzaffarpur - BSPCB","12-11-2025 02:00:00",26.1403345,85.3650192,CO,39,67,42
India,Bihar,Muzaffarpur,"Muzaffarpur Collectorate, Muzaffarpur - BSPCB","12-11-2025 02:00:00",26.1209,85.3647,PM2.5,88,118,100
India,Bihar,Patna,"DRM Office Danapur, Patna - BSPCB","12-11-2025 02:00:00",25.586562,85.043586,CO,34,120,69
India,Andhra_Pradesh,Vijayawada,"Rajiv Nagar, Vijayawada - APPCB","12-11-2025 02:00:00",16.554731,80.649110,SO2,11,27,16
India,Andhra_Pradesh,Visakhapatnam,"GVM Corporation, Visakhapatnam - APPCB","12-11-2025 02:00:00",17.72,83.3,OZONE,6,150,103
India,Arunachal_Pradesh,Naharlagun,"Naharlagun, Naharlagun - APSPCB","12-11-2025 02:00:00",27.103358,93.679645,CO,7,21,17
India,Assam,Byrnihat,"Central Academy for SFS, Byrnihat - PCBA","12-11-2025 02:00:00",26.071318,91.87488,CO,29,64,48
India,Assam,Guwahati,"IITG, Guwahati - PCBA","12-11-2025 02:00:00",26.2028636,91.70046436,PM2.5,33,89,62
India,Assam,Guwahati,"IITG, Guwahati - PCBA","12-11-2025 02:00:00",26.2028636,91.70046436,CO,7,18,14
India,Andhra_Pradesh,Tirumala,"Toll Gate, Tirumala - APPCB","12-11-2025 02:00:00",13.67,79.35,PM2.5,100,216,160
India,Andhra_Pradesh,Tirumala,"Toll Gate, Tirumala - APPCB","12-11-2025 02:00:00",13.67,79.35,NO2,20,34,27
India,Andhra_Pradesh,Tirumala,"Toll Gate, Tirumala - APPCB","12-11-2025 02:00:00",13.67,79.35,NH3,1,2,2
India,Andhra_Pradesh,Tirumala,"Toll Gate, Tirumala - APPCB","12-11-2025 02:00:00",13.67,79.35,SO2,5,9,7
India,Andhra_Pradesh,Tirumala,"Toll Gate, Tirumala - APPCB","12-11-2025 02:00:00",13.67,79.35,OZONE,21,101,26
India,Andhra_Pradesh,Tirupati,"Vaikuntapuram, Tirupati - APPCB","12-11-2025 02:00:00",13.615387,79.409230,PM2.5,NA,NA,NA
India,Andhra_Pradesh,Vijayawada,"HB Colony, Vijayawada - APPCB","12-11-2025 02:00:00",16.536107,80.594233,PM10,59,110,76
India,Andhra_Pradesh,Vijayawada,"HB Colony, Vijayawada - APPCB","12-11-2025 02:00:00",16.536107,80.594233,SO2,11,24,16
India,Andhra_Pradesh,Vijayawada,"HB Colony, Vijayawada - APPCB","12-11-2025 02:00:00",16.536107,80.594233,OZONE,22,73,27
India,Bihar,Aurangabad,"Gurdeo Nagar, Aurangabad - BSPCB","12-11-2025 02:00:00",24.75746,84.366208,OZONE,4,65,15
India,Bihar,Begusarai,"Lohiyanagar, Begusarai - BSPCB","12-11-2025 02:00:00",25.42742023,86.13886079,OZONE,20,47,22
India,Bihar,Bettiah,"Kamalnath Nagar, Bettiah - BSPCB","12-11-2025 02:00:00",26.80365,84.51954,NH3,1,2,1
India,Bihar,Bhagalpur,"Mayaganj, Bhagalpur - BSPCB","12-11-2025 02:00:00",25.265194,87.012947,PM10,69,107,86
India,Bihar,Bhagalpur,"Mayaganj, Bhagalpur - BSPCB","12-11-2025 02:00:00",25.265194,87.012947,SO2,26,46,34
India,Bihar,"Bihar Sharif","D M Colony, Bihar Sharif - BSPCB","12-11-2025 02:00:00",25.204762,85.514960,NO2,9,10,9
India,Andhra_Pradesh,Amaravati,"Secretariat, Amaravati - APPCB","12-11-2025 02:00:00",16.5150833,80.5181667,NO2,19,81,37
India,Andhra_Pradesh,Amaravati,"Secretariat, Amaravati - APPCB","12-11-2025 02:00:00",16.5150833,80.5181667,NH3,1,5,3
India,Andhra_Pradesh,Amaravati,"Secretariat, Amaravati - APPCB","12-11-2025 02:00:00",16.5150833,80.5181667,SO2,6,28,9
India,Andhra_Pradesh,Amaravati,"Secretariat, Amaravati - APPCB","12-11-2025 02:00:00",16.5150833,80.5181667,OZONE,10,59,24
India,Andhra_Pradesh,Chittoor,"Gangineni Cheruvu, Chittoor - APPCB","12-11-2025 02:00:00",13.204880,79.097889,NH3,5,6,6
India,Andhra_Pradesh,Chittoor,"Gangineni Cheruvu, Chittoor - APPCB","12-11-2025 02:00:00",13.204880,79.097889,SO2,7,32,16
India,Andhra_Pradesh,Chittoor,"Gangineni Cheruvu, Chittoor - APPCB","12-11-2025 02:00:00",13.204880,79.097889,OZONE,49,59,54
India,Andhra_Pradesh,Kadapa,"Yerramukkapalli, Kadapa - APPCB","12-11-2025 02:00:00",14.465052,78.824187,NH3,3,4,4
India,Assam,Sivasagar,"Girls College, Sivasagar - PCBA","12-11-2025 02:00:00",26.987634,94.636574,PM10,32,81,47
India,Assam,Sivasagar,"Girls College, Sivasagar - PCBA","12-11-2025 02:00:00",26.987634,94.636574,CO,6,45,38
India,Bihar,Araria,"Kharahiya Basti, Araria - BSPCB","12-11-2025 02:00:00",26.146529,87.454184,PM10,9,128,66
India,Bihar,Araria,"Kharahiya Basti, Araria - BSPCB","12-11-2025 02:00:00",26.146529,87.454184,CO,22,35,30
India,Bihar,Arrah,"New DM Office, Arrah - BSPCB","12-11-2025 02:00:00",25.5626095,84.663264,SO2,9,10,10
India,Bihar,Aurangabad,"Gurdeo Nagar, Aurangabad - BSPCB","12-11-2025 02:00:00",24.75746,84.366208,PM2.5,88,190,123
India,Assam,Guwahati,"LGBI Airport, Guwahati - PCBA","12-11-2025 02:00:00",26.10887,91.589544,NO2,13,20,15
India,Assam,Nagaon,"Christianpatty, Nagaon - PCBA","12-11-2025 02:00:00",26.349082,92.68449,PM2.5,28,33,29
India,Assam,Nagaon,"Christianpatty, Nagaon - PCBA","12-11-2025 02:00:00",26.349082,92.68449,NO2,1,9,1
India,Assam,Nagaon,"Christianpatty, Nagaon - PCBA","12-11-2025 02:00:00",26.349082,92.68449,OZONE,8,20,9
India,Bihar,Chhapra,"Darshan Nagar, Chhapra - BSPCB","12-11-2025 02:00:00",25.7808257,84.7446768,PM10,74,226,122
India,Bihar,Chhapra,"Darshan Nagar, Chhapra - BSPCB","12-11-2025 02:00:00",25.7808257,84.7446768,NO2,2,4,2
India,Bihar,Gaya,"Kareemganj, Gaya - BSPCB","12-11-2025 02:00:00",24.792403,84.992416,PM10,159,362,215
India,Bihar,Patna,"Govt. High School Shikarpur, Patna - BSPCB","12-11-2025 02:00:00",25.592539,85.227158,NH3,4,5,5
India,Bihar,Patna,"Govt. High School Shikarpur, Patna - BSPCB","12-11-2025 02:00:00",25.592539,85.227158,SO2,9,11,10
India,Delhi,Delhi,"Major Dhyan Chand National Stadium, Delhi - DPCC","12-11-2025 02:00:00",28.611281,77.237738,PM2.5,293,500,400
India,Delhi,Delhi,"Mandir Marg, Delhi - DPCC","12-11-2025 02:00:00",28.636429,77.201067,NH3,8,42,24
India,Delhi,Delhi,"Mandir Marg, Delhi - DPCC","12-11-2025 02:00:00",28.636429,77.201067,CO,4,94,69
India,Delhi,Delhi,"Mundka, Delhi - DPCC","12-11-2025 02:00:00",28.684678,77.076574,PM10,157,468,351
India,Delhi,Delhi,"Mundka, Delhi - DPCC","12-11-2025 02:00:00",28.684678,77.076574,NO2,76,197,126
India,Delhi,Delhi,"Mundka, Delhi - DPCC","12-11-2025 02:00:00",28.684678,77.076574,CO,28,103,84
India,Delhi,Delhi,"NSIT Dwarka, Delhi - CPCB","12-11-2025 02:00:00",28.60909,77.0325413,NO2,61,129,88
India,Delhi,Delhi,"NSIT Dwarka, Delhi - CPCB","12-11-2025 02:00:00",28.60909,77.0325413,SO2,10,10,10
India,Delhi,Delhi,"NSIT Dwarka, Delhi - CPCB","12-11-2025 02:00:00",28.60909,77.0325413,OZONE,8,85,12
India,Delhi,Delhi,"Najafgarh, Delhi - DPCC","12-11-2025 02:00:00",28.570173,76.933762,NH3,9,11,10
India,Delhi,Delhi,"Najafgarh, Delhi - DPCC","12-11-2025 02:00:00",28.570173,76.933762,SO2,14,28,20
India,Delhi,Delhi,"IHBAS, Dilshad Garden, Delhi - CPCB","12-11-2025 02:00:00",28.6811736,77.3025234,PM10,172,421,311
India,Delhi,Delhi,"IHBAS, Dilshad Garden, Delhi - CPCB","12-11-2025 02:00:00",28.6811736,77.3025234,NO2,51,56,53
India,Delhi,Delhi,"ITO, Delhi - CPCB","12-11-2025 02:00:00",28.628624,77.241060,CO,46,121,102
India,Delhi,Delhi,"ITO, Delhi - CPCB","12-11-2025 02:00:00",28.628624,77.241060,OZONE,3,76,9
India,Delhi,Delhi,"Jahangirpuri, Delhi - DPCC","12-11-2025 02:00:00",28.732820,77.170633,PM2.5,322,500,446
India,Delhi,Delhi,"Jahangirpuri, Delhi - DPCC","12-11-2025 02:00:00",28.732820,77.170633,NH3,1,7,6
India,Delhi,Delhi,"Jahangirpuri, Delhi - DPCC","12-11-2025 02:00:00",28.732820,77.170633,SO2,36,103,52
India,Delhi,Delhi,"Jahangirpuri, Delhi - DPCC","12-11-2025 02:00:00",28.732820,77.170633,OZONE,7,43,13
India,Delhi,Delhi,"Lodhi Road, Delhi - IITM","12-11-2025 02:00:00",28.588333,77.221667,PM2.5,146,377,295
India,Bihar,Patna,"Samanpura, Patna - BSPCB","12-11-2025 02:00:00",25.596727,85.085624,NH3,5,7,6
India,Bihar,Purnia,"Mariam Nagar, Purnia - BSPCB","12-11-2025 02:00:00",25.366336,87.117468,PM2.5,67,315,158
India,Bihar,Rajgir,"Dangi Tola, Rajgir - BSPCB","12-11-2025 02:00:00",25.03280,85.41948,PM2.5,33,133,89
India,Bihar,Rajgir,"Dangi Tola, Rajgir - BSPCB","12-11-2025 02:00:00",25.03280,85.41948,SO2,14,24,21
India,Bihar,Saharsa,"Police Line, Saharsa - BSPCB","12-11-2025 02:00:00",25.892357,86.590325,PM2.5,28,180,75
India,Bihar,Saharsa,"Police Line, Saharsa - BSPCB","12-11-2025 02:00:00",25.892357,86.590325,CO,34,44,38
India,Bihar,Samastipur,"DM Office_Kasipur, Samastipur - BSPCB","12-11-2025 02:00:00",25.859655,85.77944,NO2,8,9,8
India,Chhattisgarh,Bhilai,"Civic Center, Bhilai - Bhilai Steel Plant","12-11-2025 02:00:00",21.185571,81.343175,PM10,38,100,62
India,Chhattisgarh,Bhilai,"Civic Center, Bhilai - Bhilai Steel Plant","12-11-2025 02:00:00",21.185571,81.343175,NO2,8,10,9
India,Chhattisgarh,Bhilai,"Civic Center, Bhilai - Bhilai Steel Plant","12-11-2025 02:00:00",21.185571,81.343175,SO2,4,11,8
India,Chhattisgarh,Bhilai,"Hathkhoj, Bhilai - CECB","12-11-2025 02:00:00",21.224231,81.408350,SO2,9,50,21
India,Chhattisgarh,Bilaspur,"Mangala, Bilaspur - NTPC","12-11-2025 02:00:00",22.08815,82.13737,CO,34,46,37
India,Chhattisgarh,Chhal,"Nawapara SECL Colony, Chhal - CECB","12-11-2025 02:00:00",22.118125,83.140608,NH3,5,5,5
India,Chhattisgarh,Korba,"Rampur, Korba - CECB","12-11-2025 02:00:00",22.368195,82.746431,PM2.5,37,58,49
India,Delhi,Delhi,"Anand Vihar, Delhi - DPCC","12-11-2025 02:00:00",28.647622,77.3158090,NO2,102,255,174
India,Delhi,Delhi,"Anand Vihar, Delhi - DPCC","12-11-2025 02:00:00",28.647622,77.3158090,NH3,14,17,16
India,Delhi,Delhi,"Aya Nagar, Delhi - IMD","12-11-2025 02:00:00",28.4706914,77.1099364,PM10,227,500,393
India,Delhi,Delhi,"Aya Nagar, Delhi - IMD","12-11-2025 02:00:00",28.4706914,77.1099364,OZONE,5,202,45
India,Delhi,Delhi,"Bawana, Delhi - DPCC","12-11-2025 02:00:00",28.776200,77.051074,PM10,197,500,394
India,Delhi,Delhi,"Bawana, Delhi - DPCC","12-11-2025 02:00:00",28.776200,77.051074,NO2,15,107,50
India,Delhi,Delhi,"CRRI Mathura Road, Delhi - IMD","12-11-2025 02:00:00",28.5512005,77.2735737,PM2.5,165,500,428
India,Chhattisgarh,Korba,"Rampur, Korba - CECB","12-11-2025 02:00:00",22.368195,82.746431,PM10,48,63,62
India,Chhattisgarh,Korba,"Rampur, Korba - CECB","12-11-2025 02:00:00",22.368195,82.746431,NH3,2,2,2
India,Chhattisgarh,Korba,"Rampur, Korba - CECB","12-11-2025 02:00:00",22.368195,82.746431,CO,19,38,31
India,Chhattisgarh,Korba,"Urja Nagar, Korba - CECB","12-11-2025 02:00:00",22.348441,82.549611,OZONE,35,36,36
India,Chhattisgarh,Kunjemura,"OP Jindal School, Kunjemura - CECB","12-11-2025 02:00:00",22.126650,83.483212,SO2,2,17,8
India,Chhattisgarh,Milupara,"Govt. Higher Secondary School, Milupara - CECB","12-11-2025 02:00:00",22.1910172,83.5197009,CO,8,38,23
India,Bihar,Sasaram,"Dada Peer, Sasaram - BSPCB","12-11-2025 02:00:00",24.952822,84.002396,OZONE,12,27,17
India,Bihar,Siwan,"Chitragupta Nagar, Siwan - BSPCB","12-11-2025 02:00:00",26.2271665,84.3570427,CO,NA,NA,NA
India,Chandigarh,Chandigarh,"Sector 22, Chandigarh - CPCC","12-11-2025 02:00:00",30.735567,76.775714,NO2,3,29,11
India,Chandigarh,Chandigarh,"Sector-25, Chandigarh - CPCC","12-11-2025 02:00:00",30.751462,76.762879,PM10,42,102,72
India,Chandigarh,Chandigarh,"Sector-53, Chandigarh - CPCC","12-11-2025 02:00:00",30.719859,76.738637,SO2,7,32,12
India,Delhi,Delhi,"Chandni Chowk, Delhi - IITM","12-11-2025 02:00:00",28.656756,77.227234,PM10,185,500,442
India,Delhi,Delhi,"DTU, Delhi - CPCB","12-11-2025 02:00:00",28.7500499,77.1112615,NH3,6,11,10
India,Delhi,Delhi,"DTU, Delhi - CPCB","12-11-2025 02:00:00",28.7500499,77.1112615,OZONE,7,23,14
India,Delhi,Delhi,"IGI Airport (T3), Delhi - IMD","12-11-2025 02:00:00",28.5627763,77.1180053,OZONE,2,6,4
India,Chhattisgarh,Raipur,"Siltara Phase-II, Raipur - CECB","12-11-2025 02:00:00",21.371751,81.664929,PM10,39,143,100
India,Chhattisgarh,Tumidih,"OP Jindal Industrial Park, Tumidih - CECB","12-11-2025 02:00:00",22.06631475,83.33820077,OZONE,7,105,20
India,Gujarat,Ahmedabad,"SVPI Airport Hansol, Ahmedabad - IITM","12-11-2025 02:00:00",23.076793,72.627874,OZONE,1,50,5
India,Gujarat,Ankleshwar,"GIDC, Ankleshwar - GPCB","12-11-2025 02:00:00",21.613267,73.010555,PM2.5,70,203,126
India,Gujarat,Ankleshwar,"GIDC, Ankleshwar - GPCB","12-11-2025 02:00:00",21.613267,73.010555,PM10,73,162,111
India,Gujarat,Ankleshwar,"GIDC, Ankleshwar - GPCB","12-11-2025 02:00:00",21.613267,73.010555,NH3,4,6,5
India,Gujarat,Ankleshwar,"GIDC, Ankleshwar - GPCB","12-11-2025 02:00:00",21.613267,73.010555,SO2,33,43,39
India,Gujarat,Gandhinagar,"GIFT City, Gandhinagar - IITM","12-11-2025 02:00:00",23.163798,72.677768,OZONE,2,78,7
India,Gujarat,Gandhinagar,"IIPHG Lekawada, Gandhinagar - IITM","12-11-2025 02:00:00",23.243639,72.68994,NH3,1,2,1
India,Gujarat,Gandhinagar,"Sector-10, Gandhinagar - GPCB","12-11-2025 02:00:00",23.221714,72.654328,PM2.5,67,297,164
India,Gujarat,Gandhinagar,"Sector-10, Gandhinagar - GPCB","12-11-2025 02:00:00",23.221714,72.654328,CO,30,50,44
India,Delhi,Delhi,"Vivek Vihar, Delhi - DPCC","12-11-2025 02:00:00",28.672342,77.315260,CO,3,102,68
India,Delhi,Delhi,"Wazirpur, Delhi - DPCC","12-11-2025 02:00:00",28.699793,77.165453,PM2.5,316,500,448
India,Delhi,Delhi,"Wazirpur, Delhi - DPCC","12-11-2025 02:00:00",28.699793,77.165453,CO,64,121,109
India,Gujarat,Ahmedabad,"Chandkheda, Ahmedabad - IITM","12-11-2025 02:00:00",23.107969,72.574648,NO2,13,125,62
India,Gujarat,Ahmedabad,"Maninagar, Ahmedabad - GPCB","12-11-2025 02:00:00",23.002657,72.591912,PM2.5,65,423,256
India,Gujarat,Ahmedabad,"Maninagar, Ahmedabad - GPCB","12-11-2025 02:00:00",23.002657,72.591912,PM10,73,337,168
India,Gujarat,Ahmedabad,"Maninagar, Ahmedabad - GPCB","12-11-2025 02:00:00",23.002657,72.591912,OZONE,1,63,8
India,Gujarat,Ahmedabad,"Raikhad, Ahmedabad - IITM","12-11-2025 02:00:00",23.020509,72.579261,PM2.5,77,338,225
India,Gujarat,Ahmedabad,"Raikhad, Ahmedabad - IITM","12-11-2025 02:00:00",23.020509,72.579261,NO2,NA,NA,NA
India,Gujarat,Ahmedabad,"Raikhad, Ahmedabad - IITM","12-11-2025 02:00:00",23.020509,72.579261,SO2,4,25,13
India,Gujarat,Ahmedabad,"Raikhad, Ahmedabad - IITM","12-11-2025 02:00:00",23.020509,72.579261,CO,3,132,91
India,Gujarat,Ahmedabad,"SAC ISRO Bopal, Ahmedabad - IITM","12-11-2025 02:00:00",23.041137,72.456691,NO2,18,24,21
India,Gujarat,Ahmedabad,"SAC ISRO Bopal, Ahmedabad - IITM","12-11-2025 02:00:00",23.041137,72.456691,NH3,3,3,3
India,Gujarat,Ahmedabad,"SAC ISRO Satellite, Ahmedabad - IITM","12-11-2025 02:00:00",23.023389,72.515201,PM10,98,150,121
India,Gujarat,Ahmedabad,"SAC ISRO Satellite, Ahmedabad - IITM","12-11-2025 02:00:00",23.023389,72.515201,NO2,26,160,95
India,Delhi,Delhi,"Shadipur, Delhi - CPCB","12-11-2025 02:00:00",28.6514781,77.1473105,OZONE,16,55,21
India,Delhi,Delhi,"Sirifort, Delhi - CPCB","12-11-2025 02:00:00",28.5504249,77.2159377,OZONE,6,26,8
India,Delhi,Delhi,"Sonia Vihar, Delhi - DPCC","12-11-2025 02:00:00",28.710508,77.249485,SO2,8,38,20
India,Delhi,Delhi,"Sri Aurobindo Marg, Delhi - DPCC","12-11-2025 02:00:00",28.531346,77.190156,OZONE,2,181,10
India,Delhi,Delhi,"Vivek Vihar, Delhi - DPCC","12-11-2025 02:00:00",28.672342,77.315260,NO2,40,169,95
India,Haryana,Ambala,"Patti Mehar, Ambala - HSPCB","12-11-2025 02:00:00",30.379589,76.778328,NO2,21,25,23
India,Haryana,Bahadurgarh,"Arya Nagar, Bahadurgarh - HSPCB","12-11-2025 02:00:00",28.6701,76.9254,NH3,12,13,13
India,Haryana,Bahadurgarh,"Arya Nagar, Bahadurgarh - HSPCB","12-11-2025 02:00:00",28.6701,76.9254,SO2,7,7,7
India,Haryana,Ballabgarh,"Nathu Colony, Ballabgarh - HSPCB","12-11-2025 02:00:00",28.3419248,77.319699,NO2,19,21,20
India,Haryana,Ballabgarh,"Nathu Colony, Ballabgarh - HSPCB","12-11-2025 02:00:00",28.3419248,77.319699,CO,48,52,50
India,Haryana,Bhiwani,"H.B. Colony, Bhiwani - HSPCB","12-11-2025 02:00:00",28.806223,76.141105,SO2,12,13,13
India,Delhi,Delhi,"Pusa, Delhi - DPCC","12-11-2025 02:00:00",28.639652,77.146275,PM2.5,333,500,424
India,Delhi,Delhi,"Pusa, Delhi - DPCC","12-11-2025 02:00:00",28.639652,77.146275,NO2,73,220,133
India,Delhi,Delhi,"Pusa, Delhi - DPCC","12-11-2025 02:00:00",28.639652,77.146275,SO2,7,30,17
India,Delhi,Delhi,"Narela, Delhi - DPCC","12-11-2025 02:00:00",28.822836,77.101981,SO2,11,41,25
India,Delhi,Delhi,"Okhla Phase-2, Delhi - DPCC","12-11-2025 02:00:00",28.530785,77.271255,PM10,233,465,343
India,Delhi,Delhi,"R K Puram, Delhi - DPCC","12-11-2025 02:00:00",28.563262,77.186937,NO2,48,154,108
India,Haryana,Gurugram,"Teri Gram, Gurugram - HSPCB","12-11-2025 02:00:00",28.4275,77.1465,PM10,NA,NA,NA
India,Haryana,Gurugram,"Teri Gram, Gurugram - HSPCB","12-11-2025 02:00:00",28.4275,77.1465,SO2,NA,NA,NA
India,Haryana,Gurugram,"Vikas Sadan, Gurugram - HSPCB","12-11-2025 02:00:00",28.4501238,77.0263051,NO2,9,45,26
India,Haryana,Gurugram,"Vikas Sadan, Gurugram - HSPCB","12-11-2025 02:00:00",28.4501238,77.0263051,CO,90,135,114
India,Haryana,Hisar,"Urban Estate-II, Hisar - HSPCB","12-11-2025 02:00:00",29.140560,75.744941,PM2.5,86,305,194
India,Haryana,Hisar,"Urban Estate-II, Hisar - HSPCB","12-11-2025 02:00:00",29.140560,75.744941,NO2,11,12,11
India,Haryana,Hisar,"Urban Estate-II, Hisar - HSPCB","12-11-2025 02:00:00",29.140560,75.744941,NH3,4,5,5
India,Haryana,Hisar,"Urban Estate-II, Hisar - HSPCB","12-11-2025 02:00:00",29.140560,75.744941,SO2,10,13,11
India,Haryana,Hisar,"Urban Estate-II, Hisar - HSPCB","12-11-2025 02:00:00",29.140560,75.744941,CO,55,101,88
India,Haryana,Kaithal,"Rishi Nagar, Kaithal - HSPCB","12-11-2025 02:00:00",29.8006,76.4155,PM2.5,159,377,250
India,Haryana,Kaithal,"Rishi Nagar, Kaithal - HSPCB","12-11-2025 02:00:00",29.8006,76.4155,CO,17,105,93
India,Haryana,Faridabad,"New Industrial Town, Faridabad - HSPCB","12-11-2025 02:00:00",28.39072,77.30059,NO2,24,27,25
India,Haryana,Faridabad,"New Industrial Town, Faridabad - HSPCB","12-11-2025 02:00:00",28.39072,77.30059,NH3,11,12,11
India,Haryana,Faridabad,"Sector 11, Faridabad - HSPCB","12-11-2025 02:00:00",28.376058,77.315741,PM10,126,258,172
India,Haryana,Faridabad,"Sector 11, Faridabad - HSPCB","12-11-2025 02:00:00",28.376058,77.315741,OZONE,8,149,19
India,Haryana,Fatehabad,"Huda Sector, Fatehabad - HSPCB","12-11-2025 02:00:00",29.503664,75.467934,NH3,13,14,14
India,Haryana,Fatehabad,"Huda Sector, Fatehabad - HSPCB","12-11-2025 02:00:00",29.503664,75.467934,SO2,4,36,17
India,Haryana,Fatehabad,"Huda Sector, Fatehabad - HSPCB","12-11-2025 02:00:00",29.503664,75.467934,CO,25,58,35
India,Haryana,Gurugram,"NISE Gwal Pahari, Gurugram - IMD","12-11-2025 02:00:00",28.422681,77.148944,CO,34,115,60
India,Haryana,Gurugram,"Sector-51, Gurugram - HSPCB","12-11-2025 02:00:00",28.4227,77.0667,NO2,4,10,6
India,Haryana,Narnaul,"Shastri Nagar, Narnaul - HSPCB","12-11-2025 02:00:00",28.060249,76.113115,NO2,14,40,24
India,Haryana,Narnaul,"Shastri Nagar, Narnaul - HSPCB","12-11-2025 02:00:00",28.060249,76.113115,NH3,3,8,5
India,Haryana,Narnaul,"Shastri Nagar, Narnaul - HSPCB","12-11-2025 02:00:00",28.060249,76.113115,CO,18,48,34
India,Haryana,Palwal,"Shyam Nagar, Palwal - HSPCB","12-11-2025 02:00:00",28.1485564,77.3320667,PM10,118,176,145
India,Haryana,Palwal,"Shyam Nagar, Palwal - HSPCB","12-11-2025 02:00:00",28.1485564,77.3320667,SO2,12,13,12
India,Haryana,Palwal,"Shyam Nagar, Palwal - HSPCB","12-11-2025 02:00:00",28.1485564,77.3320667,CO,28,28,28
India,Haryana,Panchkula,"Sector-6, Panchkula - HSPCB ","12-11-2025 02:00:00",30.7057778,76.8531805555555,NO2,24,26,25
India,Haryana,Panipat,"Sector-18, Panipat - HSPCB","12-11-2025 02:00:00",29.432304,76.972765,PM2.5,96,380,256
India,Haryana,Panipat,"Sector-18, Panipat - HSPCB","12-11-2025 02:00:00",29.432304,76.972765,PM10,110,406,204
India,Jammu_and_Kashmir,Srinagar,"Rajbagh, Srinagar - JKSPCB","12-11-2025 02:00:00",34.066206,74.819820,CO,8,20,15
India,Jharkhand,Dhanbad,"Sardar Patel Nagar, Dhanbad - JSPCB","12-11-2025 02:00:00",23.80569,86.44268,PM10,NA,NA,NA
India,Karnataka,Bagalkot,"Vidayagiri, Bagalkot - KSPCB","12-11-2025 02:00:00",16.172806,75.659694,PM2.5,35,36,35
India,Karnataka,Bagalkot,"Vidayagiri, Bagalkot - KSPCB","12-11-2025 02:00:00",16.172806,75.659694,NO2,11,12,12
India,Karnataka,Belgaum,"Ramteerth Nagar, Belgaum - KSPCB","12-11-2025 02:00:00",15.888653,74.541751,CO,14,18,15
India,Karnataka,Belgaum,"Ramteerth Nagar, Belgaum - KSPCB","12-11-2025 02:00:00",15.888653,74.541751,OZONE,19,20,20
India,Karnataka,Bengaluru,"BTM Layout, Bengaluru - CPCB","12-11-2025 02:00:00",12.9135218,77.5950804,PM10,73,74,74
India,Haryana,Karnal,"Sector-12, Karnal - HSPCB","12-11-2025 02:00:00",29.695300,77.002700,NO2,9,11,10
India,Haryana,Karnal,"Sector-12, Karnal - HSPCB","12-11-2025 02:00:00",29.695300,77.002700,SO2,14,17,15
India,Haryana,Kurukshetra,"Sector-7, Kurukshetra - HSPCB","12-11-2025 02:00:00",29.966942,76.875879,PM10,90,150,125
India,Haryana,Kurukshetra,"Sector-7, Kurukshetra - HSPCB","12-11-2025 02:00:00",29.966942,76.875879,NH3,5,5,5
India,Haryana,Kurukshetra,"Sector-7, Kurukshetra - HSPCB","12-11-2025 02:00:00",29.966942,76.875879,SO2,9,17,12
India,Haryana,Mandikhera,"General Hospital, Mandikhera - HSPCB","12-11-2025 02:00:00",27.9002,76.9938,NO2,20,24,21
India,Haryana,Manesar,"Sector-2 IMT, Manesar - HSPCB","12-11-2025 02:00:00",28.360699,76.936090,PM2.5,104,402,282
India,Haryana,Rohtak,"MD University, Rohtak - HSPCB","12-11-2025 02:00:00",28.52123,76.37138,PM10,136,407,284
India,Haryana,Sirsa,"F-Block, Sirsa - HSPCB","12-11-2025 02:00:00",29.536400,75.015800,NO2,11,28,18
India,Haryana,Sirsa,"F-Block, Sirsa - HSPCB","12-11-2025 02:00:00",29.536400,75.015800,SO2,5,7,6
India,Haryana,Sonipat,"Murthal, Sonipat - HSPCB","12-11-2025 02:00:00",29.027200,77.062100,PM2.5,266,495,387
India,Haryana,Sonipat,"Murthal, Sonipat - HSPCB","12-11-2025 02:00:00",29.027200,77.062100,NH3,7,21,16
India,Haryana,Sonipat,"Murthal, Sonipat - HSPCB","12-11-2025 02:00:00",29.027200,77.062100,SO2,5,9,7
India,Haryana,"Yamuna Nagar","Gobind Pura, Yamuna Nagar - HSPCB","12-11-2025 02:00:00",30.1480566,77.2893471,NO2,11,11,11
India,Karnataka,Bengaluru,"BWSSB Kadabesanahalli, Bengaluru - CPCB","12-11-2025 02:00:00",12.9352049,77.6814488,PM10,306,306,306
India,Karnataka,Bengaluru,"BWSSB Kadabesanahalli, Bengaluru - CPCB","12-11-2025 02:00:00",12.9352049,77.6814488,CO,3,58,28
India,Karnataka,Bengaluru,"Hebbal, Bengaluru - KSPCB","12-11-2025 02:00:00",13.029152,77.585901,PM2.5,66,153,98
India,Karnataka,Bengaluru,"Hebbal, Bengaluru - KSPCB","12-11-2025 02:00:00",13.029152,77.585901,SO2,1,6,2
India,Karnataka,Bengaluru,"Hombegowda Nagar, Bengaluru - KSPCB","12-11-2025 02:00:00",12.938539,77.590100,PM10,100,134,109
India,Karnataka,Bengaluru,"Hombegowda Nagar, Bengaluru - KSPCB","12-11-2025 02:00:00",12.938539,77.590100,SO2,8,16,12
India,Karnataka,Bengaluru,"Jayanagar 5th Block, Bengaluru - KSPCB","12-11-2025 02:00:00",12.920984,77.584908,PM10,84,168,114
India,Karnataka,Bengaluru,"Kasturi Nagar, Bengaluru - KSPCB","12-11-2025 02:00:00",13.003872,77.664217,NH3,2,3,2
India,Karnataka,Bengaluru,"RVCE-Mailasandra, Bengaluru - KSPCB","12-11-2025 02:00:00",12.921418,77.502466,PM2.5,27,29,28
India,Karnataka,Bengaluru,"RVCE-Mailasandra, Bengaluru - KSPCB","12-11-2025 02:00:00",12.921418,77.502466,OZONE,17,17,17
India,Karnataka,Bengaluru,"Shivapura_Peenya, Bengaluru - KSPCB","12-11-2025 02:00:00",13.0246342,77.5080115,NO2,33,36,35
India,Karnataka,Chikkamagaluru,"Kalyana Nagara, Chikkamagaluru - KSPCB","12-11-2025 02:00:00",13.328028,75.797056,NO2,NA,NA,NA
India,"Madhya Pradesh",Bhopal,"Paryavaran Parisar, Bhopal - MPPCB","12-11-2025 02:00:00",23.210494,77.425409,SO2,3,11,8
India,"Madhya Pradesh",Bhopal,"Paryavaran Parisar, Bhopal - MPPCB","12-11-2025 02:00:00",23.210494,77.425409,OZONE,16,93,28
India,"Madhya Pradesh",Bhopal,"T T Nagar, Bhopal - MPPCB","12-11-2025 02:00:00",23.233584,77.400574,SO2,7,11,9
India,"Madhya Pradesh",Bhopal,"T T Nagar, Bhopal - MPPCB","12-11-2025 02:00:00",23.233584,77.400574,CO,27,121,97
India,"Madhya Pradesh",Bhopal,"T T Nagar, Bhopal - MPPCB","12-11-2025 02:00:00",23.233584,77.400574,OZONE,7,193,34
India,"Madhya Pradesh",Dewas,"Bhopal Chauraha, Dewas - MPPCB","12-11-2025 02:00:00",22.9682591,76.064118,SO2,15,59,33
India,"Madhya Pradesh",Dewas,"Bhopal Chauraha, Dewas - MPPCB","12-11-2025 02:00:00",22.9682591,76.064118,OZONE,20,25,23
India,"Madhya Pradesh",Gwalior,"City Center, Gwalior - MPPCB","12-11-2025 02:00:00",26.203442,78.193251,NO2,15,151,54
India,"Madhya Pradesh",Gwalior,"Deen Dayal Nagar, Gwalior - MPPCB","12-11-2025 02:00:00",26.259242,78.216432,SO2,3,49,17
India,"Madhya Pradesh",Jabalpur,"Suhagi, Jabalpur - JMC","12-11-2025 02:00:00",23.218135,79.957770,PM2.5,160,327,240
India,"Madhya Pradesh",Jabalpur,"Suhagi, Jabalpur - JMC","12-11-2025 02:00:00",23.218135,79.957770,NH3,1,6,2
India,"Madhya Pradesh",Katni,"Gole Bazar, Katni - MPPCB","12-11-2025 02:00:00",23.50016,80.23284,NH3,4,5,5
India,"Madhya Pradesh",Mandideep,"Sector-D Industrial Area, Mandideep - MPPCB","12-11-2025 02:00:00",23.108440,77.511428,NO2,36,227,111
India,"Madhya Pradesh",Pithampur,"Sector-2 Industrial Area, Pithampur - MPPCB","12-11-2025 02:00:00",22.624758,75.675238,CO,16,62,34
India,"Madhya Pradesh",Pithampur,"Sector-2 Industrial Area, Pithampur - MPPCB","12-11-2025 02:00:00",22.624758,75.675238,OZONE,28,74,53
India,Kerala,Thiruvananthapuram,"Kariavattom, Thiruvananthapuram - Kerala PCB","12-11-2025 02:00:00",8.563700,76.886500,PM10,61,68,65
India,Kerala,Thiruvananthapuram,"Kariavattom, Thiruvananthapuram - Kerala PCB","12-11-2025 02:00:00",8.563700,76.886500,NH3,1,1,1
India,Kerala,Thiruvananthapuram,"Plammoodu, Thiruvananthapuram - Kerala PCB","12-11-2025 02:00:00",8.5149093,76.9435879,NH3,3,16,8
India,"Madhya Pradesh",Bhopal,"Idgah Hills, Bhopal - MPPCB","12-11-2025 02:00:00",23.264759,77.381568,NH3,4,6,5
India,"Madhya Pradesh",Bhopal,"Idgah Hills, Bhopal - MPPCB","12-11-2025 02:00:00",23.264759,77.381568,OZONE,42,108,66
India,"Madhya Pradesh",Bhopal,"Paryavaran Parisar, Bhopal - MPPCB","12-11-2025 02:00:00",23.210494,77.425409,NH3,5,12,6
India,Karnataka,Yadgir,"Collector Office, Yadgir - KSPCB","12-11-2025 02:00:00",16.7602,77.1428,OZONE,12,18,16
India,Kerala,Kannur,"Thavakkara, Kannur - Kerala PCB","12-11-2025 02:00:00",11.875000,75.373200,PM2.5,42,50,46
India,Kerala,Kannur,"Thavakkara, Kannur - Kerala PCB","12-11-2025 02:00:00",11.875000,75.373200,PM10,56,61,57
India,Kerala,Kannur,"Thavakkara, Kannur - Kerala PCB","12-11-2025 02:00:00",11.875000,75.373200,NO2,13,17,15
India,Kerala,Kannur,"Thavakkara, Kannur - Kerala PCB","12-11-2025 02:00:00",11.875000,75.373200,NH3,1,2,2
India,Kerala,Kannur,"Thavakkara, Kannur - Kerala PCB","12-11-2025 02:00:00",11.875000,75.373200,SO2,3,6,5
India,Kerala,Kollam,"Polayathode, Kollam - Kerala PCB","12-11-2025 02:00:00",8.8787,76.6073,CO,NA,NA,NA
India,Karnataka,Kalaburagi,"Mahatma Basaveswar Colony, Kalaburgi - KSPCB","12-11-2025 02:00:00",17.336318,76.847397,PM10,27,89,45
India,Karnataka,Kalaburagi,"Mahatma Basaveswar Colony, Kalaburgi - KSPCB","12-11-2025 02:00:00",17.336318,76.847397,NH3,2,4,3
India,Karnataka,Kalaburagi,"Mahatma Basaveswar Colony, Kalaburgi - KSPCB","12-11-2025 02:00:00",17.336318,76.847397,CO,36,72,46
India,Karnataka,Koppal,"Diwator Nagar, Koppal - KSPCB","12-11-2025 02:00:00",15.347630,76.181767,NO2,29,38,33
India,Karnataka,Koppal,"Diwator Nagar, Koppal - KSPCB","12-11-2025 02:00:00",15.347630,76.181767,SO2,6,15,12
India,Karnataka,Mysuru,"Hebbal 1st Stage, Mysuru - KSPCB","12-11-2025 02:00:00",12.21041,76.37376,SO2,1,14,6
India,"Madhya Pradesh",Gwalior,"Maharaj Bada, Gwalior - MPPCB","12-11-2025 02:00:00",26.200388,78.147714,SO2,3,12,9
India,"Madhya Pradesh",Gwalior,"Maharaj Bada, Gwalior - MPPCB","12-11-2025 02:00:00",26.200388,78.147714,OZONE,8,142,23
India,"Madhya Pradesh",Indore,"Airport Area, Indore - IMC","12-11-2025 02:00:00",22.7289,75.8076,CO,6,14,9
India,"Madhya Pradesh",Indore,"Chhoti Gwaltoli, Indore - MPPCB","12-11-2025 02:00:00",22.4310,75.5213,SO2,10,28,17
India,"Madhya Pradesh",Indore,"Regional Park, Indore - IMC","12-11-2025 02:00:00",22.6780,75.8559,NO2,7,9,7
India,Karnataka,Dharwad,"Kalabhavan, Dharwad - KSPCB","12-11-2025 02:00:00",15.459706,75.008381,PM10,66,101,90
India,Karnataka,Gadag,"Panchal Nagar, Gadag - KSPCB","12-11-2025 02:00:00",15.411456,75.638133,PM10,15,28,21
India,Karnataka,Hubballi,"Lingaraj Nagar, Hubballi - KSPCB","12-11-2025 02:00:00",15.3714823,75.1160168,PM10,49,63,60
India,Karnataka,Hubballi,"Lingaraj Nagar, Hubballi - KSPCB","12-11-2025 02:00:00",15.3714823,75.1160168,NH3,1,2,2
India,Karnataka,Hubballi,"Lingaraj Nagar, Hubballi - KSPCB","12-11-2025 02:00:00",15.3714823,75.1160168,OZONE,15,22,15
India,"Madhya Pradesh",Indore,"Residency Area, Indore - IMC","12-11-2025 02:00:00",22.7084,75.8815,NO2,NA,NA,NA
India,"Madhya Pradesh",Jabalpur,"Govindh Bhavan Colony, Jabalpur - JMC","12-11-2025 02:00:00",23.163174,79.973061,CO,26,56,46
India,"Madhya Pradesh",Jabalpur,"Govindh Bhavan Colony, Jabalpur - JMC","12-11-2025 02:00:00",23.163174,79.973061,OZONE,7,92,15
India,"Madhya Pradesh",Jabalpur,"Marhatal, Jabalpur - MPPCB","12-11-2025 02:00:00",23.168606,79.932247,NO2,14,155,49
India,Karnataka,Tumakuru,"Thimmalapura, Tumakuru - KSPCB","12-11-2025 02:00:00",13.377516,77.099072,CO,53,54,54
India,Karnataka,Udupi,"Brahmagiri, Udupi - KSPCB","12-11-2025 02:00:00",13.34194444,74.74694444,NH3,1,2,2
India,Karnataka,Yadgir,"Collector Office, Yadgir - KSPCB","12-11-2025 02:00:00",16.7602,77.1428,NO2,NA,NA,NA
India,"Madhya Pradesh",Ratlam,"Shasthri Nagar, Ratlam - IPCA Lab","12-11-2025 02:00:00",23.331731,75.045981,NO2,35,36,36
India,"Madhya Pradesh",Sagar,"Civil Lines, Sagar - MPPCB","12-11-2025 02:00:00",23.838586,78.759431,NH3,1,3,1
India,"Madhya Pradesh",Sagar,"Civil Lines, Sagar - MPPCB","12-11-2025 02:00:00",23.838586,78.759431,CO,26,78,42
India,"Madhya Pradesh",Singrauli,"Suryakiran Bhawan NCL, Singrauli - MPPCB","12-11-2025 02:00:00",24.108970,82.645580,NO2,21,98,31
India,Maharashtra,Ahmednagar,"Tarakpur, Ahmednagar - MPCB","12-11-2025 02:00:00",19.10122,74.73339,PM2.5,61,130,89
India,Maharashtra,Akola,"Ramdaspeth, Akola - MPCB","12-11-2025 02:00:00",20.719516,77.000253,PM2.5,40,324,71
India,Maharashtra,Akola,"Ramdaspeth, Akola - MPCB","12-11-2025 02:00:00",20.719516,77.000253,PM10,48,168,77
India,Maharashtra,Akola,"Ramdaspeth, Akola - MPCB","12-11-2025 02:00:00",20.719516,77.000253,NO2,14,85,28
India,Maharashtra,Malegaon,"Mahesh Nagar, Malegaon - MPCB","12-11-2025 02:00:00",20.555712,74.529236,NO2,12,103,38
India,Maharashtra,Malegaon,"Mahesh Nagar, Malegaon - MPCB","12-11-2025 02:00:00",20.555712,74.529236,NH3,1,18,3
India,Maharashtra,Mira-Bhayandar,"Bhayandar West, Mira-Bhayandar - MPCB","12-11-2025 02:00:00",19.296481,72.840923,NO2,NA,NA,NA
India,Maharashtra,Mumbai,"Bandra Kurla Complex, Mumbai - IITM","12-11-2025 02:00:00",19.053536,72.84643,SO2,4,8,5
India,Maharashtra,Mumbai,"Bandra Kurla Complex, Mumbai - MPCB","12-11-2025 02:00:00",19.065931,72.862131,PM2.5,72,164,118
India,Maharashtra,Mumbai,"Bandra Kurla Complex, Mumbai - MPCB","12-11-2025 02:00:00",19.065931,72.862131,OZONE,1,173,31
India,Maharashtra,Mumbai,"Borivali East, Mumbai - IITM","12-11-2025 02:00:00",19.23241,72.86895,PM2.5,NA,NA,NA
India,Maharashtra,Mumbai,"Borivali East, Mumbai - IITM","12-11-2025 02:00:00",19.23241,72.86895,PM10,NA,NA,NA
India,Maharashtra,Mumbai,"Borivali East, Mumbai - IITM","12-11-2025 02:00:00",19.23241,72.86895,NO2,NA,NA,NA
India,Maharashtra,Badlapur,"Katrap, Badlapur - MPCB","12-11-2025 02:00:00",19.16485,73.23409,PM10,63,157,107
India,Maharashtra,Badlapur,"Katrap, Badlapur - MPCB","12-11-2025 02:00:00",19.16485,73.23409,NH3,4,7,5
India,Maharashtra,Badlapur,"Katrap, Badlapur - MPCB","12-11-2025 02:00:00",19.16485,73.23409,CO,20,77,51
India,Maharashtra,Belapur,"CBD Belapur, Belapur - MPCB","12-11-2025 02:00:00",19.0243902,73.0406721,CO,12,46,30
India,Maharashtra,Bhiwandi,"Gokul Nagar, Bhiwandi - MPCB","12-11-2025 02:00:00",19.309073,73.057223,NH3,NA,NA,NA
India,Maharashtra,Bhiwandi,"Gokul Nagar, Bhiwandi - MPCB","12-11-2025 02:00:00",19.309073,73.057223,OZONE,15,82,24
India,Maharashtra,Boisar,"Khaira, Boisar - MPCB","12-11-2025 02:00:00",19.786089,72.757971,PM10,52,139,103
India,Maharashtra,Boisar,"Khaira, Boisar - MPCB","12-11-2025 02:00:00",19.786089,72.757971,OZONE,20,21,21
India,Maharashtra,Chandrapur,"Chauhan Colony, Chandrapur - MPCB","12-11-2025 02:00:00",19.962900,79.298714,OZONE,20,20,20
India,Maharashtra,Chandrapur,"MIDC Khutala, Chandrapur - MPCB","12-11-2025 02:00:00",19.9775302,79.2337086,PM2.5,91,318,173
India,Maharashtra,Chandrapur,"MIDC Khutala, Chandrapur - MPCB","12-11-2025 02:00:00",19.9775302,79.2337086,SO2,8,9,9
India,Maharashtra,Chandrapur,"MIDC Khutala, Chandrapur - MPCB","12-11-2025 02:00:00",19.9775302,79.2337086,CO,34,42,38
India,Maharashtra,Dhule,"Deopur, Dhule - MPCB","12-11-2025 02:00:00",20.918946,74.776388,NH3,1,31,4
India,Maharashtra,Dhule,"Deopur, Dhule - MPCB","12-11-2025 02:00:00",20.918946,74.776388,CO,10,103,52
India,Maharashtra,Jalgaon,"Prabhat Colony, Jalgaon - MPCB","12-11-2025 02:00:00",21.001264,75.565602,PM10,63,267,117
India,Maharashtra,Amravati,"Shivneri Colony, Amravati - MPCB","12-11-2025 02:00:00",20.9402359,77.7895248,SO2,6,18,9
India,Maharashtra,Amravati,"Shri Shivaji Science College, Amravati - MPCB","12-11-2025 02:00:00",20.939198,77.765701,NH3,1,23,6
India,Maharashtra,Amravati,"Shri Shivaji Science College, Amravati - MPCB","12-11-2025 02:00:00",20.939198,77.765701,CO,38,140,110
India,Maharashtra,Aurangabad,"MIDC Chilkalthana, Aurangabad - MPCB","12-11-2025 02:00:00",19.875620,75.387310,PM2.5,3,176,62
India,Maharashtra,Aurangabad,"Rachnakar Colony, Aurangabad - MPCB","12-11-2025 02:00:00",19.863756,75.321188,PM10,NA,NA,NA
India,Maharashtra,Aurangabad,"Rachnakar Colony, Aurangabad - MPCB","12-11-2025 02:00:00",19.863756,75.321188,NO2,NA,NA,NA
India,Maharashtra,Mumbai,"Chakala-Andheri East, Mumbai - IITM","12-11-2025 02:00:00",19.11074,72.86084,PM2.5,78,151,111
India,Maharashtra,Mumbai,"Chakala-Andheri East, Mumbai - IITM","12-11-2025 02:00:00",19.11074,72.86084,SO2,3,32,12
India,Maharashtra,Mumbai,"Chembur, Mumbai - MPCB","12-11-2025 02:00:00",19.0364585,72.8954371,PM10,88,127,106
India,Maharashtra,Mumbai,"Chembur, Mumbai - MPCB","12-11-2025 02:00:00",19.0364585,72.8954371,OZONE,1,188,47
India,Maharashtra,Mumbai,"Chhatrapati Shivaji Intl. Airport (T2), Mumbai - MPCB","12-11-2025 02:00:00",19.10078,72.87462,OZONE,NA,NA,NA
India,Maharashtra,Kolhapur,"Shivaji University, Kolhapur - MPCB","12-11-2025 02:00:00",16.6870449,74.2505872,SO2,5,7,6
India,Maharashtra,Kolhapur,"Sinchan Bhavan, Kolhapur - MPCB","12-11-2025 02:00:00",16.7143745,74.2426398,PM10,31,120,87
India,Maharashtra,Kolhapur,"Sinchan Bhavan, Kolhapur - MPCB","12-11-2025 02:00:00",16.7143745,74.2426398,NO2,9,76,30
India,Maharashtra,Kolhapur,"Sinchan Bhavan, Kolhapur - MPCB","12-11-2025 02:00:00",16.7143745,74.2426398,CO,8,46,26
India,Maharashtra,Latur,"Sawe Wadi, Latur - MPCB","12-11-2025 02:00:00",18.39963,76.57452,PM10,54,93,75
India,Maharashtra,Mahad,"Kamble Tarf Birwadi, Mahad - MPCB","12-11-2025 02:00:00",18.1023399,73.4783687,PM10,NA,NA,NA
India,Maharashtra,Mahad,"Kamble Tarf Birwadi, Mahad - MPCB","12-11-2025 02:00:00",18.1023399,73.4783687,NO2,NA,NA,NA
India,Maharashtra,Mahad,"Kamble Tarf Birwadi, Mahad - MPCB","12-11-2025 02:00:00",18.1023399,73.4783687,SO2,NA,NA,NA
India,Maharashtra,Jalna,"Old MIDC, Jalna - MPCB","12-11-2025 02:00:00",19.854616,75.905894,NH3,3,4,4
India,Maharashtra,Nashik,"Gangapur Road, Nashik - MPCB","12-11-2025 02:00:00",20.0073285,73.7762427,PM10,NA,NA,NA
India,Maharashtra,Nashik,"Gangapur Road, Nashik - MPCB","12-11-2025 02:00:00",20.0073285,73.7762427,NH3,NA,NA,NA
India,Maharashtra,Nashik,"Gangapur Road, Nashik - MPCB","12-11-2025 02:00:00",20.0073285,73.7762427,SO2,NA,NA,NA
India,Maharashtra,Nashik,"Gangapur Road, Nashik - MPCB","12-11-2025 02:00:00",20.0073285,73.7762427,CO,NA,NA,NA
India,Maharashtra,Nashik,"Hirawadi, Nashik - MPCB","12-11-2025 02:00:00",20.021503,73.813844,PM2.5,72,313,135
India,Maharashtra,Nashik,"Hirawadi, Nashik - MPCB","12-11-2025 02:00:00",20.021503,73.813844,NO2,7,54,22
India,Maharashtra,Nashik,"Hirawadi, Nashik - MPCB","12-11-2025 02:00:00",20.021503,73.813844,NH3,1,25,4
India,Maharashtra,Nashik,"MIDC Ambad, Nashik - MPCB","12-11-2025 02:00:00",19.950220,73.731480,NO2,15,103,40
India,Maharashtra,Nashik,"Pandav Nagari, Nashik - MPCB","12-11-2025 02:00:00",19.9591346,73.7788008,PM2.5,101,261,170
India,Maharashtra,Nashik,"Pandav Nagari, Nashik - MPCB","12-11-2025 02:00:00",19.9591346,73.7788008,NO2,7,51,23
India,Maharashtra,"Navi Mumbai","Kopripada-Vashi, Navi Mumbai - MPCB","12-11-2025 02:00:00",19.090337,73.014232,PM2.5,34,348,101
India,Maharashtra,"Navi Mumbai","Kopripada-Vashi, Navi Mumbai - MPCB","12-11-2025 02:00:00",19.090337,73.014232,PM10,37,176,88
India,Maharashtra,Pimpri-Chinchwad,"Thergaon, Pimpri Chinchwad - MPCB","12-11-2025 02:00:00",18.616318,73.765797,PM2.5,85,271,185
India,Maharashtra,Pune,"Bhumkar Nagar, Pune - IITM","12-11-2025 02:00:00",18.605770,73.749976,PM2.5,32,155,93
India,Maharashtra,Pune,"Bhumkar Nagar, Pune - IITM","12-11-2025 02:00:00",18.605770,73.749976,PM10,54,274,129
India,Maharashtra,Pune,"Hadapsar, Pune - IITM","12-11-2025 02:00:00",18.501793,73.927532,PM2.5,51,222,107
India,Maharashtra,Pune,"Hadapsar, Pune - IITM","12-11-2025 02:00:00",18.501793,73.927532,PM10,101,255,148
India,Maharashtra,Pune,"Hadapsar, Pune - IITM","12-11-2025 02:00:00",18.501793,73.927532,CO,52,60,55
India,Maharashtra,Pune,"Mhada Colony, Pune - IITM","12-11-2025 02:00:00",18.573040,73.927715,PM2.5,27,122,67
India,Maharashtra,Pune,"Mhada Colony, Pune - IITM","12-11-2025 02:00:00",18.573040,73.927715,PM10,106,189,143
India,Maharashtra,Pune,"Panchawati_Pashan, Pune - IITM","12-11-2025 02:00:00",18.536457,73.805454,PM10,21,73,57
India,Maharashtra,"Navi Mumbai","Kopripada-Vashi, Navi Mumbai - MPCB","12-11-2025 02:00:00",19.090337,73.014232,NH3,NA,NA,NA
India,Maharashtra,"Navi Mumbai","Kopripada-Vashi, Navi Mumbai - MPCB","12-11-2025 02:00:00",19.090337,73.014232,SO2,11,30,17
India,Maharashtra,"Navi Mumbai","Mahape, Navi Mumbai - MPCB","12-11-2025 02:00:00",19.1135051,73.008978,PM2.5,13,24,18
India,Maharashtra,"Navi Mumbai","Mahape, Navi Mumbai - MPCB","12-11-2025 02:00:00",19.1135051,73.008978,PM10,83,160,115
India,Maharashtra,"Navi Mumbai","Mahape, Navi Mumbai - MPCB","12-11-2025 02:00:00",19.1135051,73.008978,SO2,24,27,26
India,Maharashtra,"Navi Mumbai","Nerul, Navi Mumbai - MPCB","12-11-2025 02:00:00",19.008751,73.016620,SO2,NA,NA,NA
India,Maharashtra,"Navi Mumbai","Sector-2E Kalamboli, Navi Mumbai - MPCB","12-11-2025 02:00:00",19.02579,73.10297,NH3,4,24,11
India,Maharashtra,"Navi Mumbai","Sector-2E Kalamboli, Navi Mumbai - MPCB","12-11-2025 02:00:00",19.02579,73.10297,CO,4,57,38
India,Maharashtra,Mumbai,"Mindspace-Malad West, Mumbai - MPCB","12-11-2025 02:00:00",19.1878657,72.8304069,CO,26,70,47
India,Maharashtra,Mumbai,"Navy Nagar-Colaba, Mumbai - IITM","12-11-2025 02:00:00",18.897756,72.813320,PM2.5,84,309,184
India,Maharashtra,Mumbai,"Navy Nagar-Colaba, Mumbai - IITM","12-11-2025 02:00:00",18.897756,72.813320,NH3,5,25,11
India,Maharashtra,Mumbai,"Powai, Mumbai - MPCB","12-11-2025 02:00:00",19.137500,72.915056,PM2.5,74,228,111
India,Maharashtra,Mumbai,"Powai, Mumbai - MPCB","12-11-2025 02:00:00",19.137500,72.915056,NH3,1,2,2
India,Maharashtra,Mumbai,"Sewri, Mumbai - BMC","12-11-2025 02:00:00",19.000084,72.856730,NO2,1,9,3
India,Maharashtra,Mumbai,"Shivaji Nagar, Mumbai - BMC","12-11-2025 02:00:00",19.060498,72.923356,PM2.5,71,197,125
India,Maharashtra,Mumbai,"Colaba, Mumbai - MPCB","12-11-2025 02:00:00",18.910000,72.820000,OZONE,11,12,11
India,Maharashtra,Mumbai,"Deonar, Mumbai - IITM","12-11-2025 02:00:00",19.04946,72.9230,PM10,136,280,196
India,Maharashtra,Mumbai,"Ghatkopar, Mumbai - BMC","12-11-2025 02:00:00",19.083694,72.920967,NO2,21,78,49
India,Maharashtra,Mumbai,"Kandivali West, Mumbai - BMC","12-11-2025 02:00:00",19.215859,72.831718,PM2.5,53,132,74
India,Maharashtra,Mumbai,"Kandivali West, Mumbai - BMC","12-11-2025 02:00:00",19.215859,72.831718,NH3,1,3,1
India,Maharashtra,Mumbai,"Kandivali West, Mumbai - BMC","12-11-2025 02:00:00",19.215859,72.831718,SO2,3,13,6
India,Maharashtra,Mumbai,"Kherwadi_Bandra East, Mumbai - MPCB","12-11-2025 02:00:00",19.0632143,72.8456324,SO2,3,4,3
India,Maharashtra,Mumbai,"Khindipada-Bhandup West, Mumbai - IITM","12-11-2025 02:00:00",19.1653323,72.922099,PM10,84,191,130
India,Maharashtra,Mumbai,"Khindipada-Bhandup West, Mumbai - IITM","12-11-2025 02:00:00",19.1653323,72.922099,NO2,12,56,31
India,Maharashtra,Mumbai,"Khindipada-Bhandup West, Mumbai - IITM","12-11-2025 02:00:00",19.1653323,72.922099,CO,28,68,33
India,Maharashtra,Mumbai,"Kurla, Mumbai - MPCB","12-11-2025 02:00:00",19.0863,72.8888,NO2,5,8,6
India,Maharashtra,Mumbai,"Kurla, Mumbai - MPCB","12-11-2025 02:00:00",19.0863,72.8888,SO2,36,37,37
India,Maharashtra,Mumbai,"Kurla, Mumbai - MPCB","12-11-2025 02:00:00",19.0863,72.8888,OZONE,28,29,28
India,Maharashtra,Mumbai,"Mazgaon, Mumbai - IITM","12-11-2025 02:00:00",18.96702,72.84214,PM10,103,136,119
India,Maharashtra,Mumbai,"Mazgaon, Mumbai - IITM","12-11-2025 02:00:00",18.96702,72.84214,NH3,8,14,11
India,Maharashtra,Nagpur,"Mahal, Nagpur - MPCB","12-11-2025 02:00:00",21.14472,79.107595,PM2.5,119,287,181
India,Maharashtra,Nagpur,"Mahal, Nagpur - MPCB","12-11-2025 02:00:00",21.14472,79.107595,SO2,4,101,45
India,Maharashtra,Nagpur,"Opp GPO Civil Lines, Nagpur - MPCB","12-11-2025 02:00:00",21.152875,79.0517531,PM2.5,94,244,136
India,Maharashtra,Nagpur,"Opp GPO Civil Lines, Nagpur - MPCB","12-11-2025 02:00:00",21.152875,79.0517531,PM10,98,155,121
India,Maharashtra,Nagpur,"Opp GPO Civil Lines, Nagpur - MPCB","12-11-2025 02:00:00",21.152875,79.0517531,NO2,15,113,53
India,Maharashtra,Nanded,"Sneh Nagar, Nanded - MPCB","12-11-2025 02:00:00",19.173852,77.296291,NO2,11,46,21
India,Maharashtra,Mumbai,"Siddharth Nagar-Worli, Mumbai - IITM","12-11-2025 02:00:00",19.000083,72.813993,NH3,3,6,4
India,Maharashtra,Mumbai,"Sion, Mumbai - MPCB","12-11-2025 02:00:00",19.047000,72.874600,SO2,NA,NA,NA
India,Maharashtra,Mumbai,"Vasai West, Mumbai - MPCB","12-11-2025 02:00:00",19.383200,72.820400,NO2,18,25,22
India,Maharashtra,Mumbai,"Worli, Mumbai - MPCB","12-11-2025 02:00:00",18.9936162,72.8128113,CO,4,19,6
India,Maharashtra,"Navi Mumbai","Tondare-Taloja, Navi Mumbai - MPCB","12-11-2025 02:00:00",19.0630,73.1209,PM2.5,72,218,132
India,Maharashtra,"Navi Mumbai","Tondare-Taloja, Navi Mumbai - MPCB","12-11-2025 02:00:00",19.0630,73.1209,CO,30,30,30
India,Maharashtra,Pimpri-Chinchwad,"Park Street Wakad, Pimpri Chinchwad - MPCB","12-11-2025 02:00:00",18.59051,73.77946,OZONE,5,149,23
India,Odisha,Brajrajnagar,"GM Office, Brajrajnagar - OSPCB","12-11-2025 02:00:00",21.8004996,83.8396977,SO2,15,16,15
India,Odisha,Byasanagar,"Ferro Chrome Colony, Byasanagar - OSPCB","12-11-2025 02:00:00",20.94185,86.11510,PM2.5,72,253,123
India,Odisha,Byasanagar,"Ferro Chrome Colony, Byasanagar - OSPCB","12-11-2025 02:00:00",20.94185,86.11510,PM10,67,157,100
India,Odisha,Cuttack,"CDA Area, Cuttack - OSPCB","12-11-2025 02:00:00","20.48891     ","85.84768     ",PM2.5,98,327,237
India,Odisha,Cuttack,"CDA Area, Cuttack - OSPCB","12-11-2025 02:00:00","20.48891     ","85.84768     ",NO2,15,131,44
India,Odisha,Cuttack,"CDA Area, Cuttack - OSPCB","12-11-2025 02:00:00","20.48891     ","85.84768     ",NH3,2,5,3
India,Odisha,Nayagarh,"Dabuna, Nayagarh - OSPCB","12-11-2025 02:00:00",21.847279,85.416905,PM2.5,38,77,55
India,Odisha,Nayagarh,"Dabuna, Nayagarh - OSPCB","12-11-2025 02:00:00",21.847279,85.416905,SO2,6,23,10
India,Odisha,Nayagarh,"Dabuna, Nayagarh - OSPCB","12-11-2025 02:00:00",21.847279,85.416905,CO,10,20,16
India,Odisha,Rairangpur,"Divisional Forest Office, Rairangpur - OSPCB","12-11-2025 02:00:00",22.265816,86.174829,NO2,8,8,8
India,Puducherry,Puducherry,"Jawahar Nagar, Puducherry - PPCC","12-11-2025 02:00:00",11.9309,79.8027,CO,20,38,28
India,Punjab,Amritsar,"Golden Temple, Amritsar - PPCB","12-11-2025 02:00:00",31.620000,74.876512,CO,22,76,36
India,Punjab,Bathinda,"Hardev Nagar, Bathinda - PPCB","12-11-2025 02:00:00",30.233011,74.907758,CO,60,80,78
India,Punjab,Jalandhar,"Civil Line, Jalandhar - PPCB","12-11-2025 02:00:00",31.321907,75.578914,NH3,4,4,4
India,Punjab,Jalandhar,"Civil Line, Jalandhar - PPCB","12-11-2025 02:00:00",31.321907,75.578914,SO2,14,16,15
India,Punjab,Jalandhar,"Civil Line, Jalandhar - PPCB","12-11-2025 02:00:00",31.321907,75.578914,CO,50,55,52
India,Punjab,Ludhiana,"Punjab Agricultural University, Ludhiana - PPCB","12-11-2025 02:00:00",30.9028,75.8086,CO,11,90,58
India,Maharashtra,Pune,"Panchawati_Pashan, Pune - IITM","12-11-2025 02:00:00",18.536457,73.805454,OZONE,2,42,10
India,Maharashtra,Pune,"Revenue Colony-Shivajinagar, Pune - IITM","12-11-2025 02:00:00",18.530085,73.849598,OZONE,1,64,7
India,Maharashtra,Pune,"Savitribai Phule Pune University, Pune - MPCB","12-11-2025 02:00:00",18.547056,73.826908,NH3,1,10,4
India,Maharashtra,Pune,"Transport Nagar-Nigdi, Pune - IITM","12-11-2025 02:00:00",18.664282,73.763966,PM10,92,127,108
India,Maharashtra,Sangli,"Vijay Nagar, Sangli - MPCB","12-11-2025 02:00:00"," 16.5038",74.3623,NO2,10,106,31
India,Maharashtra,Solapur,"Dnyaneshwar Nagar, Solapur - MPCB","12-11-2025 02:00:00",17.6336264,75.9132495,PM10,55,158,103
India,Maharashtra,Virar,"Bolinj, Virar - MPCB","12-11-2025 02:00:00",19.4458210,72.7988231,CO,10,88,24
India,Meghalaya,Shillong,"Lumpyngngad, Shillong - Meghalaya PCB","12-11-2025 02:00:00",25.5586,91.8985,CO,4,18,8
India,Nagaland,Kohima,"PWD Junction, Kohima - NPCB","12-11-2025 02:00:00",25.6635413,94.0989878,PM2.5,21,203,87
India,Nagaland,Kohima,"PWD Junction, Kohima - NPCB","12-11-2025 02:00:00",25.6635413,94.0989878,NH3,1,1,1
India,Nagaland,Kohima,"PWD Junction, Kohima - NPCB","12-11-2025 02:00:00",25.6635413,94.0989878,CO,4,19,14
India,Nagaland,Kohima,"PWD Junction, Kohima - NPCB","12-11-2025 02:00:00",25.6635413,94.0989878,OZONE,6,17,11
India,Odisha,Angul,"Hakimapada, Angul - OSPCB","12-11-2025 02:00:00",20.832874,85.104082,OZONE,35,223,76
India,Maharashtra,Solapur,"Ratandeep Housing Society, Solapur - MPCB","12-11-2025 02:00:00",17.65439,75.90649,OZONE,8,87,27
India,Maharashtra,Thane,"Kasarvadavali, Thane - MPCB","12-11-2025 02:00:00",19.26777,72.97182,SO2,1,11,6
India,Maharashtra,Thane,"Upvan Fort, Thane - MPCB","12-11-2025 02:00:00",19.222279,72.957979,OZONE,1,92,57
India,Maharashtra,Ulhasnagar,"Sidhi Vinayak Nagar, Ulhasnagar - MPCB","12-11-2025 02:00:00",19.235581,73.159121,NH3,3,7,4
India,Maharashtra,Ulhasnagar,"Sidhi Vinayak Nagar, Ulhasnagar - MPCB","12-11-2025 02:00:00",19.235581,73.159121,OZONE,12,82,24
India,Odisha,Baripada,"Meher Colony, Baripada - OSPCB","12-11-2025 02:00:00",21.941841,86.728318,NO2,2,103,32
India,Odisha,Baripada,"Meher Colony, Baripada - OSPCB","12-11-2025 02:00:00",21.941841,86.728318,CO,18,83,43
India,Odisha,Bhubaneswar,"Lingraj Mandir, Bhubaneswar - OSPCB","12-11-2025 02:00:00",20.240790,85.836784,CO,18,118,85
India,Odisha,Bhubaneswar,"Patia, Bhubaneswar - OSPCB","12-11-2025 02:00:00",20.34652,85.81630,NO2,12,92,32
India,Odisha,Bhubaneswar,"Patia, Bhubaneswar - OSPCB","12-11-2025 02:00:00",20.34652,85.81630,NH3,4,7,6
India,Odisha,Bhubaneswar,"Patia, Bhubaneswar - OSPCB","12-11-2025 02:00:00",20.34652,85.81630,CO,25,110,86
India,Odisha,Rourkela,"Fertilizer Township, Rourkela - OSPCB","12-11-2025 02:00:00",22.18972222,84.86277778,CO,8,113,42
India,Odisha,Rourkela,"Raghunathpali, Rourkela - OSPCB","12-11-2025 02:00:00",22.220833,84.809444,PM2.5,87,322,202
India,Odisha,Rourkela,"Sector-2, Rourkela - OSPCB","12-11-2025 02:00:00",22.24500000,84.88111111,PM10,NA,NA,NA
India,Puducherry,Puducherry,"Jawahar Nagar, Puducherry - PPCC","12-11-2025 02:00:00",11.9309,79.8027,PM2.5,58,128,94
India,Punjab,Patiala,"Model Town, Patiala - PPCB","12-11-2025 02:00:00",30.349388,76.366642,SO2,7,42,23
India,Punjab,Patiala,"Model Town, Patiala - PPCB","12-11-2025 02:00:00",30.349388,76.366642,OZONE,10,42,16
India,Rajasthan,Ajmer,"Civil Lines,  Ajmer - RSPCB","12-11-2025 02:00:00",26.470859,74.646594,CO,6,24,16
India,Rajasthan,Alwar,"Moti Doongri, Alwar - RSPCB","12-11-2025 02:00:00",27.554793,76.611536,PM2.5,71,152,105
India,Odisha,Bileipada,"Tata Township, Bileipada - OSPCB","12-11-2025 02:00:00",22.06156703,85.47409613,OZONE,10,13,12
India,Odisha,Brajrajnagar,"GM Office, Brajrajnagar - OSPCB","12-11-2025 02:00:00",21.8004996,83.8396977,PM2.5,39,198,92
India,Rajasthan,Bhiwadi,"RIICO Ind. Area III, Bhiwadi - RSPCB","12-11-2025 02:00:00",28.194909,76.862296,PM2.5,306,395,348
India,Rajasthan,Bhiwadi,"RIICO Ind. Area III, Bhiwadi - RSPCB","12-11-2025 02:00:00",28.194909,76.862296,NH3,10,38,21
India,Rajasthan,Bhiwadi,"Vasundhara Nagar_UIT, Bhiwadi - RSPCB","12-11-2025 02:00:00",28.207266,76.829265,PM2.5,178,403,335
India,Rajasthan,Bhiwadi,"Vasundhara Nagar_UIT, Bhiwadi - RSPCB","12-11-2025 02:00:00",28.207266,76.829265,NO2,25,131,77
India,Rajasthan,Bhiwadi,"Vasundhara Nagar_UIT, Bhiwadi - RSPCB","12-11-2025 02:00:00",28.207266,76.829265,NH3,1,6,4
India,Rajasthan,Bhiwadi,"Vasundhara Nagar_UIT, Bhiwadi - RSPCB","12-11-2025 02:00:00",28.207266,76.829265,CO,34,122,93
India,Rajasthan,Bhiwadi,"Vasundhara Nagar_UIT, Bhiwadi - RSPCB","12-11-2025 02:00:00",28.207266,76.829265,OZONE,2,125,8
India,Rajasthan,Bikaner,"MM Ground, Bikaner - RSPCB","12-11-2025 02:00:00",28.018792,73.292658,NO2,33,125,71
India,Rajasthan,Bikaner,"MM Ground, Bikaner - RSPCB","12-11-2025 02:00:00",28.018792,73.292658,SO2,6,12,9
India,Rajasthan,Bundi,"New Colony, Bundi - RSPCB","12-11-2025 02:00:00",25.435774,75.644272,NO2,9,97,26
India,Rajasthan,Bundi,"New Colony, Bundi - RSPCB","12-11-2025 02:00:00",25.435774,75.644272,OZONE,14,136,44
India,Rajasthan,Chittorgarh,"Shastri Nagar, Chittorgarh - RSPCB","12-11-2025 02:00:00",24.892047,74.623527,NH3,2,5,4
India,Rajasthan,Jaipur,"Sector-2 Murlipura, Jaipur - RSPCB","12-11-2025 02:00:00",26.960669,75.771817,NO2,26,156,68
India,Rajasthan,Jaipur,"Sector-2 Murlipura, Jaipur - RSPCB","12-11-2025 02:00:00",26.960669,75.771817,NH3,3,34,10
India,Rajasthan,Jaipur,"Sector-2 Murlipura, Jaipur - RSPCB","12-11-2025 02:00:00",26.960669,75.771817,SO2,3,101,25
India,Rajasthan,Jaipur,"Sector-2 Murlipura, Jaipur - RSPCB","12-11-2025 02:00:00",26.960669,75.771817,OZONE,10,106,28
India,Rajasthan,Jaipur,"Shastri Nagar, Jaipur - RSPCB","12-11-2025 02:00:00",26.9502929,75.730943,NO2,39,107,74
India,Rajasthan,Jaipur,"Shastri Nagar, Jaipur - RSPCB","12-11-2025 02:00:00",26.9502929,75.730943,OZONE,12,51,15
India,Rajasthan,Jaisalmer,"Sadar Bazar, Jaisalmer - RSPCB","12-11-2025 02:00:00",26.912329,70.909168,PM2.5,32,312,70
India,Rajasthan,Jalore,"Mudtra Sili, Jalore - RSPCB","12-11-2025 02:00:00",25.344694,72.626208,PM10,89,283,149
India,Rajasthan,Jhalawar,"Rajlaxmi Nagar, Jhalawar - RSPCB","12-11-2025 02:00:00",24.588397,76.172782,NH3,3,5,4
India,Rajasthan,Jhalawar,"Rajlaxmi Nagar, Jhalawar - RSPCB","12-11-2025 02:00:00",24.588397,76.172782,CO,22,121,95
India,Rajasthan,Jhalawar,"Rajlaxmi Nagar, Jhalawar - RSPCB","12-11-2025 02:00:00",24.588397,76.172782,OZONE,7,154,12
India,Rajasthan,Jhunjhunu,"Indra Nagar, Jhunjhunu - RSPCB","12-11-2025 02:00:00",28.108988,75.386577,NH3,1,12,9
India,Rajasthan,Jhunjhunu,"Indra Nagar, Jhunjhunu - RSPCB","12-11-2025 02:00:00",28.108988,75.386577,SO2,3,17,8
India,Rajasthan,Jhunjhunu,"Indra Nagar, Jhunjhunu - RSPCB","12-11-2025 02:00:00",28.108988,75.386577,CO,20,132,87
India,Rajasthan,Jodhpur,"Collectorate, Jodhpur - RSPCB","12-11-2025 02:00:00",26.268249,73.0193853,PM2.5,17,346,170
India,Rajasthan,Jodhpur,"Collectorate, Jodhpur - RSPCB","12-11-2025 02:00:00",26.268249,73.0193853,PM10,82,196,139
India,Rajasthan,Jodhpur,"Mandor, Jodhpur - RSPCB","12-11-2025 02:00:00",26.358805,73.047444,PM2.5,37,147,85
India,Rajasthan,Jodhpur,"Mandor, Jodhpur - RSPCB","12-11-2025 02:00:00",26.358805,73.047444,PM10,90,221,128
India,Rajasthan,Jodhpur,"Mandor, Jodhpur - RSPCB","12-11-2025 02:00:00",26.358805,73.047444,NH3,4,10,6
India,Rajasthan,Banswara,"Rati Talai, Banswara - RSPCB","12-11-2025 02:00:00",23.555190,74.440010,NH3,2,57,10
India,Rajasthan,Baran,"Bamboliya, Baran - RSPCB","12-11-2025 02:00:00",25.106006,76.469948,PM10,111,268,152
India,Rajasthan,Baran,"Bamboliya, Baran - RSPCB","12-11-2025 02:00:00",25.106006,76.469948,NH3,7,18,11
India,Rajasthan,Barmer,"Railway Colony, Barmer - RSPCB","12-11-2025 02:00:00",25.747299,71.393989,SO2,6,91,17
India,Rajasthan,Barmer,"Railway Colony, Barmer - RSPCB","12-11-2025 02:00:00",25.747299,71.393989,OZONE,5,107,66
India,Rajasthan,Bharatpur,"Krishna Nagar, Bharatpur - RSPCB","12-11-2025 02:00:00",27.215415,77.50873,PM2.5,50,230,120
India,Rajasthan,Kota,"Shrinath Puram, Kota - RSPCB","12-11-2025 02:00:00",25.14389,75.821256,NH3,1,6,3
India,Rajasthan,Nagaur,"Karni Colony, Nagaur - RSPCB","12-11-2025 02:00:00",27.213494,73.734444,NO2,10,118,54
India,Rajasthan,Pratapgarh,"Pragati Nagar, Pratapgarh - RSPCB","12-11-2025 02:00:00",24.041198,74.780702,NH3,4,10,5
India,Rajasthan,Pratapgarh,"Pragati Nagar, Pratapgarh - RSPCB","12-11-2025 02:00:00",24.041198,74.780702,OZONE,31,133,47
India,Rajasthan,Rajsamand,"Dhoinda, Rajsamand - RSPCB","12-11-2025 02:00:00",25.036360,73.883502,PM10,47,261,96
India,Rajasthan,Rajsamand,"Dhoinda, Rajsamand - RSPCB","12-11-2025 02:00:00",25.036360,73.883502,NO2,7,79,26
India,Rajasthan,Dausa,"Khatikan Mohalla, Dausa - RSPCB","12-11-2025 02:00:00",26.895552,76.334753,NH3,6,25,12
India,Rajasthan,Dholpur,"Raja Ganj, Dholpur - RSPCB","12-11-2025 02:00:00",26.699557,77.898881,PM10,NA,NA,NA
India,Rajasthan,Dholpur,"Raja Ganj, Dholpur - RSPCB","12-11-2025 02:00:00",26.699557,77.898881,SO2,NA,NA,NA
India,Rajasthan,Dungarpur,"Bhoiwada, Dungarpur - RSPCB","12-11-2025 02:00:00",23.837789,73.714926,SO2,7,13,9
India,Rajasthan,Dungarpur,"Bhoiwada, Dungarpur - RSPCB","12-11-2025 02:00:00",23.837789,73.714926,OZONE,2,142,30
India,Rajasthan,Hanumangarh,"Housing Board, Hanumangarh - RSPCB","12-11-2025 02:00:00",29.610750,74.283608,PM10,87,206,160
India,Rajasthan,Jaipur,"Adarsh Nagar, Jaipur - RSPCB","12-11-2025 02:00:00",26.902909,75.836858,NH3,9,57,24
India,Rajasthan,Jaipur,"Mansarovar Sector-12, Jaipur - RSPCB","12-11-2025 02:00:00",26.843698,75.766894,NO2,NA,NA,NA
India,Rajasthan,Jaipur,"Mansarovar Sector-12, Jaipur - RSPCB","12-11-2025 02:00:00",26.843698,75.766894,NH3,NA,NA,NA
India,Rajasthan,Jaipur,"Mansarovar Sector-12, Jaipur - RSPCB","12-11-2025 02:00:00",26.843698,75.766894,CO,NA,NA,NA
India,Rajasthan,Jaipur,"RIICO Sitapura, Jaipur - RSPCB","12-11-2025 02:00:00",26.786682,75.827928,PM2.5,57,413,243
India,Rajasthan,Jaipur,"Sector-2 Murlipura, Jaipur - RSPCB","12-11-2025 02:00:00",26.960669,75.771817,PM10,90,441,191
India,Rajasthan,Kota,"Nayapura, Kota - RSPCB","12-11-2025 02:00:00",25.196024,75.855668,PM10,110,214,150
India,Rajasthan,Kota,"Nayapura, Kota - RSPCB","12-11-2025 02:00:00",25.196024,75.855668,NO2,22,115,56
India,Rajasthan,Kota,"Shrinath Puram, Kota - RSPCB","12-11-2025 02:00:00",25.14389,75.821256,PM10,60,136,93
India,Rajasthan,Chittorgarh,"Shastri Nagar, Chittorgarh - RSPCB","12-11-2025 02:00:00",24.892047,74.623527,OZONE,1,97,7
India,Rajasthan,Rajsamand,"Dhoinda, Rajsamand - RSPCB","12-11-2025 02:00:00",25.036360,73.883502,SO2,3,9,5
India,Rajasthan,"Sawai Madhopur","Sahu Nagar, Sawai Madhopur - RSPCB","12-11-2025 02:00:00",26.031443,76.359327,PM10,68,410,150
India,Rajasthan,"Sawai Madhopur","Sahu Nagar, Sawai Madhopur - RSPCB","12-11-2025 02:00:00",26.031443,76.359327,NH3,6,8,8
India,Rajasthan,"Sawai Madhopur","Sahu Nagar, Sawai Madhopur - RSPCB","12-11-2025 02:00:00",26.031443,76.359327,SO2,1,14,5
India,Rajasthan,Sikar,"Radhakishan Pura, Sikar - RSPCB","12-11-2025 02:00:00",27.608912,75.153302,PM10,107,500,223
India,Rajasthan,Sikar,"Radhakishan Pura, Sikar - RSPCB","12-11-2025 02:00:00",27.608912,75.153302,NH3,7,18,13
India,Rajasthan,Sikar,"Radhakishan Pura, Sikar - RSPCB","12-11-2025 02:00:00",27.608912,75.153302,CO,14,117,86
India,Rajasthan,Sirohi,"Vedhaynath Colony, Sirohi - RSPCB","12-11-2025 02:00:00",24.885261,72.857549,SO2,3,8,5
India,Rajasthan,"Sri Ganganagar","Old City, Sri Ganganagar - RSPCB","12-11-2025 02:00:00",29.931624,73.864511,PM2.5,63,167,115
India,Rajasthan,"Sri Ganganagar","Old City, Sri Ganganagar - RSPCB","12-11-2025 02:00:00",29.931624,73.864511,PM10,134,314,218
India,Rajasthan,"Sri Ganganagar","Old City, Sri Ganganagar - RSPCB","12-11-2025 02:00:00",29.931624,73.864511,NO2,59,221,129
India,Rajasthan,"Sri Ganganagar","Old City, Sri Ganganagar - RSPCB","12-11-2025 02:00:00",29.931624,73.864511,NH3,5,52,20
India,Rajasthan,"Sri Ganganagar","Old City, Sri Ganganagar - RSPCB","12-11-2025 02:00:00",29.931624,73.864511,SO2,1,9,5
India,Rajasthan,"Sri Ganganagar","Old City, Sri Ganganagar - RSPCB","12-11-2025 02:00:00",29.931624,73.864511,CO,90,172,132
India,TamilNadu,Ooty,"Bombay Castel, Ooty - TNPCB","12-11-2025 02:00:00",11.4068288,76.7138973,SO2,8,19,13
India,TamilNadu,Palkalaiperur,"Bharathidasan University, Palkalaiperur - TNPCB","12-11-2025 02:00:00",10.681158,78.741746,PM10,36,55,49
India,TamilNadu,Perundurai,"SIPCOT Industrial Park, Perundurai - TNPCB","12-11-2025 02:00:00",11.258242,77.552761,PM2.5,51,250,154
India,TamilNadu,Perundurai,"SIPCOT Industrial Park, Perundurai - TNPCB","12-11-2025 02:00:00",11.258242,77.552761,NH3,2,3,3
India,TamilNadu,Perundurai,"SIPCOT Industrial Park, Perundurai - TNPCB","12-11-2025 02:00:00",11.258242,77.552761,SO2,11,12,12
India,TamilNadu,Pudukottai,"SIPCOT Nathampannai, Pudukottai - TNPCB","12-11-2025 02:00:00",10.423417,78.784889,PM10,95,163,121
India,TamilNadu,Pudukottai,"SIPCOT Nathampannai, Pudukottai - TNPCB","12-11-2025 02:00:00",10.423417,78.784889,NO2,18,36,23
India,TamilNadu,Pudukottai,"SIPCOT Nathampannai, Pudukottai - TNPCB","12-11-2025 02:00:00",10.423417,78.784889,SO2,12,13,13
India,TamilNadu,Ramanathapuram,"Chalai Bazaar, Ramanathapuram - TNPCB","12-11-2025 02:00:00",9.36399,78.831977,PM10,28,103,64
India,TamilNadu,Ramanathapuram,"Chalai Bazaar, Ramanathapuram - TNPCB","12-11-2025 02:00:00",9.36399,78.831977,NH3,3,3,3
India,TamilNadu,Salem,"Sona College of Technology, Salem - TNPCB","12-11-2025 02:00:00",11.679111,78.125052,NO2,6,6,6
India,TamilNadu,Thanjavur,"Parisutham Nagar, Thanjavur - TNPCB","12-11-2025 02:00:00",10.7654824,79.1389968,PM2.5,41,117,77
India,TamilNadu,Thoothukudi,"Meelavittan, Thoothukudi - TNPCB","12-11-2025 02:00:00","8.816428 ",78.099039,PM10,67,500,116
India,TamilNadu,Thoothukudi,"Meelavittan, Thoothukudi - TNPCB","12-11-2025 02:00:00","8.816428 ",78.099039,NO2,1,36,19
India,TamilNadu,Tiruchirappalli,"St Joseph College, Tiruchirappalli - TNPCB","12-11-2025 02:00:00",10.830158,78.691849,SO2,7,12,9
India,TamilNadu,Tirunelveli,"Municipal Corporation Office, Tirunelveli - TNPCB","12-11-2025 02:00:00",8.728442,77.6962,PM2.5,19,38,31
India,TamilNadu,Tirunelveli,"Municipal Corporation Office, Tirunelveli - TNPCB","12-11-2025 02:00:00",8.728442,77.6962,NO2,3,11,6
India,TamilNadu,Tirunelveli,"Municipal Corporation Office, Tirunelveli - TNPCB","12-11-2025 02:00:00",8.728442,77.6962,SO2,16,19,18
India,TamilNadu,Tirunelveli,"Municipal Corporation Office, Tirunelveli - TNPCB","12-11-2025 02:00:00",8.728442,77.6962,CO,20,22,20
India,TamilNadu,Tirupur,"Kumaran College, Tirupur - TNPCB","12-11-2025 02:00:00",11.0973603,77.3228673,SO2,6,8,7
India,TamilNadu,Tirupur,"Kumaran College, Tirupur - TNPCB","12-11-2025 02:00:00",11.0973603,77.3228673,CO,20,31,27
India,Rajasthan,Tonk,"Shastri Nagar, Tonk - RSPCB","12-11-2025 02:00:00",26.159933,75.780517,NH3,5,13,8
India,Rajasthan,Tonk,"Shastri Nagar, Tonk - RSPCB","12-11-2025 02:00:00",26.159933,75.780517,CO,12,116,50
India,Rajasthan,Udaipur,"Ashok Nagar, Udaipur - RSPCB","12-11-2025 02:00:00",24.5886166,73.6321397,NH3,1,6,5
India,Rajasthan,Udaipur,"Ashok Nagar, Udaipur - RSPCB","12-11-2025 02:00:00",24.5886166,73.6321397,CO,5,125,70
India,Sikkim,Gangtok,"Zero Point GICI, Gangtok - SSPCB","12-11-2025 02:00:00",27.338530,88.614099,NO2,6,7,6
India,Sikkim,Gangtok,"Zero Point GICI, Gangtok - SSPCB","12-11-2025 02:00:00",27.338530,88.614099,OZONE,59,99,74
India,TamilNadu,Ariyalur,"Keelapalur, Ariyalur - TNPCB","12-11-2025 02:00:00",11.06825,79.07033,PM10,52,102,82
India,TamilNadu,Ariyalur,"Keelapalur, Ariyalur - TNPCB","12-11-2025 02:00:00",11.06825,79.07033,NO2,9,9,9
India,TamilNadu,Chengalpattu,"Crescent University, Chengalpattu - TNPCB","12-11-2025 02:00:00",12.8777316,80.0834807,NO2,4,4,4
India,TamilNadu,Chengalpattu,"Crescent University, Chengalpattu - TNPCB","12-11-2025 02:00:00",12.8777316,80.0834807,OZONE,2,26,19
India,TamilNadu,Chennai,"Alandur Bus Depot, Chennai - CPCB","12-11-2025 02:00:00",12.9099161,80.1076538,NO2,37,139,56
India,TamilNadu,Chennai,"Arumbakkam, Chennai - TNPCB","12-11-2025 02:00:00",13.0664,"80.2112 ",SO2,1,4,2
India,TamilNadu,Chennai,"Gandhi Nagar_Ennore, Chennai - TNPCB","12-11-2025 02:00:00",13.218341,80.32027,PM10,37,66,51
India,TamilNadu,Chennai,"Gandhi Nagar_Ennore, Chennai - TNPCB","12-11-2025 02:00:00",13.218341,80.32027,NO2,7,25,15
India,TamilNadu,Chennai,"Gandhi Nagar_Ennore, Chennai - TNPCB","12-11-2025 02:00:00",13.218341,80.32027,SO2,22,23,22
India,TamilNadu,Chennai,"Kodungaiyur, Chennai - TNPCB","12-11-2025 02:00:00",13.1278,80.2642,PM2.5,65,195,121
India,TamilNadu,Chennai,"Kodungaiyur, Chennai - TNPCB","12-11-2025 02:00:00",13.1278,80.2642,NH3,4,5,4
India,TamilNadu,Chennai,"Manali Village, Chennai - TNPCB","12-11-2025 02:00:00",13.1662,80.2584,NO2,4,27,5
India,TamilNadu,Chennai,"Manali Village, Chennai - TNPCB","12-11-2025 02:00:00",13.1662,80.2584,SO2,3,17,9
India,TamilNadu,Chennai,"Manali, Chennai - CPCB","12-11-2025 02:00:00",13.164544,80.26285,NO2,8,21,12
India,TamilNadu,Coimbatore,"SIDCO Kurichi, Coimbatore - TNPCB","12-11-2025 02:00:00",10.942451,76.978996,OZONE,2,80,30
India,TamilNadu,Cuddalore,"Kudikadu, Cuddalore - TNPCB","12-11-2025 02:00:00",11.6829898,79.7532099,OZONE,7,13,8
India,TamilNadu,Cuddalore,"Semmandalam, Cuddalore - TNPCB","12-11-2025 02:00:00",11.7637683,79.7499835,OZONE,1,2,2
India,TamilNadu,Gummidipoondi,"Anthoni Pillai Nagar, Gummidipoondi - TNPCB","12-11-2025 02:00:00",13.4127,80.1081,PM10,54,196,130
India,TamilNadu,Gummidipoondi,"Anthoni Pillai Nagar, Gummidipoondi - TNPCB","12-11-2025 02:00:00",13.4127,80.1081,NH3,2,3,3
India,TamilNadu,Hosur,"SIPCOT Phase-1, Hosur - TNPCB","12-11-2025 02:00:00",12.746998,77.813811,NO2,NA,NA,NA
India,TamilNadu,Hosur,"SIPCOT Phase-1, Hosur - TNPCB","12-11-2025 02:00:00",12.746998,77.813811,SO2,NA,NA,NA
India,TamilNadu,Chennai,"Perungudi, Chennai - TNPCB","12-11-2025 02:00:00",12.9533,80.2357,SO2,2,7,5
India,TamilNadu,Chennai,"Royapuram, Chennai - TNPCB","12-11-2025 02:00:00",13.1036,80.2909,PM10,NA,NA,NA
India,TamilNadu,Chennai,"Royapuram, Chennai - TNPCB","12-11-2025 02:00:00",13.1036,80.2909,SO2,NA,NA,NA
India,TamilNadu,Chennai,"Velachery Res. Area, Chennai - CPCB","12-11-2025 02:00:00",13.0052189,80.2398125,NH3,3,3,3
India,TamilNadu,Coimbatore,"PSG College of Arts and Science, Coimbatore - TNPCB","12-11-2025 02:00:00",11.0328,77.0349,PM10,23,73,47
India,TamilNadu,Coimbatore,"PSG College of Arts and Science, Coimbatore - TNPCB","12-11-2025 02:00:00",11.0328,77.0349,NO2,10,12,11
India,TamilNadu,Kanchipuram,"Kilambi, Kanchipuram - TNPCB","12-11-2025 02:00:00",12.864618,79.659968,NH3,NA,NA,NA
India,TamilNadu,Karur,"Kamadenu Nagar, Karur - TNPCB","12-11-2025 02:00:00",10.967820,78.080882,SO2,15,16,15
India,TamilNadu,Madurai,"Uchapatti, Madurai - TNPCB","12-11-2025 02:00:00",9.865935,78.022669,SO2,12,13,12
India,TamilNadu,Namakkal,"Ponnusamy Nagar, Namakkal - TNPCB","12-11-2025 02:00:00",11.273992,78.163545,PM2.5,NA,NA,NA
India,TamilNadu,Namakkal,"Ponnusamy Nagar, Namakkal - TNPCB","12-11-2025 02:00:00",11.273992,78.163545,NH3,NA,NA,NA
India,TamilNadu,Ooty,"Bombay Castel, Ooty - TNPCB","12-11-2025 02:00:00",11.4068288,76.7138973,NH3,NA,NA,NA
India,TamilNadu,Vellore,"Vasanthapuram, Vellore - TNPCB","12-11-2025 02:00:00",12.909494,79.131861,OZONE,NA,NA,NA
India,TamilNadu,Virudhunagar,"Collectorate Office, Virudhunagar - TNPCB","12-11-2025 02:00:00",9.559382,77.948828,SO2,20,20,20
India,Telangana,Hyderabad,"Bollaram Industrial Area, Hyderabad - TSPCB","12-11-2025 02:00:00",17.540891,78.358528,PM10,47,106,72
India,Telangana,Hyderabad,"Bollaram Industrial Area, Hyderabad - TSPCB","12-11-2025 02:00:00",17.540891,78.358528,SO2,5,9,7
India,Uttar_Pradesh,Agra,"Sanjay Palace, Agra - UPPCB","12-11-2025 02:00:00",27.19865833,78.00598056,PM2.5,38,359,264
India,Uttar_Pradesh,Agra,"Sanjay Palace, Agra - UPPCB","12-11-2025 02:00:00",27.19865833,78.00598056,SO2,15,17,16
India,Uttar_Pradesh,Agra,"Sector-3B Avas Vikas Colony, Agra - UPPCB","12-11-2025 02:00:00",27.19412,77.96237,NH3,6,8,7
India,Uttar_Pradesh,Agra,"Sector-3B Avas Vikas Colony, Agra - UPPCB","12-11-2025 02:00:00",27.19412,77.96237,CO,20,110,64
India,Uttar_Pradesh,Agra,"Shahjahan Garden, Agra - UPPCB","12-11-2025 02:00:00",27.169338,78.03582,PM2.5,64,304,182
India,Uttar_Pradesh,Agra,"Shahjahan Garden, Agra - UPPCB","12-11-2025 02:00:00",27.169338,78.03582,NO2,20,21,20
India,Uttar_Pradesh,Agra,"Shahjahan Garden, Agra - UPPCB","12-11-2025 02:00:00",27.169338,78.03582,SO2,11,23,18
India,Uttar_Pradesh,Agra,"Shahjahan Garden, Agra - UPPCB","12-11-2025 02:00:00",27.169338,78.03582,CO,26,106,90
India,Uttar_Pradesh,Agra,"Shahjahan Garden, Agra - UPPCB","12-11-2025 02:00:00",27.169338,78.03582,OZONE,NA,NA,NA
India,Uttar_Pradesh,Baghpat,"Sardar Patel Inter College, Baghpat - UPPCB","12-11-2025 02:00:00",28.964949,77.278761,PM10,NA,NA,NA
India,Uttar_Pradesh,Baghpat,"Sardar Patel Inter College, Baghpat - UPPCB","12-11-2025 02:00:00",28.964949,77.278761,NO2,NA,NA,NA
India,Uttar_Pradesh,Baghpat,"Sardar Patel Inter College, Baghpat - UPPCB","12-11-2025 02:00:00",28.964949,77.278761,SO2,NA,NA,NA
India,Uttar_Pradesh,Gorakhpur,"Madan Mohan Malaviya University of Technology, Gorakhpur - UPPCB","12-11-2025 02:00:00",26.730136,83.433859,SO2,30,32,30
India,Uttar_Pradesh,"Greater Noida","Knowledge Park - III, Greater Noida - UPPCB","12-11-2025 02:00:00",28.47272,77.482000,PM10,178,418,286
India,Uttar_Pradesh,"Greater Noida","Knowledge Park - V, Greater Noida - UPPCB","12-11-2025 02:00:00",28.557054,77.453663,NO2,86,146,115
India,Uttar_Pradesh,"Greater Noida","Knowledge Park - V, Greater Noida - UPPCB","12-11-2025 02:00:00",28.557054,77.453663,CO,62,112,101
India,Uttar_Pradesh,"Greater Noida","Knowledge Park - V, Greater Noida - UPPCB","12-11-2025 02:00:00",28.557054,77.453663,OZONE,9,16,10
India,Uttar_Pradesh,Hapur,"Anand Vihar, Hapur - UPPCB","12-11-2025 02:00:00",28.725645,77.749675,NO2,11,103,41
India,Uttar_Pradesh,Hapur,"Anand Vihar, Hapur - UPPCB","12-11-2025 02:00:00",28.725645,77.749675,SO2,26,85,54
India,Uttar_Pradesh,Jhansi,"Shivaji Nagar, Jhansi - UPPCB","12-11-2025 02:00:00",25.4547,78.6039,NH3,4,4,4
India,Telangana,Hyderabad,"Somajiguda, Hyderabad - TSPCB","12-11-2025 02:00:00",17.417094,78.457437,NH3,4,4,4
India,Telangana,Hyderabad,"Zoo Park, Hyderabad - TSPCB","12-11-2025 02:00:00",17.349694,78.451437,PM10,88,157,122
India,Telangana,Hyderabad,"Zoo Park, Hyderabad - TSPCB","12-11-2025 02:00:00",17.349694,78.451437,SO2,2,3,2
India,Tripura,Agartala,"Bardowali, Agartala - Tripura SPCB","12-11-2025 02:00:00",23.8175497,91.2726974,PM2.5,17,69,34
India,Uttar_Pradesh,Agra,"Manoharpur, Agra - UPPCB","12-11-2025 02:00:00",27.23711,78.01936,OZONE,8,21,9
India,Uttar_Pradesh,Agra,"Rohta, Agra - UPPCB","12-11-2025 02:00:00",27.106972,78.000111,PM10,104,274,187
India,Uttar_Pradesh,Agra,"Rohta, Agra - UPPCB","12-11-2025 02:00:00",27.106972,78.000111,NH3,6,6,6
India,Uttar_Pradesh,Agra,"Rohta, Agra - UPPCB","12-11-2025 02:00:00",27.106972,78.000111,CO,37,70,60
India,Uttar_Pradesh,Lucknow,"B R Ambedkar University, Lucknow - UPPCB","12-11-2025 02:00:00",26.766433,80.927299,PM10,74,175,136
India,Uttar_Pradesh,Lucknow,"B R Ambedkar University, Lucknow - UPPCB","12-11-2025 02:00:00",26.766433,80.927299,NH3,4,7,5
India,Uttar_Pradesh,Lucknow,"B R Ambedkar University, Lucknow - UPPCB","12-11-2025 02:00:00",26.766433,80.927299,SO2,25,26,26
India,Uttar_Pradesh,Lucknow,"Gomti Nagar, Lucknow - UPPCB","12-11-2025 02:00:00",26.868120,81.005119,NO2,7,9,8
India,Uttar_Pradesh,Lucknow,"Gomti Nagar, Lucknow - UPPCB","12-11-2025 02:00:00",26.868120,81.005119,SO2,9,11,10
India,Uttar_Pradesh,Lucknow,"Gomti Nagar, Lucknow - UPPCB","12-11-2025 02:00:00",26.868120,81.005119,OZONE,28,40,33
India,Uttar_Pradesh,Lucknow,"Kendriya Vidyalaya, Lucknow - CPCB","12-11-2025 02:00:00",26.906111,80.948222,PM2.5,72,262,175
India,Uttar_Pradesh,Lucknow,"Kukrail Picnic Spot-1, Lucknow - UPPCB","12-11-2025 02:00:00",26.90723,80.98579,NO2,31,33,32
India,Uttar_Pradesh,Firozabad,"Vibhab Nagar, Firozabad - UPPCB","12-11-2025 02:00:00",27.1594,78.3953,NO2,NA,NA,NA
India,Uttar_Pradesh,Firozabad,"Vibhab Nagar, Firozabad - UPPCB","12-11-2025 02:00:00",27.1594,78.3953,NH3,NA,NA,NA
India,Uttar_Pradesh,Firozabad,"Vibhab Nagar, Firozabad - UPPCB","12-11-2025 02:00:00",27.1594,78.3953,OZONE,NA,NA,NA
India,Uttar_Pradesh,Ghaziabad,"Indirapuram, Ghaziabad - UPPCB","12-11-2025 02:00:00",28.646233,77.358075,OZONE,14,128,24
India,Uttar_Pradesh,Ghaziabad,"Loni, Ghaziabad - UPPCB","12-11-2025 02:00:00",28.757294,77.278792,SO2,15,37,26
India,Uttar_Pradesh,Ghaziabad,"Sanjay Nagar, Ghaziabad - UPPCB","12-11-2025 02:00:00",28.685382,77.453839,NO2,50,122,83
India,Uttar_Pradesh,Ghaziabad,"Vasundhara, Ghaziabad - UPPCB","12-11-2025 02:00:00",28.6603346,77.3572563,PM2.5,313,500,432
India,Uttar_Pradesh,Ghaziabad,"Vasundhara, Ghaziabad - UPPCB","12-11-2025 02:00:00",28.6603346,77.3572563,NO2,45,136,89
India,Telangana,Hyderabad,"ICRISAT Patancheru, Hyderabad - TSPCB","12-11-2025 02:00:00",17.518400,78.278777,NH3,2,5,3
India,Telangana,Hyderabad,"IDA Pashamylaram, Hyderabad - TSPCB","12-11-2025 02:00:00",17.5316895,78.218939,NO2,NA,NA,NA
India,Telangana,Hyderabad,"IDA Pashamylaram, Hyderabad - TSPCB","12-11-2025 02:00:00",17.5316895,78.218939,NH3,NA,NA,NA
India,Telangana,Hyderabad,"IDA Pashamylaram, Hyderabad - TSPCB","12-11-2025 02:00:00",17.5316895,78.218939,SO2,NA,NA,NA
India,Telangana,Hyderabad,"Kokapet, Hyderabad - TSPCB","12-11-2025 02:00:00",17.393559,78.339194,PM2.5,38,51,45
India,Telangana,Hyderabad,"Kokapet, Hyderabad - TSPCB","12-11-2025 02:00:00",17.393559,78.339194,PM10,NA,NA,NA
India,Telangana,Hyderabad,"Kompally Municipal Office, Hyderabad - TSPCB","12-11-2025 02:00:00",17.544899,78.486949,PM2.5,43,64,55
India,Telangana,Hyderabad,"Kompally Municipal Office, Hyderabad - TSPCB","12-11-2025 02:00:00",17.544899,78.486949,PM10,78,90,83
India,Telangana,Hyderabad,"Nacharam_TSIIC IALA, Hyderabad - TSPCB","12-11-2025 02:00:00",17.429398,78.569354,NO2,13,20,16
India,Telangana,Hyderabad,"Nacharam_TSIIC IALA, Hyderabad - TSPCB","12-11-2025 02:00:00",17.429398,78.569354,CO,42,59,52
India,Telangana,Hyderabad,"Nacharam_TSIIC IALA, Hyderabad - TSPCB","12-11-2025 02:00:00",17.429398,78.569354,OZONE,18,36,19
India,Telangana,Hyderabad,"New Malakpet, Hyderabad - TSPCB","12-11-2025 02:00:00",17.37206,78.50864,NO2,12,16,14
India,Telangana,Hyderabad,"New Malakpet, Hyderabad - TSPCB","12-11-2025 02:00:00",17.37206,78.50864,OZONE,11,47,15
India,Telangana,Hyderabad,"Ramachandrapuram, Hyderabad - TSPCB","12-11-2025 02:00:00",17.528544,78.286195,CO,18,50,26
India,Telangana,Hyderabad,"Somajiguda, Hyderabad - TSPCB","12-11-2025 02:00:00",17.417094,78.457437,PM2.5,40,66,49
India,Telangana,Hyderabad,"Somajiguda, Hyderabad - TSPCB","12-11-2025 02:00:00",17.417094,78.457437,NO2,14,16,15
India,Uttar_Pradesh,Baghpat,"Sardar Patel Inter College, Baghpat - UPPCB","12-11-2025 02:00:00",28.964949,77.278761,OZONE,NA,NA,NA
India,Uttar_Pradesh,Bareilly,"Rajendra Nagar, Bareilly - UPPCB","12-11-2025 02:00:00",28.38910936,79.42963708,PM10,47,127,94
India,Uttar_Pradesh,Bareilly,"Rajendra Nagar, Bareilly - UPPCB","12-11-2025 02:00:00",28.38910936,79.42963708,SO2,32,34,33
India,Uttar_Pradesh,Bareilly,"Rajendra Nagar, Bareilly - UPPCB","12-11-2025 02:00:00",28.38910936,79.42963708,CO,14,48,40
India,Uttar_Pradesh,Bulandshahr,"Yamunapuram, Bulandshahr - UPPCB","12-11-2025 02:00:00",28.406963,77.849831,NO2,76,165,131
India,Uttar_Pradesh,Bulandshahr,"Yamunapuram, Bulandshahr - UPPCB","12-11-2025 02:00:00",28.406963,77.849831,CO,8,107,67
India,Uttar_Pradesh,Jhansi,"Shivaji Nagar, Jhansi - UPPCB","12-11-2025 02:00:00",25.4547,78.6039,SO2,10,17,13
India,Uttar_Pradesh,Kanpur,"NSI Kalyanpur, Kanpur - UPPCB","12-11-2025 02:00:00",26.509954,80.249612,PM10,86,174,136
India,Uttar_Pradesh,Kanpur,"Nehru Nagar, Kanpur - UPPCB","12-11-2025 02:00:00",26.4703136,80.3229863,PM2.5,91,341,249
India,Uttar_Pradesh,Khurja,"Kalindi Kunj, Khurja - UPPCB","12-11-2025 02:00:00",28.2348927,77.8683002,NH3,1,1,1
India,Uttar_Pradesh,Khurja,"Kalindi Kunj, Khurja - UPPCB","12-11-2025 02:00:00",28.2348927,77.8683002,CO,37,103,73
India,West_Bengal,Durgapur,"Womens College_City Center, Durgapur - WBPCB (Formerly known as Sidhu Kanhu Indoor Stadium)","12-11-2025 02:00:00",23.549395,87.300496,NH3,2,3,2
India,West_Bengal,Durgapur,"Womens College_City Center, Durgapur - WBPCB (Formerly known as Sidhu Kanhu Indoor Stadium)","12-11-2025 02:00:00",23.549395,87.300496,OZONE,4,85,7
India,West_Bengal,Haldia,"Priyambada Housing Estate, Haldia - WBPCB","12-11-2025 02:00:00",22.06047,88.109737,NO2,14,32,23
India,West_Bengal,Howrah,"Belur Math, Howrah - WBPCB","12-11-2025 02:00:00",22.629801,88.352017,PM2.5,60,321,243
India,West_Bengal,Howrah,"Botanical Garden, Howrah - WBPCB","12-11-2025 02:00:00",22.554954,88.292568,PM2.5,48,162,90
India,West_Bengal,Howrah,"Botanical Garden, Howrah - WBPCB","12-11-2025 02:00:00",22.554954,88.292568,CO,48,88,76
India,West_Bengal,Howrah,"Dasnagar, Howrah - WBPCB","12-11-2025 02:00:00",22.6025571,88.3105664,NO2,11,50,28
India,West_Bengal,Howrah,"Dasnagar, Howrah - WBPCB","12-11-2025 02:00:00",22.6025571,88.3105664,NH3,1,3,2
India,Uttar_Pradesh,Prayagraj,"Nagar Nigam, Prayagraj - UPPCB","12-11-2025 02:00:00","25.44919916 ","81.82735986 ",NH3,4,12,8
India,Uttar_Pradesh,Varanasi,"Ardhali Bazar, Varanasi - UPPCB","12-11-2025 02:00:00",25.3505986,82.9083074,CO,5,21,11
India,Uttar_Pradesh,Varanasi,"Bhelupur, Varanasi - UPPCB","12-11-2025 02:00:00",25.301778,82.996789,PM10,100,243,138
India,Uttar_Pradesh,Varanasi,"Bhelupur, Varanasi - UPPCB","12-11-2025 02:00:00",25.301778,82.996789,NH3,1,1,1
India,Uttar_Pradesh,Varanasi,"Bhelupur, Varanasi - UPPCB","12-11-2025 02:00:00",25.301778,82.996789,OZONE,1,4,1
India,Uttar_Pradesh,Varanasi,"IESD Banaras Hindu University, Varanasi - UPPCB","12-11-2025 02:00:00",25.262326,82.995408,SO2,27,31,28
India,Uttar_Pradesh,Varanasi,"Maldahiya, Varanasi - UPPCB","12-11-2025 02:00:00",25.32393,82.99687,SO2,27,29,28
India,Uttar_Pradesh,Vrindavan,"Omex Eternity, Vrindavan - UPPCB","12-11-2025 02:00:00",27.5714090,77.6557570,NO2,12,13,12
India,Uttar_Pradesh,Noida,"Sector-1, Noida - UPPCB","12-11-2025 02:00:00",28.5898,77.3101,CO,9,108,91
India,Uttar_Pradesh,Noida,"Sector-1, Noida - UPPCB","12-11-2025 02:00:00",28.5898,77.3101,OZONE,6,199,14
India,Uttar_Pradesh,Noida,"Sector-116, Noida - UPPCB","12-11-2025 02:00:00",28.569230,77.393848,PM2.5,310,500,416
India,Uttar_Pradesh,Noida,"Sector-116, Noida - UPPCB","12-11-2025 02:00:00",28.569230,77.393848,NH3,9,18,15
India,Uttar_Pradesh,Noida,"Sector-116, Noida - UPPCB","12-11-2025 02:00:00",28.569230,77.393848,SO2,11,29,18
India,Uttar_Pradesh,Noida,"Sector-116, Noida - UPPCB","12-11-2025 02:00:00",28.569230,77.393848,OZONE,10,258,18
India,Uttar_Pradesh,Prayagraj,"Motilal Nehru NIT, Prayagraj - UPPCB","12-11-2025 02:00:00",25.494,81.863,SO2,45,47,46
India,Uttar_Pradesh,Prayagraj,"Nagar Nigam, Prayagraj - UPPCB","12-11-2025 02:00:00","25.44919916 ","81.82735986 ",NO2,5,5,5
India,Uttar_Pradesh,Lucknow,"Kukrail Picnic Spot-1, Lucknow - UPPCB","12-11-2025 02:00:00",26.90723,80.98579,OZONE,9,37,11
India,Uttar_Pradesh,Lucknow,"Lalbagh, Lucknow - CPCB","12-11-2025 02:00:00",26.8458805,80.9365541,OZONE,12,52,16
India,Uttar_Pradesh,Lucknow,"Talkatora District Industries Center, Lucknow - CPCB","12-11-2025 02:00:00",26.83399722,80.8917361,NH3,5,16,11
India,Uttar_Pradesh,Meerut,"Jai Bhim Nagar, Meerut - UPPCB","12-11-2025 02:00:00",28.9535882,77.7622941,NO2,18,134,60
India,Uttar_Pradesh,Meerut,"Jai Bhim Nagar, Meerut - UPPCB","12-11-2025 02:00:00",28.9535882,77.7622941,SO2,8,32,20
India,Uttar_Pradesh,Meerut,"Pallavpuram Phase 2, Meerut - UPPCB","12-11-2025 02:00:00",29.063510,77.709723,NO2,14,59,35
India,Uttar_Pradesh,Moradabad,"Kashiram Nagar, Moradabad - UPPCB","12-11-2025 02:00:00",28.849399,78.742362,NH3,4,4,4
India,Uttar_Pradesh,Moradabad,"Transport Nagar, Moradabad - UPPCB","12-11-2025 02:00:00",28.802625,78.753728,NH3,5,6,5
India,Uttar_Pradesh,Muzaffarnagar,"New Mandi, Muzaffarnagar - UPPCB","12-11-2025 02:00:00",29.4723508,77.7194031,PM10,43,251,148
India,Uttar_Pradesh,Muzaffarnagar,"New Mandi, Muzaffarnagar - UPPCB","12-11-2025 02:00:00",29.4723508,77.7194031,OZONE,19,88,45
India,Uttar_Pradesh,Noida,"Sector - 125, Noida - UPPCB","12-11-2025 02:00:00",28.5447608,77.3231257,NO2,65,217,153
India,Uttar_Pradesh,Noida,"Sector - 125, Noida - UPPCB","12-11-2025 02:00:00",28.5447608,77.3231257,CO,6,112,92
India,Uttar_Pradesh,Noida,"Sector - 125, Noida - UPPCB","12-11-2025 02:00:00",28.5447608,77.3231257,OZONE,11,11,11
India,West_Bengal,Asansol,"Mahabir Colliery, Asansol - WBPCB","12-11-2025 02:00:00",23.6181830,87.1057180,SO2,6,8,7
India,West_Bengal,Barrackpore,"SVSPA Campus, Barrackpore - WBPCB","12-11-2025 02:00:00",22.7605581,88.3617589,SO2,9,13,10
India,West_Bengal,Barrackpore,"SVSPA Campus, Barrackpore - WBPCB","12-11-2025 02:00:00",22.7605581,88.3617589,OZONE,4,62,8
India,West_Bengal,Durgapur,"Mahishkapur Road_B-Zone, Durgapur - WBPCB","12-11-2025 02:00:00",23.567923,87.306843,PM10,NA,NA,NA
India,West_Bengal,Durgapur,"Mahishkapur Road_B-Zone, Durgapur - WBPCB","12-11-2025 02:00:00",23.567923,87.306843,NO2,12,65,32
India,West_Bengal,Durgapur,"PCBL Residential Complex, Durgapur - WBPCB","12-11-2025 02:00:00",23.5087640,87.3544400,NO2,16,59,33
India,Uttar_Pradesh,Vrindavan,"Omex Eternity, Vrindavan - UPPCB","12-11-2025 02:00:00",27.5714090,77.6557570,SO2,11,18,13
India,Uttar_Pradesh,Vrindavan,"Omex Eternity, Vrindavan - UPPCB","12-11-2025 02:00:00",27.5714090,77.6557570,CO,46,100,73
India,Uttarakhand,Kashipur,"Govt. Girls Inter College, Kashipur - UKPCB","12-11-2025 02:00:00",29.2124114,78.9611753,NO2,9,44,17
India,Uttarakhand,Kashipur,"Govt. Girls Inter College, Kashipur - UKPCB","12-11-2025 02:00:00",29.2124114,78.9611753,SO2,7,9,8
India,West_Bengal,Asansol,"Asansol Court Area, Asansol - WBPCB","12-11-2025 02:00:00",23.685297,86.945968,OZONE,15,86,36
India,Uttar_Pradesh,Meerut,"Pallavpuram Phase 2, Meerut - UPPCB","12-11-2025 02:00:00",29.063510,77.709723,SO2,11,51,27
India,Uttar_Pradesh,Moradabad,"Buddhi Vihar, Moradabad - UPPCB","12-11-2025 02:00:00",28.83526,78.74460,OZONE,12,27,16
India,Uttar_Pradesh,Moradabad,"Employment Office, Moradabad - UPPCB","12-11-2025 02:00:00",28.88528,78.73880,PM10,57,149,104
India,Uttar_Pradesh,Moradabad,"Jigar Colony, Moradabad - UPPCB","12-11-2025 02:00:00",28.856664,78.772638,CO,40,40,40
India,Uttar_Pradesh,Moradabad,"Jigar Colony, Moradabad - UPPCB","12-11-2025 02:00:00",28.856664,78.772638,OZONE,17,25,19
India,West_Bengal,Asansol,"Evelyn Lodge, Asansol - WBPCB","12-11-2025 02:00:00",23.6979360,86.9443950,SO2,6,10,7
India,West_Bengal,Howrah,"Ghusuri, Howrah - WBPCB","12-11-2025 02:00:00",22.611968,88.347422,CO,20,70,50
India,West_Bengal,Howrah,"Padmapukur, Howrah - WBPCB","12-11-2025 02:00:00",22.5687319,88.2797276,NO2,15,51,29
India,West_Bengal,Howrah,"Padmapukur, Howrah - WBPCB","12-11-2025 02:00:00",22.5687319,88.2797276,CO,1,55,36
India,West_Bengal,Kolkata,"Ballygunge, Kolkata - WBPCB","12-11-2025 02:00:00",22.5367507,88.3638022,SO2,8,20,14
India,West_Bengal,Kolkata,"Bidhannagar, Kolkata - WBPCB","12-11-2025 02:00:00",22.58157048,88.41002457,PM2.5,41,214,119
India,West_Bengal,Kolkata,"Bidhannagar, Kolkata - WBPCB","12-11-2025 02:00:00",22.58157048,88.41002457,PM10,46,152,117
India,West_Bengal,Kolkata,"Bidhannagar, Kolkata - WBPCB","12-11-2025 02:00:00",22.58157048,88.41002457,NO2,12,22,17
India,West_Bengal,Kolkata,"Bidhannagar, Kolkata - WBPCB","12-11-2025 02:00:00",22.58157048,88.41002457,NH3,4,7,5
India,West_Bengal,Kolkata,"Fort William, Kolkata - WBPCB","12-11-2025 02:00:00",22.556640,88.342674,NH3,7,10,9
India,West_Bengal,Kolkata,"Jadavpur, Kolkata - WBPCB","12-11-2025 02:00:00",22.49929,88.36917,PM2.5,181,349,278
India,West_Bengal,Kolkata,"Rabindra Bharati University, Kolkata - WBPCB","12-11-2025 02:00:00",22.627847,88.380669,OZONE,6,133,27
India,West_Bengal,Kolkata,"Rabindra Sarobar, Kolkata - WBPCB","12-11-2025 02:00:00",22.51106,88.35142,PM10,68,119,100
India,West_Bengal,Kolkata,"Rabindra Sarobar, Kolkata - WBPCB","12-11-2025 02:00:00",22.51106,88.35142,NO2,45,260,142
India,West_Bengal,Kolkata,"Victoria, Kolkata - WBPCB","12-11-2025 02:00:00",22.5448082,88.3403691,PM2.5,146,309,234
India,West_Bengal,Kolkata,"Victoria, Kolkata - WBPCB","12-11-2025 02:00:00",22.5448082,88.3403691,NH3,4,5,4
India,West_Bengal,Siliguri,"Ward-32 Bapupara, Siliguri - WBPCB","12-11-2025 02:00:00",26.6879226,88.4152495,PM10,29,141,84
India,West_Bengal,Siliguri,"Ward-32 Bapupara, Siliguri - WBPCB","12-11-2025 02:00:00",26.6879226,88.4152495,NO2,17,23,20
India,West_Bengal,Siliguri,"Ward-32 Bapupara, Siliguri - WBPCB","12-11-2025 02:00:00",26.6879226,88.4152495,NH3,11,11,11
India,West_Bengal,Siliguri,"Ward-32 Bapupara, Siliguri - WBPCB","12-11-2025 02:00:00",26.6879226,88.4152495,SO2,6,17,13
