state_name,district_name,block_name,panchayat_name,village_name,habitation_name,habitation_id,scheme_id,schemes_sources_id,source_type,sourcetype_category,location,scheme_name,sanction_year,estimated_cost,expenditure,dateof_commencement,dateof_completion,update_date
Karnataka,"Bengaluru Urban","Bangalore North",Adakamaranahalli,Adakamaranahalli,Adakamaranahalli,0000373663,0005235401,5179686,"Deep Tubewell","Ground Water","Village limit","Revival of PWS",2012-2013,6.00000,5.99042,"07 Jan 2013","03 Mar 2014",2024-06-07
Karnataka,"Bengaluru Urban","Bangalore North",Adakamaranahalli,Harokyathanahalli,Harokyathanahalli,0000373666,0005235402,5179687,"Deep Tubewell","Ground Water","New Extension","Revival of MWS",2012-2013,6.10000,6.30939,"07 Jan 2013","03 Mar 2014",2024-06-07
Karnataka,"Bengaluru Urban","Bangalore North",Shrikantapura,Totadaguddadahalli,Totadaguddadahalli,0000373749,0005235415,5179704,"Deep Tubewell","Ground Water","Village limit","Revival of PWS",2012-2013,5.90000,5.16991,"07 Jan 2013","20 Mar 2013",2024-06-07
Karnataka,"Bengaluru Urban","Bangalore North",Alur,Kuduragere,"Kuduragere J H C",0000373699,0005235419,5179708,"Deep Tubewell","Ground Water",Byraveswaranagara,"Revival of MWS",2012-2013,6.30000,6.29103,"07 Jan 2013","10 Mar 2014",2024-06-07
Karnataka,"Bengaluru Urban","Bangalore North",Alur,Heggadedevanapura,Heggadedevanapura,0000373697,0005235424,5179713,"Deep Tubewell","Ground Water","Heggadadevanapura Colony","Revival of MWS",2012-2013,4.40000,5.50330,"07 Jan 2013","03 Mar 2014",2024-06-07
Karnataka,"Bengaluru Urban","Bangalore North",Kittanahalli,Kittanahalli,Kittenahalli,0000373722,0005235433,5179726,"Deep Tubewell","Ground Water","Village limit","Revival of PWS",2012-2013,5.70000,4.08157,"07 Jan 2013","20 Mar 2013",2024-06-07
Karnataka,"Bengaluru Urban","Bangalore North",Kittanahalli,Mallasandra,Mallasandra,0000373725,0005235435,5179728,"Deep Tubewell","Ground Water","Village limit","Revival of PWS",2012-2013,5.40000,3.64665,"07 Jan 2013","15 Mar 2013",2024-06-07
Karnataka,"Bengaluru Urban","Bangalore North",Siddanahosahalli,Siddanahosahalli,Siddanahosahalli,0000373707,0005235441,5179734,"Deep Tubewell","Ground Water","Village limit","Revival of PWS",2012-2013,5.90000,4.87193,"07 Jan 2013","01 Mar 2014",2024-06-07
Karnataka,"Bengaluru Urban","Bangalore North",Huskur,Vaderahalli,"Vaderahalli J H C",0000373684,0005235444,5179737,"Deep Tubewell","Ground Water","Village limit","Revival of PWS",2012-2013,6.10000,6.08817,"07 Jan 2013","20 Mar 2014",2024-06-07
Karnataka,"Bengaluru Urban","Bangalore North",Huskur,Pillahalli,"Pillalli J H C",0000373682,0005235446,5179739,"Deep Tubewell","Ground Water","Colony limit","Revival of PWS",2012-2013,5.90000,5.88041,"07 Jan 2013","20 Jan 2014",2024-06-07
Karnataka,"Bengaluru Urban","Bangalore North",Huskur,Honnasandra,Honnasandra,0001622912,0005235450,5179743,"Deep Tubewell","Ground Water","Honnasandra Cross","Revival of MWS",2012-2013,6.00000,5.99377,"07 Jan 2013","03 Mar 2014",2024-06-07
Karnataka,"Bengaluru Urban","Bangalore North",Huskur,Huchnapalya,Huchnapalya,0000373689,0005235463,5179756,"Deep Tubewell","Ground Water",Muthurayanagara,"Revival of MWS",2012-2013,5.90000,5.89394,"07 Jan 2013","03 Mar 2014",2024-06-07
Karnataka,"Bengaluru Urban","Bangalore North",Gopalapura,Gopalapura,Gopalapura,0000373769,0000420214,124117,"Deep Tubewell","Ground Water",NA,PWSS,2006-2007,4.00000,1.97000,"08 Nov 2006","31 Aug 2007",2024-06-07
Karnataka,"Bengaluru Urban","Bangalore North",Adakamaranahalli,Makali,Makali,0000373665,0000779446,125115,"Deep Tubewell","Ground Water",NA,"Village Limits",1998-1999,7.00000,7.27000,"10 Sep 1998","14 Feb 2001",2024-06-07
Karnataka,"Bengaluru Urban","Bangalore North",Siddanahosahalli,Dombarahalli,Dombarahalli,0000373708,0000014027,125625,"Deep Tubewell","Ground Water",dombarahalli,Dombarahalli,2005-2006,15.00000,15.00000,"01 Jan 2005","01 Jan 2006",2024-06-07
Karnataka,"Bengaluru Urban","Bangalore North",Siddanahosahalli,Siddanahosahalli,Siddanahosahalli,0000373707,0000545958,125996,"Deep Tubewell","Ground Water",NA,villagelimit,2006-2007,13.00000,6.81000,"10 Jul 2007","07 Feb 2008",2024-06-07
Karnataka,"Bengaluru Urban","Bangalore North",Gopalapura,Kukkanahalli,Kukkanahalli,0000373771,0000556556,126485,"Deep Tubewell","Ground Water",NA,"Revival of MWS",2007-2008,4.70000,4.68000,"20 Mar 2008","25 Jul 2008",2024-06-07
Karnataka,"Bengaluru Urban","Bangalore North",Sondekoppa,Pitaganapalya,Pitayanapalya,0000373728,0004868037,4795015,"Deep Tubewell","Ground Water","Palya Road","Revival of MWS Scheme",2012-2013,5.00000,4.96240,"10 Sep 2012","28 Feb 2013",2024-06-07
Karnataka,"Bengaluru Urban","Bangalore North",Shrikantapura,Shrikantapura,Shrikantapur,0001725167,0004869744,4796845,"Deep Tubewell","Ground Water","Towards Main Road","Revival of PWS Scheme",2012-2013,6.00000,5.99997,"15 Sep 2012","06 Mar 2013",2024-06-07
Karnataka,"Bengaluru Urban","Bangalore North",Huskur,Torenagasandra,Torenagasandra,0000373693,0004869912,4797010,"Deep Tubewell","Ground Water","Village Limit","Revival of MWS Scheme",2012-2013,6.00000,5.99899,"20 Sep 2012","20 Mar 2013",2024-06-07
Karnataka,"Bengaluru Urban","Bangalore North",Huskur,Rampalya,Rampalya,0001622915,0004869942,4797034,"Deep Tubewell","Ground Water","Village Limit","Revival of MWS Scheme",2012-2013,6.00000,6.01963,"20 Sep 2012","20 Mar 2013",2024-06-07
Karnataka,"Bengaluru Urban","Bangalore North",Somashettihalli,Somashettihally,Somashettihally,0000373654,0004872179,4799056,"Deep Tubewell","Ground Water","Village limit","Revival of MWS Scheme",2012-2013,5.00000,4.99598,"25 Sep 2012","03 Jan 2013",2024-06-07
Karnataka,"Bengaluru Urban","Bangalore North",Huskur,Huskur,Huskur,0001622918,0000548772,126953,"Deep Tubewell","Ground Water",NA,"PWS Augmentation",2006-2007,3.20000,3.10000,"12 Apr 2007","12 Nov 2007",2024-06-07
Karnataka,"Bengaluru Urban","Bangalore North",Kittanahalli,Mallasandra,Mallasandra,0000373725,0000420284,127027,"Deep Tubewell","Ground Water",NA,MWSS,2006-2007,2.80000,2.00000,"27 Oct 2006","26 Jul 2007",2024-06-07
Karnataka,"Bengaluru Urban","Bangalore North",Kittanahalli,Kenganahalli,Kenganahalli,0000373716,0000420263,127540,"Deep Tubewell","Ground Water",NA,MWSS,2006-2007,3.00000,2.31000,"05 Oct 2006","22 Aug 2007",2024-06-07
Karnataka,"Bengaluru Urban","Bangalore North",Sondekoppa,Venkatapura,Venkatapura,0000373734,0000420276,128273,"Deep Tubewell","Ground Water",NA,MWSS,2006-2007,2.80000,2.08000,"26 Oct 2006","20 Jun 2007",2024-06-07
Karnataka,"Bengaluru Urban","Bangalore North",Dasanapura,Nagarur,Marappanapalya,0000373672,0000556507,128668,"Deep Tubewell","Ground Water",NA,"Revival of MWS",2007-2008,3.70000,1.50000,"10 Apr 2008","22 Jul 2008",2024-06-07
Karnataka,"Bengaluru Urban","Bangalore North",Kodigehalli,Gangadipura,Gongadipura,0000373628,0000556591,129737,"Deep Tubewell","Ground Water",NA,"Revival of MWS",2007-2008,3.70000,1.65000,"12 Mar 2008","22 Aug 2008",2024-06-07
Karnataka,"Bengaluru Urban","Bangalore North",Dasanapura,Dasanapura,Dasanapura,0000373660,0000420207,129835,"Deep Tubewell","Ground Water",NA,PWSS,2006-2007,4.00000,1.48000,"09 Dec 2006","08 Aug 2007",2024-06-07
Karnataka,"Bengaluru Urban","Bangalore North",Lakshmipura,Gangondanahalli,Gangondanahalli,0001622923,0000545879,132195,"Deep Tubewell","Ground Water",NA,villagelimit,2006-2007,13.05000,0.69000,"18 Jul 2007","17 Mar 2008",2024-06-07
Karnataka,"Bengaluru Urban","Bangalore North",Dasanapura,Dasanapura,Dasanapura,0000373660,0003808409,3674141,"Deep Tubewell","Ground Water","BW- Narayanamma house (Sa. No. 04)",Borewell,2009-2010,1.20000,1.20000,"05 May 2009","05 Jun 2009",2024-06-07
Karnataka,"Bengaluru Urban","Bangalore North",Dasanapura,Dasanapura,Dasanapura,0000373660,0003808434,3674166,"Deep Tubewell","Ground Water","BW- Near ganapathi temple (Sa. No. 05)",Borewell,2009-2010,1.20000,1.20000,"05 May 2009","05 Jun 2009",2024-06-07
Karnataka,"Bengaluru Urban","Bangalore North",Siddanahosahalli,Dombarahalli,Dombarahalli,0000373708,0003604579,3469381,"Deep Tubewell","Ground Water","Village Limit","Additional Pipe Line",2011-2012,2.30000,0.00000,"15 Jun 2011","15 Mar 2012",2024-06-07
Karnataka,"Bengaluru Urban","Bangalore North",Huskur,Narasipura,Narasipura,0000373692,0003604621,3469420,"Deep Tubewell","Ground Water","Village Limit","Additional Pipe Line",2011-2012,4.00000,0.00000,"15 Jun 2011","15 Mar 2012",2024-06-07
Karnataka,"Bengaluru Urban","Bangalore North",Chikkabanawara,Chikkabanawara,Chikkabanawara,0000373644,0003604641,3469439,"Deep Tubewell","Ground Water","Village Limit","Additional Pipe Line",2011-2012,8.00000,0.00000,"15 Jun 2011","15 Mar 2012",2024-06-07
Karnataka,"Bengaluru Urban","Bangalore North",Madanayakanahalli,Madanayakanahalli,Madanayakanahalli,0000373703,0003638712,3503495,"Deep Tubewell","Ground Water","Near Road Side","Pipeline Extension",2011-2012,5.00000,0.00000,"20 Jul 2011","15 Mar 2012",2024-06-07
Karnataka,"Bengaluru Urban","Bangalore North",Gopalapura,Thotagere,Thotagere,0000373772,0003638793,3503574,"Deep Tubewell","Ground Water","Near Road Sidd","Pipeline Extension",2011-2012,3.50000,0.00000,"20 Jul 2011","15 Mar 2012",2024-06-07
Karnataka,"Bengaluru Urban","Bangalore North",Alur,Kuduragere,Kuduragere,0000373698,0006849635,2407643,"Deep Tubewell","Ground Water","village limit","TFC 20.10.2014 Drilling of Borewell in Basaveshwara badavane in  kudaragere habitation",2014-2015,2.00000,1.99922,"10 Dec 2014","18 Mar 2015",2024-06-07
Karnataka,"Bengaluru Urban","Bangalore North",Madanayakanahalli,Madanayakanahalli,Madanayakanahalli,0000373703,0002615577,2421786,"Deep Tubewell","Ground Water","Village Limits","community terafil units",2010-2011,5.50000,0.00000,"04 Nov 2010","29 Mar 2011",2024-06-07
Karnataka,"Bengaluru Urban","Bangalore North",Kittanahalli,Mallasandra,"Mallasandra J H C",0000373726,0002615595,2421800,"Deep Tubewell","Ground Water","Village Limits","Community Terafil Units",2010-2011,0.55000,0.00000,"04 Nov 2010","29 Mar 2011",2024-06-07
Karnataka,"Bengaluru Urban","Bangalore North",Sondekoppa,Sondekoppa,Sondekoppa,0000373739,0002615843,2422012,"Deep Tubewell","Ground Water","Village Limits","Community Terafil Units",2010-2011,2.20000,0.00000,"04 Nov 2010","28 Dec 2011",2024-06-07
Karnataka,"Bengaluru Urban","Bangalore North",Alur,Thammenahalli,"Thammenahalli Jhc",0000373701,0002615877,2422040,"Deep Tubewell","Ground Water","Village Limits","Community Terafil Units",2010-2011,0.55000,0.00000,"04 Nov 2010","29 Mar 2011",2024-06-07
Karnataka,"Bengaluru Urban","Bangalore North",Gopalapura,Thotagere,Thotagere,0000373772,0002615925,2422079,"Deep Tubewell","Ground Water","Village Limits","Community Terafil Units",2010-2011,1.65000,0.00000,"04 Nov 2010","29 Mar 2011",2024-06-07
Karnataka,"Bengaluru Urban","Bangalore North",Gopalapura,Kukkanahalli,Kukkanahalli,0000373771,0002623226,2426855,"Deep Tubewell","Ground Water",NA,"Primary School only",2010-2011,0.60000,0.00000,"30 Jun 2010","30 Nov 2010",2024-06-07
Karnataka,"Bengaluru Urban","Bangalore North",Huskur,Mathahalli,Mathahalli,0000373691,0007219117,1513228,"Deep Tubewell","Ground Water","Right side of the main road","ST COLONY Revival of MWS (Electrification)",2015-2016,0.30000,0.00000,"25 Oct 2015","31 Mar 2016",2024-06-07
Karnataka,"Bengaluru Urban","Bangalore North",Kachohalli,Kachohalli,Kachohalli,0000373763,0001764277,1513250,"Deep Tubewell","Ground Water","near MI Tank","Near Village",2008-2009,15.00000,0.00001,"15 May 2009","15 Oct 2010",2024-06-07
Karnataka,"Bengaluru Urban","Bangalore North",Alur,Thammenahalli,Thammenahalli,0000373700,0008235424,1513296,"Deep Tubewell","Ground Water","main road","15 crore 04022021 ReDrilling Borewells at  Thammenahalli village  Aluru GP Bangalore North Taluk",2020-2021,1.00000,0.98316,"07 Feb 2021","03 May 2023",2024-06-07
Karnataka,"Bengaluru Urban","Bangalore North",Shrikantapura,Totadaguddadahalli,Totadaguddadahalli,0000373749,0001764339,1513313,"Deep Tubewell","Ground Water","R/s of main road","New layout",2008-2009,15.00000,6.00000,"10 Jun 2009","30 May 2010",2024-06-07
Karnataka,"Bengaluru Urban","Bangalore North",Kodigehalli,"Chikkakodige Halli",Chikkakodigenahalli,0000373626,0002601192,2406753,"Deep Tubewell","Ground Water","village limit","community tarrafil units",2010-2011,0.55000,0.00000,"04 Nov 2010","21 Oct 2011",2024-06-07
Karnataka,"Bengaluru Urban","Bangalore North",Lakshmipura,Gangondanahalli,Gangondanahalli,0001622923,0002601355,2406936,"Deep Tubewell","Ground Water","village limit","community tarrafil units",2010-2011,3.30000,0.00000,"04 Nov 2010","28 Feb 2012",2024-06-07
Karnataka,"Bengaluru Urban","Bangalore North",Lakshmipura,Gangondanahalli,Gangondanahalli,0001622923,0007172514,2406936,"Deep Tubewell","Ground Water","village limit","ST COLONY Revival of MWS Scheme",2015-2016,5.00000,0.00000,"25 Oct 2015","31 Mar 2016",2024-06-07
Karnataka,"Bengaluru Urban","Bangalore North",Kodigehalli,Gangadipura,Gongadipura,0000373628,0002601413,2407001,"Deep Tubewell","Ground Water","village limit","community tarrafil units",2010-2011,0.55000,0.00000,"04 Nov 2010","10 Nov 2011",2024-06-07
Karnataka,"Bengaluru Urban","Bangalore North",Huskur,Torenagasandra,Torenagasandra,0000373693,0001758744,1507862,"Deep Tubewell","Ground Water","Bilijogi road","village limits",2008-2009,3.00000,1.50000,"10 Mar 2009","30 May 2010",2024-06-07
Karnataka,"Bengaluru Urban","Bangalore North",Madavara,Madavara,Madavara,0000373744,0001761036,1510176,"Deep Tubewell","Ground Water","Nandishwara Road","Shaneshwara Temple",2006-2007,12.00000,10.31000,"10 Apr 2009","31 Oct 2010",2024-06-07
Karnataka,"Bengaluru Urban","Bangalore North",Siddanahosahalli,Siddanahosahalli,Siddanahosahalli,0000373707,0001762557,1511621,"Deep Tubewell","Ground Water",Aralikatte,PWS,2007-2008,13.00000,11.28000,"12 Jun 2008","30 May 2010",2024-06-07
Karnataka,"Bengaluru Urban","Bangalore North",Lakshmipura,"K G Srikantapura","K G Srikantapura",0000373751,0001763333,1512308,"Deep Tubewell","Ground Water","Left side of the road","Revival of MWS",2007-2008,3.00000,1.29000,"10 Mar 2009","30 Jun 2009",2024-06-07
Karnataka,"Bengaluru Urban","Bangalore North",Madavara,Madavara,Madavara,0000373744,0008235867,1512329,"Deep Tubewell","Ground Water","at Buddha Jyothi Layout","15 crore 04022021 Drilling of Borewell at Madavara habitaion Madavara  village, Madavara GP, Bangalore North Taluk.",2020-2021,3.20000,3.08703,"15 Feb 2021","03 May 2023",2024-06-07
Karnataka,"Bengaluru Urban","Bangalore North",Madavara,Hottappanapalya,Hottapanapalya,0000373746,0001764179,1513145,"Deep Tubewell","Ground Water","near school","School side",2008-2009,15.00000,10.19000,"02 Jan 2009","30 Aug 2010",2024-06-07
Karnataka,"Bengaluru Urban","Bangalore North",Somashettihalli,Lakshmipura,Lakshmipura,0000373655,0005235506,5179800,"Deep Tubewell","Ground Water","Village limit","Revival of PWS",2012-2013,6.40000,0.00000,"07 Jan 2013","20 Mar 2013",2024-06-07
Karnataka,"Bengaluru Urban","Bangalore North",Somashettihalli,Ganigarahalli,Ganigarahalli,0000373652,0005235509,5179803,"Deep Tubewell","Ground Water","Maruthi Nagara","Revival of PWS",2012-2013,5.70000,5.88756,"07 Jan 2013","03 Mar 2014",2024-06-07
Karnataka,"Bengaluru Urban","Bangalore North",Chikkabanawara,Chikkabanawara,"Vinayaka Badavane",0001725158,0005235511,5179805,"Deep Tubewell","Ground Water","4th Block near Shaneswara Temple","Revival of PWS",2012-2013,6.00000,0.00000,"07 Jan 2013","20 Mar 2013",2024-06-07
Karnataka,"Bengaluru Urban","Bangalore North",Chikkabanawara,Chikkabanawara,Dasappanapalya,0000373647,0005235514,5179808,"Deep Tubewell","Ground Water","4th Block Near Shaneswara Temple","Revival of PWS",2012-2013,6.00000,5.98897,"07 Jan 2013","03 Mar 2014",2024-06-07
Karnataka,"Bengaluru Urban","Bangalore North",Chikkabanawara,Chikkabanawara,"Vinayaka Badavane",0001725158,0005235515,5179809,"Deep Tubewell","Ground Water","2nd Block Vishweswaraiah Badavane","Revival of PWS",2012-2013,5.70000,5.28869,"07 Jan 2013","03 Mar 2014",2024-06-07
Karnataka,"Bengaluru Urban","Bangalore North",Dasanapura,Nagarur,Nagapura,0000373671,0005361618,5298270,"Deep Tubewell","Ground Water","Village limit","Drilling of BW",2012-2013,1.80000,1.58329,"07 Mar 2013","31 Mar 2013",2024-06-07
Karnataka,"Bengaluru Urban","Bangalore North",Chikkabanawara,Chikkabanawara,Ganapatinagara,0001725160,0005363171,5300169,"Deep Tubewell","Ground Water",Vinayakabadavane,"Drilling of BW",2012-2013,1.80000,0.00000,"07 Mar 2013","10 May 2013",2024-06-07
Karnataka,"Bengaluru Urban","Bangalore North",Siddanahosahalli,Dombarahalli,Dombarahalli,0000373708,0005506757,5442615,"Deep Tubewell","Ground Water","Village limit","Providing PWS Scheme",2013-2014,25.00000,25.00000,"15 Sep 2013","01 Mar 2015",2024-06-07
Karnataka,"Bengaluru Urban","Bangalore North",Madanayakanahalli,Madanayakanahalli,Madanayakanahalli,0000373703,0005508610,5444539,"Deep Tubewell","Ground Water",Hosabadavane,"Revival of PWS Scheme",2013-2014,10.00000,9.68349,"25 Aug 2013","25 Mar 2014",2024-06-07
Karnataka,"Bengaluru Urban","Bangalore North",Lakshmipura,"K G Srikantapura","K G Srikantapura",0000373751,0005508657,5444600,"Deep Tubewell","Ground Water","Village limiit","Revival of MWS Scheme",2013-2014,5.00000,0.00000,"15 Sep 2013","01 Mar 2015",2024-06-07
Karnataka,"Bengaluru Urban","Bangalore North",Shrikantapura,Totadaguddadahalli,"Prakruthi Nagara",0001725170,0005508703,5444650,"Deep Tubewell","Ground Water","Village limit","G Revival of MWS Scheme",2013-2014,5.00000,4.23871,"15 Sep 2013","31 Oct 2014",2024-06-07
Karnataka,"Bengaluru Urban","Bangalore North",Shrikantapura,Totadaguddadahalli,Totadaguddadahalli,0000373749,0005508718,5444667,"Deep Tubewell","Ground Water","Village limit","Revival of MWS Scheme",2013-2014,5.00000,5.12409,"20 Aug 2013","01 Mar 2014",2024-06-07
Karnataka,"Bengaluru Urban","Bangalore North",Kittanahalli,Bettahalli,Bettahalli,0000373721,0005511287,5447574,"Deep Tubewell","Ground Water","Village limit","Revival of MWS Scheme",2013-2014,7.50000,0.00000,"25 Sep 2013","15 Mar 2014",2024-06-07
Karnataka,"Bengaluru Urban","Bangalore North",Sondekoppa,Sondekoppa,Gayathrinagar,0000373741,0005525636,5467356,"Deep Tubewell","Ground Water","Village limit","G Revival of MWS Scheme",2013-2014,7.50000,8.47118,"28 Aug 2013","01 Oct 2015",2024-06-07
Karnataka,"Bengaluru Urban","Bangalore North",Somashettihalli,Lakshmipura,Lakshmipura,0000373655,0005545750,5498547,"Deep Tubewell","Ground Water","Village limit","Improvements to Water Supply Scheme",2013-2014,25.00000,22.55563,"15 Sep 2013","28 Feb 2015",2024-06-07
Karnataka,"Bengaluru Urban","Bangalore North",Somashettihalli,Kebbepalya,Kebbepalya,0000373653,0005545802,5498589,"Deep Tubewell","Ground Water","Maruthinagara  Somashettihalli","Revival of MWS Scheme",2013-2014,10.00000,6.20898,"15 Sep 2013","20 Mar 2014",2024-06-07
Karnataka,"Bengaluru Urban","Bangalore North",Somashettihalli,"Kere Guddadahalli",Kereguddadahalli,0000373656,0005545830,5498612,"Deep Tubewell","Ground Water","Village limit","Revival of MWS Scheme",2013-2014,5.00000,0.00000,"15 Sep 2013","25 Feb 2014",2024-06-07
Karnataka,"Bengaluru Urban","Bangalore North",Chikkabanawara,Chikkabanawara,Veerashettyhalli,0000373646,0005834531,250008471,"Deep Tubewell","Ground Water","Village limit","Drinking Water Facility to Anganawadi",2013-2014,1.00000,0.00000,"15 Sep 2013","10 Mar 2014",2024-06-07
Karnataka,"Bengaluru Urban","Bangalore North",Sondekoppa,Lakkenahalli,Lakkenahalli,0000373733,0005834543,250008479,"Deep Tubewell","Ground Water","Village limit","Drinking Water Facility to Anganawadi",2013-2014,1.00000,0.98931,"15 Sep 2013","03 Mar 2014",2024-06-07
Karnataka,"Bengaluru Urban","Bangalore North",Lakshmipura,Kammasandra,Kammasandra,0000373710,0005834547,250008483,"Deep Tubewell","Ground Water","Village limit","Drinking Water Facility to Anganawadi",2013-2014,1.00000,0.99285,"15 Sep 2013","31 Jan 2014",2024-06-07
Karnataka,"Bengaluru Urban","Bangalore North",Kittanahalli,Bettahalli,Bettahalli,0000373721,0005834676,250008543,"Deep Tubewell","Ground Water","Village limit","Drinking Water Facility to Anganawadi",2013-2014,1.00000,0.00000,"15 Sep 2013","13 Nov 2013",2024-06-07
Karnataka,"Bengaluru Urban","Bangalore North",Kittanahalli,Mallasandra,Mallasandra,0000373725,0005834679,250008546,"Deep Tubewell","Ground Water","Village limit","Drinking Water Facility to Anganawadi",2013-2014,1.00000,0.99868,"15 Sep 2013","12 Feb 2014",2024-06-07
Karnataka,"Bengaluru Urban","Bangalore North",Kittanahalli,Kenganahalli,Kenganahalli,0000373716,0005834680,250008547,"Deep Tubewell","Ground Water","Village limit","Drinking Water Facility to Anganawadi",2013-2014,1.00000,0.99868,"15 Sep 2013","10 Feb 2014",2024-06-07
Karnataka,"Bengaluru Urban","Bangalore North",Kadabagere,Kadabagere,Kadabagere,0000373758,0006849601,250075958,"Deep Tubewell","Ground Water",chikkagollarahatti,"G TFC 20.10.2014 Drilling of Borewell 3 Chikkagollaharhatti in kadabagere habitation",2014-2015,5.23000,3.49370,"10 Dec 2014","31 Mar 2019",2024-06-07
Karnataka,"Bengaluru Urban","Bangalore North",Lakshmipura,Gangondanahalli,Gangondanahalli,0001622923,0006849650,250075998,"Deep Tubewell","Ground Water",NA,"G TFC 20.10.2014 Drilling of Borewell in Gangagondanahalli habitation",2014-2015,2.00000,1.99857,"10 Dec 2014","31 Mar 2016",2024-06-07
Karnataka,"Bengaluru Urban","Bangalore North",Kadabagere,Kadabagere,Kadabagere,0000373758,0006849655,250076003,"Deep Tubewell","Ground Water",NA,"TFC 20.10.2014 Drilling of Borewell-in kadabagere habitation",2014-2015,2.00000,1.99772,"10 Dec 2014","18 Mar 2015",2024-06-07
Karnataka,"Bengaluru Urban","Bangalore North",Madanayakanahalli,Madanayakanahalli,Madanayakanahalli,0000373703,0006849666,250076014,"Deep Tubewell","Ground Water",NA,"G TFC 20.10.2014 Drilling of Borewell 2 in Madanayakanahalli habitation",2014-2015,4.00000,3.99658,"10 Dec 2014","31 Dec 2015",2024-06-07
Karnataka,"Bengaluru Urban","Bangalore North",Dasanapura,Dasanapura,Dasanapura,0000373660,0006849806,250076148,"Deep Tubewell","Ground Water",adakamaranahalli,"TFC 20.10.2014 Drilling of Borewell-adakamaranahalli in Dasanapura habitation",2014-2015,2.00000,0.00000,"10 Dec 2014","10 Feb 2015",2024-06-07
Karnataka,"Bengaluru Urban","Bangalore North",Somashettihalli,Somashettihally,Somashettihally,0000373654,0006849965,250076186,"Deep Tubewell","Ground Water",kabbepalya,"G TFC 20.10.2014 Drilling of Borewell in kabbe palya somashetthihali habitation",2014-2015,3.90000,3.88383,"10 Dec 2014","01 Sep 2015",2024-06-07
Karnataka,"Bengaluru Urban","Bangalore North",Madanayakanahalli,Madanayakanahalli,Madanayakanahalli,0000373703,0006942291,250080143,"Deep Tubewell","Ground Water","Nandishwara Badavane","G TFC130315 Drilling of Borewell at Madanayakanahalli Habitation,Madanayakanahalli GP, Bangalore North Taluk.",2014-2015,2.25000,2.24557,"20 Apr 2015","01 Sep 2015",2024-06-07
Karnataka,"Bengaluru Urban","Bangalore North",Kadabagere,Kadabagere,Kadabagere,0000373758,0006942896,250080156,"Deep Tubewell","Ground Water",Chikkagollarahatti,"G TFC130315 Drilling of Borewell at Chikkagollarahatti  Habitation Kadabagere GP, Bangalore North Taluk.",2014-2015,3.04000,3.03160,"20 Apr 2015","01 Sep 2015",2024-06-07
Karnataka,"Bengaluru Urban","Bangalore North",Chikkabanawara,Chikkabanawara,Kemapura,0001622902,0006373626,250034548,"Deep Tubewell","Ground Water","Village limit","G Revival of MWS Scheme",2013-2014,6.00000,6.31343,"28 Apr 2014","31 Dec 2015",2024-06-07
Karnataka,"Bengaluru Urban","Bangalore North",Chikkabanawara,"Kempapura J H C","Kempapura J H C",0000373651,0006373638,250034558,"Deep Tubewell","Ground Water","Village  limit","Revival of MWS Scheme",2013-2014,6.00000,5.61147,"25 Apr 2014","01 Mar 2015",2024-06-07
Karnataka,"Bengaluru Urban","Bangalore North",Adakamaranahalli,Harokyathanahalli,Venkatappanapalya,0000373668,0006373743,250034591,"Deep Tubewell","Ground Water","Village limit","G Revival of MWS Scheme",2013-2014,6.00000,4.57315,"25 Apr 2014","31 Mar 2017",2024-06-07
Karnataka,"Bengaluru Urban","Bangalore North",Adakamaranahalli,Adakamaranahalli,Prababhanagar,0000373664,0006373753,250065333,"Deep Tubewell","Ground Water","Colony Limit","Revival of MWS Scheme",2013-2014,6.00000,0.98856,"25 Apr 2014","01 Mar 2015",2024-06-07
Karnataka,"Bengaluru Urban","Bangalore North",Huskur,Halasimaradapalya,Halasinamaradapalya,0000373690,0006373817,250034618,"Deep Tubewell","Ground Water","Village  limit","G Revival of MWS Scheme",2013-2014,6.00000,3.33565,"25 Apr 2014","31 Mar 2017",2024-06-07
Karnataka,"Bengaluru Urban","Bangalore North",Huskur,Torenagasandra,Torenagasandra,0000373693,0006373821,250034620,"Deep Tubewell","Ground Water","Villae limit","Revival of MWS Scheme",2013-2014,7.00000,0.00000,"25 Apr 2014","25 Aug 2014",2024-06-07
Karnataka,"Bengaluru Urban","Bangalore North",Huskur,Kodipalya,Kodipalya,0000373678,0006373855,250034634,"Deep Tubewell","Ground Water","Village  limit","Revival of MWS  Scheme",2013-2014,6.00000,5.52468,"25 Apr 2014","14 Jan 2015",2024-06-07
Karnataka,"Bengaluru Urban","Bangalore North",Kodigehalli,Manganahalli,"Manganahalli Slum",0001725163,0006373978,250034687,"Deep Tubewell","Ground Water","Village  limit","G Revival of MWS  Scheme",2013-2014,6.00000,6.23353,"29 Apr 2014","31 Dec 2015",2024-06-07
Karnataka,"Bengaluru Urban","Bangalore North",Kodigehalli,"Brahmadevara Gutte",Bramhadevaragudda,0000373629,0006373987,250034691,"Deep Tubewell","Ground Water","Village limit","G Revival of MWS  Scheme",2013-2014,6.00000,5.71977,"25 Apr 2014","31 Dec 2015",2024-06-07
Karnataka,"Bengaluru Urban","Bangalore North",Kodigehalli,Gangadipura,Gongadipura,0000373628,0006373990,250065384,"Deep Tubewell","Ground Water","Village Limit","G Revival of MWS  Scheme",2013-2014,6.00000,4.60671,"25 Apr 2014","31 Dec 2015",2024-06-07
Karnataka,"Bengaluru Urban","Bangalore North",Sondekoppa,Hullegowdanahalli,Koorekalpalya,0000373729,0006374234,250034745,"Deep Tubewell","Ground Water","Village limit","Revival of MWS Scheme",2013-2014,6.00000,5.56182,"27 Apr 2014","31 Mar 2015",2024-06-07
Karnataka,"Bengaluru Urban","Bangalore North",Gopalapura,Agraharapalya,Agraharapalya,0000373775,0008023411,3770888,Openwell,"Ground Water","Road Side","10 Crore 220520 Revival of MWS  Drilling of Borwell and Providing Pump motor to Agrahara Palya village Gopalapura GP Bangalore North Taluk",2020-2021,4.99000,4.80690,"01 Jul 2020","03 May 2023",2024-06-07
Karnataka,"Bengaluru Urban","Bangalore North",Kittanahalli,Averahalli,Avrahalli,0000373720,0003913477,3781895,"Deep Tubewell","Ground Water","Towards Village Limits","Revival of PWS",2011-2012,6.00000,0.00000,"20 Aug 2011","25 Jan 2012",2024-06-07
Karnataka,"Bengaluru Urban","Bangalore North",Kittanahalli,Bettahalli,Bettahalli,0000373721,0003913499,3781918,"Deep Tubewell","Ground Water","Towards Village Limits","Revival of MWS",2011-2012,5.50000,0.00000,"22 Aug 2011","24 Jan 2012",2024-06-07
Karnataka,"Bengaluru Urban","Bangalore North",Kittanahalli,Ravatanahalli,Ravatanahalli,0000373717,0003913665,3782087,"Deep Tubewell","Ground Water","Towards Village Limits","Revival of PWS",2011-2012,6.00000,0.00000,"28 Aug 2011","26 Jan 2012",2024-06-07
Karnataka,"Bengaluru Urban","Bangalore North",Kodigehalli,Seegehalli,Seegehalli,0000373623,0003913781,3782203,"Deep Tubewell","Ground Water","Towards Village Limits","Revival of PWS",2011-2012,6.50000,0.00000,"23 Aug 2011","25 Jan 2012",2024-06-07
Karnataka,"Bengaluru Urban","Bangalore North",Lakshmipura,Kadaranahalli,Kadaranahalli,0000373709,0003914084,3782507,"Deep Tubewell","Ground Water","Towards Village Limits","Revival of MWS",2011-2012,5.50000,0.00000,"21 Aug 2011","25 Jan 2012",2024-06-07
Karnataka,"Bengaluru Urban","Bangalore North",Lakshmipura,Gangondanahalli,Shanthinagar,0001622922,0003914210,3782634,"Deep Tubewell","Ground Water","Towards Village Limits","Revival of MWS",2011-2012,5.50000,0.00000,"21 Aug 2011","10 Sep 2012",2024-06-07
Karnataka,"Bengaluru Urban","Bangalore North",Sondekoppa,Byregowdanahalli,Byregowdanahalli,0000373735,0003914495,3782920,"Deep Tubewell","Ground Water","Road Side","Revival of MWS",2011-2012,5.50000,0.00000,"21 Aug 2011","25 Jan 2012",2024-06-07
Karnataka,"Bengaluru Urban","Bangalore North",Sondekoppa,Nagasandra,Nagasandra,0000373743,0003914568,3782993,"Deep Tubewell","Ground Water","Towards Village Limits","Revival of MWS",2011-2012,5.50000,0.00000,"21 Aug 2011","25 Jan 2012",2024-06-07
Karnataka,"Bengaluru Urban","Bangalore North",Kodigehalli,Kodigehalli,Kodigenahalli,0000373624,0003918082,3786654,"Deep Tubewell","Ground Water","BW- Nanjundadevara badavane near OHT - Sa. No. 3/8-1",Borewell,2009-2010,1.20000,1.20000,"04 Jul 2009","04 Aug 2009",2024-06-07
Karnataka,"Bengaluru Urban","Bangalore North",Huskur,Huskur,Huskur,0001622918,0003918474,3787068,"Deep Tubewell","Ground Water","BW- near Somanna house - Sa. No. 3",Borewell,2009-2010,1.20000,1.20000,"04 Apr 2009","03 May 2009",2024-06-07
Karnataka,"Bengaluru Urban","Bangalore North",Chikkabidarakallu,Chikkabidarakallu,Chikkabidarakallu,0001725168,0004124380,4003816,"Deep Tubewell","Ground Water","Towards MI Tank","Providing Piped Water Supply",2011-2012,20.00000,9.88824,"25 Aug 2011","01 Mar 2013",2024-06-07
Karnataka,"Bengaluru Urban","Bangalore North",Chikkabanawara,"Kempapura J H C","Kempapura J H C",0000373651,0004865190,4792030,"Deep Tubewell","Ground Water","Village Limit","Providing Piped Water Supply Scheme",2012-2013,20.00000,0.00000,"20 Sep 2012","20 Feb 2014",2024-06-07
Karnataka,"Bengaluru Urban","Bangalore North",Kittanahalli,Gowdahalli,"Gowdahalli Colony",0000373715,0004865238,4792078,"Deep Tubewell","Ground Water","Towards Main Road","Revival of MWS Scheme",2012-2013,5.00000,0.00000,"25 Sep 2012","20 Feb 2013",2024-06-07
Karnataka,"Bengaluru Urban","Bangalore North",Kadabagere,Kadabagere,Arkavathinagar,0000373759,0004867574,4794525,"Deep Tubewell","Ground Water","Village Limit","Providing Piped Water Supply Scheme",2012-2013,20.00000,2.82005,"25 Sep 2012","15 Feb 2014",2024-06-07
Karnataka,"Bengaluru Urban","Bangalore North",Chikkabanawara,Chikkabanawara,Kallanakunte,0001725157,0007529595,250146287,"Deep Tubewell","Ground Water","Main Road","G Revival of MWS Scheme at Kallanakunte Habitation Chikkabanavara G.P., Bangalore North Taluk",2016-2017,7.00000,6.14768,"25 Aug 2016","31 Mar 2018",2024-06-07
Karnataka,"Bengaluru Urban","Bangalore North",Madavara,Madavara,"Nandishwara Badavane",0001622925,0007529674,250148451,"Deep Tubewell","Ground Water","Kirloskar Badavane","G Revival of MWS Scheme at Nandishwara Badavane Habitation Madavara G.P., Bangalore North Taluk",2016-2017,15.00000,14.44979,"25 Aug 2016","31 Mar 2018",2024-06-07
Karnataka,"Bengaluru Urban","Bangalore North",Huskur,Narasipura,Narasipura,0000373692,0007529727,250148105,"Deep Tubewell","Ground Water","Towards Main Road","G Revival of MWS Scheme at Narasipura Habitation Huskur G.P., Bangalore North Taluk",2016-2017,6.00000,2.99496,"25 Aug 2016","31 Mar 2018",2024-06-07
Karnataka,"Bengaluru Urban","Bangalore North",Machohalli,Machohalli,"Machohalli J H C",0000373767,0007529738,250148346,"Deep Tubewell","Ground Water",&amp;amp;amp;nbsp;,"G Revival of MWS Scheme at Machohalli Colony Habitation Kadabagere G.P., Bangalore North Taluk",2016-2017,12.00000,8.13920,"25 Aug 2016","31 Mar 2018",2024-06-07
Karnataka,"Bengaluru Urban","Bangalore North",Adakamaranahalli,Harokyathanahalli,Harokyathanahalli,0000373666,0007529809,250147604,"Deep Tubewell","Ground Water","New Extension","G Revival of MWS Scheme Venkatappanapalya Habitation, Harokyathanahalli Village ,Dasanapura G.P., Bangalore North Taluk",2016-2017,6.00000,5.69356,"25 Aug 2016","31 Mar 2019",2024-06-07
Karnataka,"Bengaluru Urban","Bangalore North",Madanayakanahalli,Madanayakanahalli,Madanayakanahalli,0000373703,0007529872,250148425,"Deep Tubewell","Ground Water",Hosabadavane,"G Revival of MWS Scheme at Madanayakanahalli Habitation Madanayakanahalli G.P., Bangalore North Taluk",2016-2017,16.00000,20.04745,"25 Aug 2016","31 Mar 2018",2024-06-07
Karnataka,"Bengaluru Urban","Bangalore North",Somashettihalli,Somashettihally,Somashettihally,0000373654,0007529885,250146070,"Deep Tubewell","Ground Water",Khanshiramnagar,"G Revival of MWS Scheme Somashettihalli Habitation, Abbigere G.P., Bangalore North Taluk",2016-2017,7.00000,0.00000,"25 Aug 2016","03 May 2023",2024-06-07
Karnataka,"Bengaluru Urban","Bangalore North",Kodigehalli,"Brahmadevara Gutte",Bramhadevaragudda,0000373629,0007530104,250148386,"Deep Tubewell","Ground Water","Village limit","G Revival of MWS Scheme at Bramhadevaragudda Habitation Kodigehalli G.P., Bangalore North Taluk",2016-2017,10.00000,3.96135,"25 Aug 2016","31 Mar 2018",2024-06-07
Karnataka,"Bengaluru Urban","Bangalore North",Lakshmipura,"K G Lakkenahalli","K G Lakkenahalli",0000373754,0007530132,250148120,"Deep Tubewell","Ground Water","Machohalli - KG Lakkenahalli road right side","G Revival of MWS Scheme at K.G. Lakkenahalli Habitation Kadabagere G.P., Bangalore North Taluk",2016-2017,10.00000,8.41386,"25 Aug 2016","03 May 2023",2024-06-07
Karnataka,"Bengaluru Urban","Bangalore North",Adakamaranahalli,Adakamaranahalli,Adakamaranahalli,0000373663,0007530146,250146398,"Deep Tubewell","Ground Water",&amp;nbsp;,"G Revival of PWS Scheme at Adakamaranahalli Habitation Dasanapura G.P., Bangalore North Taluk",2016-2017,6.00000,5.57398,"25 Aug 2016","31 Mar 2018",2024-06-07
Karnataka,"Bengaluru Urban","Bangalore North",Kadabagere,Kadabagere,Kadabagere,0000373758,0007530181,250148340,"Deep Tubewell","Ground Water","near chikkagollarahatii village limit","G Revival of PWS Scheme at Kadabagere Habitation Kadabagere G.P., Bangalore North Taluk",2016-2017,10.00000,8.18458,"25 Aug 2016","31 Mar 2018",2024-06-07
Karnataka,"Bengaluru Urban","Bangalore North",Kittanahalli,Kittanahalli,Kittenahalli,0000373722,0007530217,5179726,"Deep Tubewell","Ground Water","Village limit","G Providing Water supply to School at Kittenahalli habitation Kittenahalli G.P., Bangalore North Taluk",2016-2017,1.00000,0.99620,"25 Aug 2016","31 Mar 2019",2024-06-07
Karnataka,"Bengaluru Urban","Bangalore North",Kittanahalli,Gowdahalli,"Gowdahalli Colony",0000373715,0007530558,250145909,"Deep Tubewell","Ground Water","Towards Main Road","G Revival of MWS Scheme  at Gowdahalli colony Habitation, in Kittanahalli G.P., Bangalore North Taluk",2016-2017,6.00000,4.93503,"25 Aug 2016","31 Mar 2018",2024-06-07
Karnataka,"Bengaluru Urban","Bangalore North",Chikkabidarakallu,Thirumalapura,Thirumalapura,0000373642,0007706322,250196567,"Deep Tubewell","Ground Water","Village limit","TFC170417 Drilling of Borewell at Thirumalapura Habitation, Chikkabidarakallu GP, Bangalore North Taluk",2017-2018,1.75000,1.74231,"10 Jul 2017","31 Mar 2019",2024-06-07
Karnataka,"Bengaluru Urban","Bangalore North",Kodigehalli,Kodigehalli,Kodigenahalli,0000373624,0007739838,250205388,"Deep Tubewell","Ground Water","village limit","WPP33 SCP (3000 Series) Kodigehalli Habitation, Kodigehalli G.P, Bangalore North Taluk, Bangalore Urban District",2017-2018,12.00000,9.66283,"25 Nov 2017","31 Mar 2019",2024-06-07
Karnataka,"Bengaluru Urban","Bangalore North",Chikkabanawara,Chikkabanawara,Chikkabanawara,0000373644,0007853343,250246978,"Deep Tubewell","Ground Water","Village limit","TFC NAC 2018 Drilling of Borewell(1 No) for Revival of Water Supply Scheme at Chikkabanawara(Guddebasaveshwara Nagara) village Chikkabanawara GP",2018-2019,2.16000,2.15851,"26 Oct 2018","31 Mar 2019",2024-06-07
Karnataka,"Bengaluru Urban","Bangalore North",Kodigehalli,Kodigehalli,Chikkagollarahalli,0000373627,0007889279,250268701,"Deep Tubewell","Ground Water","Left side of main road","GOI shifted to GOK G Revival of MWS Scheme at Chikkagollarahatti Habitation Kodigehalli GP Bangalore North",2018-2019,5.00000,4.72252,"01 Mar 2019","03 May 2023",2024-06-07
Karnataka,"Bengaluru Urban","Bangalore North",Kodigehalli,Seegehalli,Seegehalli,0000373623,0007915701,250285116,"Deep Tubewell","Ground Water",NA,"G Revival of PWS  Providing pipe line at Seegehalli Habitation, Kodigehalli G.P, Bangalore North Taluk",2019-2020,1.00000,0.99292,"08 Oct 2019","31 Jul 2020",2024-06-07
Karnataka,"Bengaluru Urban","Bangalore North",Huskur,Huskur,Huskur,0001622918,0007952481,5540383,"Deep Tubewell","Ground Water","Village limit","TFC 231019 Drilling of Borewell at Huskur Colony in Huskur Gram Panchayath at Bangalore North Taluk",2019-2020,3.50000,3.49355,"07 Nov 2019","29 Feb 2020",2024-06-07
Karnataka,"Bengaluru Urban","Bangalore North",Gopalapura,Govindapura,Govindapura,0001622911,0005580603,5540249,"Deep Tubewell","Ground Water","Village limit","G Revival of MWS Scheme",2013-2014,8.00000,7.10983,"15 Sep 2013","31 Mar 2017",2024-06-07
Karnataka,"Bengaluru Urban","Bangalore North",Huskur,Mathahalli,Mathahalli,0000373691,0005580676,5540410,"Deep Tubewell","Ground Water","Village limit","Revival of MWS Scheme",2013-2014,7.00000,7.10631,"15 Sep 2013","25 Mar 2014",2024-06-07
Karnataka,"Bengaluru Urban","Bangalore North",Kittanahalli,Kittanahalli,Kittenahalli,0000373722,0005580694,5540435,"Deep Tubewell","Ground Water","Village limit","Revival of PWS Scheme",2013-2014,8.00000,7.80403,"15 Sep 2013","03 Mar 2014",2024-06-07
Karnataka,"Bengaluru Urban","Bangalore North",Kodigehalli,"Chikkakodige Halli",Chikkakodigenahalli,0000373626,0005581169,5541063,"Deep Tubewell","Ground Water","Village limit","Revival of MWS Scheme",2013-2014,7.00000,7.00948,"15 Sep 2013","19 Mar 2014",2024-06-07
Karnataka,"Bengaluru Urban","Bangalore North",Kodigehalli,Kodigehalli,Kodigenahalli,0000373624,0005581194,5541081,"Deep Tubewell","Ground Water","Village limit","Revival of PWS Scheme",2013-2014,10.00000,10.00590,"12 Sep 2013","01 Mar 2014",2024-06-07
Karnataka,"Bengaluru Urban","Bangalore North",Kittanahalli,Devinanjayanapalya,"D Palya",0000373723,0005589313,5549626,"Deep Tubewell","Ground Water","Village limit","G Revival of MWS Scheme",2013-2014,7.00000,7.02613,"15 Sep 2013","28 Feb 2014",2024-06-07
Karnataka,"Bengaluru Urban","Bangalore North",Kodigehalli,Kannahalli,Kannahalli,0000373620,0005589318,5549631,"Deep Tubewell","Ground Water","Village limit","Revival of MWS Scheme",2013-2014,7.00000,6.24734,"15 Sep 2013","28 Feb 2014",2024-06-07
Karnataka,"Bengaluru Urban","Bangalore North",Shrikantapura,Totadaguddadahalli,"Sai Badavane",0001725171,0005656546,5619471,"Deep Tubewell","Ground Water","Village limit","Revival of MWS Scheme",2013-2014,5.00000,3.19447,"20 Sep 2013","03 Feb 2014",2024-06-07
Karnataka,"Bengaluru Urban","Bangalore North",Chikkabidarakallu,Chikkabidarakallu,Chikkabidarakallu,0001725168,0005656566,5619489,"Deep Tubewell","Ground Water","Village limit","Revival of PWS Scheme",2013-2014,10.00000,10.02353,"20 Sep 2013","25 Mar 2014",2024-06-07
Karnataka,"Bengaluru Urban","Bangalore North",Adakamaranahalli,Adakamaranahalli,Adakamaranahalli,0000373663,0005830532,250008104,"Deep Tubewell","Ground Water","Village limit","Drinking Water Facility to Anganawadi",2013-2014,1.00000,0.99868,"10 Sep 2013","25 Mar 2014",2024-06-07
Karnataka,"Bengaluru Urban","Bangalore North",Alur,Alur,"Alur Palya",0000373695,0005830535,250008105,"Deep Tubewell","Ground Water","Village limit","Drinking Water Facility to Anganawadi",2013-2014,1.00000,0.99852,"10 Sep 2013","25 Mar 2014",2024-06-07
Karnataka,"Bengaluru Urban","Bangalore North",Madavara,Madavara,"Nandishwara Badavane",0001622925,0007406516,250120669,"Deep Tubewell","Ground Water","Village limit","TFC190316 Drilling of Borewell at Nandeshwara Badawane Habitation, Chikkabidarakallu GP, Bangalore North Taluk",2016-2017,2.74000,2.74000,"12 Apr 2016","25 Aug 2016",2024-06-07
Karnataka,"Bengaluru Urban","Bangalore North",Chikkabanawara,Chikkabanawara,Dasappanapalya,0000373647,0007529208,250144557,"Deep Tubewell","Ground Water","Near roadside","SCP Revival of MWS Scheme at Dasanapalya Habitation Chikkabanavara G.P., Bangalore North Taluk",2016-2017,6.00000,5.09621,"25 Aug 2016","31 Mar 2018",2024-06-07
Karnataka,"Bengaluru Urban","Bangalore North",Gopalapura,Thotagere,Thotagere,0000373772,0007529234,250148032,"Deep Tubewell","Ground Water",&amp;nbsp;,"SCP Revival of MWS Scheme at Thotagere Habitation Gopalapura G.P., Bangalore North Taluk",2016-2017,8.00000,7.46008,"25 Aug 2016","31 Mar 2018",2024-06-07
Karnataka,"Bengaluru Urban","Bangalore North",Lakshmipura,Gangondanahalli,Gangondanahalli,0001622923,0007529284,250148433,"Deep Tubewell","Ground Water",&amp;nbsp;,"SCP evival of MWS Scheme and House Hold Connection (HH 48) at Gangondanahalli Habitation Madavara G.P., Bangalore North Taluk",2016-2017,10.00000,10.17900,"25 Aug 2016","31 Mar 2018",2024-06-07
Karnataka,"Bengaluru Urban","Bangalore North",Lakshmipura,Lakshmipura,Kalliganahalli,0000373713,0007529431,250144778,"Deep Tubewell","Ground Water","Near Tank bed","SCP Revival of MWS Scheme and House Hold Connection (HH 45)",2016-2017,16.00000,13.73983,"25 Aug 2016","31 Mar 2018",2024-06-07
Karnataka,"Bengaluru Urban","Bangalore North",Somashettihalli,Somashettihally,Somashettihally,0000373654,0007529443,250146059,"Deep Tubewell","Ground Water",Khanshiramnagar,"SCP Revival of MWS Scheme Somashettihalli Habitation, Abbigere G.P., Bangalore North Taluk",2016-2017,6.00000,5.11496,"25 Aug 2016","31 Mar 2018",2024-06-07
Karnataka,"Bengaluru Urban","Bangalore North",Alur,Alur,Alur,0000373694,0006670326,250068099,"Deep Tubewell","Ground Water","Colony limit","G Improvements to Water Supply Scheme",2014-2015,20.00000,23.03731,"20 Sep 2014","31 Dec 2018",2024-06-07
Karnataka,"Bengaluru Urban","Bangalore North",Kodigehalli,Manganahalli,"Manganahalli Slum",0001725163,0006670457,250068196,"Deep Tubewell","Ground Water","Colony limit","G Individual House Connections",2014-2015,7.40000,0.00000,"25 Sep 2014","31 Mar 2018",2024-06-07
Karnataka,"Bengaluru Urban","Bangalore North",Madavara,"Bylappana Palya",Byallappnapalya,0000373745,0006670468,250068202,"Deep Tubewell","Ground Water","Colony limit","G Individual House Connections",2014-2015,1.60000,0.00000,"20 Sep 2014","25 Mar 2016",2024-06-07
Karnataka,"Bengaluru Urban","Bangalore North",Huskur,Rampalya,Rampalya,0001622915,0006686356,250073677,"Deep Tubewell","Ground Water","At Ranojipalya","Drilling of Borewell",2014-2015,1.70000,1.61304,"19 Jul 2014","08 Aug 2014",2024-06-07
Karnataka,"Bengaluru Urban","Bangalore North",Adakamaranahalli,Adakamaranahalli,Adakamaranahalli,0000373663,0003808670,3674403,"Deep Tubewell","Ground Water","BW- Gadaiah Gudown (Sa. No. 10)",Borewell,2009-2010,1.20000,1.20000,"05 May 2009","05 Jun 2009",2024-06-07
Karnataka,"Bengaluru Urban","Bangalore North",Adakamaranahalli,Makali,Makali,0000373665,0003809453,3675193,"Deep Tubewell","Ground Water","BW- near Shrusti public school (Sa. No. 7/5)",Borewell,2009-2010,1.20000,1.20000,"05 May 2009","15 Jun 2009",2024-06-07
Karnataka,"Bengaluru Urban","Bangalore North",Dasanapura,Shivanapura,Shivanapura,0000373675,0003810981,3676723,"Deep Tubewell","Ground Water","BW- Kempadevinagara, Shivanapura Village near Nagaraju house (Sa. No. 7/3)",Borewell,2009-2010,1.20000,1.20000,"05 May 2009","05 Jun 2009",2024-06-07
Karnataka,"Bengaluru Urban","Bangalore North",Dasanapura,Shivanapura,Shivanapura,0000373675,0003811436,3677176,"Deep Tubewell","Ground Water","BW- Kempadevinagara, Shivanapura Village near hanumaka house (Sa. No. 7/4)",Borewell,2009-2010,1.20000,1.20000,"05 May 2009","05 Jun 2009",2024-06-07
Karnataka,"Bengaluru Urban","Bangalore North",Dasanapura,Shivanapura,Shivanapura,0000373675,0003811449,3677189,"Deep Tubewell","Ground Water","BW- Kempadevinagara, Shivanapura Village near Venkataramaya site (Sa. No. 7/5)",Borewell,2009-2010,1.20000,1.20000,"05 May 2009","05 Jun 2009",2024-06-07
Karnataka,"Bengaluru Urban","Bangalore North",Dasanapura,Gejjagadahalli,Gajadahalli,0000373669,0003811514,3677254,"Deep Tubewell","Ground Water","BW- Anjaneyaswamy temple (Sa. No. 7/2)",Borewell,2009-2010,1.20000,1.20000,"05 May 2009","05 Jun 2009",2024-06-07
Karnataka,"Bengaluru Urban","Bangalore North",Adakamaranahalli,Harokyathanahalli,Harokyathanahalli,0000373666,0003811719,3677458,"Deep Tubewell","Ground Water","BW-  Near Puttaiah house (Sa. No. 7/7)",Borewell,2009-2010,1.20000,1.20000,"05 May 2009","05 Jun 2009",2024-06-07
Karnataka,"Bengaluru Urban","Bangalore North",Kodigehalli,Manganahalli,Manganahalli,0000373616,0003812008,3677747,"Deep Tubewell","Ground Water","BW- Near MI tank, Manganahalli Slum (Sa. No. 03/2-2)",Borewell,2009-2010,1.20000,1.20000,"05 May 2009","05 Jun 2009",2024-06-07
Karnataka,"Bengaluru Urban","Bangalore North",Chikkabanawara,Chikkabanawara,Veerashettyhalli,0000373646,0003901200,3769235,"Deep Tubewell","Ground Water","Towards Village Limits","Revival of MWS",2011-2012,6.00000,0.00000,"22 Aug 2011","25 Jan 2012",2024-06-07
Karnataka,"Bengaluru Urban","Bangalore North",Chikkabidarakallu,Chikkabidarakallu,Chikkabidarakallu,0001725168,0008020538,4003816,"Deep Tubewell","Ground Water","Towards MI Tank","CAP CEO 3 Drilling of Borewell in Chikkabirakallu (Buddajyothi layout) Village, Chikkabirakallu  Grama Panchayath, Yelahanka Taluk.",2020-2021,3.20000,0.00000,"03 Jul 2020","03 May 2023",2024-06-07
Karnataka,"Bengaluru Urban","Bangalore North",Somashettihalli,"Kere Guddadahalli",Kereguddadahalli,0000373656,0008022248,5498616,"Deep Tubewell","Ground Water","Village limit","10 Crore 220520 Revival of PWS  Providing Pump Motar and Pipeline work to Existing Borewell at Kereguddadahalli (Near Govt. School) village Somashettihalli GP Bangalore North Taluk",2020-2021,4.90000,4.66417,"23 Jun 2020","03 May 2023",2024-06-07
Karnataka,"Bengaluru Urban","Bangalore North",Chikkabanawara,Chikkabanawara,Kallanakunte,0001725157,0008022366,4794562,"Deep Tubewell","Ground Water","Main Road","10 Crore 220520 Revival of PWS  Drilling of Borwell and Pump Motar work at Kallanakunte ((Brothers colony (Andanappa layout)) village Chikkabanavara GP Bangalore North Taluk",2020-2021,4.90000,4.82797,"08 Jun 2020","03 May 2023",2024-06-07
Karnataka,"Bengaluru Urban","Bangalore North",Chikkabanawara,Chikkabanawara,Chikkabanawara,0000373644,0008022389,5179811,"Deep Tubewell","Ground Water","Jindalnagara 3rd Block","10 Crore 220520 Revival of PWS  Drilling of Borwell and Pump Motar work at Chikkabanavara (Kengala Hanumanthaiah Nagara) village Chikkabanavara GP Bangalore North Taluk",2020-2021,5.00000,4.81352,"22 Jun 2020","03 May 2023",2024-06-07
Karnataka,"Bengaluru Urban","Bangalore North",Dasanapura,Dasanapura,Dasanapura,0000373660,0008037490,4795022,"Deep Tubewell","Ground Water","Village Limit","10 Crore 220520 Revival of MWS  Drilling of Borwell and Providing Pump Motar at Dasanapura village Dasanapura GP Bangalore North Taluk",2020-2021,5.00000,4.90664,"21 Jul 2020","03 May 2023",2024-06-07
Karnataka,"Bengaluru Urban","Bangalore North",Dasanapura,Dasanapura,Dyamannapalya,0000373661,0008037497,250034587,"Deep Tubewell","Ground Water","Village limit","10 Crore 220520 Revival of MWS Re Drilling and Drilling of Borwell at Devannana Palya village, Dasanapura GP Bangalore North Taluk",2020-2021,2.80000,2.71614,"18 Jul 2020","03 May 2023",2024-06-07
Karnataka,"Bengaluru Urban","Bangalore North",Lakshmipura,Lakshmipura,Lakshmipura,0000373712,0008133209,250068075,"Deep Tubewell","Ground Water","Village limit","One time Settlement of energisation charges bill in BESCOM Nelamangala Sub Division Bangalore North Taluk",2020-2021,151.75000,151.73885,"23 Sep 2020","31 Dec 2020",2024-06-07
Karnataka,"Bengaluru Urban","Bangalore North",Sondekoppa,"Baleveerana Halli","B Halli",0000373737,0008201517,250068093,"Deep Tubewell","Ground Water","Village limit","Providing tap connection to 1 No. of school in Baleveeranahalli 2 village of Bangalore North Taluk and Bangalore Urban District through SVS",2020-2021,0.20000,0.00000,"19 Dec 2020","03 May 2023",2024-06-07
Karnataka,"Bengaluru Urban","Bangalore North",Sondekoppa,Hunnigere,Hunnigere,0000373738,0008209157,4795037,"Deep Tubewell","Ground Water","Village Limit","Providing tap connection to 1 No. Anganawadi in Hunnigere village of Bangalore North Taluk and Bangalore Urban District through SVS",2020-2021,0.15000,0.14342,"20 Dec 2020","03 May 2023",2024-06-07
Karnataka,"Bengaluru Urban","Bangalore North",Adakamaranahalli,Adakamaranahalli,Adakamaranahalli,0000373663,0008235343,250146398,"Deep Tubewell","Ground Water",&amp;amp;nbsp;,"15 crore 04022021 Providing Panel Board Pump Motor and pipeline work at Bheemeshwara Temple BW  at Adakamaranahalli  V and Adakamaranahalli GP Bangalore North Tq",2020-2021,4.80000,4.29154,"06 Feb 2021","03 May 2023",2024-06-07
Karnataka,"Bengaluru Urban","Bangalore North",Chikkabanawara,Chikkabanawara,Chikkabanawara,0000373644,0008235581,250068083,"Deep Tubewell","Ground Water","Village limit","15 crore 04022021 Drilling of Borewell at   Nandeeshwara Nagara village Chikkabanavara GP Bangalore North Taluk",2020-2021,3.00000,1.37678,"15 Feb 2021","03 May 2023",2024-06-07
Karnataka,"Bengaluru Urban","Bangalore North",Chikkabanawara,Chikkabanawara,Dasappanapalya,0000373647,0008235619,250146263,"Deep Tubewell","Ground Water","Village limit","15 crore 04022021 Drilling of Borewell Dasappanapalya (Sandyanagara)  Dappanapalya (Sandyanagara) at Chikkabanavara GP Bangalore North Taluk.",2020-2021,3.00000,1.54290,"10 Feb 2021","03 May 2023",2024-06-07
Karnataka,"Bengaluru Urban","Bangalore North",Chikkabidarakallu,Chikkabidarakallu,Chikkabidarakallu,0001725168,0008201702,250075961,"Deep Tubewell","Ground Water",NA,"Providing tap connection to 1 No. Anganawadi in Chikkabidarakallu 1 village of Bangalore North Taluk and Bangalore Urban District through SVS",2020-2021,0.13800,0.13800,"23 Dec 2020","03 May 2023",2024-06-07
Karnataka,"Bengaluru Urban","Bangalore North",Kittanahalli,Gowdahalli,Gowdahalli,0000373714,0008202167,250034680,"Deep Tubewell","Ground Water","Village  limit","Providing tap connection to 1 No. Anganawadi in Gowdahalli village of Bangalore North Taluk And Bangalore Urban District through SVS",2020-2021,0.14000,0.14000,"04 Dec 2020","03 May 2023",2024-06-07
Karnataka,"Bengaluru Urban","Bangalore North",Gopalapura,Shamibhattarapalya,Shamibhattarapalya,0000373770,0008208371,5179758,"Deep Tubewell","Ground Water","Village limit","Providing tap connection to 1 No. Anganawadi in Shamabhattarapalya village of Bangalore North Taluk and Bangalore Urban District through SVS",2020-2021,0.14000,0.14000,"18 Dec 2020","03 May 2023",2024-06-07
Karnataka,"Bengaluru Urban","Bangalore North",Kodigehalli,Kannahalli,Kannahalli,0000373620,0008217538,5549631,"Deep Tubewell","Ground Water","Village limit","Providing tap connection to 1 No. Anganawadi in Kannahalli village of Bangalore North Taluk and Bangalore Urban District through SVS",2020-2021,0.15000,0.14342,"17 Dec 2020","03 May 2023",2024-06-07
Karnataka,"Bengaluru Urban","Bangalore North",Kodigehalli,"Kodigehalli Harijana Colony","Kodigehalli Jhc",0000373625,0008217551,3782276,"Deep Tubewell","Ground Water","Towards Village Limits","Providing tap connection to 1 No. Anganawadi in Kodigehalli colony village of Bangalore North Taluk and Bangalore Urban District through SVS",2020-2021,0.14500,0.14342,"17 Dec 2020","03 May 2023",2024-06-07
Karnataka,"Bengaluru Urban","Bangalore North",Alur,Kuduragere,"Kuduragere J H C",0000373699,0007852852,250246713,"Deep Tubewell","Ground Water",Byraveswaranagara,"TFC NAC 2018 Drilling of Borewell(1 No) for Revival of Water Supply Scheme at Kuduragere Colony",2018-2019,2.00000,1.99494,"23 Oct 2018","31 Mar 2019",2024-06-07
Karnataka,"Bengaluru Urban","Bangalore North",Chikkabanawara,Chikkabanawara,"Nandeeshwara Badavane",0001725159,0007853332,250246966,"Deep Tubewell","Ground Water","New Extension","TFC NAC 2018 Drilling of Borewell(1 No) for Revival of Water Supply Scheme at  Nandishwara Nagara Chikkabanawara GP",2018-2019,2.70000,2.69730,"26 Oct 2018","31 Mar 2019",2024-06-07
Karnataka,"Bengaluru Urban","Bangalore North",Somashettihalli,"Kere Guddadahalli",Kereguddadahalli,0000373656,0007868783,250260601,"Deep Tubewell","Ground Water","Village limit","TFC CEO 060418 Drilling of Borewell (1 No) for Revival of Water Supply Scheme at Kere guddada Halli Village Somashettihalli GP",2018-2019,2.50000,2.29154,"31 Jan 2019","31 Mar 2019",2024-06-07
Karnataka,"Bengaluru Urban","Bangalore North",Madanayakanahalli,Madanayakanahalli,"Madanayakanahalli Muslim Colony",0000373704,0007879099,250265668,"Deep Tubewell","Ground Water","Village limit","TFC 150219 Drilling of Borewell at Madanayakanahalli Basaveshwaranagara village Madanayakanahalli GP",2018-2019,2.30000,0.00000,"28 Feb 2019","03 May 2023",2024-06-07
Karnataka,"Bengaluru Urban","Bangalore North",Shrikantapura,Totadaguddadahalli,Totadaguddadahalli,0000373749,0007898654,250271295,"Deep Tubewell","Ground Water","R/s of main road","G Providing Piped water Supply Scheme(Construction of OHT) Thotadaguddahalli  village Srikantapura Gp, Bangalore North Tq.",2018-2019,14.88000,0.00000,"03 Apr 2019","03 May 2023",2024-06-07
Karnataka,"Bengaluru Urban","Bangalore North",Shrikantapura,Totadaguddadahalli,Totadaguddadahalli,0000373749,0007900049,250271418,"Deep Tubewell","Ground Water","Village Limit","GOI shifted to GOK G Providing Piped water Supply Scheme(Construction of OHT) Thotadaguddahalli village Srikantapura Gp, Bangalore North Tq",2018-2019,14.88000,14.20342,"03 Apr 2019","03 May 2023",2024-06-07
Karnataka,"Bengaluru Urban","Bangalore North",Huskur,Honnasandra,Honnasandra,0001622912,0007905527,250275992,"Deep Tubewell","Ground Water","Honnasandra Cross","SCP Revival of PWS Drilling of Borwell at Honnasanra Village, Huskur GP, Bangalore North Taluk.",2019-2020,2.75000,2.74107,"12 Sep 2019","03 May 2023",2024-06-07
Karnataka,"Bengaluru Urban","Bangalore North",Huskur,Torenagasandra,Torenagasandra,0000373693,0007905914,250276402,"Deep Tubewell","Ground Water","Village limit","SCP Revival of MWS Drilling of Borwell at Thorenagasandra Village, Huskur GP,  Bangalore North Taluk.",2019-2020,2.50000,2.49930,"19 Oct 2019","29 Feb 2020",2024-06-07
Karnataka,"Bengaluru Urban","Bangalore North",Dasanapura,Narayanappanapalya,Narayanappanapalya,0001622905,0007908431,250279075,"Deep Tubewell","Ground Water","Near roadside","SCP and TSP combined Revival of PWS  Drilling of Borwell, Providing Pump Motor and Pipeline work, Narayanappana Palya, Dasanapur GP, Bangalore North Taluk.",2019-2020,7.50000,6.95455,"30 Oct 2019","03 May 2023",2024-06-07
Karnataka,"Bengaluru Urban","Bangalore North",Gopalapura,Shamibhattarapalya,Shamibhattarapalya,0000373770,0007908706,250279367,"Deep Tubewell","Ground Water","Village limit","G Revival of MWS Drilling of borewell at Shyamabhattara palya Village, Gopalapura GP, Bangalore North Taluk.",2019-2020,3.00000,2.99988,"30 Oct 2019","31 Mar 2020",2024-06-07
Karnataka,"Bengaluru Urban","Bangalore North",Lakshmipura,Gangondanahalli,Gangondanahalli,0001622923,0007909261,250279994,"Deep Tubewell","Ground Water","Village limit","G Revival of MWS Drilling Borwell and Pipe line at Gangondanahalli Village, Lakshmipura GP, Bangalore North Taluk.",2019-2020,4.00000,3.98700,"20 Oct 2019","03 May 2023",2024-06-07
Karnataka,"Bengaluru Urban","Bangalore North",Kittanahalli,Kittanahalli,Kittenahalli,0000373722,0007006153,250084524,"Deep Tubewell","Ground Water","Near Kittanahalli","TFC050515 Drilling of Borewell at Kittanahalli Habitation,  Kittanahalli G.P",2015-2016,2.20000,0.00000,"07 Jun 2015","10 Oct 2015",2024-06-07
Karnataka,"Bengaluru Urban","Bangalore North",Kittanahalli,Kittanahalli,Kittenahalli,0000373722,0008235843,250008548,"Deep Tubewell","Ground Water","Village limit","15 crore 04022021 Balance work of OHT and Pipeline work at Kittanahalli (Basavewahara Badavane) habitation Kittanahalli village Kittanahalli G.P, Bangalore North Taluk.",2020-2021,5.00000,4.98961,"14 Feb 2021","03 May 2023",2024-06-07
Karnataka,"Bengaluru Urban","Bangalore North",Madanayakanahalli,Madanayakanahalli,"Hanumanthe Gowdana Palya",0000373706,0008235876,250008482,"Deep Tubewell","Ground Water","Village limit","15 crore 04022021 Drilling of Borewell at Hanumanthegowdana  Palya habitaion Madanayakanahalli village, Madanayakanahalli GP, Bangalore North Taluk.",2020-2021,2.25000,2.16589,"14 Feb 2021","03 May 2023",2024-06-07
Karnataka,"Bengaluru Urban","Bangalore North",Machohalli,Machohalli,"Machohalli J H C",0000373767,0008374876,5549618,"Deep Tubewell","Ground Water",JHC,"One time Settlement of energisation charges bill in BESCOM Tavarekre Sub Division Bangalore North Taluk",2020-2021,2.57200,2.57186,"05 Oct 2020","03 May 2023",2024-06-07
Karnataka,"Bengaluru Urban","Bangalore North",Kittanahalli,Ravatanahalli,Arthipalya,0000373719,0007574659,250171051,"Deep Tubewell","Ground Water","village limit","TFC 22112016 Drilling of borewell at Arthipalya Habitation  Kittanahalli GP Bangalore North Taluk",2016-2017,2.30000,0.00000,"15 Jan 2017","03 May 2023",2024-06-07
Karnataka,"Bengaluru Urban","Bangalore North",Huskur,Huskur,Huskur,0001622918,0007574950,250171241,"Deep Tubewell","Ground Water","Village limit","TFC221116 Drilling of Borewell at Rampalya  Village and Huskuru    G.P Bangalore North Taluk Urban dist.",2016-2017,2.30000,0.00000,"15 Jan 2017","03 May 2023",2024-06-07
Karnataka,"Bengaluru Urban","Bangalore North",Huskur,Huskur,Huskur,0001622918,0007574951,250171242,"Deep Tubewell","Ground Water","Village limit","TFC221116 Drilling of Borewell at Rampalya  Village and Huskuru    G.P Bangalore North Taluk Urban dist.",2016-2017,2.35000,2.38500,"15 Jan 2017","28 Feb 2018",2024-06-07
Karnataka,"Bengaluru Urban","Bangalore North",Kachohalli,Chikkagollarahatti,"Chikkagollarahatti Jhc",0001622920,0007637514,250185504,"Deep Tubewell","Ground Water","Village limit","TFC220217 Drilling of Borewell at Chikkagollarahatti Ashraya Badawane Habitation, Kachohalli GP, Bangalore North Taluk",2016-2017,2.10000,0.00010,"05 May 2017","31 Mar 2019",2024-06-07
Karnataka,"Bengaluru Urban","Bangalore North",Kachohalli,Chikkagollarahatti,"Chikkagollarahatti Jhc",0001622920,0007706180,250196526,"Deep Tubewell","Ground Water","Village limit","TFC170417 Drilling of Borewell at Chikkagollarahatti muneshwaranagara Habitation, Kachohalli GP, Bangalore North Taluk",2017-2018,2.17000,2.16861,"10 Jul 2017","31 Mar 2019",2024-06-07
Karnataka,"Bengaluru Urban","Bangalore North",Chikkabanawara,Chikkabanawara,Chikkabanawara,0000373644,0007850400,250244432,"Deep Tubewell","Ground Water","Shanthinagara 3rd Block","SCP  Revival of MWS Scheme Chikkabanavara Railway gate",2018-2019,2.60000,2.17715,"05 Sep 2018","31 Mar 2019",2024-06-07
Karnataka,"Bengaluru Urban","Bangalore North",Siddanahosahalli,Siddanahosahalli,Siddanahosahalli,0000373707,0007850501,250244529,"Deep Tubewell","Ground Water",Aralikatte,"G  Revival of PWS  Scheme  Siddanahosahalli Palya village",2018-2019,5.00000,4.97508,"05 Sep 2018","31 Oct 2019",2024-06-07
Karnataka,"Bengaluru Urban","Bangalore North",Siddanahosahalli,Dombarahalli,Dombarahalli,0000373708,0007850504,250244532,"Deep Tubewell","Ground Water",dombarahalli,"G  Revival of MWS  Scheme  Dombarahalli village",2018-2019,5.00000,4.98509,"05 Sep 2018","31 Oct 2019",2024-06-07
Karnataka,"Bengaluru Urban","Bangalore North",Lakshmipura,Gangondanahalli,Gangondanahalli,0001622923,0007850521,250244550,"Deep Tubewell","Ground Water",&amp;amp;amp;amp;nbsp;,"G  Revival of PWS Scheme Gangondanahalli village",2018-2019,5.00000,4.99235,"05 Sep 2018","31 Jul 2019",2024-06-07
Karnataka,"Bengaluru Urban","Bangalore North",Dasanapura,Nagarur,Marappanapalya,0000373672,0007850531,250244561,"Deep Tubewell","Ground Water","Village  limit","G  Revival of MWS  Scheme Marappanapalya village",2018-2019,5.00000,4.99740,"05 Sep 2018","31 Jul 2019",2024-06-07
Karnataka,"Bengaluru Urban","Bangalore North",Machohalli,Bylakonenahalli,Bylakonenahalli,0001803619,0007852525,250246384,"Deep Tubewell","Ground Water","Near village","G Revival of MWS Scheme Bylakonenahalli Village Machohalli Gp, Bangalore North Tq.",2018-2019,2.50000,0.00000,"22 Oct 2018","03 May 2023",2024-06-07
Karnataka,"Bengaluru Urban","Bangalore North",Chikkabanawara,Chikkabanawara,Veerashettyhalli,0000373646,0007905718,250276195,"Deep Tubewell","Ground Water","4th Block","SCP Revival of MWS Drilling of Borwell and Providing Pump Motor Work at  Veerashettihalli Village, Chikkabanavara GP, Bangalore North Taluk.",2019-2020,7.70000,7.51321,"09 Sep 2019","03 May 2023",2024-06-07
Karnataka,"Bengaluru Urban","Bangalore North",Madanayakanahalli,Madanayakanahalli,Madanayakanahalli,0000373703,0007906824,250277367,"Deep Tubewell","Ground Water","Towards Village Limits","SCP and TSP combined Revival of PWS Drilling of 2 Nos. Borwells, 1 No. Providing Pump Motor, Pipeline and Electrical Work at Madanayakanahalli Village and GP, Bangalore North Taluk.",2019-2020,12.00000,10.86808,"30 Oct 2019","03 May 2023",2024-06-07
Karnataka,"Bengaluru Urban","Bangalore North",Gopalapura,Kukkanahalli,Kukkanahalli,0000373771,0007907123,250277677,"Deep Tubewell","Ground Water","Village Limit","SCP and TSP combined Revival of MWS Drilling of Borwell  at Kukkanahalli Village, Gopalapura GP, Bangalore North Taluk.",2019-2020,3.00000,2.99447,"30 Oct 2019","29 Feb 2020",2024-06-07
Karnataka,"Bengaluru Urban","Bangalore North",Dasanapura,Dasanapura,Dasanapura,0000373660,0007908440,250279084,"Deep Tubewell","Ground Water",&amp;amp;nbsp;,"SCP and TSP combined Revival of PWS Drilling of 2 Nos. Borwell at Vinayaka Badavane and Behind Sawmill at Dasanapura Village and GP, Bangalore North Taluk.",2019-2020,10.00000,9.67380,"20 Oct 2019","03 May 2023",2024-06-07
Karnataka,"Bengaluru Urban","Bangalore North",Chikkabidarakallu,Chikkabidarakallu,Chikkabidarakallu,0001725168,0007909265,250279998,"Deep Tubewell","Ground Water","Tank Bed Road","G Revival of PWS Drilling 2 Nos. Borwell and Pipe line at Chikkabidarakallu Village and GP, Bangalore North Taluk.",2019-2020,8.00000,7.52851,"05 Oct 2019","03 May 2023",2024-06-07
Karnataka,"Bengaluru Urban","Bangalore North",Kittanahalli,Kittanahalli,Kittenahalli,0000373722,0007909713,250280526,"Deep Tubewell","Ground Water","Village Limit","SCP and TSP combined Providing piped water supply Scheme (Construction of 1.00 Lakh Ltr Capacity Over Head Tank) and Drilling of Borewell at Kittanahalli (Basaveshara Badavane), Kittanahalli GP, Bangalore North Taluk.",2019-2020,15.00000,14.88828,"30 Oct 2019","03 May 2023",2024-06-07
Karnataka,"Bengaluru Urban","Bangalore North",Siddanahosahalli,Dombarahalli,Dombarahalli,0000373708,0008216131,250244532,"Deep Tubewell","Ground Water",dombarahalli,"Providing tap connection to 1 No. Anganawadi in Dombarahalli village of Bangalore North Taluk and Bangalore Urban District through SVS",2020-2021,0.15000,0.14684,"17 Dec 2020","03 May 2023",2024-06-07
Karnataka,"Bengaluru Urban","Bangalore North",Lakshmipura,Lakshmipura,Lakshmipura,0000373712,0008221810,250244545,"Deep Tubewell","Ground Water",&amp;amp;amp;amp;nbsp;,"Providing tap connection to Anganwadi at Lakshmipura 3 Village Lakshmipura GP Bangalore North Taluk",2020-2021,0.15000,0.14342,"17 Dec 2020","03 May 2023",2024-06-07
Karnataka,"Bengaluru Urban","Bangalore North",Somashettihalli,Lakshmipura,Lakshmipura,0000373655,0008235631,250251216,"Deep Tubewell","Ground Water","Village limit","15 crore 04022021 Re Drilling of 2 Nos Borewells at Kanshiram Nagara habitation Lakshmipura village and Somashettihalli GP Bangalore North Taluk",2020-2021,2.55000,1.39331,"11 Feb 2021","03 May 2023",2024-06-07
Karnataka,"Bengaluru Urban","Bangalore North",Machohalli,Bylakonenahalli,Bylakonenahalli,0001803619,0008236446,250246415,"Deep Tubewell","Ground Water","village limit","15 crore 04022021 Drilling of Borewell at Janapriaya Layout habitation ,Kadabagere village Kadabagere GP Bangalore North Taluk.(bylakonanahalli)",2020-2021,5.00000,4.62368,"08 Feb 2021","03 May 2023",2024-06-07
Karnataka,"Bengaluru Urban","Bangalore North",Huskur,"Seshagiri Rao Palya","Seshagiri Rao Palya",0001622916,0008298328,250301949,"Deep Tubewell","Ground Water","In Village","Revival of MWS Scheme at Seshagiri Rao palya  village Husdkur GP Bangalore North Taluk",2014-2015,0.50000,0.00001,"01 Mar 2015","31 Mar 2015",2024-06-07
Karnataka,"Bengaluru Urban","Bangalore North",Dasanapura,Dasanapura,Dasanapura,0000373660,0006686410,250073712,"Deep Tubewell","Ground Water","At Hussainsabpalya","Drilling of Borewell",2014-2015,2.00000,1.99264,"19 Jul 2014","09 Sep 2014",2024-06-07
Karnataka,"Bengaluru Urban","Bangalore North",Machohalli,Machohalli,"Machohalli J H C",0000373767,0006849471,250075890,"Deep Tubewell","Ground Water",NA,"TFC 20.10.2014 Drilling of Borewell in Machohalli habitation",2014-2015,1.12000,1.11236,"10 Dec 2014","01 Mar 2015",2024-06-07
Karnataka,"Bengaluru Urban","Bangalore North",Huskur,Huskur,Huskur,0001622918,0006849541,250075915,"Deep Tubewell","Ground Water",Ranojipalya,"TFC 20.10.2014 Drilling of Borewell-Ranojipalya in Huskur habitation",2014-2015,1.75000,1.40048,"10 Dec 2014","01 Mar 2015",2024-06-07
Karnataka,"Bengaluru Urban","Bangalore North",Gopalapura,Gopalapura,Gopalapura,0000373769,0006849624,250075974,"Deep Tubewell","Ground Water",NA,"TFC 20.10.2014 Drilling of Borewell-Muniyapanpalya Gopalpura habitation",2014-2015,1.59000,1.58203,"10 Dec 2014","01 Mar 2015",2024-06-07
Karnataka,"Bengaluru Urban","Bangalore North",Shrikantapura,Totadaguddadahalli,Totadaguddadahalli,0000373749,0006849680,250076028,"Deep Tubewell","Ground Water",NA,"G TFC 20.10.2014 Drilling of Borewell 2 in Thotaguddadahalli Habitation",2014-2015,4.00000,3.98725,"10 Dec 2014","01 Sep 2015",2024-06-07
Karnataka,"Bengaluru Urban","Bangalore North",Sondekoppa,Sondekoppa,Sondekoppa,0000373739,0006849765,250076111,"Deep Tubewell","Ground Water","Near nala","G TFC 20.10.2014 Drilling of Borewell in Pitaganapalya in sondekoppa habitation",2014-2015,2.00000,0.00000,"10 Dec 2014","30 Mar 2016",2024-06-07
Karnataka,"Bengaluru Urban","Bangalore North",Kodigehalli,Manganahalli,Manganahalli,0000373616,0006849955,250076182,"Deep Tubewell","Ground Water",NA,"TFC 20.10.2014 Drilling of Borewell in Manganahalli habitation",2014-2015,1.65000,1.29678,"10 Dec 2014","01 Mar 2015",2024-06-07
Karnataka,"Bengaluru Urban","Bangalore North",Kodigehalli,Seegehalli,Seegehalli,0000373623,0006849956,250076183,"Deep Tubewell","Ground Water",NA,"G TFC 20.10.2014 Drilling of Borewell in Seegehalli habitation",2014-2015,1.70000,1.69975,"10 Dec 2014","01 Sep 2015",2024-06-07
Karnataka,"Bengaluru Urban","Bangalore North",Kodigehalli,"Chikkakodige Halli",Chikkakodigenahalli,0000373626,0006849958,250076184,"Deep Tubewell","Ground Water",NA,"TFC 20.10.2014 Drilling of Borewell in chikkakodigehalli in kodigehalli habitation",2014-2015,1.72000,1.53056,"10 Dec 2014","01 Mar 2015",2024-06-07
Karnataka,"Bengaluru Urban","Bangalore North",Madanayakanahalli,Madanayakanahalli,Madanayakanahalli,0000373703,0006850524,250076405,"Deep Tubewell","Ground Water","Basaweshwara badabane","G TFC 20.10.2014 Drilling of Borewell in Basaweshwara badavane in  Madanayanakanhally habitation",2014-2015,2.00000,0.00010,"10 Dec 2014","31 Mar 2019",2024-06-07
Karnataka,"Bengaluru Urban","Bangalore North",Sondekoppa,Sondekoppa,Sondekoppa,0000373739,0006942337,250080146,"Deep Tubewell","Ground Water","in sondekoppa","G TFC130315 Drilling of Borewell at Sondekoppa Habitation SondekoppaGP, Bangalore North Taluk.",2014-2015,2.25000,2.24531,"20 Apr 2015","30 Oct 2015",2024-06-07
Karnataka,"Bengaluru Urban","Bangalore North",Kittanahalli,Kenganahalli,Kenganahalli,0000373716,0005580705,5540446,"Deep Tubewell","Ground Water","Village limit","Revival of MWS Scheme",2013-2014,8.00000,7.79962,"15 Sep 2013","18 Mar 2014",2024-06-07
Karnataka,"Bengaluru Urban","Bangalore North",Kodigehalli,Seegehalli,Seegehalli,0000373623,0005589327,5549640,"Deep Tubewell","Ground Water","Colony limit","Revival of MWS Scheme",2013-2014,8.00000,8.25683,"15 Sep 2013","28 Feb 2014",2024-06-07
Karnataka,"Bengaluru Urban","Bangalore North",Kittanahalli,Ravatanahalli,Ravatanahalli,0000373717,0005595516,5555484,"Deep Tubewell","Ground Water","School limit","Drinking Water Facility to School",2013-2014,1.00000,0.99939,"15 Oct 2013","02 Dec 2013",2024-06-07
Karnataka,"Bengaluru Urban","Bangalore North",Chikkabidarakallu,Thirumalapura,Thirumalapura,0000373642,0005640490,5600480,"Deep Tubewell","Ground Water","Village limit","Revival of MWS Scheme",2013-2014,7.00000,7.00160,"15 Sep 2013","20 Mar 2014",2024-06-07
Karnataka,"Bengaluru Urban","Bangalore North",Lakshmipura,Kammasandra,Kammasandra,0000373710,0005656495,5619424,"Deep Tubewell","Ground Water","Village limit","G Revival of MWS Scheme",2013-2014,5.00000,5.40232,"15 Sep 2013","31 Dec 2015",2024-06-07
Karnataka,"Bengaluru Urban","Bangalore North",Kachohalli,Chikkagollarahatti,Chikkagollarahatti,0000373765,0005702695,6741087,"Deep Tubewell","Ground Water",Ashrayabadavane,"Revival of MWS Scheme",2013-2014,6.00000,6.20132,"15 Sep 2013","11 Feb 2014",2024-06-07
Karnataka,"Bengaluru Urban","Bangalore North",Somashettihalli,Somashettihally,Somashettihally,0000373654,0005834538,250008476,"Deep Tubewell","Ground Water","Village limit","Drinking Water Facility to Anganawadi",2013-2014,1.00000,0.90913,"10 Sep 2013","10 Mar 2014",2024-06-07
Karnataka,"Bengaluru Urban","Bangalore North",Madanayakanahalli,Madanayakanahalli,"Bms Colony",0000373705,0005834556,250008488,"Deep Tubewell","Ground Water","Village limit","Drinking Water Facility to Anganawadi",2013-2014,1.00000,0.98911,"15 Sep 2013","31 Jan 2014",2024-06-07
Karnataka,"Bengaluru Urban","Bangalore North",Kadabagere,Giddenahalli,Giddenahalli,0000373760,0005834683,250008550,"Deep Tubewell","Ground Water","Village limit","Drinking Water Facility to Anganawadi",2013-2014,1.00000,0.99868,"15 Sep 2013","10 Feb 2014",2024-06-07
Karnataka,"Bengaluru Urban","Bangalore North",Sondekoppa,Hullegowdanahalli,Hullegowdanahalli,0000373727,0006134014,250020903,"Deep Tubewell","Ground Water","Village limit","Drilling of Borewell",2013-2014,1.42000,1.41970,"18 Jul 2013","01 Mar 2014",2024-06-07
Karnataka,"Bengaluru Urban","Bangalore North",Siddanahosahalli,Dombarahalli,Dombarahalli,0000373708,0006135526,250021115,"Deep Tubewell","Ground Water","Village limit","Drilling of Borewell",2013-2014,2.09000,2.08950,"14 Jun 2013","03 Mar 2014",2024-06-07
Karnataka,"Bengaluru Urban","Bangalore North",Alur,Thammenahalli,Thammenahalli,0000373700,0006135530,250021116,"Deep Tubewell","Ground Water","Village limit","Drilling of Borewell",2013-2014,1.92000,1.91950,"25 Jun 2013","10 Mar 2014",2024-06-07
Karnataka,"Bengaluru Urban","Bangalore North",Huskur,Huchnapalya,Huchnapalya,0000373689,0006670331,250068103,"Deep Tubewell","Ground Water","Colony limit","G Providing Piped Water Supply Scheme",2014-2015,25.00000,20.87757,"20 Sep 2014","31 Mar 2017",2024-06-07
Karnataka,"Bengaluru Urban","Bangalore North",Madavara,"Bylappana Palya",Byallappnapalya,0000373745,0006670336,250068107,"Deep Tubewell","Ground Water","Colony limit","G Providing Piped Water Supply Scheme",2014-2015,25.00000,21.89000,"20 Sep 2014","31 Mar 2018",2024-06-07
Karnataka,"Bengaluru Urban","Bangalore North",Somashettihalli,Lakshmipura,Lakshmipura,0000373655,0006670357,250068122,"Deep Tubewell","Ground Water","Colony limit","G Individual House Connections",2014-2015,6.80000,6.41154,"25 Sep 2014","17 Sep 2016",2024-06-07
Karnataka,"Bengaluru Urban","Bangalore North",Alur,Kuduragere,"Kuduragere J H C",0000373699,0006670366,250068131,"Deep Tubewell","Ground Water","Colony limit","G Individual House Connections",2014-2015,5.40000,0.00228,"20 Sep 2014","31 Dec 2018",2024-06-07
Karnataka,"Bengaluru Urban","Bangalore North",Huskur,Bettanagere,Bettanagere,0000373686,0006686160,250073582,"Deep Tubewell","Ground Water","Village limit","Drilling of Borewell",2014-2015,1.70000,1.69062,"19 Jul 2014","09 Aug 2014",2024-06-07
Karnataka,"Bengaluru Urban","Bangalore North",Dasanapura,Dasanapura,Dyamannapalya,0000373661,0006373729,250034587,"Deep Tubewell","Ground Water","Village limit","G Revival of MWS Scheme",2013-2014,6.00000,5.99972,"28 Apr 2014","07 Nov 2016",2024-06-07
Karnataka,"Bengaluru Urban","Bangalore North",Dasanapura,Nagarur,Nandaramiahanapalya,0000373673,0006373737,250034589,"Deep Tubewell","Ground Water","Village limit","G Revival of MWS Scheme",2013-2014,8.00000,7.87270,"25 Apr 2014","31 Mar 2017",2024-06-07
Karnataka,"Bengaluru Urban","Bangalore North",Gopalapura,Thotagere,Thotagere,0000373772,0006373794,250065337,"Deep Tubewell","Ground Water","Colony Limit","G Revival of MWS Scheme",2013-2014,7.00000,6.87531,"25 Apr 2014","31 Mar 2018",2024-06-07
Karnataka,"Bengaluru Urban","Bangalore North",Huskur,Torenagasandra,Torenagasandra,0000373693,0006373847,250034632,"Deep Tubewell","Ground Water","Village limit","G Revival of MWS  Scheme",2013-2014,7.00000,8.95114,"25 Apr 2014","31 Mar 2017",2024-06-07
Karnataka,"Bengaluru Urban","Bangalore North",Kadabagere,Giddenahalli,Giddenahalli,0000373760,0006373907,250034650,"Deep Tubewell","Ground Water","Village  limit","Revival of MWS  Scheme",2013-2014,8.00000,3.42167,"25 Apr 2014","21 Jan 2015",2024-06-07
Karnataka,"Bengaluru Urban","Bangalore North",Kittanahalli,Ravatanahalli,Shanthinagar,0000373718,0006373959,250065372,"Deep Tubewell","Ground Water","Colony Limit","G Revival of MWS  Scheme",2013-2014,7.00000,5.28983,"28 Apr 2014","31 Mar 2018",2024-06-07
Karnataka,"Bengaluru Urban","Bangalore North",Kodigehalli,"Kannahalli Hosahalli","Kannahalli, Hosahalli",0000373621,0006373968,250065375,"Deep Tubewell","Ground Water","Colony Limit","Revival of MWS  Scheme",2013-2014,6.00000,3.16133,"27 Apr 2014","17 Mar 2015",2024-06-07
Karnataka,"Bengaluru Urban","Bangalore North",Madanayakanahalli,Madanayakanahalli,"Bms Colony",0000373705,0006374005,250034701,"Deep Tubewell","Ground Water","Colon limit","G Revival of  PWS  Scheme",2013-2014,8.00000,10.25126,"25 Apr 2014","01 Mar 2015",2024-06-07
Karnataka,"Bengaluru Urban","Bangalore North",Madavara,Kodipalya,Kolipalya,0000373747,0006374011,250034704,"Deep Tubewell","Ground Water","Village limit","G Revival of MWS  Scheme",2013-2014,6.00000,3.69830,"28 Apr 2014","31 Dec 2018",2024-06-07
Karnataka,"Bengaluru Urban","Bangalore North",Sondekoppa,"Parvathaiahana Palya",Parvathayyanapalya,0000373740,0006374238,250034749,"Deep Tubewell","Ground Water","Village limit","G Revival of MWS Scheme",2013-2014,6.00000,5.81839,"28 Apr 2014","05 Jan 2015",2024-06-07
Karnataka,"Bengaluru Urban","Bangalore North",Sondekoppa,Venkatapura,Venkatapura,0000373734,0006374241,250034751,"Deep Tubewell","Ground Water","Village limit","Revival of MWS Scheme",2013-2014,6.00000,5.77947,"27 Apr 2014","31 Mar 2015",2024-06-07
Karnataka,"Bengaluru Urban","Bangalore North",Dasanapura,Dasanapura,Dasanapura,0000373660,0007406428,250120600,"Deep Tubewell","Ground Water","Village limit","TFC190316 Drilling of Borewell at Ramaiahanapalya Habitation, Dasanapura GP, Bangalore North Taluk",2016-2017,2.31000,0.00000,"12 Apr 2016","03 May 2023",2024-06-07
Karnataka,"Bengaluru Urban","Bangalore North",Dasanapura,Dasanapura,Dasanapura,0000373660,0007406627,250120807,"Deep Tubewell","Ground Water",Ramaiahanapalya,"TFC190316 Drilling of Borewell at Ramiahanapalya Habitation, Dasanapura GP, Bangalore North Taluk",2016-2017,2.31000,2.30978,"12 Apr 2016","31 Jul 2016",2024-06-07
Karnataka,"Bengaluru Urban","Bangalore North",Somashettihalli,Lakshmipura,Lakshmipura,0000373655,0007528849,250144192,"Deep Tubewell","Ground Water","Lakshmipura Colony","SCP Revival of MWS Scheme at Lakshmipura Colony Habitation, Abbigere G.P., Bangalore North Taluk",2016-2017,15.00000,12.56591,"25 Aug 2016","31 Mar 2018",2024-06-07
Karnataka,"Bengaluru Urban","Bangalore North",Sondekoppa,Nagasandra,Nagasandra,0000373743,0007528881,250144219,"Deep Tubewell","Ground Water","Near roadside","SCP Providing Piped water Supply Scheme(Construction of OHT  and House Hold Connection(HH 40)",2016-2017,25.00000,23.25679,"25 Aug 2016","03 May 2023",2024-06-07
Karnataka,"Bengaluru Urban","Bangalore North",Dasanapura,Shivanapura,"Shivanapura Jhc",0000373676,0007529149,250147982,"Deep Tubewell","Ground Water","Colony limit","SCP Revival of MWS Scheme at Shivanapura Colony Habitation Dasanapura G.P., Bangalore North Taluk",2016-2017,10.00000,7.82129,"25 Aug 2016","31 Jan 2019",2024-06-07
Karnataka,"Bengaluru Urban","Bangalore North",Alur,Thammenahalli,"Thammenahalli Jhc",0000373701,0007529217,250154150,"Deep Tubewell","Ground Water","village limit","SCP Revival of MWS Scheme and House Hold Connection (HH 20) Thammenahalli Habitation Alur G.P., Bangalore North Taluk",2016-2017,6.00000,6.00000,"25 Aug 2016","31 Mar 2019",2024-06-07
Karnataka,"Bengaluru Urban","Bangalore North",Gopalapura,Kukkanahalli,Kukkanahalli,0000373771,0007529228,250148027,"Deep Tubewell","Ground Water",&amp;nbsp;,"SCP Revival of MWS Scheme and House Hold Connection (HH 60) at Kukkanahalli Habitation Gopalapura G.P., Bangalore North Taluk",2016-2017,6.00000,5.77604,"25 Aug 2016","31 Mar 2018",2024-06-07
Karnataka,"Bengaluru Urban","Bangalore North",Dasanapura,Nagarur,Nandaramiahanapalya,0000373673,0007529270,250147659,"Deep Tubewell","Ground Water","Village limit","SCP Revival of MWS Scheme Narayanappanapalya Habitation Dasanapura G.P., Bangalore North Taluk",2016-2017,7.00000,3.61145,"25 Aug 2016","31 Mar 2018",2024-06-07
Karnataka,"Bengaluru Urban","Bangalore North",Kodigehalli,Manganahalli,"Manganahalli Slum",0001725163,0007529469,250148393,"Deep Tubewell","Ground Water","Colony limit","SCP Revival of MWS Scheme at Manganahalli slum Habitation Kodigehalli G.P., Bangalore North Taluk",2016-2017,19.74000,16.48991,"25 Aug 2016","31 Mar 2018",2024-06-07
Karnataka,"Bengaluru Urban","Bangalore North",Huskur,Mathahalli,Mathahalli,0000373691,0007529484,250148100,"Deep Tubewell","Ground Water","Right side of the main road","TSP Revival of MWS Scheme and House Hold Connection (HH 22) at Mathahalli Habitation Huskur G.P., Bangalore North Taluk",2016-2017,10.00000,9.51752,"25 Aug 2016","31 Mar 2018",2024-06-07
Karnataka,"Bengaluru Urban","Bangalore North",Kadabagere,Mahimmannanapalya,Mahimannanapalya,0000373761,0007529659,250148119,"Deep Tubewell","Ground Water",&amp;nbsp;,"G Revival of MWS Scheme at Mahimananapalya Habitation Kadabagere G.P., Bangalore North Taluk",2016-2017,7.00000,6.56875,"25 Aug 2016","31 Mar 2018",2024-06-07
Karnataka,"Bengaluru Urban","Bangalore North",Kittanahalli,Kallegowdanapalya,"K Palya",0000373724,0007529731,250148378,"Deep Tubewell","Ground Water","Towards Village Limits","G Revival of MWS Scheme at K Palya Habitation Kattighanahalli G.P., Bangalore North Taluk",2016-2017,6.00000,5.88587,"25 Aug 2016","31 Mar 2018",2024-06-07
Karnataka,"Bengaluru Urban","Bangalore North",Kachohalli,Chikkagollarahatti,"Chikkagollarahatti Jhc",0001622920,0007529735,250148127,"Deep Tubewell","Ground Water",&amp;nbsp;,"G Revival of MWS Scheme at Chikkagollarahalli Habitation Kadabagere G.P., Bangalore North Taluk",2016-2017,7.00000,7.03420,"25 Aug 2016","31 Mar 2018",2024-06-07
Karnataka,"Bengaluru Urban","Bangalore North",Kittanahalli,Kittanahalli,Kittenahalli,0000373722,0007529849,250148381,"Deep Tubewell","Ground Water","Village limit","G Revival of PWS Scheme at Kittenahalli Habitation Kattighanahalli G.P., Bangalore North Taluk",2016-2017,8.00000,6.58929,"25 Aug 2016","31 Mar 2018",2024-06-07
Karnataka,"Bengaluru Urban","Bangalore North",Somashettihalli,Somashettihally,Somashettihally,0000373654,0007529885,250145252,"Deep Tubewell","Ground Water","Near Tank bed","G Revival of MWS Scheme Somashettihalli Habitation, Abbigere G.P., Bangalore North Taluk",2016-2017,7.00000,0.00000,"25 Aug 2016","03 May 2023",2024-06-07
Karnataka,"Bengaluru Urban","Bangalore North",Kachohalli,Kachohalli,"Kachohalli J H C",0000373764,0007530109,250148134,"Deep Tubewell","Ground Water","Village limit","G Revival of MWS Scheme at Kachohalli Colony Habitation Kadabagere G.P., Bangalore North Taluk",2016-2017,6.00000,5.77691,"25 Aug 2016","31 Mar 2018",2024-06-07
Karnataka,"Bengaluru Urban","Bangalore North",Kodigehalli,Manganahalli,Manganahalli,0000373616,0007530172,250148391,"Deep Tubewell","Ground Water","Near BDA Layout","G Revival of MWS Scheme at Manganahalli (janapriya Layout) Habitation Kodigehalli G.P., Bangalore North Taluk",2016-2017,7.00000,3.93536,"25 Aug 2016","31 Mar 2018",2024-06-07
Karnataka,"Bengaluru Urban","Bangalore North",Dasanapura,Dasanapura,Dasanapura,0000373660,0007535852,250150457,"Deep Tubewell","Ground Water","Village Limit","TSP Revival Of PWS Scheme and House Hold Connection HH 18 at Dasanapura habitation in Balluru GP.",2016-2017,7.00000,0.00000,"01 Sep 2016","03 May 2023",2024-06-07
Karnataka,"Bengaluru Urban","Bangalore North",Dasanapura,Dasanapura,Dasanapura,0000373660,0007535862,250150464,"Deep Tubewell","Ground Water","Village Limit","TSP Revival Of PWS Scheme and House Hold Connection HH 18 at Dasanapura habitation in Balluru GP.",2016-2017,7.00000,0.00000,"01 Sep 2016","03 May 2023",2024-06-07
Karnataka,"Bengaluru Urban","Bangalore North",Huskur,Huskur,Huskur,0001622918,0007911319,5540383,"Deep Tubewell","Ground Water","Village limit","Water Purification Plant in Huskur Habitation Huskur  G.P  Bangalore North Taluk Bangalore Urban District",2019-2020,12.00000,2.88255,"30 Oct 2019","03 May 2023",2024-06-07
Karnataka,"Bengaluru Urban","Bangalore North",Chikkabidarakallu,Chikkabidarakallu,Chikkabidarakallu,0001725168,0007952484,4003816,"Deep Tubewell","Ground Water","Towards MI Tank","TFC 231019 Drilling of Borewell at Chikkabidarakallu (thengina thota) in Chikkabidarakallu Gram Panchayath at Bangalore North Taluk",2019-2020,3.50000,3.49719,"15 Nov 2019","29 Feb 2020",2024-06-07
Karnataka,"Bengaluru Urban","Bangalore North",Lakshmipura,Lakshmipura,Lakshmipura,0000373712,0007952487,250068075,"Deep Tubewell","Ground Water","Village limit","TFC 231019 Drilling of Borewell at Lakshmipura in Lakshmipura Gram Panchayath at Bangalore North Taluk",2019-2020,3.50000,3.49316,"15 Nov 2019","29 Feb 2020",2024-06-07
Karnataka,"Bengaluru Urban","Bangalore North",Lakshmipura,Lakshmipura,Kalliganahalli,0000373713,0008020403,5442676,"Deep Tubewell","Ground Water","Village limit","CAP 1 Drilling of Borewell in Kolliganahalli Village Lakshmipura Grama Panchayath Yelahanka Taluk.",2020-2021,3.23000,3.22270,"08 Jun 2020","31 Aug 2020",2024-06-07
Karnataka,"Bengaluru Urban","Bangalore North",Madanayakanahalli,Madanayakanahalli,"Madanayakanahalli Muslim Colony",0000373704,0007006138,250084522,"Deep Tubewell","Ground Water","Near LIC colony","G TFC050515 Drilling of Borewell with Electrification at Madanayakanahalli LIC Colony Habitation, Madanayakanahalli G.P",2015-2016,2.80000,2.29254,"21 Jul 2015","31 Mar 2016",2024-06-07
Karnataka,"Bengaluru Urban","Bangalore North",Kadabagere,Kadabagere,Kadabagere,0000373758,0007006163,250084525,"Deep Tubewell","Ground Water","Near Bylakonnenahalli","G TFC050515 Drilling of Borewell with Electrification at Kadabagere Habitation, Kadabagere G.P",2015-2016,2.10000,1.40000,"21 Jul 2015","31 Mar 2016",2024-06-07
Karnataka,"Bengaluru Urban","Bangalore North",Dasanapura,Shivanapura,Shivanapura,0000373675,0007148966,250090237,"Deep Tubewell","Ground Water","near village","SCP Piped water supply scheme (Ramaswamy badavane  )",2015-2016,20.00000,0.00000,"25 Oct 2015","31 Mar 2016",2024-06-07
Karnataka,"Bengaluru Urban","Bangalore North",Alur,Heggadedevanapura,Heggadedevanapura,0000373697,0007162727,5179711,"Deep Tubewell","Ground Water","Village limit","ST COLONY Drilling of BW,Errection of Pumpset with Pipe line and Energisation",2015-2016,5.00000,0.00000,"25 Oct 2015","31 Mar 2016",2024-06-07
Karnataka,"Bengaluru Urban","Bangalore North",Madanayakanahalli,Hanumanthasagara,Hanumanthasagara,0000373702,0007172485,250109418,"Deep Tubewell","Ground Water","village limits","ST COLONY Revival of MWS Scheme",2015-2016,6.00000,0.00000,"25 Oct 2015","31 Mar 2016",2024-06-07
Karnataka,"Bengaluru Urban","Bangalore North",Adakamaranahalli,Harokyathanahalli,Harokyathanahalli,0000373666,0003811659,3677400,"Deep Tubewell","Ground Water","BW-  Near Kittappa house  (Sa. No. 7/5)",Borewell,2009-2010,1.20000,1.20000,"05 May 2009","05 Jun 2009",2024-06-07
Karnataka,"Bengaluru Urban","Bangalore North",Kodigehalli,Seegehalli,Seegehalli,0000373623,0003894457,3762304,"Deep Tubewell","Ground Water","BW- Muthurayappa Badavane  (Sa. No. 3/4-2)",Borewell,2008-2009,1.20000,1.20000,"15 May 2008","15 Jun 2008",2024-06-07
Karnataka,"Bengaluru Urban","Bangalore North",Adakamaranahalli,Harokyathanahalli,Venkatappanapalya,0000373668,0003902190,3770257,"Deep Tubewell","Ground Water","Towards Village Limits","Revival of MWS",2011-2012,5.50000,0.00000,"22 Aug 2011","24 Jan 2012",2024-06-07
Karnataka,"Bengaluru Urban","Bangalore North",Gopalapura,Agraharapalya,Agraharapalya,0000373775,0003902781,3770889,Openwell,"Ground Water","Road Sode","Revival of MWS",2011-2012,5.50000,0.00000,"24 Aug 2011","12 Dec 2012",2024-06-07
Karnataka,"Bengaluru Urban","Bangalore North",Huskur,Badakanapalya,Badakanapalya,0000373681,0003908370,3776720,"Deep Tubewell","Ground Water","Towards Village Limits","Revival of MWS",2011-2012,6.00000,0.00000,"20 Aug 2011","22 Jan 2012",2024-06-07
Karnataka,"Bengaluru Urban","Bangalore North",Kodigehalli,"Kodigehalli Harijana Colony","Kodigehalli Jhc",0000373625,0003913854,3782276,"Deep Tubewell","Ground Water","Towards Village Limits","Revival of MWS",2011-2012,5.50000,0.00000,"21 Aug 2011","25 Jan 2012",2024-06-07
Karnataka,"Bengaluru Urban","Bangalore North",Kachohalli,Chikkagollarahatti,"Chikkagollarahatti Jhc",0001622920,0003913982,3782404,"Deep Tubewell","Ground Water","Towards Village Limits","Revival of MWS",2011-2012,5.50000,0.00000,"21 Aug 2011","25 Jan 2012",2024-06-07
Karnataka,"Bengaluru Urban","Bangalore North",Sondekoppa,Hullegowdanahalli,Ramyappanapalya,0000373730,0003914529,3782954,"Deep Tubewell","Ground Water","Road Side","Revival of MWS",2011-2012,6.00000,0.00000,"21 Aug 2011","25 Jan 2012",2024-06-07
Karnataka,"Bengaluru Urban","Bangalore North",Kodigehalli,Kodigehalli,Kodigenahalli,0000373624,0003918043,3786612,"Deep Tubewell","Ground Water","BW- Nanjundadevara badavane - Sa. No. 3/1-1",Borewell,2009-2010,1.20000,1.20000,"04 Jul 2009","04 Aug 2009",2024-06-07
Karnataka,"Bengaluru Urban","Bangalore North",Kodigehalli,Kodigehalli,Kodigenahalli,0000373624,0003918151,3786727,"Deep Tubewell","Ground Water","BW- Ratnanagara BW II  - Sa. No. 3/8-06",Borewell,2009-2010,1.20000,1.20000,"05 May 2009","05 Jun 2009",2024-06-07
Karnataka,"Bengaluru Urban","Bangalore North",Gopalapura,Gopalapura,Gopalapura,0000373769,0003918187,3786776,"Deep Tubewell","Ground Water","BW- Near Railway Gate - Sa. No. 033/1",Borewell,2009-2010,1.25000,1.25000,"05 May 2009","05 Jun 2009",2024-06-07
Karnataka,"Bengaluru Urban","Bangalore North",Gopalapura,Agraharapalya,Agraharapalya,0000373775,0003918377,3786970,"Deep Tubewell","Ground Water","BW- Near Kempanna land - Sa. No. 033/9",Borewell,2009-2010,1.20000,1.20000,"05 May 2009","05 Jun 2009",2024-06-07
Karnataka,"Bengaluru Urban","Bangalore North",Kittanahalli,Ravatanahalli,Shanthinagar,0000373718,0004867579,4794530,"Deep Tubewell","Ground Water","Towards School","Revival of MWS Scheme",2012-2013,5.00000,4.57310,"20 Sep 2012","23 Jan 2013",2024-06-07
Karnataka,"Bengaluru Urban","Bangalore North",Chikkabanawara,Chikkabanawara,Chikkabanawara,0000373644,0003808143,3673880,"Deep Tubewell","Ground Water","BW-3rd Block, (Sa. No. 06)",Borewell,2009-2010,1.20000,1.20000,"05 May 2009","05 Jun 2009",2024-06-07
Karnataka,"Bengaluru Urban","Bangalore North",Chikkabanawara,Chikkabanawara,Chikkabanawara,0000373644,0003808262,3673996,"Deep Tubewell","Ground Water","BW-4th Block Chikkabanawara (Sa. No. 11)",Borewell,2009-2010,1.20000,1.20000,"05 May 2009","05 Jun 2009",2024-06-07
Karnataka,"Bengaluru Urban","Bangalore North",Dasanapura,Dasanapura,Dasanapura,0000373660,0003808375,3674107,"Deep Tubewell","Ground Water","BW- VSSN Society (Sa. No. 03)",Borewell,2009-2010,1.20000,1.20000,"05 May 2009","05 Jun 2009",2024-06-07
Karnataka,"Bengaluru Urban","Bangalore North",Adakamaranahalli,Makali,Makali,0000373665,0003808790,3674522,"Deep Tubewell","Ground Water","BW- near Kumar house (Sa. No. 7/4)",Borewell,2009-2010,1.20000,1.20000,"05 May 2009","05 Jun 2009",2024-06-07
Karnataka,"Bengaluru Urban","Bangalore North",Adakamaranahalli,Harokyathanahalli,Harokyathanahalli,0000373666,0003811549,3677289,"Deep Tubewell","Ground Water","BW-  makali near lake Harohatanahalli (Sa. No. 7/3)",Borewell,2009-2010,1.20000,1.20000,"05 May 2009","05 Jun 2009",2024-06-07
Karnataka,"Bengaluru Urban","Bangalore North",Adakamaranahalli,Harokyathanahalli,Harokyathanahalli,0000373666,0003811581,3677322,"Deep Tubewell","Ground Water","BW-  Near Shivanna house (Sa. No. 7/1)",Borewell,2009-2010,1.20000,1.20000,"05 May 2009","05 Jun 2009",2024-06-07
Karnataka,"Bengaluru Urban","Bangalore North",Chikkabanawara,"Kempapura J H C","Kempapura J H C",0000373651,0002601896,2407516,"Deep Tubewell","Ground Water","village limit","community tarrafil units",2010-2011,0.55000,0.00000,"04 Nov 2010","29 Mar 2011",2024-06-07
Karnataka,"Bengaluru Urban","Bangalore North",Kodigehalli,"Kodigehalli Harijana Colony","Kodigehalli Jhc",0000373625,0002601943,2407581,"Deep Tubewell","Ground Water","village limit","community tarrafil units",2010-2011,1.10000,0.00000,"04 Nov 2010","20 Dec 2011",2024-06-07
Karnataka,"Bengaluru Urban","Bangalore North",Madanayakanahalli,Madanayakanahalli,Madanayakanahalli,0000373703,0002615576,2421785,"Deep Tubewell","Ground Water","Village Limits","community terafil units",2010-2011,5.50000,0.00000,"04 Nov 2010","28 Feb 2012",2024-06-07
Karnataka,"Bengaluru Urban","Bangalore North",Sondekoppa,Nagasandra,Nagasandra,0000373743,0007151307,2421901,"Deep Tubewell","Ground Water","Village Limits","SCP Revival of PWS Scheme",2015-2016,5.00000,0.00000,"25 Oct 2015","31 Mar 2016",2024-06-07
Karnataka,"Bengaluru Urban","Bangalore North",Huskur,Vaderahalli,Vaderahalli,0000373683,0002615944,2422093,"Deep Tubewell","Ground Water","Village Limits","Community Terafil Units",2010-2011,1.65000,0.00000,"04 Nov 2010","29 Mar 2011",2024-06-07
Karnataka,"Bengaluru Urban","Bangalore North",Lakshmipura,"K G Lakkenahalli","K G Lakkenahalli",0000373754,0002866916,2690301,"Deep Tubewell","Ground Water","Providing Piped Water Supply Scheme to  K.G Lakkenahalli Village","Providing Piped Water Supply Scheme to  K.G Lakkenahalli Village",2010-2011,15.00000,0.00000,"28 Feb 2010","28 Jan 2011",2024-06-07
Karnataka,"Bengaluru Urban","Bangalore North",Dasanapura,Nagarur,Nandaramiahanapalya,0000373673,0003307180,3163464,"Deep Tubewell","Ground Water","Naddaramayanapalya Nagaruru near Subramanya house","Naddaramayanapalya Nagaruru near Subramanya house","Not Known",0.90000,0.00000,"26 Nov 2010","26 Nov 2010",2024-06-07
Karnataka,"Bengaluru Urban","Bangalore North",Dasanapura,Nagarur,Nandaramiahanapalya,0000373673,0003307236,3163515,"Deep Tubewell","Ground Water","Naddaramayanapalya Nagaruru near Sukumar house","Naddaramayanapalya Nagaruru near Sukumar house","Not Known",0.90000,0.00000,"26 Nov 2010","26 Nov 2010",2024-06-07
Karnataka,"Bengaluru Urban","Bangalore North",Kodigehalli,Manganahalli,Manganahalli,0000373616,0003309148,3165692,"Deep Tubewell","Ground Water",Manganahalli,Manganahalli,"Not Known",0.90000,0.00000,"27 Nov 2010","27 Nov 2010",2024-06-07
Karnataka,"Bengaluru Urban","Bangalore North",Kodigehalli,"Kannahalli Hosahalli","Kannahalli, Hosahalli",0000373621,0003309942,3166510,"Deep Tubewell","Ground Water","Kannahalli Hosahalli Anjaneya temple","Kannahalli Hosahalli Anjaneya temple","Not Known",0.90000,0.00000,"27 Nov 2010","27 Nov 2010",2024-06-07
Karnataka,"Bengaluru Urban","Bangalore North",Siddanahosahalli,Siddanahosahalli,Siddanahosahalli,0000373707,0003604599,3469399,"Deep Tubewell","Ground Water","Village Limit","Additional Pipe Line",2011-2012,2.40000,0.00000,"15 Jun 2011","15 Mar 2012",2024-06-07
Karnataka,"Bengaluru Urban","Bangalore North",Kodigehalli,Kodigehalli,Chikkagollarahalli,0000373627,0003604740,3469534,"Deep Tubewell","Ground Water","Village Limit","Additional Pipe Line",2011-2012,2.30000,0.00000,"15 Jun 2011","15 Mar 2012",2024-06-07
Karnataka,"Bengaluru Urban","Bangalore North",Shrikantapura,Totadaguddadahalli,Totadaguddadahalli,0000373749,0003604989,3469772,"Deep Tubewell","Ground Water","Near Road Side","Additional Pipe Line",2011-2012,4.00000,0.00000,"15 Jun 2011","15 Mar 2012",2024-06-07
Karnataka,"Bengaluru Urban","Bangalore North",Lakshmipura,Gangondanahalli,Gangondanahalli,0001622923,0003605059,3469842,"Deep Tubewell","Ground Water","Near Road Side","Additional Pipe Line",2011-2012,3.00000,0.00000,"15 Jun 2011","15 Mar 2012",2024-06-07
Karnataka,"Bengaluru Urban","Bangalore North",Madavara,Hottappanapalya,Hottapanapalya,0000373746,0003605080,3469862,"Deep Tubewell","Ground Water","Village Limit","Additional Pipe Line",2011-2012,1.38000,0.00000,"15 Jun 2011","15 Mar 2012",2024-06-07
Karnataka,"Bengaluru Urban","Bangalore North",Kodigehalli,Manganahalli,Manganahalli,0000373616,0003605093,3469875,"Deep Tubewell","Ground Water","Near Road Side","Additional Pipe Line",2011-2012,3.00000,0.00000,"15 Jun 2011","15 Mar 2012",2024-06-07
Karnataka,"Bengaluru Urban","Bangalore North",Alur,Alur,Alur,0000373694,0003637624,3502408,"Deep Tubewell","Ground Water","Near Road Side","Pipeline Extension",2011-2012,3.00000,0.00000,"15 Jul 2011","15 Mar 2012",2024-06-07
Karnataka,"Bengaluru Urban","Bangalore North",Dasanapura,Dasanapura,Munihuchanapalya,0000373662,0001761981,1511071,"Deep Tubewell","Ground Water","Right side of the road","Near Village Limits",2007-2008,3.70000,2.63000,"10 Mar 2009","30 May 2010",2024-06-07
Karnataka,"Bengaluru Urban","Bangalore North",Sondekoppa,Hullegowdanahalli,Hullegowdanahalli,0000373727,0001762071,1511151,"Deep Tubewell","Ground Water","Near M.I. Tank","Revival of MWS",2007-2008,4.70000,3.98000,"10 Mar 2009","30 May 2010",2024-06-07
Karnataka,"Bengaluru Urban","Bangalore North",Huskur,Huskur,Huskur,0001622918,0001762766,1511815,"Deep Tubewell","Ground Water","Left side of the road (Saidamipalya)","Revival of MWS",2007-2008,3.70000,2.12000,"10 Apr 2009","30 Nov 2009",2024-06-07
Karnataka,"Bengaluru Urban","Bangalore North",Sondekoppa,Lakkenahalli,Lakkenahalli,0000373733,0001762949,1511971,"Deep Tubewell","Ground Water","Left side of the road","Revival of MWS",2007-2008,3.70000,2.60000,"10 Mar 2009","30 May 2010",2024-06-07
Karnataka,"Bengaluru Urban","Bangalore North",Lakshmipura,Kammasandra,Narasimharajapura,0000373711,0001764145,1513111,"Deep Tubewell","Ground Water","Right side of main road","village limits",2008-2009,3.00000,0.00001,"10 Apr 2009","30 May 2010",2024-06-07
Karnataka,"Bengaluru Urban","Bangalore North",Lakshmipura,Kammasandra,Narasimharajapura,0000373711,0008202179,1513111,"Deep Tubewell","Ground Water","Right side of main road","Providing tap connection to 1 No. Anganawadi in Narasimharajapura village of Bangalore North Taluk And Bangalore Urban District through SVS",2020-2021,0.13500,0.13500,"04 Dec 2020","03 May 2023",2024-06-07
Karnataka,"Bengaluru Urban","Bangalore North",Huskur,Mathahalli,Mathahalli,0000373691,0008235446,1513228,"Deep Tubewell","Ground Water","Right side of the main road","15 crore 04022021 Drilling of Borewell at  Mathahalli village Huskur GP Bangalore North Taluk",2020-2021,2.25000,2.16376,"07 Feb 2021","03 May 2023",2024-06-07
Karnataka,"Bengaluru Urban","Bangalore North",Kachohalli,Kachohalli,Kachohalli,0000373763,0008235723,1513250,"Deep Tubewell","Ground Water","near MI Tank","15 crore 04022021 Drilling of Borewell at Kachohalli village Kachohalli G.P, Bangalore North Taluk.",2020-2021,3.00000,2.88581,"08 Feb 2021","03 May 2023",2024-06-07
Karnataka,"Bengaluru Urban","Bangalore North",Shrikantapura,Totadaguddadahalli,Totadaguddadahalli,0000373749,0008036406,1513313,"Deep Tubewell","Ground Water","R/s of main road","10 Crore 220520 Revival of PWS  Drilling of Borwell and Providing Pump Motar at Thotadaguddahalli village Srikantapura GP Bangalore North Taluk",2020-2021,5.00000,4.61510,"03 Jul 2020","03 May 2023",2024-06-07
Karnataka,"Bengaluru Urban","Bangalore North",Kodigehalli,Kannahalli,"Kannahalli, J H C",0000373622,0002596406,2401686,"Deep Tubewell","Ground Water","Village Limits","Village Limits",2010-2011,4.25000,0.00000,"30 Jun 2010","31 Mar 2011",2024-06-07
Karnataka,"Bengaluru Urban","Bangalore North",Kittanahalli,Averahalli,Avrahalli,0000373720,0002599945,2405435,"Deep Tubewell","Ground Water","village limit","comunitu tarrafil units",2010-2011,1.10000,0.00000,"04 Nov 2010","28 Dec 2011",2024-06-07
Karnataka,"Bengaluru Urban","Bangalore North",Sondekoppa,Hullegowdanahalli,Hullegowdanahalli,0000373727,0002601538,2407138,"Deep Tubewell","Ground Water","village limit","community tarrafil units",2010-2011,2.20000,0.00000,"04 Nov 2010","29 Mar 2011",2024-06-07
Karnataka,"Bengaluru Urban","Bangalore North",Sondekoppa,Hunnigere,Hunnigere,0000373738,0002601648,2407277,"Deep Tubewell","Ground Water","village limit","community tarrafil units",2010-2011,1.65000,0.00000,"04 Nov 2010","20 Dec 2011",2024-06-07
Karnataka,"Bengaluru Urban","Bangalore North",Lakshmipura,Kadaranahalli,Kadaranahalli,0000373709,0002601751,2407375,"Deep Tubewell","Ground Water","village limit","community tarrafil units",2010-2011,1.65000,0.00000,"04 Nov 2010","20 Dec 2011",2024-06-07
Karnataka,"Bengaluru Urban","Bangalore North",Somashettihalli,"Kere Guddadahalli",Kereguddadahalli,0000373656,0008235666,5498616,"Deep Tubewell","Ground Water","Village limit","15 crore 04022021 Drilling of BW and Providing Panel Board, Pump Motor and pipeline work at Basaveshwara Nagara Kereguddadahalli, village Kereguddadahalli G.P  Bangalore North Tq",2020-2021,5.00000,4.45615,"12 Feb 2021","03 May 2023",2024-06-07
Karnataka,"Bengaluru Urban","Bangalore North",Lakshmipura,"K G Lakkenahalli","K G Lakkenahalli",0000373754,0008235715,3795869,"Deep Tubewell","Ground Water","Road Side","15 crore 04022021 Providing pipeline work in Shanthinagara layout at K.G.Lakkenahalli habitation Lakshmipura GP Bangalore North Taluk .",2020-2021,4.80000,4.78961,"14 Feb 2021","03 May 2023",2024-06-07
Karnataka,"Bengaluru Urban","Bangalore North",Kachohalli,Chikkagollarahatti,"Chikkagollarahatti Jhc",0001622920,0008235738,250120751,"Deep Tubewell","Ground Water","village limit","15 crore 04022021 Providing pipeline work at Chikkagollarahatti (Ashraya Badavane village,Chikkagollarahatti village  Kachohalli G.P, Bangalore North Taluk.",2020-2021,4.00000,3.97817,"17 Feb 2021","03 May 2023",2024-06-07
Karnataka,"Bengaluru Urban","Bangalore North",Kittanahalli,Kittanahalli,Kittenahalli,0000373722,0008235806,5555460,"Deep Tubewell","Ground Water","School limit","15 crore 04022021 Drilling of 2 Nos. Borewells at Kittanahalli village Village Kittanahalli GP Bangalore North Taluk.",2020-2021,6.50000,6.26257,"13 Feb 2021","03 May 2023",2024-06-07
Karnataka,"Bengaluru Urban","Bangalore North",Kittanahalli,Mallasandra,Mallasandra,0000373725,0008235851,250034682,"Deep Tubewell","Ground Water","Village  limit","15 crore 04022021 Drilling of Borewell and Providing Panel Board, Pump Motor  at Mallasandra village Kittanahalli G.P, Bangalore North Taluk.",2020-2021,5.00000,4.94490,"18 Feb 2021","03 May 2023",2024-06-07
Karnataka,"Bengaluru Urban","Bangalore North",Alur,Thammenahalli,Thammenahalli,0000373700,0008237760,4797104,"Deep Tubewell","Ground Water","Village Limit","10 Crore balance Amt 11.01.2021 Drilling of Borewell And  Providing Pump Motar Panel board at Tammenahalli Village Aluru GP Bangalore North Tq.",2020-2021,4.10000,3.99714,"02 Feb 2021","03 May 2023",2024-06-07
Karnataka,"Bengaluru Urban","Bangalore North",Kodigehalli,Kodigehalli,Kodigenahalli,0000373624,0008238094,250148389,"Deep Tubewell","Ground Water","BW- Near temple at Gyana shakthi badavane (Sa. No. 3/1-2)","15 crore Revival of PWS scheme, providing pump motor  at Seegehalli village, Kodigehalli GP, Bnaglore northTaluk",2020-2021,5.00000,4.58274,"25 Feb 2021","03 May 2023",2024-06-07
Karnataka,"Bengaluru Urban","Bangalore North",Somashettihalli,Lakshmipura,Lakshmipura,0000373655,0006686344,250251216,"Deep Tubewell","Ground Water","Village limit","Drilling of Borewell",2014-2015,2.00000,2.18884,"19 Jul 2014","11 Aug 2014",2024-06-07
Karnataka,"Bengaluru Urban","Bangalore North",Adakamaranahalli,Harokyathanahalli,Harokyathanahalli,0000373666,0007852700,250246569,"Deep Tubewell","Ground Water","New Extension","TFC NAC 2018 Re Drilling of Borewell  for Revival of Water Supply Scheme at Harokyatanahalli Village Dasanapura GP.",2018-2019,1.00000,0.99402,"23 Oct 2018","31 Mar 2019",2024-06-07
Karnataka,"Bengaluru Urban","Bangalore North",Huskur,Huskur,Huskur,0001622918,0007852823,250246683,"Deep Tubewell","Ground Water","Left side of the road (Saidamipalya)","TFC NAC 2018 Drilling of Borewell (1 No) laying of  Pipe line  And Erection of Pump Motor And Electrification for Revival of  Water Supply Scheme at  Huskuru Colony.",2018-2019,8.00000,1.84967,"23 Oct 2018","31 Oct 2019",2024-06-07
Karnataka,"Bengaluru Urban","Bangalore North",Huskur,Pillahalli,Pillahalli,0000373679,0007852826,250246686,"Deep Tubewell","Ground Water","Road Side","TFC NAC 2018 Drilling of Borewell(1 No) for Revival of Water Supply Scheme at Pillahalli Village.",2018-2019,2.45000,2.44932,"23 Oct 2018","31 Mar 2019",2024-06-07
Karnataka,"Bengaluru Urban","Bangalore North",Kadabagere,Kadabagere,Kadabagere,0000373758,0007852857,250246718,"Deep Tubewell","Ground Water","near chikkagollarahatii village limit","TFC NAC 2018 Drilling of Borewell (1 No), laying of  Pipe line  And Erection of Pump Motor And  Electrification for Revival of  Water Supply Scheme at Kadabagere (Janapriya Badavane) Village",2018-2019,7.80000,6.45551,"23 Oct 2018","31 Oct 2019",2024-06-07
Karnataka,"Bengaluru Urban","Bangalore North",Shrikantapura,Totadaguddadahalli,Totadaguddadahalli,0000373749,0007852860,250246721,"Deep Tubewell","Ground Water","Village Limit","TFC NAC 2018 Drilling of Borewell(1 No) for Revival of Water Supply Scheme at Thotaguddadahalli Village",2018-2019,2.65000,2.64379,"23 Oct 2018","31 Mar 2019",2024-06-07
Karnataka,"Bengaluru Urban","Bangalore North",Chikkabanawara,Chikkabanawara,Ganapatinagara,0001725160,0007853327,250246960,"Deep Tubewell","Ground Water","Village limit","TFC NAC 2018 Drilling of Borewell(1 No) for Revival of Water Supply Scheme at Ganapathi Nagara Chikkabanawara GP",2018-2019,2.10000,2.09376,"26 Oct 2018","31 Mar 2019",2024-06-07
Karnataka,"Bengaluru Urban","Bangalore North",Kachohalli,Chikkagollarahatti,"Chikkagollarahatti Jhc",0001622920,0007854168,250247732,"Deep Tubewell","Ground Water","Village limit","G Revival of MWS Scheme Chikkagollarahatti village",2018-2019,6.00000,5.13295,"30 Oct 2018","03 May 2023",2024-06-07
Karnataka,"Bengaluru Urban","Bangalore North",Chikkabidarakallu,Chikkabidarakallu,Chikkabidarakallu,0001725168,0007898666,250271305,"Deep Tubewell","Ground Water","Village limit","GOI shifted to GOK G Revival of MWS Scheme Chikkabidarakallu( Buddajyothi Badavane)  Village Chikkabidarakallu Gp, Bangalore North Tq.",2018-2019,5.00000,4.98038,"06 Mar 2019","31 Oct 2019",2024-06-07
Karnataka,"Bengaluru Urban","Bangalore North",Chikkabanawara,Chikkabanawara,Kemapura,0001622902,0008022342,250034548,"Deep Tubewell","Ground Water","Village limit","10 Crore 220520 Revival of PWS  Drilling of Borwell and Pump Motar work at Kempapura (Maharudreshwara nagara) village Chikkabanavara GP Bangalore North Taluk",2020-2021,4.95000,4.86879,"05 Jun 2020","03 May 2023",2024-06-07
Karnataka,"Bengaluru Urban","Bangalore North",Chikkabanawara,Chikkabanawara,Chikkabanawara,0000373644,0008022438,5179811,"Deep Tubewell","Ground Water","Jindalnagara 3rd Block","10 Crore 220520 Revival of PWS  Providing Pump Motar at Chikkabanavara village (biat) Chikkabanavara GP Bangalore North Taluk",2020-2021,3.50000,0.00000,"16 Jun 2020","03 May 2023",2024-06-07
Karnataka,"Bengaluru Urban","Bangalore North",Huskur,Huskur,"Huskur Colony",0001622917,0008023364,5540389,"Deep Tubewell","Ground Water","Village limit","10 Crore 220520 Revival of MWS Re Drilling of Borwell at Husur Colony village Huskur GP Bangalore North Taluk",2020-2021,1.30000,1.27916,"26 Jun 2020","03 May 2023",2024-06-07
Karnataka,"Bengaluru Urban","Bangalore North",Lakshmipura,Lakshmipura,Kalliganahalli,0000373713,0008036218,250144778,"Deep Tubewell","Ground Water","Near Tank bed","10 Crore 220520 Revival of MWS  Drilling of 2 Borwells at Kolliganahalli village Lakshmipura GP Bangalore North Taluk",2020-2021,5.00000,4.87221,"17 Jul 2020","03 May 2023",2024-06-07
Karnataka,"Bengaluru Urban","Bangalore North",Kachohalli,Chikkagollarahatti,"Chikkagollarahatti Jhc",0001622920,0008037469,5447635,"Deep Tubewell","Ground Water","Village limit","10 Crore 220520 Revival of MWS  Drilling of Borwell and Providing Pump Motar at Chikkagollarahatti Ashraya Badavane village Kachohalli GP Bangalore North Taluk",2020-2021,5.00000,4.93430,"21 Jul 2020","03 May 2023",2024-06-07
Karnataka,"Bengaluru Urban","Bangalore North",Chikkabanawara,Chikkabanawara,Ganapatinagara,0001725160,0008042192,5549573,"Deep Tubewell","Ground Water","Village limit","CAP CEO 3 Drilling of Borewll at Shanthinagara, Chikkabanavara GP, Bangalore North Taluk",2020-2021,2.73000,2.62619,"03 Jun 2020","31 Oct 2020",2024-06-07
Karnataka,"Bengaluru Urban","Bangalore North",Kodigehalli,Seegehalli,Seegehalli,0000373623,0008066705,250285116,"Deep Tubewell","Ground Water",NA,"10crore Revival of PWS scheme drilling of borewell, Errection of pump motor  at  Kannalli village, Kodigehalli GP, bangalore North Taluk",2020-2021,5.00000,0.00000,"17 Jun 2020","03 May 2023",2024-06-07
Karnataka,"Bengaluru Urban","Bangalore North",Kodigehalli,Seegehalli,Seegehalli,0000373623,0008066711,250285117,"Deep Tubewell","Ground Water",NA,"10crore Revival of PWS scheme drilling of borewell, Errection of pump motor  at  Seegehalli  village, Kodigehalli GP, bangalore North Taluk",2020-2021,5.00000,4.76012,"17 Jun 2020","03 May 2023",2024-06-07
Karnataka,"Bengaluru Urban","Bangalore North",Sondekoppa,"Baleveerana Halli","B Halli",0000373737,0008201485,250068093,"Deep Tubewell","Ground Water","Village limit","Providing tap connection to 1 school in Baleveeranahalli village of Bangalore North Taluk and Bangalore Urban District through SVS",2020-2021,0.19000,0.00000,"17 Dec 2020","03 May 2023",2024-06-07
Karnataka,"Bengaluru Urban","Bangalore North",Adakamaranahalli,Adakamaranahalli,Adakamaranahalli,0000373663,0008201497,250146398,"Deep Tubewell","Ground Water",&amp;amp;nbsp;,"Providing tap connection to 1 No. Anganawadi in Adkamaranahalli 2 village of Bangalore North Taluk and Bangalore Urban District through SVS",2020-2021,0.15000,0.14342,"17 Dec 2020","03 May 2023",2024-06-07
Karnataka,"Bengaluru Urban","Bangalore North",Alur,Alur,Alur,0000373694,0008201501,250068099,"Deep Tubewell","Ground Water","Colony limit","Providing tap connection to 1 No. Anganawadi in Aluru village of Bangalore North Taluk and Bangalore Urban District through SVS",2020-2021,0.14000,0.14000,"17 Dec 2020","03 May 2023",2024-06-07
Karnataka,"Bengaluru Urban","Bangalore North",Sondekoppa,Nagasandra,Nagasandra,0000373743,0008201503,250065401,"Deep Tubewell","Ground Water","Colony Limit","Providing tap connection to 1 No. of school in Nagasandra village of Bangalore North Taluk and Bangalore Urban District through SVS",2020-2021,0.19500,0.00000,"18 Dec 2020","03 May 2023",2024-06-07
Karnataka,"Bengaluru Urban","Bangalore North",Sondekoppa,"Baleveerana Halli","B Halli",0000373737,0008201513,250068093,"Deep Tubewell","Ground Water","Village limit","Providing Water supply to GLPS of taps to kitchen and toilet at Baleveeranahalli Habitation Sondekoppa GP Bangalore North Taluk",2020-2021,0.19000,0.15368,"17 Dec 2020","03 May 2023",2024-06-07
Karnataka,"Bengaluru Urban","Bangalore North",Lakshmipura,Lakshmipura,Lakshmipura,0000373712,0008201540,4796898,"Deep Tubewell","Ground Water","Towards Main Road","Providing tap connection to 1 No. of school in Lakshmipura village of Bangalore North Taluk and Bangalore Urban District through SVS",2020-2021,0.20000,0.14342,"20 Dec 2020","03 May 2023",2024-06-07
Karnataka,"Bengaluru Urban","Bangalore North",Dasanapura,Dasanapura,Dasanapura,0000373660,0008201979,4795022,"Deep Tubewell","Ground Water","Village Limit","Providing tap connection to 1 No. Anganawadi in Dasanapura village of Bangalore North Taluk and Bangalore Urban District through SVS",2020-2021,0.15000,0.14476,"17 Dec 2020","03 May 2023",2024-06-07
Karnataka,"Bengaluru Urban","Bangalore North",Dasanapura,Nagarur,Nagapura,0000373671,0008201998,5467369,"Deep Tubewell","Ground Water","Village limit","Providing tap connection to 1 No. Anganawadi in Nagaruru village of Bangalore North Taluk and Bangalore Urban District through SVS",2020-2021,0.15000,0.15000,"18 Dec 2020","03 May 2023",2024-06-07
Karnataka,"Bengaluru Urban","Bangalore North",Dasanapura,Nagarur,Marappanapalya,0000373672,0008202003,250147620,"Deep Tubewell","Ground Water","Village  limit","Providing tap connection to 1 No. Anganawadi in Marappanapalya village of Bangalore North Taluk and Bangalore Urban District through SVS",2020-2021,0.14500,0.14342,"18 Dec 2020","03 May 2023",2024-06-07
Karnataka,"Bengaluru Urban","Bangalore North",Sondekoppa,Sondekoppa,Sondekoppa,0000373739,0008209161,5179700,"Deep Tubewell","Ground Water","Village limit","Providing tap connection to 1 No. Anganawadi in Sondekoppa village of Bangalore North Taluk and Bangalore Urban District through SVS",2020-2021,0.14500,0.14342,"20 Dec 2020","03 May 2023",2024-06-07
Karnataka,"Bengaluru Urban","Bangalore North",Sondekoppa,Byregowdanahalli,Byregowdanahalli,0000373735,0008213896,250008478,"Deep Tubewell","Ground Water","Village limit","Providing tap connection to 1 No. Anganawadi in Byregowdanahalli village of Bangalore North Taluk and Bangalore Urban District through SVS",2020-2021,0.14500,0.14342,"18 Dec 2020","03 May 2023",2024-06-07
Karnataka,"Bengaluru Urban","Bangalore North",Dasanapura,Dasanapura,Dasanapura,0000373660,0008213939,250146408,"Deep Tubewell","Ground Water",&amp;amp;nbsp;,"Providing tap connection to 1 No. Anganawadi in Thimmabovipalya village of Bangalore North Taluk and Bangalore Urban District through SVS",2020-2021,0.14000,0.14000,"18 Dec 2020","03 May 2023",2024-06-07
Karnataka,"Bengaluru Urban","Bangalore North",Sondekoppa,"Baleveerana Halli","B Halli",0000373737,0008217500,250148652,"Deep Tubewell","Ground Water","Village limit","Providing water supply to GHPS fitting of taps to kitchen and toilet at Baleveeranahalli Habitation Sondekoppa GP Bangalore North Taluk",2020-2021,0.20000,0.17368,"17 Dec 2020","03 May 2023",2024-06-07
Karnataka,"Bengaluru Urban","Bangalore North",Kodigehalli,Seegehalli,Seegehalli,0000373623,0008217560,250068106,"Deep Tubewell","Ground Water","Colony limit","Providing tap connection to 1 No. Anganawadi in Seegehalli village of Bangalore North Taluk and Bangalore Urban District through SVS",2020-2021,0.15000,0.14342,"17 Dec 2020","03 May 2023",2024-06-07
Karnataka,"Bengaluru Urban","Bangalore North",Dasanapura,Narayanappanapalya,Narayanappanapalya,0001622905,0008235377,250145017,"Deep Tubewell","Ground Water","Near roadside","15 crore 04022021 Providing pipeline work at Narayanappana palya Village Dasanapura GP Bangalore North Taluk",2020-2021,4.00000,3.99415,"06 Feb 2021","03 May 2023",2024-06-07
Karnataka,"Bengaluru Urban","Bangalore North",Gopalapura,Gopalapura,Gopalapura,0000373769,0008235505,250073584,"Deep Tubewell","Ground Water","Village limit","15 crore 04022021 Re Drilling of Borewell at Gopalapura village Gopalapura GP Bangalore North Taluk",2020-2021,1.00000,0.98492,"08 Feb 2021","03 May 2023",2024-06-07
Karnataka,"Bengaluru Urban","Bangalore North",Gopalapura,Shamibhattarapalya,Shamibhattarapalya,0000373770,0008235521,5179758,"Deep Tubewell","Ground Water","Village limit","15 crore 04022021 Drilling of Borewell at  Shaymabhattarapalya village Gopalapura GP Bangalore North Taluk",2020-2021,1.80000,1.73065,"08 Feb 2021","03 May 2023",2024-06-07
Karnataka,"Bengaluru Urban","Bangalore North",Chikkabanawara,Chikkabanawara,Chikkabanawara,0000373644,0008235575,250068083,"Deep Tubewell","Ground Water","Village limit","15 crore 04022021 Drilling of Borewell  Ganapathi Nagara (T.N. Layout) at Ganapathi nagara vilage Chikkabanavara GP Bangalore North Taluk",2020-2021,3.00000,2.07798,"15 Feb 2021","03 May 2023",2024-06-07
Karnataka,"Bengaluru Urban","Bangalore North",Gopalapura,Gopalapura,Gopalapura,0000373769,0007739540,250205282,"Deep Tubewell","Ground Water","village limit","WPP11 SCP (3000 Series) Gopalpura Habitation, Gopalpura G.P, Bangalore North Taluk, Bangalore Urban District",2017-2018,12.00000,8.80000,"25 Nov 2017","03 May 2023",2024-06-07
Karnataka,"Bengaluru Urban","Bangalore North",Machohalli,Bylakonenahalli,Bylakonenahalli,0001803619,0007807501,250221266,"Deep Tubewell","Ground Water","village limit","Revival of MWS at Bylakonenahalli",2017-2018,0.10000,0.00000,"05 May 2017","03 May 2023",2024-06-07
Karnataka,"Bengaluru Urban","Bangalore North",Sondekoppa,Sondekoppa,Sondekoppa,0000373739,0007849868,250243886,"Deep Tubewell","Ground Water","Village Limit","G Providing Piped water Supply Scheme  (Construction of OHT) Sondekoppa village  Sondekoppa GP, Bangalore North Tq.",2018-2019,12.00000,11.45369,"10 Oct 2018","03 May 2023",2024-06-07
Karnataka,"Bengaluru Urban","Bangalore North",Lakshmipura,"K G Lakkenahalli","K G Lakkenahalli",0000373754,0007850526,250244555,"Deep Tubewell","Ground Water","Village limit","G  Revival of MWS Scheme K.G.Lakkenahalli village",2018-2019,5.00000,4.98205,"05 Sep 2018","31 Jul 2019",2024-06-07
Karnataka,"Bengaluru Urban","Bangalore North",Adakamaranahalli,Harokyathanahalli,Harokyathanahalli,0000373666,0007850542,250244573,"Deep Tubewell","Ground Water","New Extension","G  Revival of MWS Scheme Harokyathanahalli (Lakshmidevi Nagara)  village",2018-2019,5.00000,4.99476,"05 Sep 2018","31 Jul 2019",2024-06-07
Karnataka,"Bengaluru Urban","Bangalore North",Shrikantapura,Shrikantapura,Shrikantapur,0001725167,0007850556,250244589,"Deep Tubewell","Ground Water","Village limit","G Revival of PWS Scheme Anchepalya village",2018-2019,5.00000,4.49570,"05 Sep 2018","31 Mar 2019",2024-06-07
Karnataka,"Bengaluru Urban","Bangalore North",Somashettihalli,Ganigarahalli,Ganigarahalli,0000373652,0007850622,250244663,"Deep Tubewell","Ground Water","Village limit","G Revival of MWS Scheme Ganigarahalli (Maruthinagara)  village",2018-2019,6.00000,5.11836,"05 Sep 2018","03 May 2023",2024-06-07
Karnataka,"Bengaluru Urban","Bangalore North",Machohalli,Machohalli,"Machohalli J H C",0000373767,0007850632,250244675,"Deep Tubewell","Ground Water",JHC,"G Revival of MWS Scheme Machohalli  (Varma Layout)  village",2018-2019,6.00000,5.18292,"11 Oct 2018","03 May 2023",2024-06-07
Karnataka,"Bengaluru Urban","Bangalore North",Kittanahalli,Kittanahalli,Kittenahalli,0000373722,0007574456,250170964,"Deep Tubewell","Ground Water","Village limit","TFC221116 Drilling of Borewell at kittanahalli  Village and kittanahalli   G.P Bangalore North Taluk Urban dist.(2No BW )",2016-2017,4.50000,0.00000,"15 Jan 2017","31 Mar 2018",2024-06-07
Karnataka,"Bengaluru Urban","Bangalore North",Shrikantapura,Totadaguddadahalli,Totadaguddadahalli,0000373749,0007574504,250171005,"Deep Tubewell","Ground Water","Village limit","TFC221116 Drilling of Borewell at Thotadaguddadahalli Village and Madhavara  G.P Bangalore North Taluk Urban dist.",2016-2017,2.50000,2.45800,"15 Jan 2017","31 Mar 2018",2024-06-07
Karnataka,"Bengaluru Urban","Bangalore North",Siddanahosahalli,Dombarahalli,Dombarahalli,0000373708,0008009639,250244532,"Deep Tubewell","Ground Water",dombarahalli,"10 Crore 22052020 Drilling of Borewell at Dommasandra Habitation Dommasandra Grama Panchayath Anekal Taluk",2020-2021,3.75000,0.00000,"16 Jun 2020","03 May 2023",2024-06-07
Karnataka,"Bengaluru Urban","Bangalore North",Lakshmipura,Lakshmipura,Lakshmipura,0000373712,0008202185,250244545,"Deep Tubewell","Ground Water",&amp;amp;amp;amp;nbsp;,"Providing tap connection to 1 No. Anganawadi in Lakshmipura 3village of Bangalore North Taluk And Bangalore Urban District through SVS",2020-2021,0.15000,0.00000,"04 Dec 2020","03 May 2023",2024-06-07
Karnataka,"Bengaluru Urban","Bangalore North",Sondekoppa,Hullegowdanahalli,Hullegowdanahalli,0000373727,0008213910,250299366,"Deep Tubewell","Ground Water","HG PALYA","Providing tap connection to 1 No. Anganawadi in HG Palya village of Bangalore North Taluk and Bangalore Urban District through SVS",2020-2021,0.14000,0.00000,"18 Dec 2020","03 May 2023",2024-06-07
Karnataka,"Bengaluru Urban","Bangalore North",Chikkabanawara,Chikkabanawara,Chikkabanawara,0000373644,0008235555,250244654,"Deep Tubewell","Ground Water","Village limit","15 crore 04022021 Providing Panel Board Pump Motor and pipeline work at AK Colony at Chikkabanavara village Chikkabanavara GP Bangalore North Taluk",2020-2021,4.00000,3.49778,"14 Feb 2021","03 May 2023",2024-06-07
Karnataka,"Bengaluru Urban","Bangalore North",Machohalli,Bylakonenahalli,Bylakonenahalli,0001803619,0008235794,250246415,"Deep Tubewell","Ground Water","village limit","15 crore 04022021 Drilling of 2 Nos. Borewells at Bylakonenahalli village Machohalli GP Bangalore North Taluk.",2020-2021,5.75000,5.53891,"18 Feb 2021","03 May 2023",2024-06-07
Karnataka,"Bengaluru Urban","Bangalore North",Gopalapura,Govindapura,Govindapura,0001622911,0007905511,250275974,"Deep Tubewell","Ground Water","Road Side","SCP Revival of MWS Drilling of Borwell and Providing Pump Motor Work at Govindapura Village, Gopalapura GP, Bangalore North Taluk.",2019-2020,5.50000,5.39401,"30 Sep 2019","03 May 2023",2024-06-07
Karnataka,"Bengaluru Urban","Bangalore North",Kachohalli,Chikkagollarahatti,"Chikkagollarahatti Jhc",0001622920,0007906904,250277459,"Deep Tubewell","Ground Water","Towards Village Limits","SCP and TSP combined Revival of MWS  Drilling of Borwell, Providing Pump Motor, Pipeline and Electrical Work, Ashraya Badavane, Chikkagollarahatti Village, Kachohalli GP, Bangalore North Taluk.",2019-2020,10.00000,8.21483,"20 Oct 2019","03 May 2023",2024-06-07
Karnataka,"Bengaluru Urban","Bangalore North",Shrikantapura,Totadaguddadahalli,Totadaguddadahalli,0000373749,0007909301,250280037,"Deep Tubewell","Ground Water","Village limit","G Revival of PWS Drilling of 2 Nos. Borwell, Providing Pump Motor, Pipeline and Electrical Work to Thotadaguddadahalli Village and GP, Bangalore North Taluk.",2019-2020,12.00000,11.60058,"30 Nov 2019","03 May 2023",2024-06-07
Karnataka,"Bengaluru Urban","Bangalore North",Sondekoppa,Byregowdanahalli,Byregowdanahalli,0000373735,0000420222,123625,"Deep Tubewell","Ground Water",NA,MWSS,2006-2007,3.00000,2.08000,"07 Dec 2006","12 Sep 2007",2024-06-07
Karnataka,"Bengaluru Urban","Bangalore North",Kadabagere,Kadabagere,Kadabagere,0000373758,0006849978,123724,"Deep Tubewell","Ground Water","near chikkagollarahatii village limit","TFC 20.10.2014 Errection of Pumpset with Pipe line and Energisation near in kadabagere  colony habitation",2014-2015,4.00000,2.85634,"10 Dec 2014","19 Feb 2015",2024-06-07
Karnataka,"Bengaluru Urban","Bangalore North",Dasanapura,Dasanapura,Munihuchanapalya,0000373662,0000556502,124152,"Deep Tubewell","Ground Water",NA,"Revival of MWS",2007-2008,3.70000,1.70000,"04 Apr 2008","11 Jul 2008",2024-06-07
Karnataka,"Bengaluru Urban","Bangalore North",Kittanahalli,Mallasandra,Mallasandra,0000373725,0000784530,124185,"Deep Tubewell","Ground Water",NA,"Near School",2001-2002,10.40000,10.00000,"12 Sep 2001","13 Mar 2003",2024-06-07
Karnataka,"Bengaluru Urban","Bangalore North",Lakshmipura,Kammasandra,Kammasandra,0000373710,0000556524,124710,"Deep Tubewell","Ground Water",NA,"Revival of MWS",2007-2008,3.70000,3.68000,"10 Mar 2008","23 Jan 2009",2024-06-07
Karnataka,"Bengaluru Urban","Bangalore North",Gopalapura,Thotagere,Thotagere,0000373772,0000420237,125224,"Deep Tubewell","Ground Water",NA,MWSS,2006-2007,3.00000,3.00000,"17 Oct 2006","24 Apr 2007",2024-06-07
Karnataka,"Bengaluru Urban","Bangalore North",Sondekoppa,Hullegowdanahalli,Hullegowdanahalli,0000373727,0000779113,126254,"Deep Tubewell","Ground Water",NA,"School Primises",1997-1998,5.00000,5.40000,"01 Sep 1997","10 Feb 2000",2024-06-07
Karnataka,"Bengaluru Urban","Bangalore North",Machohalli,Machohalli,"Machohalli J H C",0000373767,0008036393,126517,"Deep Tubewell","Ground Water",NA,"10 Crore 220520 Revival of MWS  Drilling of Borwell at Machohalli Vinayaka Badavane village Machohalli GP Bangalore North Taluk",2020-2021,2.50000,2.43124,"30 Jun 2020","03 May 2023",2024-06-07
Karnataka,"Bengaluru Urban","Bangalore North",Gopalapura,Kukkanahalli,Kukkanahalli,0000373771,0000779486,126903,"Deep Tubewell","Ground Water",NA,"Near School",2000-2001,7.50000,7.68000,"26 Oct 2000","11 Mar 2002",2024-06-07
Karnataka,"Bengaluru Urban","Bangalore North",Dasanapura,Shivanapura,Shivanapura,0000373675,0000546099,127948,"Deep Tubewell","Ground Water",NA,villagelimit,2006-2007,12.95000,12.23000,"04 Jun 2007","03 Jan 2008",2024-06-07
Karnataka,"Bengaluru Urban","Bangalore North",Lakshmipura,Lakshmipura,Lakshmipura,0000373712,0001063428,128533,"Deep Tubewell","Ground Water",NA,"village limit",2006-2007,12.00000,11.99000,"12 Oct 2007","26 Dec 2008",2024-06-07
Karnataka,"Bengaluru Urban","Bangalore North",Sondekoppa,Hullegowdanahalli,Hullegowdanahalli,0000373727,0000556532,129807,"Deep Tubewell","Ground Water",NA,"Revival of PWS",2007-2008,4.70000,0.76000,"20 Mar 2008","16 Jun 2008",2024-06-07
Karnataka,"Bengaluru Urban","Bangalore North",Sondekoppa,Sondekoppa,Sondekoppa,0000373739,0000556594,132656,"Deep Tubewell","Ground Water",NA,"village limit",2007-2008,3.50000,3.00000,"20 Mar 2008","25 Sep 2008",2024-06-07
Karnataka,"Bengaluru Urban","Bangalore North",Kodigehalli,Manganahalli,Manganahalli,0000373616,0001758512,1507623,"Deep Tubewell","Ground Water","Near BDA Layout","Village Limits",2008-2009,4.50000,3.70000,"12 Mar 2009","30 May 2010",2024-06-07
Karnataka,"Bengaluru Urban","Bangalore North",Somashettihalli,Lakshmipura,Lakshmipura,0000373655,0005235505,5179799,"Deep Tubewell","Ground Water","Village limit","Revival of PWS",2012-2013,6.40000,6.37579,"07 Jan 2013","03 Mar 2014",2024-06-07
Karnataka,"Bengaluru Urban","Bangalore North",Chikkabanawara,Chikkabanawara,Chikkabanawara,0000373644,0005235517,5179811,"Deep Tubewell","Ground Water","Jindalnagara 3rd Block","Revival of PWS",2012-2013,5.60000,6.81219,"07 Jan 2013","03 Mar 2014",2024-06-07
Karnataka,"Bengaluru Urban","Bangalore North",Chikkabanawara,Chikkabanawara,Chikkabanawara,0000373644,0005235520,5179814,"Deep Tubewell","Ground Water","Shanthinagara 3rd Block","Revival of PWS",2012-2013,6.20000,6.17928,"07 Jan 2013","02 Jan 2014",2024-06-07
Karnataka,"Bengaluru Urban","Bangalore North",Kodigehalli,"Kodigehalli Harijana Colony","Kodigehalli Jhc",0000373625,0005360282,5296932,"Deep Tubewell","Ground Water","Kodigehalli Colony","Providing and Laying PVC Pipe line",2012-2013,0.50000,0.50000,"19 Mar 2013","03 Mar 2014",2024-06-07
Karnataka,"Bengaluru Urban","Bangalore North",Kodigehalli,Kodigehalli,"Ashraya Badavane",0001725162,0005360298,5296949,"Deep Tubewell","Ground Water",Skandanagara,"Redrilling of BW",2012-2013,1.00000,1.69929,"19 Mar 2013","28 Feb 2014",2024-06-07
Karnataka,"Bengaluru Urban","Bangalore North",Kodigehalli,Kodigehalli,Kodigenahalli,0000373624,0005364391,5301399,"Deep Tubewell","Ground Water","Village limit","Drilling of BW",2012-2013,0.87000,0.87000,"22 Oct 2012","31 Mar 2013",2024-06-07
Karnataka,"Bengaluru Urban","Bangalore North",Madavara,Madavara,Madavara,0000373744,0005508677,5444620,"Deep Tubewell","Ground Water","Village limit","Revival of PWS Scheme",2013-2014,8.00000,4.20768,"18 Sep 2013","01 Mar 2015",2024-06-07
Karnataka,"Bengaluru Urban","Bangalore North",Huskur,Narasipura,Narasipura,0000373692,0004868777,4795885,"Deep Tubewell","Ground Water","Towards Main Road","Providing Piped Water Supply Scheme",2012-2013,20.00000,20.75000,"20 Sep 2012","19 Mar 2014",2024-06-07
Karnataka,"Bengaluru Urban","Bangalore North",Lakshmipura,Lakshmipura,Lakshmipura,0000373712,0004869800,4796898,"Deep Tubewell","Ground Water","Towards Main Road","Revival of MWS Scheme",2012-2013,12.00000,10.22011,"20 Sep 2012","03 Mar 2014",2024-06-07
Karnataka,"Bengaluru Urban","Bangalore North",Siddanahosahalli,Siddanahosahalli,Siddanahosahalli,0000373707,0004869818,4796920,"Deep Tubewell","Ground Water","Village Limit","Revival of PWS Scheme",2012-2013,6.00000,5.81989,"20 Sep 2012","15 Mar 2013",2024-06-07
Karnataka,"Bengaluru Urban","Bangalore North",Alur,Thammenahalli,Thammenahalli,0000373700,0004870025,4797104,"Deep Tubewell","Ground Water","Village Limit","Revival of MWS Scheme",2012-2013,13.50000,11.65205,"22 Sep 2012","20 Mar 2014",2024-06-07
Karnataka,"Bengaluru Urban","Bangalore North",Chikkabanawara,Chikkabanawara,"Vinayaka Badavane",0001725158,0004872176,4799053,"Deep Tubewell","Ground Water","Village limit","Revival of MWS Scheme",2012-2013,6.00000,5.99800,"15 Sep 2012","15 Mar 2013",2024-06-07
Karnataka,"Bengaluru Urban","Bangalore North",Madanayakanahalli,Madanayakanahalli,Madanayakanahalli,0000373703,0004880754,4807174,"Deep Tubewell","Ground Water","Hanumanthasagara Road","Providing Piped Water Supply Scheme",2012-2013,20.00000,20.03624,"20 Sep 2012","03 Mar 2014",2024-06-07
Karnataka,"Bengaluru Urban","Bangalore North",Kachohalli,Kachohalli,Kachohalli,0000373763,0004930412,4851194,"Deep Tubewell","Ground Water",GULPS,"Water Supply to Schools",2012-2013,1.00000,0.99985,"20 Sep 2012","20 Mar 2013",2024-06-07
Karnataka,"Bengaluru Urban","Bangalore North",Kachohalli,Kachohalli,Kachohalli,0000373763,0004930504,4851288,"Deep Tubewell","Ground Water",GULPS,"School Water Supply",2012-2013,1.00000,0.00000,"10 Sep 2012","25 Mar 2013",2024-06-07
Karnataka,"Bengaluru Urban","Bangalore North",Kachohalli,Chikkagollarahatti,"Chikkagollarahatti Jhc",0001622920,0005511342,5447635,"Deep Tubewell","Ground Water","Village limit","Revival of MWS Scheme",2013-2014,7.30000,7.29638,"20 Sep 2013","06 Feb 2014",2024-06-07
Karnataka,"Bengaluru Urban","Bangalore North",Sondekoppa,Byregowdanahalli,Byregowdanahalli,0000373735,0005525629,5467346,"Deep Tubewell","Ground Water","Village limit","Providing Piped Water Supply Scheme",2013-2014,25.00000,24.01738,"10 Sep 2013","01 Mar 2015",2024-06-07
Karnataka,"Bengaluru Urban","Bangalore North",Chikkabanawara,Chikkabanawara,Dasappanapalya,0000373647,0005545695,5498474,"Deep Tubewell","Ground Water","Village limit","Revival of MWS Scheme",2013-2014,7.00000,7.08745,"10 Sep 2013","18 Feb 2015",2024-06-07
Karnataka,"Bengaluru Urban","Bangalore North",Chikkabanawara,Chikkabanawara,Chikkabanawara,0000373644,0005545727,5498504,"Deep Tubewell","Ground Water","Village limit","Revival of PWS Scheme",2013-2014,15.00000,14.83396,"10 Sep 2013","19 Mar 2014",2024-06-07
Karnataka,"Bengaluru Urban","Bangalore North",Alur,Heggadedevanapura,Heggadedevanapura,0000373697,0005235425,5179714,"Deep Tubewell","Ground Water","Heggadadevanapura Colony","Revival of MWS",2012-2013,4.40000,0.00000,"07 Jan 2013","20 Mar 2013",2024-06-07
Karnataka,"Bengaluru Urban","Bangalore North",Siddanahosahalli,Dombarahalli,Dombarahalli,0000373708,0005235438,5179731,"Deep Tubewell","Ground Water","Rajarajeswari Badavane","Revival of MWS",2012-2013,5.80000,4.88426,"07 Jan 2013","03 Mar 2014",2024-06-07
Karnataka,"Bengaluru Urban","Bangalore North",Huskur,Rampalya,Rampalya,0001622915,0005235464,5179757,"Deep Tubewell","Ground Water","Village limit","Revival of MWS",2012-2013,5.80000,6.09269,"07 Jan 2013","03 Mar 2014",2024-06-07
Karnataka,"Bengaluru Urban","Bangalore North",Gopalapura,Shamibhattarapalya,Shamibhattarapalya,0000373770,0005235465,5179758,"Deep Tubewell","Ground Water","Village limit","Revival of MWS",2012-2013,5.70000,5.99015,"07 Jan 2013","03 Mar 2014",2024-06-07
Karnataka,"Bengaluru Urban","Bangalore North",Dasanapura,Gejjagadahalli,Gajadahalli,0000373669,0005525651,5467381,"Deep Tubewell","Ground Water","Village limit","Revival of MWS Scheme",2013-2014,7.50000,7.59845,"22 Sep 2013","19 Mar 2014",2024-06-07
Karnataka,"Bengaluru Urban","Bangalore North",Somashettihalli,"Kere Guddadahalli",Kereguddadahalli,0000373656,0005545844,5498616,"Deep Tubewell","Ground Water","Village limit","Revival of MWS Scheme",2013-2014,10.00000,10.07959,"15 Sep 2013","01 Mar 2014",2024-06-07
Karnataka,"Bengaluru Urban","Bangalore North",Alur,Heggadedevanapura,Heggadedevanapura,0000373697,0005580554,5540117,"Deep Tubewell","Ground Water","SC COLONY","G Providing Piped Water Supply Scheme",2013-2014,25.00000,25.00000,"15 Sep 2013","27 Mar 2015",2024-06-07
Karnataka,"Bengaluru Urban","Bangalore North",Alur,Kuduragere,Kuduragere,0000373698,0005580555,5540118,"Deep Tubewell","Ground Water","Village limit","Revival of PWS Scheme",2013-2014,10.00000,10.02274,"15 Sep 2013","18 Feb 2015",2024-06-07
Karnataka,"Bengaluru Urban","Bangalore North",Alur,Kuduragere,"Kuduragere J H C",0000373699,0004870065,4797130,"Deep Tubewell","Ground Water","Colony Road","Revival of MWS Scheme",2012-2013,16.50000,16.50166,"25 Sep 2012","20 Mar 2014",2024-06-07
Karnataka,"Bengaluru Urban","Bangalore North",Somashettihalli,Ganigarahalli,Ganigarahalli,0000373652,0004902465,4826841,"Deep Tubewell","Ground Water","Village limit","Revival of PWS Scheme",2012-2013,6.00000,5.69893,"15 Sep 2012","01 Mar 2013",2024-06-07
Karnataka,"Bengaluru Urban","Bangalore North",Kodigehalli,Kannahalli,Kannahalli,0000373620,0004902467,4826843,"Deep Tubewell","Ground Water","Village limit","Revival of MWS Scheme",2012-2013,5.00000,4.68361,"12 Sep 2012","15 Mar 2013",2024-06-07
Karnataka,"Bengaluru Urban","Bangalore North",Madanayakanahalli,Hanumanthasagara,Hanumanthasagara,0000373702,0004930303,4851056,"Deep Tubewell","Ground Water","GL PS","School Water Supply",2012-2013,1.00000,0.99924,"15 Sep 2012","20 Mar 2013",2024-06-07
Karnataka,"Bengaluru Urban","Bangalore North",Huskur,Huskur,"Huskur Colony",0001622917,0005580661,5540389,"Deep Tubewell","Ground Water","Village limit","Revival of MWS Scheme",2013-2014,8.00000,1.17357,"15 Sep 2013","10 Feb 2015",2024-06-07
Karnataka,"Bengaluru Urban","Bangalore North",Huskur,Doddapalya,Doddipalya,0000373688,0005580680,5540415,"Deep Tubewell","Ground Water","Village limit","Revival of MWS Scheme",2013-2014,7.00000,6.04056,"15 Sep 2013","01 Mar 2014",2024-06-07
Karnataka,"Bengaluru Urban","Bangalore North",Kachohalli,Kachohalli,"Kachohalli J H C",0000373764,0005580685,5540423,"Deep Tubewell","Ground Water","Village limit","Revival of MWS Scheme",2013-2014,7.00000,6.95843,"15 Sep 2013","10 Feb 2015",2024-06-07
Karnataka,"Bengaluru Urban","Bangalore North",Kittanahalli,Bettahalli,Bettahalli,0000373721,0005580697,5540438,"Deep Tubewell","Ground Water","Village limit","G Revival of MWS Scheme",2013-2014,8.00000,8.51378,"15 Sep 2013","31 Dec 2015",2024-06-07
Karnataka,"Bengaluru Urban","Bangalore North",Kittanahalli,Ravatanahalli,Arthipalya,0000373719,0005580715,5540466,"Deep Tubewell","Ground Water","Village limit","Revival of MWS Scheme",2013-2014,8.00000,6.78050,"20 Sep 2013","10 Feb 2015",2024-06-07
Karnataka,"Bengaluru Urban","Bangalore North",Chikkabanawara,Chikkabanawara,Ganapatinagara,0001725160,0005589249,5549573,"Deep Tubewell","Ground Water","Village limit","Revival of MWS Scheme",2013-2014,8.00000,7.99094,"15 Sep 2013","26 Mar 2014",2024-06-07
Karnataka,"Bengaluru Urban","Bangalore North",Kittanahalli,Kittanahalli,Kittenahalli,0000373722,0005595492,5555460,"Deep Tubewell","Ground Water","School limit","Drinking Water Facility to School",2013-2014,1.00000,0.99860,"15 Oct 2013","10 Feb 2014",2024-06-07
Karnataka,"Bengaluru Urban","Bangalore North",Madavara,Madavara,Madavara,0000373744,0005595521,5555489,"Deep Tubewell","Ground Water","School limit","Drinking Water Facility to School",2013-2014,1.00000,0.99939,"15 Oct 2013","01 Mar 2014",2024-06-07
Karnataka,"Bengaluru Urban","Bangalore North",Kodigehalli,Kodigehalli,"Ashraya Badavane",0001725162,0005595537,5555513,"Deep Tubewell","Ground Water","School limit","Drinking Water Facility to School",2013-2014,1.00000,0.00000,"15 Nov 2013","22 Oct 2013",2024-06-07
Karnataka,"Bengaluru Urban","Bangalore North",Madanayakanahalli,Madanayakanahalli,"Madanayakanahalli Muslim Colony",0000373704,0005656510,5619438,"Deep Tubewell","Ground Water","Village limit","G Revival of PWS Scheme",2013-2014,5.00000,5.29740,"22 Sep 2013","31 Dec 2015",2024-06-07
Karnataka,"Bengaluru Urban","Bangalore North",Kadabagere,Kadabagere,Kadabagere,0000373758,0005812631,250006740,"Deep Tubewell","Ground Water","Village limit","G Revival of PWS Scheme",2013-2014,5.00000,3.97115,"10 Sep 2013","31 Mar 2015",2024-06-07
Karnataka,"Bengaluru Urban","Bangalore North",Somashettihalli,Lakshmipura,Lakshmipura,0000373655,0005235504,5179798,"Deep Tubewell","Ground Water","Lakshmipura Colony","Revival of PWS",2012-2013,5.90000,5.59181,"07 Jan 2013","03 Mar 2014",2024-06-07
Karnataka,"Bengaluru Urban","Bangalore North",Chikkabanawara,Chikkabanawara,"Vinayaka Badavane",0001725158,0005235512,5179806,"Deep Tubewell","Ground Water","4th Block near Shaneswara Temple","Revival of PWS",2012-2013,6.00000,0.00000,"07 Jan 2013","20 Mar 2013",2024-06-07
Karnataka,"Bengaluru Urban","Bangalore North",Kodigehalli,Kodigehalli,Kodigenahalli,0000373624,0005360270,5296921,"Deep Tubewell","Ground Water","Sangameshwara Badavane","Errection of Pumpset",2012-2013,1.50000,1.50000,"20 Mar 2013","28 Feb 2014",2024-06-07
Karnataka,"Bengaluru Urban","Bangalore North",Gopalapura,Agraharapalya,Agraharapalya,0000373775,0005361610,5298262,"Deep Tubewell","Ground Water","Village limit","Drilling of BW",2012-2013,1.80000,1.89540,"07 Mar 2013","03 Mar 2014",2024-06-07
Karnataka,"Bengaluru Urban","Bangalore North",Huskur,Honnasandra,Honnasandra,0001622912,0005361611,5298263,"Deep Tubewell","Ground Water","Village limit","Drilling of BW",2012-2013,1.80000,1.66500,"07 Mar 2013","03 Mar 2014",2024-06-07
Karnataka,"Bengaluru Urban","Bangalore North",Madanayakanahalli,Madanayakanahalli,Madanayakanahalli,0000373703,0005361613,5298265,"Deep Tubewell","Ground Water",Kuvempunagra,"Drilling of BW",2012-2013,1.90000,2.20077,"07 Mar 2013","31 Mar 2013",2024-06-07
Karnataka,"Bengaluru Urban","Bangalore North",Somashettihalli,Lakshmipura,Lakshmipura,0000373655,0005363160,5300158,"Deep Tubewell","Ground Water",NA,"Drilling of BW",2012-2013,1.80000,1.72489,"07 Mar 2013","10 Mar 2014",2024-06-07
Karnataka,"Bengaluru Urban","Bangalore North",Kodigehalli,"Chikkakodige Halli",Chikkakodigenahalli,0000373626,0005363248,5300253,"Deep Tubewell","Ground Water","Main road","Drilling of BW",2012-2013,1.00000,0.88243,"15 Mar 2013","28 Feb 2014",2024-06-07
Karnataka,"Bengaluru Urban","Bangalore North",Madavara,Madavara,"Nandishwara Badavane",0001622925,0005364353,5301362,"Deep Tubewell","Ground Water","Kirloskar Badavane","Drilling of BW",2012-2013,1.45000,1.45000,"22 Oct 2012","31 Mar 2013",2024-06-07
Karnataka,"Bengaluru Urban","Bangalore North",Madanayakanahalli,Hanumanthasagara,Hanumanthasagara,0000373702,0005506771,5442630,"Deep Tubewell","Ground Water","Village limit","Revival of MWS Scheme",2013-2014,7.00000,7.00254,"20 Aug 2013","02 Sep 2014",2024-06-07
Karnataka,"Bengaluru Urban","Bangalore North",Siddanahosahalli,Siddanahosahalli,Siddanahosahalli,0000373707,0005508623,5444562,"Deep Tubewell","Ground Water","Village limit","Revival of PWS Scheme",2013-2014,10.00000,8.95951,"15 Sep 2013","25 Mar 2014",2024-06-07
Karnataka,"Bengaluru Urban","Bangalore North",Lakshmipura,Gangondanahalli,Gangondanahalli,0001622923,0005508635,5444577,"Deep Tubewell","Ground Water","Village limit","Revival of MWS Scheme",2013-2014,8.00000,7.34901,"15 Sep 2013","28 Feb 2015",2024-06-07
Karnataka,"Bengaluru Urban","Bangalore North",Lakshmipura,Gangondanahalli,Shanthinagar,0001622922,0005508647,5444589,"Deep Tubewell","Ground Water","Main road","Revival of MWS Scheme",2013-2014,7.00000,6.23645,"15 Sep 2013","28 Feb 2015",2024-06-07
Karnataka,"Bengaluru Urban","Bangalore North",Shrikantapura,Shrikantapura,Shrikantapur,0001725167,0005508664,5444607,"Deep Tubewell","Ground Water","Village limit","G Revival of PWS Scheme",2013-2014,8.00000,8.83201,"15 Sep 2013","31 Dec 2015",2024-06-07
Karnataka,"Bengaluru Urban","Bangalore North",Alur,Thammenahalli,Thammenahalli,0000373700,0007006115,250084520,"Deep Tubewell","Ground Water","Near Boregowdara House to Tammenahalli Palya","G TFC050515 Drilling of Borewell at Tammenahalli Habitation, Aluru G.P",2015-2016,2.13000,2.12865,"21 Jul 2015","31 Mar 2016",2024-06-07
Karnataka,"Bengaluru Urban","Bangalore North",Madanayakanahalli,Madanayakanahalli,Madanayakanahalli,0000373703,0007006144,250084523,"Deep Tubewell","Ground Water","Near Kuvempunagara","G TFC050515 Drilling of Borewell with Electrification at Madanayakanahalli Habitation, Madanayakanahalli G.P",2015-2016,2.75000,2.24425,"21 Jul 2015","31 Mar 2016",2024-06-07
Karnataka,"Bengaluru Urban","Bangalore North",Somashettihalli,"Kere Guddadahalli",Kereguddadahalli,0000373656,0007148625,250090233,"Deep Tubewell","Ground Water","near kere","SCP Revival of PWS Scheme",2015-2016,8.00000,0.00000,"25 Oct 2015","31 Mar 2016",2024-06-07
Karnataka,"Bengaluru Urban","Bangalore North",Lakshmipura,Kadaranahalli,Kadaranahalli,0000373709,0007150867,3782507,"Deep Tubewell","Ground Water","Towards Village Limits","SCP Revival of MWS (Electrification)",2015-2016,0.30000,0.00000,"25 Oct 2015","31 Mar 2016",2024-06-07
Karnataka,"Bengaluru Urban","Bangalore North",Kittanahalli,Kittanahalli,Kittenahalli,0000373722,0007172455,5179726,"Deep Tubewell","Ground Water","Village limit","Providing  MWS Scheme",2015-2016,5.00000,0.00000,"25 Oct 2015","31 Mar 2016",2024-06-07
Karnataka,"Bengaluru Urban","Bangalore North",Sondekoppa,Sondekoppa,Sondekoppa,0000373739,0007574463,250170969,"Deep Tubewell","Ground Water","Village limit","TFC221116 Drilling of Borewell at Sondekoppa Village and Sondekoppa  G.P Bangalore North Taluk Urban dist.",2016-2017,2.35000,2.34225,"15 Jan 2017","28 Feb 2018",2024-06-07
Karnataka,"Bengaluru Urban","Bangalore North",Siddanahosahalli,Siddanahosahalli,Siddanahosahalli,0000373707,0007637141,250185446,"Deep Tubewell","Ground Water","Village limit","TFC220217 Drilling of Borewell at Siddanahoshalli Habitation, Siddanahosahalli GP, Bangalore North Taluk",2016-2017,2.10000,2.09441,"05 May 2017","31 Mar 2019",2024-06-07
Karnataka,"Bengaluru Urban","Bangalore North",Siddanahosahalli,Dombarahalli,Dombarahalli,0000373708,0007640938,250186096,"Deep Tubewell","Ground Water","Rajarajeswari Badavane","TFC220217 Drilling of borewell At Bhimeshwara Layout  Habitation,Madanayakanahalli GP, Banglore North Taluk.",2016-2017,2.10000,0.00000,"05 May 2017","03 May 2023",2024-06-07
Karnataka,"Bengaluru Urban","Bangalore North",Lakshmipura,Kadaranahalli,Kadaranahalli,0000373709,0007641971,250186303,"Deep Tubewell","Ground Water","Village limit",TFC221116,2016-2017,1.00000,0.00000,"03 May 2017","03 May 2023",2024-06-07
Karnataka,"Bengaluru Urban","Bangalore North",Kadabagere,Kadabagere,Arkavathinagar,0000373759,0007705304,250196461,"Deep Tubewell","Ground Water","Village Limit","TFC170417 Drilling of Borewell at Arkavathi Nagara Habitation, Kadabagere GP, Bangalore North Taluk",2017-2018,2.30000,2.29813,"10 Jul 2017","31 Jan 2019",2024-06-07
Karnataka,"Bengaluru Urban","Bangalore North",Madanayakanahalli,Madanayakanahalli,"Hanumanthe Gowdana Palya",0000373706,0007530158,250148421,"Deep Tubewell","Ground Water","Road Side","G Revival of MWS Scheme at Hanumanthagowdarapalya Habitation Madanayakanahalli G.P., Bangalore North Taluk",2016-2017,6.00000,7.84701,"25 Aug 2016","31 Mar 2018",2024-06-07
Karnataka,"Bengaluru Urban","Bangalore North",Kodigehalli,"Brahmadevara Gutte",Bramhadevaragudda,0000373629,0007880248,250266030,"Deep Tubewell","Ground Water","Village limit","TFC241218 Drilling of Borewell at K Rampura Habitation Chunchanakuppe GP Bangalore South Taluk",2018-2019,2.50000,2.48952,"15 Feb 2019","31 Mar 2019",2024-06-07
Karnataka,"Bengaluru Urban","Bangalore North",Alur,Alur,Alur,0000373694,0007911309,5298264,"Deep Tubewell","Ground Water","Village limit","Gen WPP at Alur G.P, Husensab Palya Habitation, Bangalore North Taluk, Bangalore Urban District",2019-2020,12.00000,0.00000,"20 Oct 2019","03 May 2023",2024-06-07
Karnataka,"Bengaluru Urban","Bangalore North",Kodigehalli,Seegehalli,Seegehalli,0000373623,0007915703,250285118,"Deep Tubewell","Ground Water",NA,"G Revival of PWS  Drilling of borewell pump motor Pipeline electrical at Shantilaala badavane  Habitation Kodigehalli G.P, Bangalore North Taluk",2019-2020,3.00000,2.99853,"08 Oct 2019","03 May 2023",2024-06-07
Karnataka,"Bengaluru Urban","Bangalore North",Shrikantapura,Totadaguddadahalli,Totadaguddadahalli,0000373749,0007953049,4796860,"Deep Tubewell","Ground Water","Village Limit","TFC CEO 080319 Drilling of Borewell at Thotadaguddahalli (New Layout) Village in Srikantapura Gram Panchayath at Bangalore North Taluk",2019-2020,3.08000,3.03200,"16 Mar 2019","03 May 2023",2024-06-07
Karnataka,"Bengaluru Urban","Bangalore North",Shrikantapura,Shrikantapura,Shrikantapur,0001725167,0007981639,5444607,"Deep Tubewell","Ground Water","Village limit","Revival of PWS Scheme Anchepalya Village, Srikantapura GP, Bangalore North Tq.",2019-2020,5.00000,0.48917,"20 Jan 2019","03 May 2023",2024-06-07
Karnataka,"Bengaluru Urban","Bangalore North",Kachohalli,Kachohalli,Kachohalli,0000373763,0007529627,250148131,"Deep Tubewell","Ground Water","near MI Tank","G Revival of MWS Scheme at Kachohalli Habitation Kadabagere G.P., Bangalore North Taluk",2016-2017,10.00000,7.95570,"25 Aug 2016","31 Mar 2018",2024-06-07
Karnataka,"Bengaluru Urban","Bangalore North",Madanayakanahalli,Madanayakanahalli,"Bms Colony",0000373705,0007529751,250148419,"Deep Tubewell","Ground Water",&amp;nbsp;,"G Revival of PWS Scheme at BMS colony Habitation Madanayakanahalli G.P., Bangalore North Taluk",2016-2017,18.00000,17.72637,"25 Aug 2016","14 Jun 2018",2024-06-07
Karnataka,"Bengaluru Urban","Bangalore North",Kadabagere,Kadabagere,Arkavathinagar,0000373759,0007529868,250148135,"Deep Tubewell","Ground Water",&amp;nbsp;,"G Revival of MWS Scheme at Arkavathi Nagara Habitation Kadabagere G.P., Bangalore North Taluk",2016-2017,7.00000,6.32784,"25 Aug 2016","31 Mar 2018",2024-06-07
Karnataka,"Bengaluru Urban","Bangalore North",Sondekoppa,Sondekoppa,Sondekoppa,0000373739,0007529881,250148698,"Deep Tubewell","Ground Water","Village limit","G Revival of PWS Scheme at Sondekpa Habitation Sondekopa G.P., Bangalore North Taluk",2016-2017,8.00000,6.77002,"25 Aug 2016","31 Mar 2018",2024-06-07
Karnataka,"Bengaluru Urban","Bangalore North",Chikkabanawara,Chikkabanawara,"Nandeeshwara Badavane",0001725159,0007530112,250146294,"Deep Tubewell","Ground Water","New Extension","G Revival of MWS Scheme at Nandeeshwara Badavane Habitation Chikkabanavara G.P., Bangalore North Taluk",2016-2017,7.00000,6.62400,"25 Aug 2016","31 Mar 2018",2024-06-07
Karnataka,"Bengaluru Urban","Bangalore North",Dasanapura,Shivanapura,"Shivanapura Jhc",0000373676,0007852808,250246668,"Deep Tubewell","Ground Water","Colony limit","TFC NAC 2018 Drilling of Borewell(1 No) for Revival of Water Supply Scheme at Shivanapura Colony Village Dasanapura GP,",2018-2019,1.80000,1.79612,"23 Oct 2018","31 Mar 2019",2024-06-07
Karnataka,"Bengaluru Urban","Bangalore North",Gopalapura,Thotagere,Thotagere,0000373772,0007852815,250246675,"Deep Tubewell","Ground Water",&amp;amp;amp;nbsp;,"TFC NAC 2018 Drilling of Borewell(1 No) for Revival of Water Supply Scheme  at Thotagere Village.",2018-2019,2.55000,2.54982,"23 Oct 2018","31 Mar 2019",2024-06-07
Karnataka,"Bengaluru Urban","Bangalore North",Huskur,Bettanagere,Bettanagere,0000373686,0007852820,250246680,"Deep Tubewell","Ground Water",&amp;amp;amp;amp;nbsp;,"TFC NAC 2018 Drilling of Borewell (1 No) laying of  Pipe line  And Erection of Pump Motor And Electrification for Revival of  Water Supply Scheme at Bettanagere Village",2018-2019,8.20000,1.89686,"23 Oct 2018","31 Oct 2019",2024-06-07
Karnataka,"Bengaluru Urban","Bangalore North",Chikkabidarakallu,Chikkabidarakallu,Chikkabidarakallu,0001725168,0007852862,250246723,"Deep Tubewell","Ground Water","Tank Bed Road","TFC NAC 2018 Drilling of Borewell(1 No) for Revival of Water Supply Scheme at Chikkabidarakallu Village",2018-2019,2.50000,2.49470,"23 Oct 2018","31 Mar 2019",2024-06-07
Karnataka,"Bengaluru Urban","Bangalore North",Madanayakanahalli,Madanayakanahalli,Madanayakanahalli,0000373703,0007879145,250265695,"Deep Tubewell","Ground Water","Ward No 3","TFC 241218 Drilling of Borewell at Madanayakanahalli Basaveshwaranagara village Madanayakanahalli GP",2018-2019,2.30000,2.29814,"28 Feb 2019","30 Jun 2019",2024-06-07
Karnataka,"Bengaluru Urban","Bangalore North",Gopalapura,Hosahallipalya,Hosahallipalya,0000373774,0007879176,250265708,"Deep Tubewell","Ground Water","Village limit","TFC 241218 Drilling of Borewell at Hosahalli Palya  village Gopalapura GP",2018-2019,2.30000,2.29350,"28 Feb 2019","31 Mar 2019",2024-06-07
Karnataka,"Bengaluru Urban","Bangalore North",Madavara,"Bylappana Palya",Byallappnapalya,0000373745,0007880258,250266031,"Deep Tubewell","Ground Water","Colony Road","TFC241218 Drilling of Borewell at Yallappanapalya Habitation Chollanayakanahalli GP Bangalore South Taluk",2018-2019,2.50000,2.49660,"15 Feb 2019","31 Mar 2019",2024-06-07
Karnataka,"Bengaluru Urban","Bangalore North",Dasanapura,Shivanapura,Shivanapura,0000373675,0007905590,250276059,"Deep Tubewell","Ground Water",NA,"SCP Revival of MWS Drilling of Borewell at Shivanapura Village, Dasanapura GP, Bangalore North Taluk",2019-2020,3.25000,3.23852,"30 Sep 2019","03 May 2023",2024-06-07
Karnataka,"Bengaluru Urban","Bangalore North",Dasanapura,Dasanapura,Dyamannapalya,0000373661,0007905927,250276416,"Deep Tubewell","Ground Water","Village limit","SCP and TSP combined Revival of MWS Drilling of Borwell, Providing Pump Motor and Pipeline at Dyamanna Palya Village, Dasanapura GP, Bangalore North Taluk.",2019-2020,6.00000,5.46338,"20 Oct 2019","03 May 2023",2024-06-07
Karnataka,"Bengaluru Urban","Bangalore North",Huskur,Pillahalli,"Pillalli J H C",0000373682,0007908710,250279373,"Deep Tubewell","Ground Water","Village Limit","G Revival of MWS  Drilling of borewell at Pillahalli JHC, Huskur GP, Bangalore North Taluk.",2019-2020,3.00000,2.32787,"20 Oct 2019","03 May 2023",2024-06-07
Karnataka,"Bengaluru Urban","Bangalore North",Madavara,"Bylappana Palya",Byallappnapalya,0000373745,0007909271,250280004,"Deep Tubewell","Ground Water","Village  limit","G Revival of PWS Drilling of Borwell and Pump Motor at Bylappanapalya Village, Madavara GP, Bangalore North Taluk.",2019-2020,6.50000,5.62285,"30 Oct 2019","03 May 2023",2024-06-07
Karnataka,"Bengaluru Urban","Bangalore North",Alur,Thammenahalli,Thammenahalli,0000373700,0007905570,250276037,"Deep Tubewell","Ground Water",NA,"SCP Revival of MWS Drilling of Borwell at Thammenahalli Village, Alur GP, Bangalore North Taluk",2019-2020,3.00000,2.99484,"30 Sep 2019","29 Feb 2020",2024-06-07
Karnataka,"Bengaluru Urban","Bangalore North",Somashettihalli,"Kere Guddadahalli",Kereguddadahalli,0000373656,0007905725,250276202,"Deep Tubewell","Ground Water","Towards Village Limits","SCP Revival of MWS Drilling of Borewell And Providing Pipeline work at Kereguddadahalli Village, Somashettihalli GP, Bangalore North Taluk",2019-2020,3.50000,3.49021,"30 Sep 2019","03 May 2023",2024-06-07
Karnataka,"Bengaluru Urban","Bangalore North",Alur,Alur,"Alur Palya",0000373695,0007905905,250276392,"Deep Tubewell","Ground Water","Village Limit","SCP Revival of MWS Drilling of Borwell at Alur Palya, Husensabpalya and Tammenahalli villages Aluru GP, Bangalore North Taluk.",2019-2020,5.75000,5.53870,"20 Oct 2019","03 May 2023",2024-06-07
Karnataka,"Bengaluru Urban","Bangalore North",Kittanahalli,Gowdahalli,Gowdahalli,0000373714,0007908714,250279377,"Deep Tubewell","Ground Water","Village  limit","G Revival of PWS Drilling Borwell and Pipe line to Existing OHT in Gowdahalli Village, Kittanahalli GP, Bangalore North Taluk.",2019-2020,5.00000,4.99158,"20 Oct 2019","31 Mar 2020",2024-06-07
Karnataka,"Bengaluru Urban","Bangalore North",Madavara,Hottappanapalya,Hottapanapalya,0000373746,0007909278,250280012,"Deep Tubewell","Ground Water","Lakshmipura Road","G Revival of MWS Drilling Borwell and Pipe line at Hottappanapalya Vilalge, Madavara GP, Bangalore North Taluk.",2019-2020,3.50000,3.49034,"05 Oct 2019","03 May 2023",2024-06-07
Karnataka,"Bengaluru Urban","Bangalore North",Madavara,Madavara,Madavara,0000373744,0007909290,250280025,"Deep Tubewell","Ground Water","Village limit","G Revival of PWS Drilling of Borwell, Providing Pump Motor, Pipeline and Electrical Work at Madavara Village and GP, Bangalore North Taluk.",2019-2020,10.00000,7.17127,"30 Nov 2019","03 May 2023",2024-06-07
Karnataka,"Bengaluru Urban","Bangalore North",Somashettihalli,Ganigarahalli,Ganigarahalli,0000373652,0007909514,250280284,"Deep Tubewell","Ground Water","Village limit","G Revival of MWS Drilling of Borewell And Providing Pipeline at Ganigarahalli Village, Somashettihalli GP, Bangalore North Taluk.",2019-2020,3.00000,2.99102,"10 Oct 2019","03 May 2023",2024-06-07
Karnataka,"Bengaluru Urban","Bangalore North",Machohalli,Byandanahalli,Byandahalli,0001803699,0007913718,250283939,"Deep Tubewell","Ground Water","In Village","SCP Providing piped water supply Construction of 1.00 Lakh Ltr Capacity Over Head Tank and Drilling of Borewell at Byandahalli Village Machohalli GP Bangalore North Taluk.",2019-2020,15.00000,15.01809,"30 Oct 2019","03 May 2023",2024-06-07
Karnataka,"Bengaluru Urban","Bangalore North",Machohalli,Bylakonenahalli,Bylakonenahalli,0001803619,0008036401,250246415,"Deep Tubewell","Ground Water","village limit","10 Crore 220520 Revival of MWS  Drilling of Borwell at Bylakonenahalli village Machohalli GP Bangalore North Taluk",2020-2021,2.50000,2.41067,"07 Jul 2020","03 May 2023",2024-06-07
Karnataka,"Bengaluru Urban","Bangalore North",Lakshmipura,Lakshmipura,Lakshmipura,0000373712,0008202183,250244545,"Deep Tubewell","Ground Water",&amp;amp;amp;amp;nbsp;,"Providing tap connection to 1 No. Anganawadi in Lakshmipura 1 village of Bangalore North Taluk And Bangalore Urban District through SVS",2020-2021,0.14500,0.00000,"04 Dec 2020","03 May 2023",2024-06-07
Karnataka,"Bengaluru Urban","Bangalore North",Lakshmipura,Lakshmipura,Lakshmipura,0000373712,0008221803,250244545,"Deep Tubewell","Ground Water",&amp;amp;amp;amp;nbsp;,"Providing tap connection to Anganwadi at Nagasandra palya habitation Lakshmipura GP Bangalore North taluk",2020-2021,0.14500,0.14342,"17 Dec 2020","03 May 2023",2024-06-07
Karnataka,"Bengaluru Urban","Bangalore North",Lakshmipura,Lakshmipura,Lakshmipura,0000373712,0008221807,250244545,"Deep Tubewell","Ground Water",&amp;amp;amp;amp;nbsp;,"Providing tap connection to Anganwadi at Lakshmipura 1 village Lakshmipura GP Bangalore North Taluk",2020-2021,0.14500,0.14342,"17 Dec 2020","03 May 2023",2024-06-07
Karnataka,"Bengaluru Urban","Bangalore North",Chikkabanawara,Chikkabanawara,Chikkabanawara,0000373644,0008235549,250244654,"Deep Tubewell","Ground Water","Village limit","15 crore 04022021 Providing Panel Board Pump Motor and pipeline work at Nanje gowda layout at Chikkabanavara  village Chikkabanavara GP Bangalore North Taluk",2020-2021,4.00000,3.68422,"08 Feb 2021","03 May 2023",2024-06-07
Karnataka,"Bengaluru Urban","Bangalore North",Chikkabanawara,Chikkabanawara,Chikkabanawara,0000373644,0008235563,250244654,"Deep Tubewell","Ground Water","Village limit","15 crore 04022021 Providing Panel Board Pump Motor and pipeline work at Puttaswamy bavi at Chikkabanavara village and Chikkabanavara GP Bangalore North Taluk",2020-2021,5.00000,4.63976,"08 Feb 2021","03 May 2023",2024-06-07
Karnataka,"Bengaluru Urban","Bangalore North",Machohalli,Bylakonenahalli,Bylakonenahalli,0001803619,0008236437,250246415,"Deep Tubewell","Ground Water","village limit","15 crore 04022021 Drilling of BW and Providing Panel Board, Pump Motor and pipeline work at Byandahalli (Shivakumaraswamy Layout) Byandahalli H, Lakshmipura village, Machohalli G.P, Bangalore North Taluk.(bylakonanahalli)",2020-2021,5.00000,4.42053,"08 Feb 2021","03 May 2023",2024-06-07
Karnataka,"Bengaluru Urban","Bangalore North",Sondekoppa,Hullegowdanahalli,Puttaswamappanapalya,0000373732,0008305800,250301997,"Deep Tubewell","Ground Water","In Village","Revival of MWS Puttaswamappanapalya Village Soddekopp",2012-2013,0.75000,0.00010,"16 Jan 2013","27 Mar 2013",2024-06-07
Karnataka,"Bengaluru Urban","Bangalore North",Huskur,Honnasandra,Honnasandra,0001622912,0007708332,250196746,"Deep Tubewell","Ground Water","Village limits","TFC170417 Drilling of Borewell at Honnasandra village Huskuru(Gopalapura)G.P Bangalore North Taluk Urban dist.",2017-2018,2.30000,2.29035,"10 Jul 2017","31 Mar 2019",2024-06-07
Karnataka,"Bengaluru Urban","Bangalore North",Somashettihalli,Ganigarahalli,Ganigarahalli,0000373652,0007711081,250197248,"Deep Tubewell","Ground Water","Village limit","TFCZP170417 Drilling of Borewell at Ganigarahalli Habitation, Sommashettihalli GP, Bangalore North Taluk",2017-2018,2.00000,1.99264,"20 Jul 2017","31 Mar 2019",2024-06-07
Karnataka,"Bengaluru Urban","Bangalore North",Dasanapura,Shivanapura,"Shivanapura Jhc",0000373676,0007849901,250243917,"Deep Tubewell","Ground Water","Towards Village Limits","G Providing Piped water Supply Scheme(Construction of OHT) Shivanapura (Ramaswamy Badavane) village Dasanapura Gp, Bangalore North Tq.",2018-2019,20.00000,17.25706,"10 Oct 2018","03 May 2023",2024-06-07
Karnataka,"Bengaluru Urban","Bangalore North",Alur,Kuduragere,"Kuduragere J H C",0000373699,0007850572,250244609,"Deep Tubewell","Ground Water",Byraveswaranagara,"G Revival of MWS Scheme Kudaragere Colony village",2018-2019,5.00000,4.96304,"05 Sep 2018","03 May 2023",2024-06-07
Karnataka,"Bengaluru Urban","Bangalore North",Machohalli,Machohalli,"Machohalli J H C",0000373767,0007852537,250246397,"Deep Tubewell","Ground Water",&amp;amp;amp;amp;nbsp;,"G Revival of MWS Scheme Bylakonenahalli Village Machohalli Gp, Bangalore North Tq.",2018-2019,2.50000,0.00000,"22 Oct 2018","03 May 2023",2024-06-07
Karnataka,"Bengaluru Urban","Bangalore North",Gopalapura,Thotagere,Thotagere,0000373772,0007639411,250185878,"Deep Tubewell","Ground Water","Village limit","TFC220217 Drilling of Borewell at Thotagere Asharama Habitation, Gopalapura GP, Bangalore North Taluk",2016-2017,1.55000,0.00010,"05 May 2017","31 Mar 2019",2024-06-07
Karnataka,"Bengaluru Urban","Bangalore North",Kadabagere,Kadabagere,Kadabagere,0000373758,0008202004,250006740,"Deep Tubewell","Ground Water","Village limit","Providing tap connection to 1 No. Anganawadi in Kadabagere Punarvasathi village of Bangalore North Taluk And Bangalore Urban District through SVS",2020-2021,0.14000,0.14000,"01 Dec 2020","03 May 2023",2024-06-07
Karnataka,"Bengaluru Urban","Bangalore North",Kittanahalli,Bettahalli,Bettahalli,0000373721,0008202166,5540438,"Deep Tubewell","Ground Water","Village limit","Providing tap connection to 1 No. Anganawadi in Bettahalli village of Bangalore North Taluk And Bangalore Urban District through SVS",2020-2021,0.15000,0.14684,"04 Dec 2020","03 May 2023",2024-06-07
Karnataka,"Bengaluru Urban","Bangalore North",Somashettihalli,Somashettihally,Somashettihally,0000373654,0008213887,250076186,"Deep Tubewell","Ground Water",kabbepalya,"Providing tap connection to 1 No. Anganawadi in Maruthi nagar, Somashettihalli village of Bangalore North Taluk and Bangalore Urban District through SVS",2020-2021,0.15000,0.00000,"18 Dec 2020","03 May 2023",2024-06-07
Karnataka,"Bengaluru Urban","Bangalore North",Adakamaranahalli,Harokyathanahalli,Harokyathanahalli,0000373666,0008235304,250147604,"Deep Tubewell","Ground Water","New Extension","15 crore 04022021 Providing Panel Board Pump Motor and pipeline work at Harokyathanahalli  village and Adakamaranahalli GP Bangalore North Taluk",2020-2021,4.80000,4.31389,"06 Feb 2021","03 May 2023",2024-06-07
Karnataka,"Bengaluru Urban","Bangalore North",Alur,Heggadedevanapura,Heggadedevanapura,0000373697,0008235412,250146092,"Deep Tubewell","Ground Water",NA,"15 crore 04022021 Providing Panel Board Pump Motor  at Heggadadevanapura village Aluru GP Bangalore North Taluk",2020-2021,4.00000,3.51393,"07 Feb 2021","03 May 2023",2024-06-07
Karnataka,"Bengaluru Urban","Bangalore North",Huskur,Kodipalya,Kodipalya,0000373678,0008235456,250144312,"Deep Tubewell","Ground Water","Near Tank bed","15 crore 04022021 Providing Panel Board Pump Motor and pipeline work  at Kodipalya village huskur GP Bangalore North Taluk",2020-2021,4.00000,3.09613,"07 Feb 2021","03 May 2023",2024-06-07
Karnataka,"Bengaluru Urban","Bangalore North",Huskur,Bettanagere,Bettanagere,0000373686,0008235496,250034614,"Deep Tubewell","Ground Water","Village  limit","15 crore 04022021 Re Drilling of Borewell at Bettanagere village Huskur GP Bangalore North Taluk",2020-2021,0.90000,0.88264,"08 Feb 2021","03 May 2023",2024-06-07
Karnataka,"Bengaluru Urban","Bangalore North",Chikkabanawara,Chikkabanawara,Chikkabanawara,0000373644,0008235533,250068083,"Deep Tubewell","Ground Water","Village limit","15 crore 04022021 Drilling 1 No Borewell  Re Drilling Borewell at Chikkabanavara village Chikkabanavara GP Bangalore North Taluk",2020-2021,4.35000,4.22220,"08 Feb 2021","03 May 2023",2024-06-07
Karnataka,"Bengaluru Urban","Bangalore North",Chikkabanawara,Chikkabanawara,Kemapura,0001622902,0008235601,250034548,"Deep Tubewell","Ground Water","Village limit","15 crore 04022021 Providing pipeline work At Kempapura village Chikkabanavara GP Bangalore North Taluk.",2020-2021,3.00000,2.98968,"15 Feb 2021","03 May 2023",2024-06-07
Karnataka,"Bengaluru Urban","Bangalore North",Somashettihalli,Somashettihally,Somashettihally,0000373654,0008235647,250076185,"Deep Tubewell","Ground Water","near kereguddadahalli","15 crore 04022021 Providing pipeline work at SSV Garden at Somashettihalli village Somashettihalli GP Bangalore North Taluk",2020-2021,4.00000,7.96424,"12 Feb 2021","31 Jul 2021",2024-06-07
Karnataka,"Bengaluru Urban","Bangalore North",Lakshmipura,Gangondanahalli,Gangondanahalli,0001622923,0008235695,250008553,"Deep Tubewell","Ground Water","Village limit","15 crore 04022021 Drilling of Borewell At Gangondanahalli village Lakshmipura G.P, Bangalore North Taluk.",2020-2021,3.00000,2.89288,"12 Feb 2021","03 May 2023",2024-06-07
Karnataka,"Bengaluru Urban","Bangalore North",Lakshmipura,Lakshmipura,Kalliganahalli,0000373713,0008235707,250144778,"Deep Tubewell","Ground Water","Near Tank bed","15 crore 04022021 OHT Balance work and Pipeline work at Kolliganahalli habitation village Kolliganahalli ,Lakshmipura G.P, Bangalore North Taluk.",2020-2021,4.80000,4.78930,"08 Feb 2021","03 May 2023",2024-06-07
Karnataka,"Bengaluru Urban","Bangalore North",Kadabagere,Kadabagere,Arkavathinagar,0000373759,0008235775,250148135,"Deep Tubewell","Ground Water",&amp;amp;nbsp;,"15 crore 04022021 Drilling of Borewell at Arkavathi Nagara habitation ,Kadabagere village ,Kadabagere G.P, Bangalore North Taluk.",2020-2021,2.50000,2.40914,"11 Feb 2021","03 May 2023",2024-06-07
Karnataka,"Bengaluru Urban","Bangalore North",Shrikantapura,Shrikantapura,Shrikantapur,0001725167,0008235866,5444607,"Deep Tubewell","Ground Water","Village limit","15 crore 04022021 Providing Panel Board, Pump Motor and pipeline work at Anchepalya village Srikantapura Bangalore North Taluk.",2020-2021,5.00000,4.61841,"20 Feb 2021","03 May 2023",2024-06-07
Karnataka,"Bengaluru Urban","Bangalore North",Kodigehalli,Kodigehalli,Kodigenahalli,0000373624,0006686536,250073761,"Deep Tubewell","Ground Water","At Skandanagara","Drilling of Borewell",2014-2015,1.53000,1.28973,"19 Jul 2014","07 Aug 2014",2024-06-07
Karnataka,"Bengaluru Urban","Bangalore North",Kodigehalli,Kodigehalli,Kodigenahalli,0000373624,0006686544,250073765,"Deep Tubewell","Ground Water","Village limit Borewell 2","Drilling of Borewell",2014-2015,1.50000,1.48448,"19 Jul 2014","11 Aug 2014",2024-06-07
Karnataka,"Bengaluru Urban","Bangalore North",Huskur,Mathahalli,Mathahalli,0000373691,0006849598,250075956,"Deep Tubewell","Ground Water",NA,"TFC 20.10.2014 Drilling of Borewell-Mathalli in Mathalli habitation",2014-2015,2.13000,2.12566,"10 Dec 2014","01 Mar 2015",2024-06-07
Karnataka,"Bengaluru Urban","Bangalore North",Alur,Heggadedevanapura,Heggadedevanapura,0000373697,0006849613,250075968,"Deep Tubewell","Ground Water",NA,"TFC 20.10.2014 Drilling of Borewell at heggadavenpura  habitation",2014-2015,1.76000,1.43535,"10 Dec 2014","30 Mar 2015",2024-06-07
Karnataka,"Bengaluru Urban","Bangalore North",Adakamaranahalli,Adakamaranahalli,Adakamaranahalli,0000373663,0006849658,250076006,"Deep Tubewell","Ground Water",NA,"G TFC 20.10.2014 Drilling of Borewell Adakamaranahalli habitation",2014-2015,2.00000,1.99129,"10 Dec 2014","31 Dec 2015",2024-06-07
Karnataka,"Bengaluru Urban","Bangalore North",Dasanapura,Dasanapura,Dasanapura,0000373660,0006849803,250076145,"Deep Tubewell","Ground Water",NA,"G TFC 20.10.2014 Drilling of Borewell at Dasanapura in Dasanapura habitation",2014-2015,2.00000,1.99993,"10 Dec 2014","24 Mar 2016",2024-06-07
Karnataka,"Bengaluru Urban","Bangalore North",Madavara,Madavara,Madavara,0000373744,0006849805,250076147,"Deep Tubewell","Ground Water",NA,"G TFC 20.10.2014 Drilling of Borewell in Anchepalya in Madawara habitation",2014-2015,2.00000,1.99775,"10 Dec 2014","31 Dec 2015",2024-06-07
Karnataka,"Bengaluru Urban","Bangalore North",Kodigehalli,Manganahalli,Manganahalli,0000373616,0006849952,250076180,"Deep Tubewell","Ground Water",NA,"G TFC 20.10.2014 Drilling of Borewell in manganahalli habitation",2014-2015,1.78000,0.00000,"10 Dec 2014","01 Mar 2015",2024-06-07
Karnataka,"Bengaluru Urban","Bangalore North",Adakamaranahalli,Adakamaranahalli,Adakamaranahalli,0000373663,0006850329,250076296,"Deep Tubewell","Ground Water",NA,"G TFC 20.10.2014 Drilling of Borewell adakamaranahalli habitation",2014-2015,2.00000,1.99988,"10 Dec 2014","01 Sep 2015",2024-06-07
Karnataka,"Bengaluru Urban","Bangalore North",Kittanahalli,Mallasandra,Mallasandra,0000373725,0000784531,127110,"Deep Tubewell","Ground Water",NA,"Near School",2001-2002,10.40000,10.00000,"12 Sep 2001","13 Mar 2003",2024-06-07
Karnataka,"Bengaluru Urban","Bangalore North",Huskur,Mathahalli,Mathahalli,0000373691,0000545857,128276,"Deep Tubewell","Ground Water",NA,villagelimit,2006-2007,12.95000,0.01000,"18 Jul 2007","18 Oct 2010",2024-06-07
Karnataka,"Bengaluru Urban","Bangalore North",Kodigehalli,Kannahalli,Kannahalli,0000373620,0000771203,129432,"Deep Tubewell","Ground Water",NA,"village limit",2007-2008,14.70000,14.68000,"21 Dec 2007","25 Sep 2008",2024-06-07
Karnataka,"Bengaluru Urban","Bangalore North",Kittanahalli,Mallasandra,Mallasandra,0000373725,0000784528,130383,"Deep Tubewell","Ground Water",NA,"Near School",2001-2002,10.40000,10.00000,"12 Sep 2001","13 Mar 2003",2024-06-07
Karnataka,"Bengaluru Urban","Bangalore North",Kachohalli,Kachohalli,Kachohalli,0000373763,0000545832,133504,"Deep Tubewell","Ground Water",NA,chikkagollarahatti,2006-2007,12.95000,12.94000,"12 Jun 2007","11 Feb 2008",2024-06-07
Karnataka,"Bengaluru Urban","Bangalore North",Kachohalli,Kachohalli,Kachohalli,0000373763,0008037458,133504,"Deep Tubewell","Ground Water",NA,"10 Crore 220520 Revival of MWS  Drilling of Borwell and Providing Pump Motar at Kachohalli village Kachohalli GP Bangalore North Taluk",2020-2021,4.99000,4.91317,"17 Jul 2020","03 May 2023",2024-06-07
Karnataka,"Bengaluru Urban","Bangalore North",Madavara,Madavara,Madavara,0000373744,0000546105,135700,"Deep Tubewell","Ground Water",NA,villagelimit,2006-2007,12.00000,0.77000,"11 Mar 2008","10 Sep 2008",2024-06-07
Karnataka,"Bengaluru Urban","Bangalore North",Madanayakanahalli,Hanumanthasagara,Hanumanthasagara,0000373702,0001758782,1507917,"Deep Tubewell","Ground Water","Near MI Tank","village limits",2008-2009,4.00000,0.00001,"10 Apr 2009","30 May 2010",2024-06-07
Karnataka,"Bengaluru Urban","Bangalore North",Lakshmipura,Kammasandra,Kammasandra,0000373710,0001762037,1511120,"Deep Tubewell","Ground Water","Near M.I. Tank","Near School",2007-2008,3.70000,2.80000,"10 Mar 2009","30 May 2010",2024-06-07
Karnataka,"Bengaluru Urban","Bangalore North",Madavara,Hottappanapalya,Hottapanapalya,0000373746,0000554658,123825,"Deep Tubewell","Ground Water",NA,"Revival of MWS",2007-2008,3.70000,1.53000,"05 Feb 2008","20 Jun 2008",2024-06-07
Karnataka,"Bengaluru Urban","Bangalore North",Kittanahalli,Mallasandra,Mallasandra,0000373725,0000784527,124101,"Deep Tubewell","Ground Water",NA,"Near School",2001-2002,10.40000,10.00000,"12 Sep 2001","13 Mar 2003",2024-06-07
Karnataka,"Bengaluru Urban","Bangalore North",Gopalapura,Thotagere,Thotagere,0000373772,0000760066,124157,"Deep Tubewell","Ground Water",NA,"Near Govt. land",1996-1997,4.25000,4.20000,"03 Sep 1996","25 Mar 1999",2024-06-07
Karnataka,"Bengaluru Urban","Bangalore North",Sondekoppa,Lakkenahalli,Lakkenahalli,0000373733,0000556588,124461,"Deep Tubewell","Ground Water",NA,"Revival of MWS",2000-2001,3.70000,0.12000,"14 Mar 2008","25 Jun 2008",2024-06-07
Karnataka,"Bengaluru Urban","Bangalore North",Adakamaranahalli,Makali,Makali,0000373665,0000556563,124719,"Deep Tubewell","Ground Water",NA,"Revival of PWS",2007-2008,4.70000,1.18000,"10 Mar 2008","15 Jul 2008",2024-06-07
Karnataka,"Bengaluru Urban","Bangalore North",Huskur,Huskur,Huskur,0001622918,0000779095,125296,"Deep Tubewell","Ground Water",NA,"Village Limits",1997-1998,5.00000,5.40000,"10 Sep 1997","30 Mar 2000",2024-06-07
Karnataka,"Bengaluru Urban","Bangalore North",Huskur,Huskur,Huskur,0001622918,0008023377,125296,"Deep Tubewell","Ground Water",NA,"10 Crore 220520 Revival of PWS  Drilling of Borwell And Providing Pump Motar at Husur village. Huskur GP Bangalore North Taluk",2020-2021,4.95000,4.73107,"07 Jul 2020","03 May 2023",2024-06-07
Karnataka,"Bengaluru Urban","Bangalore North",Adakamaranahalli,Adakamaranahalli,Adakamaranahalli,0000373663,0000556597,125657,"Deep Tubewell","Ground Water",NA,"village limit",2007-2008,3.00000,1.30000,"12 Mar 2008","25 Sep 2008",2024-06-07
Karnataka,"Bengaluru Urban","Bangalore North",Huskur,Vaderahalli,Vaderahalli,0000373683,0000556529,125789,"Deep Tubewell","Ground Water",NA,"Revival of MWS",2007-2008,3.70000,0.86000,"12 Mar 2008","22 Aug 2008",2024-06-07
Karnataka,"Bengaluru Urban","Bangalore North",Huskur,Pillahalli,Pillahalli,0000373679,0000779166,126087,"Deep Tubewell","Ground Water",NA,"Village Limits",1997-1998,4.87000,4.80000,"22 Aug 1997","10 Jan 2000",2024-06-07
Karnataka,"Bengaluru Urban","Bangalore North",Dasanapura,Dasanapura,Dasanapura,0000373660,0003808610,3674343,"Deep Tubewell","Ground Water","BW- Near near Balakrishna house  (Sa. No. 08)",Borewell,2009-2010,1.20000,1.20000,"05 May 2009","05 Jun 2009",2024-06-07
Karnataka,"Bengaluru Urban","Bangalore North",Adakamaranahalli,Makali,Makali,0000373665,0003810210,3675955,"Deep Tubewell","Ground Water","BW- Naer Govet School (Sa. No. 7/6)",Borewell,2009-2010,1.20000,1.20000,"05 May 2009","05 Jun 2009",2024-06-07
Karnataka,"Bengaluru Urban","Bangalore North",Dasanapura,Dasanapura,Dasanapura,0000373660,0003810573,3676317,"Deep Tubewell","Ground Water","BW- Naddaramauanapalya Nagaruru near Subramanya house (Sa. No. 7/05)",Borewell,2009-2010,1.20000,1.20000,"05 May 2009","05 Jun 2009",2024-06-07
Karnataka,"Bengaluru Urban","Bangalore North",Adakamaranahalli,Harokyathanahalli,Harokyathanahalli,0000373666,0003811611,3677352,"Deep Tubewell","Ground Water","BW-  Near Arali Tree (Sa. No. 7/2)",Borewell,2009-2010,1.20000,1.20000,"05 May 2009","05 Jun 2009",2024-06-07
Karnataka,"Bengaluru Urban","Bangalore North",Adakamaranahalli,Harokyathanahalli,Harokyathanahalli,0000373666,0003811638,3677379,"Deep Tubewell","Ground Water","BW-  Anjaneyaswamy Temple  (Sa. No. 7/4)",Borewell,2009-2010,1.20000,1.20000,"05 May 2009","05 Jun 2009",2024-06-07
Karnataka,"Bengaluru Urban","Bangalore North",Alur,Kuduragere,Kuduragere,0000373698,0008201516,3741501,"Deep Tubewell","Ground Water","Towards Village Limits","Providing tap connection to 1 No. Anganawadi in Kuduregere village of Bangalore North Taluk and Bangalore Urban District through SVS",2020-2021,0.15000,0.14342,"18 Dec 2020","03 May 2023",2024-06-07
Karnataka,"Bengaluru Urban","Bangalore North",Alur,Kuduragere,Kuduragere,0000373698,0008235432,3741501,"Deep Tubewell","Ground Water","Towards Village Limits","15 crore 04022021 Drilling of Borewell and Providing Pump Motor at Kudurugere village Aluru GP Bangalore North Taluk",2020-2021,5.00000,4.60900,"07 Feb 2021","03 May 2023",2024-06-07
Karnataka,"Bengaluru Urban","Bangalore North",Somashettihalli,Ganigarahalli,Ganigarahalli,0000373652,0003875092,3741572,"Deep Tubewell","Ground Water","Road Side","Providing Piped Water Supply",2011-2012,20.00000,0.00000,"20 Aug 2011","15 Mar 2012",2024-06-07
Karnataka,"Bengaluru Urban","Bangalore North",Somashettihalli,"Kere Guddadahalli",Kereguddadahalli,0000373656,0008022278,3741626,"Deep Tubewell","Ground Water","Towards Village Limits","10 Crore 220520 Revival of PWS  Providing Pump Motar and Pipeline work to Existing Borewell at  Kereguddadahalli (SMR Layout) village Somashettihalli GP Bangalore North Taluk",2020-2021,4.90000,4.63133,"03 Jun 2020","03 May 2023",2024-06-07
Karnataka,"Bengaluru Urban","Bangalore North",Somashettihalli,Lakshmipura,Lakshmipura,0000373655,0003875190,3741642,"Deep Tubewell","Ground Water","Towards Village Limits","Revival of PWS",2011-2012,6.00000,0.00000,"20 Aug 2011","25 Jan 2012",2024-06-07
Karnataka,"Bengaluru Urban","Bangalore North",Kodigehalli,Manganahalli,Manganahalli,0000373616,0003877358,3743850,"Deep Tubewell","Ground Water","BW- Manganahallir New (Sa. No. 03-2-2)",Borewell,2009-2010,1.20000,1.20000,"06 Jul 2009","06 Aug 2009",2024-06-07
Karnataka,"Bengaluru Urban","Bangalore North",Kodigehalli,Manganahalli,Manganahalli,0000373616,0003877371,3743864,"Deep Tubewell","Ground Water","BW- Manganahallir Shree  (Sa. No. 03-2-4)",Borewell,2009-2010,1.20000,1.20000,"06 Jul 2009","06 Aug 2009",2024-06-07
Karnataka,"Bengaluru Urban","Bangalore North",Chikkabanawara,Chikkabanawara,Kemapura,0001622902,0003901130,3769139,"Deep Tubewell","Ground Water","Road Side","Revival of MWS",2011-2012,5.50000,1.96507,"25 Aug 2011","20 Dec 2012",2024-06-07
Karnataka,"Bengaluru Urban","Bangalore North",Chikkabanawara,Chikkabanawara,Kemapura,0001622902,0008042202,3769139,"Deep Tubewell","Ground Water","Road Side","CAP CEO 3 Drilling of Borewell at Vivekanandanagara, Chikkabanavara GP, Bangalore North Taluk",2020-2021,3.09000,2.98169,"03 Jun 2020","31 Oct 2020",2024-06-07
Karnataka,"Bengaluru Urban","Bangalore North",Dasanapura,Dasanapura,Munihuchanapalya,0000373662,0003901770,3769821,"Deep Tubewell","Ground Water","Towards Village Limits","Revival of MWS",2011-2012,6.00000,0.00000,"25 Aug 2011","26 Jan 2012",2024-06-07
Karnataka,"Bengaluru Urban","Bangalore North",Gopalapura,Govindapura,Govindapura,0001622911,0003902813,3770922,"Deep Tubewell","Ground Water","Towards Village Limits","Revival of MWS",2011-2012,5.50000,4.63982,"28 Aug 2011","20 Aug 2012",2024-06-07
Karnataka,"Bengaluru Urban","Bangalore North",Gopalapura,Govindapura,Govindapura,0001622911,0003907897,3776240,"Deep Tubewell","Ground Water","Road Side","Revival of MWS",2011-2012,6.00000,0.00000,"21 Aug 2011","25 Jan 2012",2024-06-07
Karnataka,"Bengaluru Urban","Bangalore North",Huskur,Vaderahalli,"Vaderahalli J H C",0000373684,0003913197,3781608,"Deep Tubewell","Ground Water","Towards Main Road","Revival of MWS",2011-2012,6.00000,0.00000,"22 Aug 2011","25 Jan 2012",2024-06-07
Karnataka,"Bengaluru Urban","Bangalore North",Kodigehalli,Gangadipura,Gongadipura,0000373628,0003913829,3782251,"Deep Tubewell","Ground Water","Towards Village Limits","Revival of MWS",2011-2012,5.50000,0.00000,"25 Aug 2011","26 Jan 2012",2024-06-07
Karnataka,"Bengaluru Urban","Bangalore North",Kadabagere,Giddenahalli,Giddenahalli,0000373760,0003913876,3782298,"Deep Tubewell","Ground Water","Road Side","Revival of MWS",2011-2012,5.50000,0.00000,"21 Aug 2011","25 Jan 2012",2024-06-07
Karnataka,"Bengaluru Urban","Bangalore North",Madanayakanahalli,Hanumanthasagara,Hanumanthasagara,0000373702,0003914059,3782482,"Deep Tubewell","Ground Water","Towards Village Limits","Revival of MWS",2011-2012,5.50000,0.00000,"21 Aug 2011","25 Jan 2012",2024-06-07
Karnataka,"Bengaluru Urban","Bangalore North",Lakshmipura,Kammasandra,Narasimharajapura,0000373711,0003914108,3782531,"Deep Tubewell","Ground Water","Road Side","Revival of MWS",2011-2012,5.50000,0.00000,"21 Aug 2011","25 Jan 2012",2024-06-07
Karnataka,"Bengaluru Urban","Bangalore North",Madanayakanahalli,Madanayakanahalli,"Hanumanthe Gowdana Palya",0000373706,0003914166,3782589,"Deep Tubewell","Ground Water","Road Side","Revival of MWS",2011-2012,5.50000,0.00000,"21 Aug 2011","25 Jan 2012",2024-06-07
Karnataka,"Bengaluru Urban","Bangalore North",Shrikantapura,Totadaguddadahalli,Totadaguddadahalli,0000373749,0008020488,1513313,"Deep Tubewell","Ground Water","R/s of main road","CAP 2 Drilling of Borewell in Thotadaguddadahalli Village, Srikantapura Grama Panchayath, Yelahanka Taluk.",2020-2021,2.80000,2.78908,"12 Jun 2020","31 Aug 2020",2024-06-07
Karnataka,"Bengaluru Urban","Bangalore North",Adakamaranahalli,Adakamaranahalli,Adakamaranahalli,0000373663,0002599675,2405160,"Deep Tubewell","Ground Water","village limit","comunity tarrafil units",2010-2011,3.30000,0.00000,"10 Nov 2010","28 Feb 2012",2024-06-07
Karnataka,"Bengaluru Urban","Bangalore North",Kittanahalli,Devinanjayanapalya,"D Palya",0000373723,0002601252,2406820,"Deep Tubewell","Ground Water","village limit","community tarrafil units",2010-2011,1.10000,0.00000,"04 Nov 2010","29 Mar 2011",2024-06-07
Karnataka,"Bengaluru Urban","Bangalore North",Huskur,Mathahalli,Mathahalli,0000373691,0007171131,2421842,"Deep Tubewell","Ground Water","Village Limits","Revival of MWS Electrification",2015-2016,0.30000,0.00000,"25 Oct 2015","31 Mar 2016",2024-06-07
Karnataka,"Bengaluru Urban","Bangalore North",Dasanapura,Nagarur,Nagapura,0000373671,0002615709,2421898,"Deep Tubewell","Ground Water","Village Limits","Community Terafil Units",2010-2011,2.20000,0.00000,"04 Nov 2010","29 Mar 2011",2024-06-07
Karnataka,"Bengaluru Urban","Bangalore North",Dasanapura,Shivanapura,"Shivanapura Jhc",0000373676,0002615808,2421982,"Deep Tubewell","Ground Water","Village Limits","Community Terafil Units",2010-2011,0.55000,0.00000,"04 Nov 2010","20 Dec 2011",2024-06-07
Karnataka,"Bengaluru Urban","Bangalore North",Shrikantapura,Totadaguddadahalli,Totadaguddadahalli,0000373749,0002615915,2422070,"Deep Tubewell","Ground Water","Village Limits","Community Terafil Units",2010-2011,3.85000,0.00000,"04 Nov 2010","29 Mar 2011",2024-06-07
Karnataka,"Bengaluru Urban","Bangalore North",Adakamaranahalli,Adakamaranahalli,Adakamaranahalli,0000373663,0002619494,2424704,"Deep Tubewell","Ground Water",NA,"Primary with Upper Primary School",2010-2011,1.00000,0.00000,"30 Jun 2010","30 Dec 2010",2024-06-07
Karnataka,"Bengaluru Urban","Bangalore North",Chikkabanawara,Chikkabanawara,Chikkabanawara,0000373644,0002866864,2690252,"Deep Tubewell","Ground Water","Providing Piped Water Supply Scheme to  Chikkabanawara -Jindalanagara  Village","Providing Piped Water Supply Scheme to  Chikkabanawara -Jindalanagara  Village",2010-2011,12.00000,0.00000,"31 Jan 2010","28 Jan 2011",2024-06-07
Karnataka,"Bengaluru Urban","Bangalore North",Chikkabanawara,Chikkabanawara,Chikkabanawara,0000373644,0003781027,3646711,"Deep Tubewell","Ground Water","BW-Kabaddi Feild, 2nd Block, - (Sa. No. 1",Borewell,2009-2010,1.20000,1.20000,"24 Aug 2010","24 Sep 2010",2024-06-07
Karnataka,"Bengaluru Urban","Bangalore North",Chikkabanawara,Chikkabanawara,Chikkabanawara,0000373644,0003798304,3664173,"Deep Tubewell","Ground Water","BW-1st Block Infront of Gramapanchayat - (Sa. No. 04)",Borewell,2008-2009,1.20000,1.20000,"15 May 2008","15 Jun 2008",2024-06-07
Karnataka,"Bengaluru Urban","Bangalore North",Lakshmipura,"K G Srikantapura","K G Srikantapura",0000373751,0003914229,3782653,"Deep Tubewell","Ground Water","Road Side","Revival of PWS",2011-2012,6.00000,0.00000,"21 Aug 2011","25 Jan 2012",2024-06-07
Karnataka,"Bengaluru Urban","Bangalore North",Sondekoppa,Hullegowdanahalli,Hullegowdanahalli,0000373727,0003914507,3782932,"Deep Tubewell","Ground Water","Towards Village Limits","Revival of MWS",2011-2012,5.50000,1.68494,"21 Aug 2011","01 Mar 2013",2024-06-07
Karnataka,"Bengaluru Urban","Bangalore North",Sondekoppa,Sondekoppa,Rangaswamypalya,0001622928,0003914630,3783055,"Deep Tubewell","Ground Water","Towards Village Limits","Revival of MWS",2011-2012,6.00000,0.00000,"21 Aug 2011","25 Jan 2012",2024-06-07
Karnataka,"Bengaluru Urban","Bangalore North",Gopalapura,Gopalapura,Gopalapura,0000373769,0003918247,3786838,"Deep Tubewell","Ground Water","BW- Near Basavanna Temple - Sa. No. 033/4",Borewell,2009-2010,1.25000,1.25000,"07 May 2009","07 Jun 2009",2024-06-07
Karnataka,"Bengaluru Urban","Bangalore North",Kadabagere,Vadarahally,Vadarahally,0000373753,0004867567,4794518,"Deep Tubewell","Ground Water","Village Limit","Revival of MWS Scheme",2012-2013,5.00000,4.99901,"18 Sep 2012","31 Mar 2013",2024-06-07
Karnataka,"Bengaluru Urban","Bangalore North",Sondekoppa,Hullegowdanahalli,Ramyappanapalya,0000373730,0004868035,4795013,"Deep Tubewell","Ground Water","Towards Village","Revival of MWS Scheme",2012-2013,5.00000,4.99900,"20 Sep 2012","20 Mar 2013",2024-06-07
Karnataka,"Bengaluru Urban","Bangalore North",Kodigehalli,Manganahalli,Manganahalli,0000373616,0003309921,3166489,"Deep Tubewell","Ground Water","Manganahalli Sree","Manganahalli Sree","Not Known",0.90000,0.00000,"27 Nov 2010","27 Nov 2010",2024-06-07
Karnataka,"Bengaluru Urban","Bangalore North",Sondekoppa,Hunnigere,Hunnigere,0000373738,0003604377,3469185,"Deep Tubewell","Ground Water","Village Limit","Additional Pipe Line",2011-2012,2.40000,0.00000,"15 Jun 2011","15 Mar 2012",2024-06-07
Karnataka,"Bengaluru Urban","Bangalore North",Kittanahalli,Averahalli,Avrahalli,0000373720,0003604420,3469226,"Deep Tubewell","Ground Water","Near Road Side","Additional Pipe Line",2011-2012,4.00000,0.00000,"15 Jun 2011","15 Mar 2012",2024-06-07
Karnataka,"Bengaluru Urban","Bangalore North",Lakshmipura,"K G Lakkenahalli","K G Lakkenahalli",0000373754,0003604461,3469266,"Deep Tubewell","Ground Water","Village Limit","Additional Pipe Line",2011-2012,5.00000,0.00000,"15 Jun 2011","15 Mar 2012",2024-06-07
Karnataka,"Bengaluru Urban","Bangalore North",Alur,Kuduragere,Kuduragere,0000373698,0003637761,3502541,"Deep Tubewell","Ground Water","Viilage Limits","Pipeline Extension",2011-2012,2.80000,0.00000,"20 Jul 2011","15 Mar 2012",2024-06-07
Karnataka,"Bengaluru Urban","Bangalore North",Kodigehalli,Seegehalli,Seegehalli,0000373623,0003638656,3503440,"Deep Tubewell","Ground Water","Village Limits","Pipeline Extension",2011-2012,3.00000,0.00000,"20 Jul 2011","15 Mar 2012",2024-06-07
Karnataka,"Bengaluru Urban","Bangalore North",Madanayakanahalli,Madanayakanahalli,"Bms Colony",0000373705,0003638754,3503536,"Deep Tubewell","Ground Water","Near Road Side","Pipeline Extension",2011-2012,3.50000,0.00000,"20 Jul 2011","15 Mar 2012",2024-06-07
Karnataka,"Bengaluru Urban","Bangalore North",Gopalapura,Hosahallipalya,Hosahallipalya,0000373774,0003638817,3503597,"Deep Tubewell","Ground Water","Near Road Side","Pipeline Extension",2011-2012,4.00000,0.00000,"20 Jul 2011","15 Mar 2012",2024-06-07
Karnataka,"Bengaluru Urban","Bangalore North",Somashettihalli,Somashettihally,Somashettihally,0000373654,0003733485,3598162,"Deep Tubewell","Ground Water","Village Limit","Extension of Pipe Line",2011-2012,5.00000,0.00000,"20 Jul 2011","28 Feb 2012",2024-06-07
Karnataka,"Bengaluru Urban","Bangalore North",Huskur,Honnasandra,Honnasandra,0001622912,0007150119,1513284,"Deep Tubewell","Ground Water","right side of road","SCP Revival of PWS Scheme",2015-2016,5.00000,0.00000,"25 Oct 2015","31 Mar 2016",2024-06-07
Karnataka,"Bengaluru Urban","Bangalore North",Chikkabanawara,Chikkabanawara,Veerashettyhalli,0000373646,0006373633,250034554,"Deep Tubewell","Ground Water","Village limit","G Revival of MWS Scheme",2013-2014,6.00000,6.90645,"27 Apr 2014","31 Dec 2015",2024-06-07
Karnataka,"Bengaluru Urban","Bangalore North",Dasanapura,Nagarur,"Vijayanagara Colony",0000373674,0006373749,250034593,"Deep Tubewell","Ground Water","Villge limit","G Revival of MWS Scheme",2013-2014,6.00000,4.62994,"28 Apr 2014","31 Mar 2017",2024-06-07
Karnataka,"Bengaluru Urban","Bangalore North",Dasanapura,Shivanapura,Shivanapura,0000373675,0006373758,250065331,"Deep Tubewell","Ground Water","Colony Limit","Revival of MWS Scheme",2013-2014,10.00000,9.52279,"25 Apr 2014","31 Mar 2015",2024-06-07
Karnataka,"Bengaluru Urban","Bangalore North",Gopalapura,Bommashettihalli,Bommashettihalli,0000373768,0006373789,250034605,"Deep Tubewell","Ground Water","Village limit","Revival of MWS Scheme",2013-2014,6.00000,5.68178,"25 Apr 2014","31 Mar 2015",2024-06-07
Karnataka,"Bengaluru Urban","Bangalore North",Gopalapura,Hosahallipalya,Hosahallipalya,0000373774,0006373791,250034606,"Deep Tubewell","Ground Water","Village limit","Revival of MWS Scheme",2013-2014,7.00000,7.00000,"25 Apr 2014","31 Mar 2015",2024-06-07
Karnataka,"Bengaluru Urban","Bangalore North",Huskur,Syadamipalya,Sayadamipalya,0000373687,0006373813,250034615,"Deep Tubewell","Ground Water","Village  limit","Revival of MWS Scheme",2013-2014,6.00000,0.89851,"25 Apr 2014","28 Feb 2015",2024-06-07
Karnataka,"Bengaluru Urban","Bangalore North",Lakshmipura,"K G Lakkenahalli","K G Lakkenahalli",0000373754,0006373919,250034656,"Deep Tubewell","Ground Water","Village limit","Revival of MWS  Scheme",2013-2014,8.00000,6.66677,"25 Apr 2014","30 Mar 2015",2024-06-07
Karnataka,"Bengaluru Urban","Bangalore North",Kodigehalli,Manganahalli,"Gokul Badavane",0001725165,0006373996,250034695,"Deep Tubewell","Ground Water","Village  limit","G Revival of MWS  Scheme",2013-2014,6.00000,4.71204,"25 Apr 2014","31 Dec 2015",2024-06-07
Karnataka,"Bengaluru Urban","Bangalore North",Madavara,"Bylappana Palya",Byallappnapalya,0000373745,0006374015,250065388,"Deep Tubewell","Ground Water","Colony Limit","G Revival of MWS  Scheme",2013-2014,6.00000,4.37371,"25 Apr 2014","01 Oct 2015",2024-06-07
Karnataka,"Bengaluru Urban","Bangalore North",Somashettihalli,Somashettihally,Somashettihally,0000373654,0006670265,250068056,"Deep Tubewell","Ground Water","Village limit","G Improvements to Water Supply Scheme",2014-2015,25.00000,18.80804,"20 Sep 2014","31 Mar 2017",2024-06-07
Karnataka,"Bengaluru Urban","Bangalore North",Sondekoppa,Sondekoppa,Sondekoppa,0000373739,0005235411,5179700,"Deep Tubewell","Ground Water","Village limit","Revival of PWS",2012-2013,6.30000,8.43594,"07 Jan 2013","03 Mar 2014",2024-06-07
Karnataka,"Bengaluru Urban","Bangalore North",Shrikantapura,Shrikantapura,Shrikantapur,0001725167,0005235412,5179701,"Deep Tubewell","Ground Water","Village limit","Revival of PWS",2012-2013,6.20000,3.21213,"07 Jan 2013","20 Mar 2013",2024-06-07
Karnataka,"Bengaluru Urban","Bangalore North",Shrikantapura,Shrikantapura,Shrikantapur,0001725167,0005235413,5179702,"Deep Tubewell","Ground Water","Village limit","Revival of PWS",2012-2013,6.20000,0.00000,"07 Jan 2013","20 Mar 2013",2024-06-07
Karnataka,"Bengaluru Urban","Bangalore North",Shrikantapura,Shrikantapura,Shrikantapur,0001725167,0005235414,5179703,"Deep Tubewell","Ground Water","Village limit","Revival of PWS",2012-2013,6.20000,0.00000,"07 Jan 2013","20 Mar 2013",2024-06-07
Karnataka,"Bengaluru Urban","Bangalore North",Alur,Heggadedevanapura,Heggadedevanapura,0000373697,0005235422,5179711,"Deep Tubewell","Ground Water","Village limit","Revival of PWS",2012-2013,6.20000,6.63895,"07 Jan 2013","03 Mar 2014",2024-06-07
Karnataka,"Bengaluru Urban","Bangalore North",Alur,Heggadedevanapura,Heggadedevanapura,0000373697,0005235426,5179715,"Deep Tubewell","Ground Water","Heggadadevanapura Colony","Revival of MWS",2012-2013,4.40000,0.00000,"07 Jan 2013","20 Mar 2013",2024-06-07
Karnataka,"Bengaluru Urban","Bangalore North",Kadabagere,Kadabagere,Kadabagere,0000373758,0005235430,5179721,"Deep Tubewell","Ground Water","Village limit","Revival of PWS",2012-2013,6.00000,4.00434,"07 Jan 2013","20 Mar 2013",2024-06-07
Karnataka,"Bengaluru Urban","Bangalore North",Gopalapura,Gopalapura,Gopalapura,0000373769,0005235466,5179759,"Deep Tubewell","Ground Water","SC Colony","Revival of MWS",2012-2013,5.60000,5.89582,"07 Jan 2013","01 Mar 2014",2024-06-07
Karnataka,"Bengaluru Urban","Bangalore North",Chikkabidarakallu,Chikkabidarakallu,Chikkabidarakallu,0001725168,0007406511,250120662,"Deep Tubewell","Ground Water","Village limit","TFC190316 Drilling of Borewell at Chikkabidarakallu Habitation, Chikkabidarakallu GP, Bangalore North Taluk",2016-2017,2.00000,1.99000,"12 Apr 2016","25 Aug 2016",2024-06-07
Karnataka,"Bengaluru Urban","Bangalore North",Madavara,Madavara,"Nandishwara Badavane",0001622925,0007406515,250120667,"Deep Tubewell","Ground Water","Village limit","TFC190316 Drilling of Borewell at Nandeshwara Badawane Habitation, Chikkabidarakallu GP, Bangalore North Taluk",2016-2017,2.74000,0.00000,"12 Apr 2016","03 May 2023",2024-06-07
Karnataka,"Bengaluru Urban","Bangalore North",Shrikantapura,Shrikantapura,Shrikantapur,0001725167,0007406528,250120683,"Deep Tubewell","Ground Water","Village limit","TFC190316 Drilling of Borewell at Thotaguddadahalli Habitation, Anchepalya GP, Bangalore North Taluk",2016-2017,2.23000,2.23000,"12 Apr 2016","31 Mar 2017",2024-06-07
Karnataka,"Bengaluru Urban","Bangalore North",Madavara,Madavara,Madavara,0000373744,0007406556,250120706,"Deep Tubewell","Ground Water","village limit","TFC190316 Drilling of Borewell at Madawara Habitation,Madwara GP, Bangalore North Taluk",2016-2017,2.30000,2.30000,"12 Apr 2016","25 Aug 2016",2024-06-07
Karnataka,"Bengaluru Urban","Bangalore North",Huskur,Kodipalya,Kodipalya,0000373678,0007528956,250144312,"Deep Tubewell","Ground Water","Near Tank bed","SCP Revival of MWS Scheme and House Hold Connection (HH 35) at Kodipalya Habitation Huskur G.P., Bangalore North Taluk",2016-2017,10.00000,9.99510,"25 Aug 2016","31 Mar 2018",2024-06-07
Karnataka,"Bengaluru Urban","Bangalore North",Chikkabanawara,Chikkabanawara,"Vinayaka Badavane",0001725158,0007529197,250144541,"Deep Tubewell","Ground Water","Near Tank bed","SCP Revival of MWS Scheme",2016-2017,6.00000,0.00000,"25 Aug 2016","03 May 2023",2024-06-07
Karnataka,"Bengaluru Urban","Bangalore North",Chikkabanawara,Chikkabanawara,Dasappanapalya,0000373647,0007529208,250146263,"Deep Tubewell","Ground Water","Village limit","SCP Revival of MWS Scheme at Dasanapalya Habitation Chikkabanavara G.P., Bangalore North Taluk",2016-2017,6.00000,5.09621,"25 Aug 2016","31 Mar 2018",2024-06-07
Karnataka,"Bengaluru Urban","Bangalore North",Lakshmipura,Kadaranahalli,Kadaranahalli,0000373709,0007529258,250148406,"Deep Tubewell","Ground Water","Towards Village Limits","SCP Revival of MWS Scheme and House Hold Connection (HH 22) at Kadaranahalli Habitation Madanayakanahalli G.P., Bangalore North Taluk",2016-2017,12.00000,7.86439,"25 Aug 2016","31 Mar 2018",2024-06-07
Karnataka,"Bengaluru Urban","Bangalore North",Somashettihalli,Somashettihally,Somashettihally,0000373654,0007529403,250144750,"Deep Tubewell","Ground Water","Near Tank bed","SCP Revival of MWS Scheme and House Hold Connection (HH 15) at Somashettyhalli Habitation Abbigere G.P., Bangalore North Taluk",2016-2017,18.00000,0.00000,"25 Aug 2016","03 May 2023",2024-06-07
Karnataka,"Bengaluru Urban","Bangalore North",Chikkabanawara,Chikkabanawara,"Nandeeshwara Badavane",0001725159,0008022380,250034551,"Deep Tubewell","Ground Water","New Extension","10 Crore 220520 Revival of PWS  Drilling of Borwell and Pump Motar work at Nandeeshwara Badavane (Anjanadri Badavane) village Chikkabanavara GP Bangalore North Taluk",2020-2021,4.95000,4.53169,"14 Jun 2020","03 May 2023",2024-06-07
Karnataka,"Bengaluru Urban","Bangalore North",Chikkabanawara,Chikkabanawara,Ganapatinagara,0001725160,0008022401,5179804,"Deep Tubewell","Ground Water","Village limit","10 Crore 220520 Revival of PWS  Drilling of Borwell and Pump Motar work at Ganapathinagara (Bodamatti Road) village Chikkabanavara GP Bangalore North Taluk",2020-2021,5.00000,4.90885,"15 Jun 2020","03 May 2023",2024-06-07
Karnataka,"Bengaluru Urban","Bangalore North",Alur,Alur,"Alur Palya",0000373695,0008023386,4797081,"Deep Tubewell","Ground Water","Village Limit","10 Crore 220520 Revival of MWS  Providing Pump Motarand Pipeline to existing borewell at Alur Palya village Alur GP Bangalore North Taluk",2020-2021,4.90000,4.49129,"09 Jun 2020","03 May 2023",2024-06-07
Karnataka,"Bengaluru Urban","Bangalore North",Shrikantapura,Shrikantapura,Shrikantapur,0001725167,0008036414,4003804,"Deep Tubewell","Ground Water","Village Main Road","10 Crore 220520 Revival of PWS  Drilling of Borwell and Providing Pump Motar at Anchepalya village Srikantapura GP Bangalore North Taluk",2020-2021,5.00000,4.88658,"07 Jul 2020","03 May 2023",2024-06-07
Karnataka,"Bengaluru Urban","Bangalore North",Chikkabidarakallu,Chikkabidarakallu,Chikkabidarakallu,0001725168,0008042180,250075961,"Deep Tubewell","Ground Water",NA,"CAP CEO 3 Drilling of Borewell in Buddajyothy Layout, Chikikabidarakallu Village, Bangalore North Taluk",2020-2021,2.83000,2.72574,"03 Jun 2020","03 May 2023",2024-06-07
Karnataka,"Bengaluru Urban","Bangalore North",Madavara,Madavara,"Nandishwara Badavane",0001622925,0008042184,5444634,"Deep Tubewell","Ground Water","Village limit","CAP CEO 3 Drilling Borewell at Nandinagara (Anjanadri), Chikkabanavara GP, Bangalore North Taluk",2020-2021,3.00000,2.88545,"03 Jun 2020","31 Oct 2020",2024-06-07
Karnataka,"Bengaluru Urban","Bangalore North",Chikkabanawara,Chikkabanawara,Ganapatinagara,0001725160,0008042197,5179804,"Deep Tubewell","Ground Water","Village limit","CAP CEO 3 Drilling of Borewell at Ganapathinagara in Chikkabanavara GP, Bangalore North Taluk",2020-2021,4.11000,3.96535,"03 Jun 2020","31 Oct 2020",2024-06-07
Karnataka,"Bengaluru Urban","Bangalore North",Sondekoppa,"Baleveerana Halli","B Halli",0000373737,0006670318,250068093,"Deep Tubewell","Ground Water","Village limit","Revival of MWS Scheme",2014-2015,8.00000,4.17657,"20 Sep 2014","20 Mar 2015",2024-06-07
Karnataka,"Bengaluru Urban","Bangalore North",Dasanapura,Shivanapura,Shivanapura,0000373675,0006670395,250068152,"Deep Tubewell","Ground Water","Colony limit","SCP Individual House Connections",2014-2015,3.10000,3.08849,"25 Sep 2014","01 Sep 2015",2024-06-07
Karnataka,"Bengaluru Urban","Bangalore North",Huskur,Badakanapalya,Badakanapalya,0000373681,0006686152,250073578,"Deep Tubewell","Ground Water","Village limit","Drilling of Borewell",2014-2015,2.00000,1.98036,"19 Jul 2014","11 Aug 2014",2024-06-07
Karnataka,"Bengaluru Urban","Bangalore North",Sondekoppa,Byregowdanahalli,Byregowdanahalli,0000373735,0005834541,250008478,"Deep Tubewell","Ground Water","Village limit","Drinking Water Facility to Anganawadi",2013-2014,1.00000,0.97318,"10 Sep 2013","03 Mar 2014",2024-06-07
Karnataka,"Bengaluru Urban","Bangalore North",Machohalli,Machohalli,"Machohalli J H C",0000373767,0005834674,250008541,"Deep Tubewell","Ground Water","Village limit","Drinking Water Facility to Anganawadi",2013-2014,1.00000,0.99868,"15 Sep 2013","01 Mar 2015",2024-06-07
Karnataka,"Bengaluru Urban","Bangalore North",Kittanahalli,Kallegowdanapalya,"K Palya",0000373724,0005834682,250008549,"Deep Tubewell","Ground Water","Village limit","Drinking Water Facility to Anganawadi",2013-2014,1.00000,0.99868,"15 Sep 2013","12 Feb 2014",2024-06-07
Karnataka,"Bengaluru Urban","Bangalore North",Kadabagere,Mahimmannanapalya,Mahimannanapalya,0000373761,0005834684,250008551,"Deep Tubewell","Ground Water","Village limit","Drinking Water Facility to Anganawadi",2013-2014,1.00000,0.99868,"15 Sep 2013","18 Feb 2014",2024-06-07
Karnataka,"Bengaluru Urban","Bangalore North",Sondekoppa,Sondekoppa,Sondekoppa,0000373739,0006133999,250020902,"Deep Tubewell","Ground Water","Village limit","Drilling of Borewell",2013-2014,1.57000,1.56980,"18 Jul 2013","01 Mar 2014",2024-06-07
Karnataka,"Bengaluru Urban","Bangalore North",Alur,Kuduragere,Kuduragere,0000373698,0002602003,2407643,"Deep Tubewell","Ground Water","village limit","community tarrafil units",2010-2011,1.10000,0.00000,"04 Nov 2010","29 Mar 2011",2024-06-07
Karnataka,"Bengaluru Urban","Bangalore North",Sondekoppa,Lakkenahalli,Lakkenahalli,0000373733,0002615471,2421690,"Deep Tubewell","Ground Water","village uimit","community terrafil units",2010-2011,0.55000,0.00000,"04 Nov 2010","28 Mar 2011",2024-06-07
Karnataka,"Bengaluru Urban","Bangalore North",Madavara,Madavara,Madavara,0000373744,0002615545,2421757,"Deep Tubewell","Ground Water","Village Limits","community terafil units",2010-2011,3.30000,0.00000,"04 Nov 2010","28 Dec 2011",2024-06-07
Karnataka,"Bengaluru Urban","Bangalore North",Kodigehalli,Seegehalli,Seegehalli,0000373623,0002615777,2421957,"Deep Tubewell","Ground Water","Village Limits","Community Terafil Units",2010-2011,1.10000,0.00000,"04 Nov 2010","29 Mar 2011",2024-06-07
Karnataka,"Bengaluru Urban","Bangalore North",Alur,Pylvanarapalya,Pailvanarapalya,0000373696,0002615784,2421962,"Deep Tubewell","Ground Water","Village Limits","Community Terafil Units",2010-2011,0.55000,0.00000,"04 Nov 2010","29 Mar 2011",2024-06-07
Karnataka,"Bengaluru Urban","Bangalore North",Siddanahosahalli,Siddanahosahalli,Siddanahosahalli,0000373707,0002615816,2421989,"Deep Tubewell","Ground Water","Village Limits","Community Terafil Units",2010-2011,3.85000,0.00000,"04 Nov 2010","28 Feb 2012",2024-06-07
Karnataka,"Bengaluru Urban","Bangalore North",Siddanahosahalli,Siddanahosahalli,Siddanahosahalli,0000373707,0007172499,2421989,"Deep Tubewell","Ground Water","Village Limits","ST COLONY Revival of MWS Scheme",2015-2016,5.00000,0.00000,"25 Oct 2015","31 Mar 2016",2024-06-07
Karnataka,"Bengaluru Urban","Bangalore North",Huskur,Vaderahalli,Vaderahalli,0000373683,0002866934,2690317,"Deep Tubewell","Ground Water","Providing Piped Water Supply Scheme to  Vaderahalli Village","Providing Piped Water Supply Scheme to  Vaderahalli Village",2010-2011,15.00000,0.00000,"28 Feb 2010","28 Jan 2011",2024-06-07
Karnataka,"Bengaluru Urban","Bangalore North",Adakamaranahalli,Makali,Makali,0000373665,0003307125,3163410,"Deep Tubewell","Ground Water","Nagarur Village Dasanapura near Gunduthopu road1","Nagarur Village Dasanapura near Gunduthopu road2","Not Known",0.90000,0.00000,"26 Nov 2010","26 Nov 2010",2024-06-07
Karnataka,"Bengaluru Urban","Bangalore North",Kodigehalli,Manganahalli,Manganahalli,0000373616,0003309138,3165682,"Deep Tubewell","Ground Water","Near MI Tank Manganahalli Slum","Near MI Tank Manganahalli Slum","Not Known",0.90000,0.00000,"27 Nov 2010","27 Nov 2010",2024-06-07
Karnataka,"Bengaluru Urban","Bangalore North",Kodigehalli,Kannahalli,"Kannahalli, J H C",0000373622,0003309944,3166512,"Deep Tubewell","Ground Water","Kannahalli Hosahalli Anjaneya temple","Kannahalli Colony","Not Known",0.90000,0.00000,"27 Nov 2010","27 Nov 2010",2024-06-07
Karnataka,"Bengaluru Urban","Bangalore North",Siddanahosahalli,Dombarahalli,Dombarahalli,0000373708,0007172474,3469381,"Deep Tubewell","Ground Water","Village Limit","ST COLONY Revival of MWS Scheme",2015-2016,6.00000,0.00000,"25 Oct 2015","31 Mar 2016",2024-06-07
Karnataka,"Bengaluru Urban","Bangalore North",Adakamaranahalli,Adakamaranahalli,Adakamaranahalli,0000373663,0004868077,4795055,"Deep Tubewell","Ground Water","Main Road","Providing Piped Water Supply Scheme",2012-2013,20.00000,20.09923,"15 Sep 2012","02 Dec 2013",2024-06-07
Karnataka,"Bengaluru Urban","Bangalore North",Chikkabidarakallu,Chikkabidarakallu,Chikkabidarakallu,0001725168,0004869790,4796888,"Deep Tubewell","Ground Water","Tank Bed Road","Revival of MWS Scheme",2012-2013,18.00000,17.73199,"20 Sep 2012","28 Feb 2014",2024-06-07
Karnataka,"Bengaluru Urban","Bangalore North",Gopalapura,Gopalapura,Gopalapura,0000373769,0004869858,4796956,"Deep Tubewell","Ground Water","Towards Tank Bed","Revival of PWS Scheme",2012-2013,6.00000,5.99771,"20 Sep 2012","31 Mar 2013",2024-06-07
Karnataka,"Bengaluru Urban","Bangalore North",Alur,Alur,"Alur Palya",0000373695,0004869996,4797081,"Deep Tubewell","Ground Water","Village Limit","Revival of MWS Scheme",2012-2013,6.00000,5.39380,"20 Sep 2012","01 Mar 2013",2024-06-07
Karnataka,"Bengaluru Urban","Bangalore North",Lakshmipura,Gangondanahalli,Gangondanahalli,0001622923,0004880696,4807120,"Deep Tubewell","Ground Water","Tank Bed","Revival of PWS Scheme",2012-2013,6.00000,6.07808,"15 Sep 2012","20 Mar 2013",2024-06-07
Karnataka,"Bengaluru Urban","Bangalore North",Sondekoppa,Hullegowdanahalli,Giriyappanapalya,0000373731,0004901832,4826346,"Deep Tubewell","Ground Water","Village limit","Revival of MWS Scheme",2012-2013,6.50000,5.98837,"15 Sep 2012","04 Feb 2013",2024-06-07
Karnataka,"Bengaluru Urban","Bangalore North",Dasanapura,Dasanapura,Dasanapura,0000373660,0003808556,3674289,"Deep Tubewell","Ground Water","BW- Near Narayanappa house (Sa. No. 06)",Borewell,2009-2010,1.20000,1.20000,"05 May 2009","05 Jun 2009",2024-06-07
Karnataka,"Bengaluru Urban","Bangalore North",Sondekoppa,"Parvathaiahana Palya",Parvathayyanapalya,0000373740,0003914608,3783033,"Deep Tubewell","Ground Water","Towards Village Limits","Revival of MWS",2011-2012,5.50000,0.00000,"21 Aug 2011","25 Jan 2012",2024-06-07
Karnataka,"Bengaluru Urban","Bangalore North",Kodigehalli,Kodigehalli,Kodigenahalli,0000373624,0003918142,3786718,"Deep Tubewell","Ground Water","BW- Skanadanagara - Sa. No. 3/8-05",Borewell,2009-2010,13.00000,1.30000,"05 May 2009","05 Jun 2009",2024-06-07
Karnataka,"Bengaluru Urban","Bangalore North",Kodigehalli,Kodigehalli,Chikkagollarahalli,0000373627,0003918171,3786760,"Deep Tubewell","Ground Water","BW- Near Nice road  - Sa. No. 3/7-02",Borewell,2009-2010,1.20000,1.20000,"05 May 2009","05 Jun 2009",2024-06-07
Karnataka,"Bengaluru Urban","Bangalore North",Huskur,Huskur,Huskur,0001622918,0003918456,3787050,"Deep Tubewell","Ground Water","BW- near Erannas house - Sa. No. 2",Borewell,2009-2010,1.10000,1.10000,"04 May 2009","03 Jun 2009",2024-06-07
Karnataka,"Bengaluru Urban","Bangalore North",Kadabagere,Kadabagere,Kadabagere,0000373758,0004865208,4792048,"Deep Tubewell","Ground Water","Towards Main Road","Revival of MWS Scheme",2012-2013,5.00000,5.00000,"15 Sep 2012","01 Mar 2013",2024-06-07
Karnataka,"Bengaluru Urban","Bangalore North",Kittanahalli,Gowdahalli,"Gowdahalli Colony",0000373715,0004865237,4792077,"Deep Tubewell","Ground Water","Towards Main Road","Revival of MWS Scheme",2012-2013,8.20000,8.01886,"25 Sep 2012","01 Mar 2013",2024-06-07
Karnataka,"Bengaluru Urban","Bangalore North",Chikkabanawara,Chikkabanawara,Kallanakunte,0001725157,0004867613,4794562,"Deep Tubewell","Ground Water","Main Road","Revival of MWS Scheme",2012-2013,5.00000,5.00000,"18 Sep 2012","01 Mar 2013",2024-06-07
Karnataka,"Bengaluru Urban","Bangalore North",Adakamaranahalli,Makali,Makali,0000373665,0004868051,4795029,"Deep Tubewell","Ground Water","Main Road","Revival of PWS Scheme",2012-2013,6.00000,5.84629,"15 Sep 2012","20 Mar 2013",2024-06-07
Karnataka,"Bengaluru Urban","Bangalore North",Adakamaranahalli,Makali,Makali,0000373665,0003810258,3676004,"Deep Tubewell","Ground Water","BW- Pabanagar near jain temple  (Sa. No. 7/7)",Borewell,2009-2010,1.20000,1.20000,"05 May 2009","05 Jun 2009",2024-06-07
Karnataka,"Bengaluru Urban","Bangalore North",Dasanapura,Dasanapura,Dasanapura,0000373660,0003810518,3676261,"Deep Tubewell","Ground Water","BW- Near Marappanapalya Nagaruru Near Shivashankar house (Sa. No. 7/04)",Borewell,2009-2010,1.20000,1.20000,"05 May 2009","05 Jun 2009",2024-06-07
Karnataka,"Bengaluru Urban","Bangalore North",Dasanapura,Gejjagadahalli,Gajadahalli,0000373669,0003811498,3677238,"Deep Tubewell","Ground Water","BW- Anjaneyaswamy temple (Sa. No. 7/1)",Borewell,2009-2010,1.20000,1.20000,"05 May 2009","05 Jun 2009",2024-06-07
Karnataka,"Bengaluru Urban","Bangalore North",Kodigehalli,Manganahalli,Manganahalli,0000373616,0003812032,3677771,"Deep Tubewell","Ground Water","BW- Manganahalli Slum (Sa. No. 03/2-2)",Borewell,2009-2010,1.20000,1.20000,"05 May 2009","05 Jun 2009",2024-06-07
Karnataka,"Bengaluru Urban","Bangalore North",Somashettihalli,"Kere Guddadahalli",Kereguddadahalli,0000373656,0008022256,3741626,"Deep Tubewell","Ground Water","Towards Village Limits","10 Crore 220520 Revival of PWS  Providing Pump Motar and Pipeline work to Existing Borewell at Kereguddadahalli (Near Ice Cream Factory) village Somashettihalli GP Bangalore North Taluk",2020-2021,4.95000,4.94093,"04 Jun 2020","03 May 2023",2024-06-07
Karnataka,"Bengaluru Urban","Bangalore North",Kodigehalli,Gangadipura,Gongadipura,0000373628,0003894425,3762271,"Deep Tubewell","Ground Water","BW- Gongadipura (Sa. No. 3/5-1)",Borewell,2008-2009,1.20000,1.20000,"15 May 2008","15 Jun 2008",2024-06-07
Karnataka,"Bengaluru Urban","Bangalore North",Chikkabanawara,"Kempapura J H C","Kempapura J H C",0000373651,0003901257,3769294,"Deep Tubewell","Ground Water","Towards Village Limits","Revival of MWS",2011-2012,6.00000,0.00000,"20 Aug 2011","26 Jan 2012",2024-06-07
Karnataka,"Bengaluru Urban","Bangalore North",Kodigehalli,"Kannahalli Hosahalli","Kannahalli, Hosahalli",0000373621,0001761922,1511016,"Deep Tubewell","Ground Water","Near M.I. Tank","Near Village Limits",2007-2008,3.70000,3.10000,"10 Apr 2009","30 May 2010",2024-06-07
Karnataka,"Bengaluru Urban","Bangalore North",Kadabagere,Kadabagere,Kadabagere,0000373758,0000441627,123724,"Deep Tubewell","Ground Water","near chikkagollarahatii village limit",PWSS,2001-2002,15.00000,15.00000,"31 Jan 2001","30 May 2001",2024-06-07
Karnataka,"Bengaluru Urban","Bangalore North",Kadabagere,Kadabagere,Kadabagere,0000373758,0006849987,123724,"Deep Tubewell","Ground Water","near chikkagollarahatii village limit","TFC 20.10.2014  Errection of Pumpset with Pipe line and Energisation-chikkagolahartti at kadabagere habitation",2014-2015,4.32000,3.03243,"10 Dec 2014","31 Mar 2015",2024-06-07
Karnataka,"Bengaluru Urban","Bangalore North",Chikkabanawara,Chikkabanawara,Chikkabanawara,0000373644,0000546110,123820,"Deep Tubewell","Ground Water",NA,villagelimit,2006-2007,12.00000,0.00100,"20 May 2008","19 Nov 2008",2024-06-07
Karnataka,"Bengaluru Urban","Bangalore North",Alur,Alur,Alur,0000373694,0000420195,124647,"Deep Tubewell","Ground Water",NA,PWSS,2006-2007,4.00000,0.01000,"28 Dec 2006","16 Aug 2007",2024-06-07
Karnataka,"Bengaluru Urban","Bangalore North",Lakshmipura,Kammasandra,Kammasandra,0000373710,0008235711,124710,"Deep Tubewell","Ground Water",NA,"15 crore 04022021 OHT Balance work and Pipeline work at Kammasandra habitation  Kammasandra village ,Lakshmipura G.P, Bangalore North Taluk.",2020-2021,4.80000,4.48736,"11 Feb 2021","03 May 2023",2024-06-07
Karnataka,"Bengaluru Urban","Bangalore North",Dasanapura,Nagarur,Nagapura,0000373671,0000556577,125385,"Deep Tubewell","Ground Water",NA,"Revival of MWS",2007-2008,4.70000,0.77000,"12 Mar 2008","22 Aug 2008",2024-06-07
Karnataka,"Bengaluru Urban","Bangalore North",Dasanapura,Nagarur,Nagapura,0000373671,0000779454,126277,"Deep Tubewell","Ground Water",NA,"Near School",1998-1999,5.60000,5.28000,"20 Aug 1998","26 Jan 2001",2024-06-07
Karnataka,"Bengaluru Urban","Bangalore North",Kittanahalli,Bettahalli,Bettahalli,0000373721,0000556513,126302,"Deep Tubewell","Ground Water",NA,"Revival of MWS",2007-2008,3.70000,1.00000,"13 Mar 2008","10 Jul 2008",2024-06-07
Karnataka,"Bengaluru Urban","Bangalore North",Huskur,Syadamipalya,Sayadamipalya,0000373687,0000556541,126617,"Deep Tubewell","Ground Water",NA,"Revival of MWS",2007-2008,3.70000,3.70000,"12 Mar 2008","13 Aug 2008",2024-06-07
Karnataka,"Bengaluru Urban","Bangalore North",Sondekoppa,Hullegowdanahalli,Hullegowdanahalli,0000373727,0008209149,129807,"Deep Tubewell","Ground Water",NA,"Providing tap connection to 1 No. Anganawadi in Hullegowdanahalli village of Bangalore North Taluk and Bangalore Urban District through SVS",2020-2021,0.15000,0.14342,"20 Dec 2020","03 May 2023",2024-06-07
Karnataka,"Bengaluru Urban","Bangalore North",Kadabagere,Mahimmannanapalya,Mahimannanapalya,0000373761,0000556517,129899,"Deep Tubewell","Ground Water",NA,"Revival of MWS",2007-2008,3.70000,1.40000,"06 Mar 2008","10 Jun 2008",2024-06-07
Karnataka,"Bengaluru Urban","Bangalore North",Adakamaranahalli,Harokyathanahalli,Harokyathanahalli,0000373666,0000779479,133306,"Deep Tubewell","Ground Water",NA,"Village Limits",2000-2001,7.30000,7.20000,"04 Sep 2000","30 Mar 2002",2024-06-07
Karnataka,"Bengaluru Urban","Bangalore North",Kittanahalli,Averahalli,Avrahalli,0000373720,0001758590,1507702,"Deep Tubewell","Ground Water","Averahalli Colony","Near Colony",2008-2009,4.00000,1.31000,"10 Mar 2009","30 May 2010",2024-06-07
Karnataka,"Bengaluru Urban","Bangalore North",Lakshmipura,"K G Lakkenahalli","K G Lakkenahalli",0000373754,0008036239,1513215,"Deep Tubewell","Ground Water","Machohalli - KG Lakkenahalli road right side","10 Crore 220520 Revival of MWS  Drilling of 2 Nos. Borwells at K.G.Lakkenahalli village Lakshmipura GP Bangalore North Taluk",2020-2021,5.00000,4.93443,"17 Jul 2020","03 May 2023",2024-06-07
Karnataka,"Bengaluru Urban","Bangalore North",Alur,Thammenahalli,Thammenahalli,0000373700,0008023389,1513296,"Deep Tubewell","Ground Water","main road","10 Crore 220520 Revival of MWS  Re Drilling of Borwell at Thammenahalli village Alur GP Bangalore North Taluk",2020-2021,1.60000,1.59956,"09 Jul 2020","03 May 2023",2024-06-07
Karnataka,"Bengaluru Urban","Bangalore North",Kittanahalli,Devinanjayanapalya,"D Palya",0000373723,0001773839,1523711,"Deep Tubewell","Ground Water","Village Limits","Village Limits",2007-2008,3.70000,1.31000,"22 Nov 2008","31 Jul 2009",2024-06-07
Karnataka,"Bengaluru Urban","Bangalore North",Chikkabanawara,Chikkabanawara,Chikkabanawara,0000373644,0002600424,2405943,"Deep Tubewell","Ground Water","village limit","comunitu tarrafil units",2010-2011,1.04500,0.00000,"04 Nov 2010","29 Mar 2011",2024-06-07
Karnataka,"Bengaluru Urban","Bangalore North",Gopalapura,Gopalapura,Gopalapura,0000373769,0002601476,2407072,"Deep Tubewell","Ground Water","village limit","community tarrafil units",2010-2011,1.10000,0.00000,"04 Nov 2010","29 Mar 2011",2024-06-07
Karnataka,"Bengaluru Urban","Bangalore North",Madavara,Madavara,"Nandishwara Badavane",0001622925,0007406515,250120666,"Deep Tubewell","Ground Water","near colony","TFC190316 Drilling of Borewell at Nandeshwara Badawane Habitation, Chikkabidarakallu GP, Bangalore North Taluk",2016-2017,2.74000,0.00000,"12 Apr 2016","03 May 2023",2024-06-07
Karnataka,"Bengaluru Urban","Bangalore North",Madavara,Madavara,"Nandishwara Badavane",0001622925,0007406516,250120668,"Deep Tubewell","Ground Water","near colony","TFC190316 Drilling of Borewell at Nandeshwara Badawane Habitation, Chikkabidarakallu GP, Bangalore North Taluk",2016-2017,2.74000,2.74000,"12 Apr 2016","25 Aug 2016",2024-06-07
Karnataka,"Bengaluru Urban","Bangalore North",Huskur,Rampalya,Rampalya,0001622915,0007406563,250121327,"Deep Tubewell","Ground Water","village limit","TFC190316 Drilling of Borewell at Rampalya Habitation, Huskur GP, Bangalore North Taluk",2016-2017,2.42000,2.42000,"12 Apr 2016","25 Aug 2016",2024-06-07
Karnataka,"Bengaluru Urban","Bangalore North",Dasanapura,Nagarur,Nandaramiahanapalya,0000373673,0007406570,250121325,"Deep Tubewell","Ground Water","village limit","TFC190316 Drilling of Borewell at Nandaramaiahanapalya Habitation, Dasanapura GP, Bangalore North Taluk",2016-2017,2.31000,2.31000,"12 Apr 2016","25 Aug 2016",2024-06-07
Karnataka,"Bengaluru Urban","Bangalore North",Kachohalli,Chikkagollarahatti,"Chikkagollarahatti Jhc",0001622920,0007406587,250120751,"Deep Tubewell","Ground Water","village limit","TFC190316 Drilling of Borewell at Chikkagollarahatti Habitation, Kachohalli GP, Bangalore North Taluk",2016-2017,2.25000,2.24459,"12 Apr 2016","31 Mar 2017",2024-06-07
Karnataka,"Bengaluru Urban","Bangalore North",Gopalapura,Gopalapura,Gopalapura,0000373769,0007529162,250148018,"Deep Tubewell","Ground Water",&amp;nbsp;,"SCP Revival of MWS Scheme and House Hold Connection (HH 40) at Gopalapura Habitation Gopalapura G.P., Bangalore North Taluk",2016-2017,7.00000,6.68229,"25 Aug 2016","31 Mar 2018",2024-06-07
Karnataka,"Bengaluru Urban","Bangalore North",Chikkabanawara,Chikkabanawara,"Vinayaka Badavane",0001725158,0007529196,250146310,"Deep Tubewell","Ground Water","Village limit","SCP Revival of MWS Scheme at Vinayaka Badavane Habitation Chikkabanavara G.P., Bangalore North Taluk",2016-2017,6.00000,5.80868,"25 Aug 2016","31 Mar 2018",2024-06-07
Karnataka,"Bengaluru Urban","Bangalore North",Sondekoppa,"Baleveerana Halli","B Halli",0000373737,0007529243,250148652,"Deep Tubewell","Ground Water","Village limit","SCP Revival of MWS Scheme at B halli Habitation Sondekopa G.P., Bangalore North Taluk",2016-2017,10.00000,9.31852,"25 Aug 2016","31 Mar 2018",2024-06-07
Karnataka,"Bengaluru Urban","Bangalore North",Somashettihalli,"Kere Guddadahalli",Kereguddadahalli,0000373656,0007529436,250146034,"Deep Tubewell","Ground Water","Near M.I. Tank","SCP Revival of MWS Scheme and House Hold Connection (HH 40) at KEREGUDDADAHALLI Habitation ABBIGERE G.P., Bangalore North Taluk",2016-2017,16.00000,11.79612,"25 Aug 2016","31 Mar 2018",2024-06-07
Karnataka,"Bengaluru Urban","Bangalore North",Lakshmipura,Lakshmipura,Lakshmipura,0000373712,0006670289,250068075,"Deep Tubewell","Ground Water","Village limit","G Providing Piped Water Supply Scheme",2014-2015,25.00000,20.81454,"20 Sep 2014","31 Mar 2017",2024-06-07
Karnataka,"Bengaluru Urban","Bangalore North",Alur,Alur,Alur,0000373694,0006670360,250068126,"Deep Tubewell","Ground Water","Colony limit","G Individual House Connections",2014-2015,5.80000,5.58939,"20 Sep 2014","02 Mar 2017",2024-06-07
Karnataka,"Bengaluru Urban","Bangalore North",Kodigehalli,"Kodigehalli Harijana Colony","Kodigehalli Jhc",0000373625,0006670461,250068198,"Deep Tubewell","Ground Water","Colony limit","G Individual House Connections",2014-2015,3.20000,2.02049,"25 Sep 2014","31 Dec 2015",2024-06-07
Karnataka,"Bengaluru Urban","Bangalore North",Shrikantapura,Shrikantapura,Shrikantapur,0001725167,0006686137,250073571,"Deep Tubewell","Ground Water","Village limit","Drilling of Borewell",2014-2015,1.60000,1.59684,"19 Jul 2014","01 Mar 2015",2024-06-07
Karnataka,"Bengaluru Urban","Bangalore North",Madavara,Madavara,Madavara,0000373744,0006686146,250073575,"Deep Tubewell","Ground Water","Village limit","Drilling of Borewell",2014-2015,1.60000,1.57844,"19 Jul 2014","15 Jan 2015",2024-06-07
Karnataka,"Bengaluru Urban","Bangalore North",Gopalapura,Gopalapura,Gopalapura,0000373769,0006686163,250073584,"Deep Tubewell","Ground Water","Village limit","Drilling of Borewell",2014-2015,2.10000,2.09321,"19 Jul 2014","11 Aug 2014",2024-06-07
Karnataka,"Bengaluru Urban","Bangalore North",Huskur,Huskur,Huskur,0001622918,0006686199,250073597,"Deep Tubewell","Ground Water","Village limit","Drilling of Borewell",2014-2015,2.60000,2.53992,"19 Jul 2014","11 Aug 2014",2024-06-07
Karnataka,"Bengaluru Urban","Bangalore North",Huskur,Huskur,Huskur,0001622918,0006686209,250073604,"Deep Tubewell","Ground Water","Village limit","Redrilling of BW",2014-2015,0.70000,0.64350,"19 Jul 2014","11 Aug 2014",2024-06-07
Karnataka,"Bengaluru Urban","Bangalore North",Somashettihalli,Somashettihally,Somashettihally,0000373654,0006686342,250073668,"Deep Tubewell","Ground Water","Village limit","Drilling of Borewell",2014-2015,2.00000,1.74989,"19 Jul 2014","11 Aug 2014",2024-06-07
Karnataka,"Bengaluru Urban","Bangalore North",Dasanapura,Shivanapura,"Shivanapura Jhc",0000373676,0006686394,250073703,"Deep Tubewell","Ground Water","Colony limit","SCP Drilling of Borewell",2014-2015,2.00000,0.00000,"19 Jul 2014","20 Mar 2016",2024-06-07
Karnataka,"Bengaluru Urban","Bangalore North",Chikkabanawara,Chikkabanawara,Kallanakunte,0001725157,0007529595,250144923,"Deep Tubewell","Ground Water","Near roadside","G Revival of MWS Scheme at Kallanakunte Habitation Chikkabanavara G.P., Bangalore North Taluk",2016-2017,7.00000,6.14768,"25 Aug 2016","31 Mar 2018",2024-06-07
Karnataka,"Bengaluru Urban","Bangalore North",Dasanapura,Narayanappanapalya,Narayanappanapalya,0001622905,0007529686,250145017,"Deep Tubewell","Ground Water","Near roadside","G Revival of MWS Scheme Narayanappanapalya Habitation Dasanapura G.P., Bangalore North Taluk",2016-2017,6.00000,5.82741,"25 Aug 2016","31 Mar 2018",2024-06-07
Karnataka,"Bengaluru Urban","Bangalore North",Alur,Heggadedevanapura,Heggadedevanapura,0000373697,0007529725,250146092,"Deep Tubewell","Ground Water",NA,"G Revival of MWS Scheme at Heggadevanapur  Habitation Alur G.P., Bangalore North Taluk",2016-2017,6.00000,4.99231,"25 Aug 2016","31 Mar 2018",2024-06-07
Karnataka,"Bengaluru Urban","Bangalore North",Lakshmipura,Gangondanahalli,Shanthinagar,0001622922,0007529743,250148436,"Deep Tubewell","Ground Water","Viilage Limits","G Revival of MWS Scheme at Shanthinagar Habitation Madavara G.P., Bangalore North Taluk",2016-2017,7.00000,6.33843,"25 Aug 2016","31 Mar 2018",2024-06-07
Karnataka,"Bengaluru Urban","Bangalore North",Shrikantapura,Totadaguddadahalli,"Kumaraswamy Badavane",0001725169,0007529800,250148456,"Deep Tubewell","Ground Water","Village limit","G Revival of MWS Scheme at Kumaraswamy Badavane Habitation Madavara G.P., Bangalore North Taluk",2016-2017,18.00000,20.00224,"25 Aug 2016","31 Dec 2018",2024-06-07
Karnataka,"Bengaluru Urban","Bangalore North",Alur,Alur,"Alur Palya",0000373695,0007529832,250146080,"Deep Tubewell","Ground Water","Village Limit","G Revival of MWS Scheme Alur Palya Habitation Alur G.P., Bangalore North Taluk",2016-2017,7.00000,7.10427,"25 Aug 2016","31 Mar 2018",2024-06-07
Karnataka,"Bengaluru Urban","Bangalore North",Sondekoppa,Hunnigere,Hunnigere,0000373738,0007529835,250148713,"Deep Tubewell","Ground Water","Colony (Right side of the road)","G Revival of MWS Scheme Hunnigere Habitation Sondekopa G.P., Bangalore North Taluk",2016-2017,6.00000,5.83633,"25 Aug 2016","30 Nov 2017",2024-06-07
Karnataka,"Bengaluru Urban","Bangalore North",Chikkabanawara,Chikkabanawara,"Nandeeshwara Badavane",0001725159,0007530112,250145487,"Deep Tubewell","Ground Water","Near roadside","G Revival of MWS Scheme at Nandeeshwara Badavane Habitation Chikkabanavara G.P., Bangalore North Taluk",2016-2017,7.00000,6.62400,"25 Aug 2016","31 Mar 2018",2024-06-07
Karnataka,"Bengaluru Urban","Bangalore North",Shrikantapura,Totadaguddadahalli,Totadaguddadahalli,0000373749,0007006177,250084526,"Deep Tubewell","Ground Water","Near Gundu Thopu","G TFC050515 Drilling of Borewell with Electrification at Thotadaguddadahalli Habitation, Madavara G.P",2015-2016,2.76000,2.25742,"21 Jul 2015","31 Mar 2015",2024-06-07
Karnataka,"Bengaluru Urban","Bangalore North",Gopalapura,Gopalapura,Gopalapura,0000373769,0007150089,3786812,"Deep Tubewell","Ground Water","BW- Near Colony - Sa. No. 033/2","SCP Drilling of BW,Errection of Pumpset with Pipe line and Energisation",2015-2016,7.00000,0.00000,"25 Oct 2015","31 Mar 2016",2024-06-07
Karnataka,"Bengaluru Urban","Bangalore North",Huskur,Kodipalya,Kodipalya,0000373678,0007150843,250034634,"Deep Tubewell","Ground Water","Village  limit","SCP Drilling of BW,Errection of Pumpset with Pipe line and Energisation",2015-2016,7.00000,0.00000,"25 Oct 2015","31 Mar 2016",2024-06-07
Karnataka,"Bengaluru Urban","Bangalore North",Chikkabidarakallu,Chikkabidarakallu,Chikkabidarakallu,0001725168,0006849604,250075961,"Deep Tubewell","Ground Water",NA,"G TFC 20.10.2014 Drilling of Borewell 3 in Chikkabidarakallu habitation",2014-2015,5.90000,3.87580,"10 Dec 2014","31 Mar 2019",2024-06-07
Karnataka,"Bengaluru Urban","Bangalore North",Alur,Alur,Alur,0000373694,0006849643,250075991,"Deep Tubewell","Ground Water",Hanumantegowdanapalya,"G TFC 20.10.2014 Drilling of Borewell Hanumantegowdanapalya in alur habitaition",2014-2015,2.00000,1.98850,"10 Dec 2014","17 May 2017",2024-06-07
Karnataka,"Bengaluru Urban","Bangalore North",Sondekoppa,Sondekoppa,Sondekoppa,0000373739,0006849662,250076010,"Deep Tubewell","Ground Water",Giriyappanapalya,"G TFC 20.10.2014 Drilling of Borewell Giriyappanapalya in Sondekoppa habitation",2014-2015,2.00000,1.75387,"10 Dec 2014","01 Aug 2015",2024-06-07
Karnataka,"Bengaluru Urban","Bangalore North",Chikkabidarakallu,Chikkabidarakallu,Chikkabidarakallu,0001725168,0006942292,250080144,"Deep Tubewell","Ground Water","New layout","G TFC130315 Drilling of Borewell at Chikkabidarakallu Habitation,Madawara GP, Bangalore North Taluk.",2014-2015,2.25000,0.00010,"20 Apr 2015","31 Mar 2019",2024-06-07
Karnataka,"Bengaluru Urban","Bangalore North",Alur,Thammenahalli,Thammenahalli,0000373700,0007879165,250265704,"Deep Tubewell","Ground Water","Village Limit","TFC 241218 Drilling of Borewell at Thammenahalli  village Aluru GP",2018-2019,3.00000,3.00000,"28 Feb 2019","31 May 2019",2024-06-07
Karnataka,"Bengaluru Urban","Bangalore North",Siddanahosahalli,Siddanahosahalli,Siddanahosahalli,0000373707,0007880264,250266032,"Deep Tubewell","Ground Water",Aralikatte,"TFC241218 Drilling of Borewell at Hosapalya Habitation Chollanayakanahalli GP Bangalore South Taluk",2018-2019,2.50000,2.49320,"15 Feb 2019","31 Mar 2019",2024-06-07
Karnataka,"Bengaluru Urban","Bangalore North",Kachohalli,Kachohalli,Kachohalli,0000373763,0007906841,250277386,"Deep Tubewell","Ground Water","Village Limit","SCP and TSP combined Revival of PWS Drilling of Borwell, Providing Pump Motor, Pipeline and Electrical Work, Kachohalli Village and GP, Bangalore North Taluk.",2019-2020,12.00000,10.69821,"20 Oct 2019","03 May 2023",2024-06-07
Karnataka,"Bengaluru Urban","Bangalore North",Somashettihalli,Lakshmipura,Lakshmipura,0000373655,0007906949,250277501,"Deep Tubewell","Ground Water","Towards Village Limits","SCP Revival of MWS Drilling of Borewell at Lakshmipura Village and Somashettihalli GP, Bangalore North Taluk.",2019-2020,3.00000,2.49632,"30 Oct 2019","03 May 2023",2024-06-07
Karnataka,"Bengaluru Urban","Bangalore North",Chikkabanawara,Chikkabanawara,Ganapatinagara,0001725160,0007906962,250277514,"Deep Tubewell","Ground Water","Village limit","SCP Revival of PWS Drilling of Borewell at Ganapathinagara Village, Chikkabanavara GP, Bangalore North Taluk.",2019-2020,3.00000,2.99503,"30 Oct 2019","03 May 2023",2024-06-07
Karnataka,"Bengaluru Urban","Bangalore North",Madavara,"Bylappana Palya",Byallappnapalya,0000373745,0007909271,250280005,"Deep Tubewell","Ground Water","Colony Limit","G Revival of PWS Drilling of Borwell and Pump Motor at Bylappanapalya Village, Madavara GP, Bangalore North Taluk.",2019-2020,6.50000,5.62285,"30 Oct 2019","03 May 2023",2024-06-07
Karnataka,"Bengaluru Urban","Bangalore North",Shrikantapura,Shrikantapura,Shrikantapur,0001725167,0007909283,250280018,"Deep Tubewell","Ground Water","Village Main Road","G Revival of PWS Drilling of 2 Nos. of Borwell and Pump Motor at Anchepalya Village, Srikantapura GP, Bangalore North Taluk.",2019-2020,8.00000,7.75624,"20 Nov 2019","03 May 2023",2024-06-07
Karnataka,"Bengaluru Urban","Bangalore North",Siddanahosahalli,Siddanahosahalli,Siddanahosahalli,0000373707,0007914103,250284274,"Deep Tubewell","Ground Water",Aralikatte,"SCP Revival  of MWS drilling of borewell ,pump motor scheme at Hosapalya Habitation,Cholanayakanahalli G.P, Bangalore South Taluk",2019-2020,7.50000,0.00000,"02 Oct 2019","03 May 2023",2024-06-07
Karnataka,"Bengaluru Urban","Bangalore North",Machohalli,Bylakonenahalli,Bylakonenahalli,0001803619,0007953067,250246415,"Deep Tubewell","Ground Water","village limit","TFC CEO 080319 Drilling of Borewell at Bylakonenahalli Village in Machohalli Gram Panchayath at Bangalore North Taluk",2019-2020,1.85000,1.81529,"16 Mar 2019","03 May 2023",2024-06-07
Karnataka,"Bengaluru Urban","Bangalore North",Machohalli,Bylakonenahalli,Bylakonenahalli,0001803619,0008020463,250246415,"Deep Tubewell","Ground Water","village limit","CAP 2 Drilling of Borewell in Bylakonenahalli Village, Machohalli Grama Panchayath, Yelahanka Taluk.",2020-2021,3.00000,2.99484,"08 Jun 2020","31 Aug 2020",2024-06-07
Karnataka,"Bengaluru Urban","Bangalore North",Lakshmipura,Lakshmipura,Lakshmipura,0000373712,0008202184,250244545,"Deep Tubewell","Ground Water",&amp;amp;amp;amp;nbsp;,"Providing tap connection to 1 No. Anganawadi in Lakshmipura 2 village of Bangalore North Taluk And Bangalore Urban District through SVS",2020-2021,0.15000,0.00000,"04 Dec 2020","03 May 2023",2024-06-07
Karnataka,"Bengaluru Urban","Bangalore North",Machohalli,Bylakonenahalli,Bylakonenahalli,0001803619,0008202188,250246415,"Deep Tubewell","Ground Water","village limit","Providing tap connection to 1 No. Anganawadi in Bylakonenahalli village of Bangalore North Taluk And Bangalore Urban District through SVS",2020-2021,0.14000,0.14000,"04 Dec 2020","03 May 2023",2024-06-07
Karnataka,"Bengaluru Urban","Bangalore North",Lakshmipura,Lakshmipura,Lakshmipura,0000373712,0008221808,250244545,"Deep Tubewell","Ground Water",&amp;amp;amp;amp;nbsp;,"Providing tap connection to Anganwadi at Lakshmipura 2 Village Lakshmipura GP Bangalore North Taluk",2020-2021,0.15000,0.14684,"17 Dec 2020","03 May 2023",2024-06-07
Karnataka,"Bengaluru Urban","Bangalore North",Kittanahalli,Gowdahalli,Gowdahalli,0000373714,0007849911,250243927,"Deep Tubewell","Ground Water","Towards Village Limits","G Providing Piped water Supply Scheme(Construction of OHT) Gowdahalli village Kittanahalli Gp, Bangalore North Tq.",2018-2019,10.00000,9.97843,"10 Oct 2018","03 May 2023",2024-06-07
Karnataka,"Bengaluru Urban","Bangalore North",Madanayakanahalli,Madanayakanahalli,"Hanumanthe Gowdana Palya",0000373706,0007850474,250244504,"Deep Tubewell","Ground Water","Road Side","G   Revival of MWS Scheme Hanumanthe Gowdana Palya village",2018-2019,5.00000,4.97778,"05 Sep 2018","31 Oct 2019",2024-06-07
Karnataka,"Bengaluru Urban","Bangalore North",Chikkabidarakallu,Chikkabidarakallu,Chikkabidarakallu,0001725168,0007850508,250244536,"Deep Tubewell","Ground Water","New layout","G  Revival of PWS Scheme Chikkabidarakallu village",2018-2019,5.00000,4.96429,"05 Sep 2018","31 Oct 2019",2024-06-07
Karnataka,"Bengaluru Urban","Bangalore North",Alur,Thammenahalli,"Thammenahalli Jhc",0000373701,0007850562,250244595,"Deep Tubewell","Ground Water","village limit","G Revival of MWS Scheme  Thammenahalli village",2018-2019,2.00000,1.98894,"05 Sep 2018","31 Mar 2019",2024-06-07
Karnataka,"Bengaluru Urban","Bangalore North",Chikkabanawara,Chikkabanawara,Chikkabanawara,0000373644,0007850614,250244654,"Deep Tubewell","Ground Water","Village limit","G Revival of MWS Scheme Chikkabanavara  village",2018-2019,2.00000,1.99135,"05 Sep 2018","31 Mar 2019",2024-06-07
Karnataka,"Bengaluru Urban","Bangalore North",Kachohalli,Kachohalli,Kachohalli,0000373763,0007850672,250244722,"Deep Tubewell","Ground Water","Village limit","G Revival of MWS  Scheme Kachohalli village",2018-2019,5.00000,4.98271,"11 Oct 2018","31 Jul 2019",2024-06-07
Karnataka,"Bengaluru Urban","Bangalore North",Machohalli,Bylakonenahalli,Bylakonenahalli,0001803619,0007852552,250246415,"Deep Tubewell","Ground Water","village limit","G revival of mws scheme at bylakonenahally village machohally Gp bangalore north taluk bangalore urban dist",2018-2019,2.50000,2.49413,"12 Oct 2018","31 Mar 2019",2024-06-07
Karnataka,"Bengaluru Urban","Bangalore North",Madanayakanahalli,Madanayakanahalli,Madanayakanahalli,0000373703,0007852812,250246672,"Deep Tubewell","Ground Water",Hosabadavane,"TFC NAC 2018 Re Drilling of  Borewell (1 No) Drilling of Borewell (2 Nos) for Revival of Water Supply Scheme at Madanayakanahalli Village.",2018-2019,5.80000,5.79402,"23 Oct 2018","31 Mar 2019",2024-06-07
Karnataka,"Bengaluru Urban","Bangalore North",Alur,Alur,Alur,0000373694,0007852849,250246710,"Deep Tubewell","Ground Water",NA,"TFC NAC 2018 Drilling of Borewell (1 No), laying of  Pipe line And Erection of Pump Motor And Electrification for Revival of  Water Supply Scheme at Aluru Village",2018-2019,7.55000,1.54844,"23 Oct 2018","31 Oct 2019",2024-06-07
Karnataka,"Bengaluru Urban","Bangalore North",Madanayakanahalli,Madanayakanahalli,Madanayakanahalli,0000373703,0007853372,250247006,"Deep Tubewell","Ground Water",Hosabadavane,"TFC CEO 060418 Drilling of Borewell (1 No) for Revival of Water Supply Scheme at Madanayakanahalli village Madanayakanahalli  GP",2018-2019,2.50000,2.49366,"26 Oct 2018","30 Nov 2019",2024-06-07
Karnataka,"Bengaluru Urban","Bangalore North",Shrikantapura,Totadaguddadahalli,Totadaguddadahalli,0000373749,0007868000,250260127,"Deep Tubewell","Ground Water","Village limit","TFC S Drilling of borewell at Thotadaguddadahalli (Hosa Badavane)Village , Srikatnapura GP  North tq.",2018-2019,2.42000,0.00000,"25 Jan 2019","03 May 2023",2024-06-07
Karnataka,"Bengaluru Urban","Bangalore North",Dasanapura,Gejjagadahalli,Gajadahalli,0000373669,0007530133,250147594,"Deep Tubewell","Ground Water","Towards Main Road","G Revival of PWS Scheme at Gajadahalli Habitation ,Dasanapura G.P., Bangalore North Taluk",2016-2017,10.00000,9.60205,"25 Aug 2016","31 Mar 2018",2024-06-07
Karnataka,"Bengaluru Urban","Bangalore North",Lakshmipura,Lakshmipura,Lakshmipura,0000373712,0007530184,250148413,"Deep Tubewell","Ground Water",&amp;amp;nbsp;,"G Revival of MWS Scheme at Lakxhmipura Colony Habitation Madanayakanahalli G.P., Bangalore North Taluk",2016-2017,10.00000,9.43832,"25 Aug 2016","31 Dec 2018",2024-06-07
Karnataka,"Bengaluru Urban","Bangalore North",Huskur,Bettanagere,Bettanagere,0000373686,0007530188,250148088,"Deep Tubewell","Ground Water",&amp;nbsp;,"G Revival of MWS Scheme at Bettanagere Habitation Huskur G.P., Bangalore North Taluk",2016-2017,7.66000,7.71829,"25 Aug 2016","31 Mar 2018",2024-06-07
Karnataka,"Bengaluru Urban","Bangalore North",Gopalapura,Kukkanahalli,Kukkanahalli,0000373771,0007530214,5179760,"Deep Tubewell","Ground Water","Village limit","G Providing Water supply to School Kukkanahalli Habitation Gopalapura G.P., Bangalore North Taluk",2016-2017,1.00000,0.98268,"25 Aug 2016","31 Mar 2019",2024-06-07
Karnataka,"Bengaluru Urban","Bangalore North",Dasanapura,Dasanapura,Dyamannapalya,0000373661,0007530592,250145943,"Deep Tubewell","Ground Water","Village limit","G Revival of MWS Scheme at Dyamanapalya Habitation, in Dasanapura G.P., Bangalore North Taluk",2016-2017,7.00000,3.38436,"25 Aug 2016","31 Mar 2018",2024-06-07
Karnataka,"Bengaluru Urban","Bangalore North",Kodigehalli,Seegehalli,Seegehalli,0000373623,0007915702,250285117,"Deep Tubewell","Ground Water",NA,"G Revival of PWS Providing pipe line at Seegehalli Habitation (SSR Layout, Kodigehalli) G.P, Bangalore North Taluk",2019-2020,1.00000,0.98897,"08 Oct 2019","31 Jul 2020",2024-06-07
Karnataka,"Bengaluru Urban","Bangalore North",Kodigehalli,Kannahalli,Kannahalli,0000373620,0007915705,250285120,"Deep Tubewell","Ground Water",&amp;amp;amp;nbsp;,"G Revival of PWS  Drilling of borewell,pump motor,Pipelineelectrical at Kannahalli (veershaiva samshan) Habitation Kodigehalli G.P, Bangalore North Taluk",2019-2020,5.00000,4.99740,"08 Oct 2019","03 May 2023",2024-06-07
Karnataka,"Bengaluru Urban","Bangalore North",Dasanapura,Dasanapura,Dasanapura,0000373660,0007981425,4795022,"Deep Tubewell","Ground Water","Village Limit","One time Settlement of energisation charges bill in BESCOM Nelamangala Sub Division Bangalore North Taluk",2019-2020,16.87772,16.87772,"15 Oct 2019","31 Mar 2020",2024-06-07
Karnataka,"Bengaluru Urban","Bangalore North",Alur,Heggadedevanapura,Heggadedevanapura,0000373697,0008235399,250145061,"Deep Tubewell","Ground Water","Near Tank bed","15 crore 04022021 Drilling of Borewell at  Heggadadevanapura village  Aluru GP Bangalore North Taluk.",2020-2021,2.00000,1.93136,"07 Feb 2021","03 May 2023",2024-06-07
Karnataka,"Bengaluru Urban","Bangalore North",Chikkabanawara,Chikkabanawara,Chikkabanawara,0000373644,0008235590,250068083,"Deep Tubewell","Ground Water","Village limit","15 crore 04022021 Providing Panel Board Pump Motor and pipeline work at Nandeeshwara Nagara village Chikkabanavara GP Bangalore North Taluk",2020-2021,4.50000,4.04283,"14 Feb 2021","03 May 2023",2024-06-07
Karnataka,"Bengaluru Urban","Bangalore North",Chikkabanawara,Chikkabanawara,Dasappanapalya,0000373647,0008235612,250146263,"Deep Tubewell","Ground Water","Village limit","15 crore 04022021 Providing Panel Board Pump Motor and pipeline work at Dappanapalya (Sandyanagara) at Chikkabanavara G.P  Bangalore North Taluk",2020-2021,4.50000,4.03263,"18 Feb 2021","03 May 2023",2024-06-07
Karnataka,"Bengaluru Urban","Bangalore North",Chikkabanawara,Chikkabanawara,Dasappanapalya,0000373647,0008235619,250144557,"Deep Tubewell","Ground Water","Near roadside","15 crore 04022021 Drilling of Borewell Dasappanapalya (Sandyanagara)  Dappanapalya (Sandyanagara) at Chikkabanavara GP Bangalore North Taluk.",2020-2021,3.00000,1.54290,"10 Feb 2021","03 May 2023",2024-06-07
Karnataka,"Bengaluru Urban","Bangalore North",Somashettihalli,Lakshmipura,Lakshmipura,0000373655,0008022236,250068122,"Deep Tubewell","Ground Water","Colony limit","10 Crore 220520 Revival of PWS  Providing Pump Motar and Pipeline work to Existing Borewell at Lakshmipura village Somashettihalli GP Bangalore North Taluk",2020-2021,4.80000,4.39661,"24 Jun 2020","03 May 2023",2024-06-07
Karnataka,"Bengaluru Urban","Bangalore North",Chikkabanawara,Chikkabanawara,Ganapatinagara,0001725160,0008022313,5179804,"Deep Tubewell","Ground Water","Village limit","10 Crore 220520 Revival of PWS  Drilling of Borwell and Pump Motar work at Ganapathinagara (Raghavendra Badavane) village Chikkabanavara GP Bangalore North Taluk",2020-2021,4.95000,4.86715,"07 Jun 2020","03 May 2023",2024-06-07
Karnataka,"Bengaluru Urban","Bangalore North",Chikkabanawara,Chikkabanawara,Chikkabanawara,0000373644,0008022406,5179810,"Deep Tubewell","Ground Water","Village limit","10 Crore 220520 Revival of PWS  Drilling of Borwell Near School BIAT And Chikkabanavara village  Chikkabanavara GP Bangalore North Taluk",2020-2021,3.00000,3.17786,"09 Jun 2020","03 May 2023",2024-06-07
Karnataka,"Bengaluru Urban","Bangalore North",Chikkabanawara,Chikkabanawara,Chikkabanawara,0000373644,0008022412,5179811,"Deep Tubewell","Ground Water","Jindalnagara 3rd Block","10 Crore 220520 Revival of PWS  Providing Pump Motar Near BIAT at Chikkabanavara village Chikkabanavara GP Bangalore North Taluk",2020-2021,3.50000,3.19420,"16 Jun 2020","03 May 2023",2024-06-07
Karnataka,"Bengaluru Urban","Bangalore North",Huskur,Honnasandra,Honnasandra,0001622912,0008023370,5179743,"Deep Tubewell","Ground Water","Honnasandra Cross","10 Crore 220520 Revival of PWS  Drilling of Borwell at Honnasandra village Huskur GP Bangalore North Taluk",2020-2021,2.40000,2.30854,"30 Jun 2020","03 May 2023",2024-06-07
Karnataka,"Bengaluru Urban","Bangalore North",Lakshmipura,Lakshmipura,Lakshmipura,0000373712,0008036211,250068075,"Deep Tubewell","Ground Water","Village limit","10 Crore 220520 Revival of PWS  Drilling of 2 Borwells at Lakshmipura village Lakshmipura GP Bangalore North Taluk",2020-2021,5.00000,4.85543,"17 Jul 2020","03 May 2023",2024-06-07
Karnataka,"Bengaluru Urban","Bangalore North",Kachohalli,Chikkagollarahatti,"Chikkagollarahatti Jhc",0001622920,0008037453,5447635,"Deep Tubewell","Ground Water","Village limit","10 Crore 220520 Revival of MWS  Drilling of Borwell and Providing Pump Motar at Chikkagollarahatti village Kachohalli GP Bangalore North Taluk",2020-2021,5.00000,4.90926,"21 Jul 2020","03 May 2023",2024-06-07
Karnataka,"Bengaluru Urban","Bangalore North",Kodigehalli,Kodigehalli,Kodigenahalli,0000373624,0008068061,250148389,"Deep Tubewell","Ground Water","BW- Near temple at Gyana shakthi badavane (Sa. No. 3/1-2)","10crore Revival of PWS scheme, Providing Pump Motor at hosahalli village, kodigehalli GP, banglore north Taluk10crore Revival of PWS scheme, Providing Pump Motor at Shanubhoganahalli village, Bannerughatta GP, Anekal Taluk10crore Revival of PWS schem",2020-2021,5.00000,4.80680,"16 Jun 2020","03 May 2023",2024-06-07
Karnataka,"Bengaluru Urban","Bangalore North",Alur,Alur,"Alur Palya",0000373695,0008201504,250146080,"Deep Tubewell","Ground Water","Village Limit","Providing tap connection to 1 No. Anganawadi in Aluru palya village of Bangalore North Taluk and Bangalore Urban District through SVS",2020-2021,0.14500,0.14342,"17 Dec 2020","03 May 2023",2024-06-07
Karnataka,"Bengaluru Urban","Bangalore North",Chikkabidarakallu,Chikkabidarakallu,Chikkabidarakallu,0001725168,0007574480,250170983,"Deep Tubewell","Ground Water","Village limit","TFC221116 Drilling of Borewell at Chikkabidarakallu  Village and  Chikkabidarakallu    G.P Bangalore North Taluk Urban dist.(2No BW )",2016-2017,4.60000,2.35705,"15 Jan 2017","31 Mar 2018",2024-06-07
Karnataka,"Bengaluru Urban","Bangalore North",Kachohalli,Kachohalli,"Kachohalli J H C",0000373764,0007574565,250171012,"Deep Tubewell","Ground Water","Village limit","TFC221116 Drilling of Borewell at Chikkagollarahatii Village, Kachohalli   G.P Bangalore North Taluk Urban dist.",2016-2017,2.30000,0.00000,"15 Jan 2017","31 Mar 2018",2024-06-07
Karnataka,"Bengaluru Urban","Bangalore North",Kittanahalli,Ravatanahalli,Arthipalya,0000373719,0007574658,250171050,"Deep Tubewell","Ground Water","village limit","TFC221116 Drilling of borewell at Arthipalya Habitation  Kittanahalli GP Bangalore North Taluk",2016-2017,2.30000,2.29580,"15 Jan 2017","31 Mar 2018",2024-06-07
Karnataka,"Bengaluru Urban","Bangalore North",Alur,Thammenahalli,Thammenahalli,0000373700,0007574962,250171254,"Deep Tubewell","Ground Water","Village limit","TFC221116 Drilling of Borewell at Thammenahalli Village and Aluru  G.P Bangalore North Taluk Urban dist.",2016-2017,2.25000,2.24850,"15 Jan 2017","28 Feb 2018",2024-06-07
Karnataka,"Bengaluru Urban","Bangalore North",Lakshmipura,"K G Lakkenahalli","K G Lakkenahalli",0000373754,0007637307,250185495,"Deep Tubewell","Ground Water","Road Side","TFC220217 Drilling of Borewell at K.G. Lakkenahalli Habitation, Lakshmipura GP, Bangalore North Taluk",2016-2017,2.20000,2.44041,"05 May 2017","31 Mar 2019",2024-06-07
Karnataka,"Bengaluru Urban","Bangalore North",Lakshmipura,"K G Lakkenahalli","K G Lakkenahalli",0000373754,0007705097,250196449,"Deep Tubewell","Ground Water","Village limit","TFC170417 Drilling of Borewell at K.G Lakkenahalli Habitation, Lakshmipura GP, Bangalore North Taluk",2017-2018,2.40000,2.39839,"10 Jul 2017","31 Mar 2019",2024-06-07
Karnataka,"Bengaluru Urban","Bangalore North",Alur,Kuduragere,"Kuduragere J H C",0000373699,0007705121,250196450,"Deep Tubewell","Ground Water","Colony Road","TFC170417 Drilling of Borewell at Kuduregere Colony Habitation, Alur  GP, Bangalore North Taluk",2017-2018,1.90000,1.89602,"10 Jul 2017","31 Mar 2019",2024-06-07
Karnataka,"Bengaluru Urban","Bangalore North",Kachohalli,Chikkagollarahatti,"Chikkagollarahatti Jhc",0001622920,0007706221,250196536,"Deep Tubewell","Ground Water","Towards Village Limits","TFC170417 Drilling of Borewell at Chikkagollarahatti Habitation, Kodigehalli GP, Bangalore North Taluk",2017-2018,2.00000,0.00010,"10 Jul 2017","31 Mar 2019",2024-06-07
Karnataka,"Bengaluru Urban","Bangalore North",Chikkabidarakallu,Chikkabidarakallu,Chikkabidarakallu,0001725168,0008201706,250075961,"Deep Tubewell","Ground Water",NA,"Providing tap connection to 1 No. Anganawadi in Chikkabidarakallu 2 village of Bangalore North Taluk and Bangalore Urban District through SVS",2020-2021,0.13500,0.13500,"18 Dec 2020","03 May 2023",2024-06-07
Karnataka,"Bengaluru Urban","Bangalore North",Dasanapura,Nagarur,Marappanapalya,0000373672,0008201989,250034592,"Deep Tubewell","Ground Water","Village  limit","Providing tap connection to 1 No. Anganawadi in Nagaruru village of Bangalore North Taluk and Bangalore Urban District through SVS",2020-2021,0.15000,0.00000,"18 Dec 2020","03 May 2023",2024-06-07
Karnataka,"Bengaluru Urban","Bangalore North",Kadabagere,Kadabagere,Kadabagere,0000373758,0008202002,250006740,"Deep Tubewell","Ground Water","Village limit","Providing tap connection to 1 No. Anganawadi in Kadabagere village of Bangalore North Taluk And Bangalore Urban District through SVS",2020-2021,0.15000,0.14526,"04 Dec 2020","03 May 2023",2024-06-07
Karnataka,"Bengaluru Urban","Bangalore North",Lakshmipura,Kammasandra,Kammasandra,0000373710,0008202168,5619424,"Deep Tubewell","Ground Water","Village limit","Providing tap connection to 1 No. Anganawadi in Kammasandra village of Bangalore North Taluk And Bangalore Urban District through SVS",2020-2021,0.15000,0.14684,"04 Dec 2020","03 May 2023",2024-06-07
Karnataka,"Bengaluru Urban","Bangalore North",Gopalapura,Kukkanahalli,Kukkanahalli,0000373771,0008208362,5179760,"Deep Tubewell","Ground Water","Village limit","Providing tap connection to 1 No. Anganawadi in Kukkanahalli village of Bangalore North Taluk and Bangalore Urban District through SVS",2020-2021,0.15000,0.14342,"27 Dec 2020","03 May 2023",2024-06-07
Karnataka,"Bengaluru Urban","Bangalore North",Kadabagere,Kadabagere,Kadabagere,0000373758,0008235744,250006740,"Deep Tubewell","Ground Water","Village limit","15 crore 04022021 Drilling of Borewell at Janapriaya Layout habitation ,Kadabagere village Kadabagere GP Bangalore North Taluk.",2020-2021,2.10000,2.02065,"11 Feb 2021","03 May 2023",2024-06-07
Karnataka,"Bengaluru Urban","Bangalore North",Kadabagere,Kadabagere,Arkavathinagar,0000373759,0008235781,250148135,"Deep Tubewell","Ground Water",&amp;amp;nbsp;,"15 crore 04022021 Providing Panel Board, Pump Motor and pipeline work at Arkavathi Nagara H, Kadabagere village Kadabagere G.P, Bangalore North Taluk.",2020-2021,5.00000,4.61756,"08 Feb 2021","03 May 2023",2024-06-07
Karnataka,"Bengaluru Urban","Bangalore North",Machohalli,Machohalli,"Machohalli J H C",0000373767,0008235798,250008541,"Deep Tubewell","Ground Water","Village limit","15 crore 04022021 Drilling of Borewell and Providing Panel Board, Pump Motor and pipeline work at Machohalli  H, Machohalli village Machohalli GP Bangalore North Taluk.",2020-2021,5.00000,3.06667,"14 Feb 2021","03 May 2023",2024-06-07
Karnataka,"Bengaluru Urban","Bangalore North",Kittanahalli,Gowdahalli,Gowdahalli,0000373714,0008235841,3781941,"Deep Tubewell","Ground Water","Towards Village Limits","15 crore 04022021 Drilling of Borewell and Providing Panel Board, Pump Motor at Gowdahalli village Kittanahalli G.P Bangalore North Taluk.",2020-2021,5.00000,4.35602,"12 Feb 2021","03 May 2023",2024-06-07
Karnataka,"Bengaluru Urban","Bangalore North",Shrikantapura,Totadaguddadahalli,Totadaguddadahalli,0000373749,0008235855,250007830,"Deep Tubewell","Ground Water","Village limit","15 crore 04022021 Drilling of 2 No.s Borewell At Thotadaguddahalli village Srikantapura G.P, Bangalore North Taluk.",2020-2021,5.50000,5.37720,"10 Feb 2021","03 May 2023",2024-06-07
Karnataka,"Bengaluru Urban","Bangalore North",Shrikantapura,Shrikantapura,Shrikantapur,0001725167,0008235861,4796845,"Deep Tubewell","Ground Water","Towards Main Road","15 crore 04022021 Drilling of Borewell and Providing Panel Board, Pump Motor at Srikantapura  village Srikantapura G.P  Bangalore North Taluk.",2020-2021,5.00000,4.51482,"14 Feb 2021","03 May 2023",2024-06-07
Karnataka,"Bengaluru Urban","Bangalore North",Lakshmipura,Lakshmipura,Lakshmipura,0000373712,0008374889,250068075,"Deep Tubewell","Ground Water","Village limit","One time Settlement of energisation charges bill in BESCOM Nelamangal Sub Division Bangalore North Taluk",2020-2021,7.66600,7.66591,"11 Jan 2021","03 May 2023",2024-06-07
Karnataka,"Bengaluru Urban","Bangalore North",Somashettihalli,Ganigarahalli,Ganigarahalli,0000373652,0007542196,250155652,"Deep Tubewell","Ground Water","Village limit","G revival of MWS scheme at Ganigarahalli Habitation, Somashettihalli G.P, Bangalore North Taluk",2016-2017,7.00000,5.89194,"01 Sep 2016","03 May 2023",2024-06-07
Karnataka,"Bengaluru Urban","Bangalore North",Dasanapura,Gejjagadahalli,"Gejjagadahalli Jhc",0000373670,0003901909,3769962,"Deep Tubewell","Ground Water","Towards Village Limits","Revival of MWS",2011-2012,6.00000,0.00000,"20 Aug 2011","25 Jan 2012",2024-06-07
Karnataka,"Bengaluru Urban","Bangalore North",Adakamaranahalli,Harokyathanahalli,Kodipalya,0000373667,0003902148,3770215,"Deep Tubewell","Ground Water","Towards Main Road","Revival of MWS",2011-2012,5.50000,0.00000,"22 Aug 2011","25 Jan 2012",2024-06-07
Karnataka,"Bengaluru Urban","Bangalore North",Dasanapura,Nagarur,Marappanapalya,0000373672,0003902230,3770301,"Deep Tubewell","Ground Water","Road Side","Revival of MWS",2011-2012,6.00000,0.00000,"22 Aug 2011","26 Jan 2012",2024-06-07
Karnataka,"Bengaluru Urban","Bangalore North",Dasanapura,Nagarur,Nandaramiahanapalya,0000373673,0003902281,3770357,"Deep Tubewell","Ground Water","Road Side","Revival of MWS",2011-2012,6.00000,0.00000,"26 Aug 2011","30 Jan 2012",2024-06-07
Karnataka,"Bengaluru Urban","Bangalore North",Huskur,Huchnapalya,Huchnapalya,0000373689,0003908354,3776702,"Deep Tubewell","Ground Water","Towards VillageLimits","Revival of MWS",2011-2012,5.50000,0.00000,"21 Aug 2011","25 Jan 2012",2024-06-07
Karnataka,"Bengaluru Urban","Bangalore North",Huskur,Vaderahalli,Vaderahalli,0000373683,0003913159,3781569,"Deep Tubewell","Ground Water","Road Side","Revival of PWS",2011-2012,6.00000,0.00000,"22 Aug 2011","28 Jan 2012",2024-06-07
Karnataka,"Bengaluru Urban","Bangalore North",Kodigehalli,Manganahalli,Manganahalli,0000373616,0005511314,5447605,"Deep Tubewell","Ground Water","Village limit","Providing Piped Water Supply Scheme",2013-2014,25.00000,27.23084,"15 Sep 2013","01 Mar 2015",2024-06-07
Karnataka,"Bengaluru Urban","Bangalore North",Kittanahalli,Mallasandra,Mallasandra,0000373725,0003913616,3782038,"Deep Tubewell","Ground Water","Road Side","Revival of MWS",2011-2012,6.00000,0.00000,"20 Aug 2011","23 Jan 2012",2024-06-07
Karnataka,"Bengaluru Urban","Bangalore North",Kittanahalli,Ravatanahalli,Shanthinagar,0000373718,0003913687,3782109,"Deep Tubewell","Ground Water","Road Side","Revival of MWS",2011-2012,6.00000,0.00000,"22 Aug 2011","23 Jan 2012",2024-06-07
Karnataka,"Bengaluru Urban","Bangalore North",Kodigehalli,"Kannahalli Hosahalli","Kannahalli, Hosahalli",0000373621,0003913725,3782147,"Deep Tubewell","Ground Water","Towards Village Limits","Revival of MWS",2011-2012,5.50000,0.00000,"23 Aug 2011","25 Jan 2012",2024-06-07
Karnataka,"Bengaluru Urban","Bangalore North",Kodigehalli,"Brahmadevara Gutte",Bramhadevaragudda,0000373629,0003913750,3782172,"Deep Tubewell","Ground Water","Road Side","Revival of MWS",2011-2012,6.00000,0.00000,"23 Aug 2011","24 Jan 2012",2024-06-07
Karnataka,"Bengaluru Urban","Bangalore North",Kodigehalli,"Chikkakodige Halli",Chikkakodigenahalli,0000373626,0003913814,3782236,"Deep Tubewell","Ground Water","Road Side","Revival of MWS",2011-2012,5.50000,0.00000,"23 Aug 2011","23 Jan 2012",2024-06-07
Karnataka,"Bengaluru Urban","Bangalore North",Lakshmipura,"K G Lakkenahalli","K G Lakkenahalli J H C",0000373755,0003913951,3782373,"Deep Tubewell","Ground Water","Towards Village Limits","Revival of MWS",2011-2012,6.00000,0.00000,"21 Aug 2011","25 Jan 2012",2024-06-07
Karnataka,"Bengaluru Urban","Bangalore North",Kadabagere,Vadarahally,Vadarahally,0000373753,0003914003,3782425,"Deep Tubewell","Ground Water","Road Side","Revival of MWS",2011-2012,6.00000,0.00000,"21 Aug 2011","25 Jan 2012",2024-06-07
Karnataka,"Bengaluru Urban","Bangalore North",Siddanahosahalli,Dombarahalli,Dombarahalli,0000373708,0003914035,3782457,"Deep Tubewell","Ground Water","Road Side","Revival of PWS",2011-2012,6.00000,0.00000,"21 Aug 2011","25 Jan 2012",2024-06-07
Karnataka,"Bengaluru Urban","Bangalore North",Huskur,Huskur,Huskur,0001622918,0005580654,5540383,"Deep Tubewell","Ground Water","Village limit","G Improvements to Piped Water Supply Scheme",2013-2014,20.00000,16.26441,"20 Sep 2013","31 Mar 2017",2024-06-07
Karnataka,"Bengaluru Urban","Bangalore North",Huskur,Vaderahalli,Vaderahalli,0000373683,0005580672,5540406,"Deep Tubewell","Ground Water","Village limit","G Revival of PWS Scheme",2013-2014,10.00000,8.24710,"15 Sep 2013","02 Mar 2017",2024-06-07
Karnataka,"Bengaluru Urban","Bangalore North",Kodigehalli,Kodigehalli,Ratnanagara,0001725161,0005589321,5549634,"Deep Tubewell","Ground Water","Village limit","Revival of MWS Scheme",2013-2014,7.00000,6.27661,"10 Sep 2013","25 Mar 2014",2024-06-07
Karnataka,"Bengaluru Urban","Bangalore North",Shrikantapura,Totadaguddadahalli,"Kumaraswamy Badavane",0001725169,0005656535,5619461,"Deep Tubewell","Ground Water","Village limit","G Revival of MWS Scheme",2013-2014,5.00000,4.76486,"15 Sep 2013","31 Mar 2018",2024-06-07
Karnataka,"Bengaluru Urban","Bangalore North",Kodigehalli,Kodigehalli,"Ashraya Badavane",0001725162,0005812761,250006757,"Deep Tubewell","Ground Water",NA,"Revival of MWS Scheme",2013-2014,5.00000,4.66551,"10 Sep 2013","28 Feb 2014",2024-06-07
Karnataka,"Bengaluru Urban","Bangalore North",Madavara,"Bylappana Palya",Byallappnapalya,0000373745,0005827247,250007829,"Deep Tubewell","Ground Water","Village limit","Drinking Water Facility to Anganawadi",2013-2014,1.00000,0.99868,"10 Sep 2013","03 Feb 2014",2024-06-07
Karnataka,"Bengaluru Urban","Bangalore North",Chikkabanawara,Chikkabanawara,Chikkabanawara,0000373644,0005834526,250008467,"Deep Tubewell","Ground Water","Village limit","Drinking Water Facility to Anganawadi",2013-2014,1.00000,0.99110,"10 Sep 2013","28 Feb 2014",2024-06-07
Karnataka,"Bengaluru Urban","Bangalore North",Somashettihalli,Ganigarahalli,Ganigarahalli,0000373652,0005834532,250008472,"Deep Tubewell","Ground Water","Village limit","Drinking Water Facility to Anganawadi",2013-2014,1.00000,0.97680,"10 Sep 2013","20 Mar 2014",2024-06-07
Karnataka,"Bengaluru Urban","Bangalore North",Somashettihalli,Lakshmipura,Lakshmipura,0000373655,0005834536,250008475,"Deep Tubewell","Ground Water","Village limit","Drinking Water Facility to Anganawadi",2013-2014,1.00000,0.95882,"15 Sep 2013","25 Mar 2014",2024-06-07
Karnataka,"Bengaluru Urban","Bangalore North",Sondekoppa,"Baleveerana Halli","B Halli",0000373737,0005834544,250008480,"Deep Tubewell","Ground Water","Village limit","Drinking Water Facility to Anganawadi",2013-2014,1.00000,0.99852,"15 Sep 2013","03 Mar 2014",2024-06-07
Karnataka,"Bengaluru Urban","Bangalore North",Kachohalli,Kachohalli,Kachohalli,0000373763,0005834673,250008540,"Deep Tubewell","Ground Water","Village limit","Drinking Water Facility to Anganawadi",2013-2014,1.00000,0.99868,"10 Sep 2013","11 Feb 2014",2024-06-07
Karnataka,"Bengaluru Urban","Bangalore North",Kittanahalli,Averahalli,Avrahalli,0000373720,0005834677,250008544,"Deep Tubewell","Ground Water","Village limit","Drinking Water Facility to Anganawadi",2013-2014,1.00000,0.99868,"15 Sep 2013","28 Feb 2014",2024-06-07
Karnataka,"Bengaluru Urban","Bangalore North",Kodigehalli,Manganahalli,Manganahalli,0000373616,0005834687,250008554,"Deep Tubewell","Ground Water","Village limit","Drinking Water Facility to Anganawadi",2013-2014,1.00000,0.00000,"15 Sep 2013","01 Mar 2015",2024-06-07
Karnataka,"Bengaluru Urban","Bangalore North",Lakshmipura,Lakshmipura,Lakshmipura,0000373712,0005834714,250008572,"Deep Tubewell","Ground Water","Village limit","Drinking Water Facility to Anganawadi",2013-2014,1.00000,0.99985,"10 Sep 2013","03 Mar 2014",2024-06-07
Karnataka,"Bengaluru Urban","Bangalore North",Madanayakanahalli,Madanayakanahalli,Madanayakanahalli,0000373703,0006133974,250020897,"Deep Tubewell","Ground Water","Village limit","Drilling of Borewell",2013-2014,2.29000,2.28980,"19 May 2013","03 Mar 2014",2024-06-07
Karnataka,"Bengaluru Urban","Bangalore North",Somashettihalli,"Kere Guddadahalli",Kereguddadahalli,0000373656,0006135625,250021132,"Deep Tubewell","Ground Water","Village limit","Drilling of Borewell",2013-2014,1.78000,1.77980,"22 Jul 2013","03 Mar 2014",2024-06-07
Karnataka,"Bengaluru Urban","Bangalore North",Chikkabanawara,Chikkabanawara,Ganapatinagara,0001725160,0005235510,5549573,"Deep Tubewell","Ground Water","Village limit","Revival of PWS",2012-2013,5.90000,5.59618,"07 Jan 2013","20 Mar 2013",2024-06-07
Karnataka,"Bengaluru Urban","Bangalore North",Chikkabanawara,Chikkabanawara,Chikkabanawara,0000373644,0005235516,5179810,"Deep Tubewell","Ground Water","Village limit","Revival of PWS",2012-2013,5.80000,5.81586,"07 Jan 2013","03 Mar 2014",2024-06-07
Karnataka,"Bengaluru Urban","Bangalore North",Alur,Alur,Alur,0000373694,0005361612,5298264,"Deep Tubewell","Ground Water","Village limit","Drilling of BW",2012-2013,1.80000,1.80654,"07 Mar 2013","03 Mar 2014",2024-06-07
Karnataka,"Bengaluru Urban","Bangalore North",Sondekoppa,Lakkenahalli,Lakkenahalli,0000373733,0005361619,5298271,"Deep Tubewell","Ground Water",Ajjappanaplya,"Drilling of BW",2012-2013,1.80000,1.79856,"07 Mar 2013","03 Mar 2014",2024-06-07
Karnataka,"Bengaluru Urban","Bangalore North",Kodigehalli,"Chikkakodige Halli",Chikkakodigenahalli,0000373626,0005363202,5300207,"Deep Tubewell","Ground Water","Village limit","Drilling of BW",2012-2013,1.80000,1.33799,"07 Mar 2013","28 Feb 2014",2024-06-07
Karnataka,"Bengaluru Urban","Bangalore North",Gopalapura,Thotagere,Thotagere,0000373772,0005364360,5301368,"Deep Tubewell","Ground Water","Village limit","Drilling of BW",2012-2013,1.69000,1.69000,"22 Oct 2012","31 Mar 2013",2024-06-07
Karnataka,"Bengaluru Urban","Bangalore North",Madavara,Madavara,"Nandishwara Badavane",0001622925,0005508689,5444634,"Deep Tubewell","Ground Water","Village limit","G Revival of MWS Scheme",2013-2014,7.00000,4.14471,"10 Sep 2013","31 Mar 2018",2024-06-07
Karnataka,"Bengaluru Urban","Bangalore North",Dasanapura,Nagarur,Nagapura,0000373671,0005525643,5467369,"Deep Tubewell","Ground Water","Village limit","Revival of PWS Scheme",2013-2014,7.50000,7.18213,"15 Sep 2013","01 Mar 2015",2024-06-07
Karnataka,"Bengaluru Urban","Bangalore North",Dasanapura,Dasanapura,Dasanapura,0000373660,0005525645,5467371,"Deep Tubewell","Ground Water","Village limit","Revival of PWS Scheme",2013-2014,7.50000,6.39738,"12 Sep 2013","06 Jan 2015",2024-06-07
Karnataka,"Bengaluru Urban","Bangalore North",Adakamaranahalli,Adakamaranahalli,Adakamaranahalli,0000373663,0005525649,5467379,"Deep Tubewell","Ground Water","Rajadhani Badavane","Revival of PWS Scheme",2013-2014,7.50000,7.25488,"15 Sep 2013","12 Mar 2014",2024-06-07
Karnataka,"Bengaluru Urban","Bangalore North",Alur,Thammenahalli,"Thammenahalli Jhc",0000373701,0005580557,5540120,"Deep Tubewell","Ground Water","Village limit","G Revival of MWS Scheme",2013-2014,10.00000,9.96405,"15 Sep 2013","31 Mar 2015",2024-06-07
Karnataka,"Bengaluru Urban","Bangalore North",Gopalapura,Thotagere,Ashrama,0000373773,0005580594,5540240,"Deep Tubewell","Ground Water","Village limit","G Providing Piped Water Supply Scheme",2013-2014,25.00000,25.03435,"20 Sep 2013","31 Mar 2017",2024-06-07
Karnataka,"Bengaluru Urban","Bangalore North",Siddanahosahalli,Dombarahalli,Dombarahalli,0000373708,0005235434,5179727,"Deep Tubewell","Ground Water","Village limit","Revival of PWS",2012-2013,5.70000,3.02822,"07 Jan 2013","20 Mar 2013",2024-06-07
Karnataka,"Bengaluru Urban","Bangalore North",Madanayakanahalli,Madanayakanahalli,Madanayakanahalli,0000373703,0005235439,5179732,"Deep Tubewell","Ground Water","Ward No 3","Revival of PWS",2012-2013,5.60000,3.10337,"07 Jan 2013","20 Mar 2013",2024-06-07
Karnataka,"Bengaluru Urban","Bangalore North",Madanayakanahalli,Hanumanthasagara,Hanumanthasagara,0000373702,0005235442,5179735,"Deep Tubewell","Ground Water","Village limit","Revival of PWS",2012-2013,5.70000,4.43364,"07 Jan 2013","20 Mar 2013",2024-06-07
Karnataka,"Bengaluru Urban","Bangalore North",Chikkabanawara,Chikkabanawara,"Nandeeshwara Badavane",0001725159,0006373629,250034551,"Deep Tubewell","Ground Water","New Extension","G Revival of MWS Scheme",2013-2014,6.00000,5.95060,"25 Apr 2014","31 Dec 2015",2024-06-07
Karnataka,"Bengaluru Urban","Bangalore North",Huskur,Bettanagere,Bettanagere,0000373686,0006373810,250034614,"Deep Tubewell","Ground Water","Village  limit","G Revival of MWS Scheme",2013-2014,8.00000,7.83927,"20 Apr 2014","31 Mar 2017",2024-06-07
Karnataka,"Bengaluru Urban","Bangalore North",Huskur,Badakanapalya,Badakanapalya,0000373681,0006373861,250034637,"Deep Tubewell","Ground Water","Village limit","G Revival of MWS Scheme",2013-2014,6.00000,0.00000,"25 Apr 2014","31 Mar 2017",2024-06-07
Karnataka,"Bengaluru Urban","Bangalore North",Kittanahalli,Averahalli,Avrahalli,0000373720,0006373957,250034678,"Deep Tubewell","Ground Water","Village  limit","G Revival of MWS  Scheme",2013-2014,7.00000,5.38834,"25 Apr 2014","31 Mar 2018",2024-06-07
Karnataka,"Bengaluru Urban","Bangalore North",Kittanahalli,Gowdahalli,Gowdahalli,0000373714,0006373962,250034680,"Deep Tubewell","Ground Water","Village  limit","G Revival of MWS  Scheme",2013-2014,6.00000,5.71163,"27 Apr 2014","31 Mar 2018",2024-06-07
Karnataka,"Bengaluru Urban","Bangalore North",Kittanahalli,Mallasandra,Mallasandra,0000373725,0006373965,250034682,"Deep Tubewell","Ground Water","Village  limit","G Revival of MWS  Scheme",2013-2014,10.00000,9.61262,"25 Apr 2014","31 Mar 2018",2024-06-07
Karnataka,"Bengaluru Urban","Bangalore North",Kodigehalli,Manganahalli,"Sriram Badavane",0001725164,0006374001,250034698,"Deep Tubewell","Ground Water","Village  limit","Revival of MWS  Scheme",2013-2014,6.00000,5.35763,"28 Apr 2014","31 Mar 2015",2024-06-07
Karnataka,"Bengaluru Urban","Bangalore North",Madavara,Hottappanapalya,Hottapanapalya,0000373746,0006374013,250034706,"Deep Tubewell","Ground Water","Village  limit","G Revival of MWS  Scheme",2013-2014,6.00000,4.23003,"25 Apr 2014","31 Mar 2018",2024-06-07
Karnataka,"Bengaluru Urban","Bangalore North",Sondekoppa,Sondekoppa,Appanapalya,0000373742,0006374236,250034747,"Deep Tubewell","Ground Water","Village limit","Revival of MWS Scheme",2013-2014,6.00000,4.54661,"27 Apr 2014","14 Jan 2015",2024-06-07
Karnataka,"Bengaluru Urban","Bangalore North",Gopalapura,Agraharapalya,Agraharapalya,0000373775,0005580598,5540244,"Deep Tubewell","Ground Water","Village limit","Revival of MWS Scheme",2013-2014,8.00000,6.11040,"15 Sep 2013","28 Feb 2015",2024-06-07
Karnataka,"Bengaluru Urban","Bangalore North",Huskur,Muniyanapalya,Muniyanapalya,0000373685,0005580666,5540394,"Deep Tubewell","Ground Water","Village limit","G Revival of MWS Scheme",2013-2014,8.00000,6.73277,"15 Sep 2013","02 Mar 2017",2024-06-07
Karnataka,"Bengaluru Urban","Bangalore North",Kittanahalli,Mallasandra,"Mallasandra J H C",0000373726,0005580708,5540451,"Deep Tubewell","Ground Water","Colony limit","Revival of MWS Scheme",2013-2014,8.00000,7.97710,"15 Sep 2013","07 Oct 2014",2024-06-07
Karnataka,"Bengaluru Urban","Bangalore North",Kadabagere,Mahimmannanapalya,Mahimannanapalya,0000373761,0005589291,5549607,"Deep Tubewell","Ground Water","Village limit","Revival of MWS Scheme",2013-2014,5.00000,4.75949,"12 Sep 2013","10 Feb 2015",2024-06-07
Karnataka,"Bengaluru Urban","Bangalore North",Machohalli,Machohalli,"Machohalli J H C",0000373767,0005589305,5549618,"Deep Tubewell","Ground Water",JHC,"Revival of MWS Scheme",2013-2014,7.00000,6.99936,"10 Sep 2013","02 Dec 2013",2024-06-07
Karnataka,"Bengaluru Urban","Bangalore North",Kittanahalli,Ravatanahalli,Arthipalya,0000373719,0005595552,5555528,"Deep Tubewell","Ground Water","Gollarapalya School limit","Drinking Water Facility to School",2013-2014,1.00000,0.99939,"10 Nov 2013","02 Dec 2013",2024-06-07
Karnataka,"Bengaluru Urban","Bangalore North",Madanayakanahalli,Madanayakanahalli,"Hanumanthe Gowdana Palya",0000373706,0005656519,5619446,"Deep Tubewell","Ground Water","Village limit","G Revival of PWS Scheme",2013-2014,5.00000,3.48634,"15 Sep 2013","31 Dec 2015",2024-06-07
Karnataka,"Bengaluru Urban","Bangalore North",Kittanahalli,Ravatanahalli,Ravatanahalli,0000373717,0005812736,250006755,"Deep Tubewell","Ground Water","Village limit","G Revival of MWS Scheme",2013-2014,5.00000,5.75125,"10 Sep 2013","31 Mar 2018",2024-06-07
Karnataka,"Bengaluru Urban","Bangalore North",Shrikantapura,Totadaguddadahalli,Totadaguddadahalli,0000373749,0005827254,250007830,"Deep Tubewell","Ground Water","Village limit","Drinking Water Facility to Anganawadi",2013-2014,1.00000,0.00000,"10 Sep 2013","01 Mar 2014",2024-06-07
Karnataka,"Bengaluru Urban","Bangalore North",Adakamaranahalli,Harokyathanahalli,Harokyathanahalli,0000373666,0005827257,250007831,"Deep Tubewell","Ground Water","Village limit","Drinking Water Facility to Anganawadi",2013-2014,1.00000,0.99868,"10 Sep 2013","18 Mar 2014",2024-06-07
Karnataka,"Bengaluru Urban","Bangalore North",Somashettihalli,Kebbepalya,Kebbepalya,0000373653,0005834535,250008474,"Deep Tubewell","Ground Water","Village limit","Drinking Water Facility to Anganawadi",2013-2014,1.00000,0.90187,"15 Sep 2013","10 Mar 2014",2024-06-07
Karnataka,"Bengaluru Urban","Bangalore North",Kadabagere,Vadarahally,Vadarahally,0000373753,0005834675,250008542,"Deep Tubewell","Ground Water","Village limit","Drinking Water Facility to Anganawadi",2013-2014,1.00000,0.99868,"15 Sep 2013","18 Feb 2015",2024-06-07
Karnataka,"Bengaluru Urban","Bangalore North",Kittanahalli,Gowdahalli,Gowdahalli,0000373714,0005834678,250008545,"Deep Tubewell","Ground Water","Village limit","Drinking Water Facility to Anganawadi",2013-2014,1.00000,0.00000,"15 Sep 2013","14 Nov 2013",2024-06-07
Karnataka,"Bengaluru Urban","Bangalore North",Lakshmipura,Gangondanahalli,Gangondanahalli,0001622923,0005834686,250008553,"Deep Tubewell","Ground Water","Village limit","Drinking Water Facility to Anganawadi",2013-2014,1.00000,0.99868,"15 Sep 2013","03 Feb 2014",2024-06-07
Karnataka,"Bengaluru Urban","Bangalore North",Kittanahalli,Kallegowdanapalya,"K Palya",0000373724,0006135535,250021117,"Deep Tubewell","Ground Water",Gollarapalya,"Drilling of Borewell",2013-2014,1.86000,1.85950,"20 Jul 2013","01 Mar 2014",2024-06-07
Karnataka,"Bengaluru Urban","Bangalore North",Kodigehalli,Kodigehalli,Kodigenahalli,0000373624,0006670285,250068072,"Deep Tubewell","Ground Water","Village limit","G Improvements to Water Supply Scheme",2014-2015,15.00000,0.00000,"20 Sep 2014","20 Mar 2016",2024-06-07
Karnataka,"Bengaluru Urban","Bangalore North",Chikkabanawara,Chikkabanawara,Chikkabanawara,0000373644,0006670300,250068083,"Deep Tubewell","Ground Water","Village limit","G Drilling of BW,Errection of Pumpset with Pipe line and Energisation",2014-2015,25.00000,18.30707,"20 Sep 2014","01 Oct 2015",2024-06-07
Karnataka,"Bengaluru Urban","Bangalore North",Kodigehalli,Seegehalli,Seegehalli,0000373623,0006670335,250068106,"Deep Tubewell","Ground Water","Colony limit","G Providing Piped Water Supply Scheme",2014-2015,25.00000,1.99264,"20 Sep 2014","31 Mar 2017",2024-06-07
Karnataka,"Bengaluru Urban","Bangalore North",Gopalapura,Thotagere,Thotagere,0000373772,0006670426,250068173,"Deep Tubewell","Ground Water","Colony limit","Individual House Connections",2014-2015,4.30000,0.00000,"25 Sep 2014","20 Mar 2015",2024-06-07
Karnataka,"Bengaluru Urban","Bangalore North",Somashettihalli,Kebbepalya,Kebbepalya,0000373653,0006686348,250073672,"Deep Tubewell","Ground Water","At Kanshiramnagara","Drilling of Borewell",2014-2015,2.00000,1.07389,"19 Jul 2014","08 Aug 2014",2024-06-07
Karnataka,"Bengaluru Urban","Bangalore North",Somashettihalli,"Kere Guddadahalli",Kereguddadahalli,0000373656,0006686350,250073674,"Deep Tubewell","Ground Water","Village limit","Drilling of Borewell",2014-2015,2.00000,1.99546,"19 Jul 2014","11 Sep 2014",2024-06-07
Karnataka,"Bengaluru Urban","Bangalore North",Sondekoppa,Pitaganapalya,Pitayanapalya,0000373728,0006686387,250073697,"Deep Tubewell","Ground Water","Village limit","G Drilling of Borewell",2014-2015,2.00000,1.99264,"19 Jul 2014","01 Mar 2015",2024-06-07
Karnataka,"Bengaluru Urban","Bangalore North",Chikkabidarakallu,Chikkabidarakallu,Chikkabidarakallu,0001725168,0008201720,250075961,"Deep Tubewell","Ground Water",NA,"Providing tap connection to 1 No. Anganawadi in Chikkabidarakallu 3 village of Bangalore North Taluk and Bangalore Urban District through SVS",2020-2021,0.14750,0.14750,"18 Dec 2020","03 May 2023",2024-06-07
Karnataka,"Bengaluru Urban","Bangalore North",Kachohalli,Kachohalli,Kachohalli,0000373763,0008201993,250148131,"Deep Tubewell","Ground Water","near MI Tank","Providing tap connection to 1 No. Anganawadi in Kachohalli village of Bangalore North Taluk And Bangalore Urban District through SVS",2020-2021,0.14700,0.14342,"14 Dec 2020","03 May 2023",2024-06-07
Karnataka,"Bengaluru Urban","Bangalore North",Madanayakanahalli,Madanayakanahalli,"Bms Colony",0000373705,0008202191,250034701,"Deep Tubewell","Ground Water","Colon limit","Providing tap connection to 1 No. Anganawadi in Bheemeshwara nagara, Madanayakanahalli village of Bangalore North Taluk And Bangalore Urban District through SVS",2020-2021,0.13050,0.13050,"04 Dec 2020","03 May 2023",2024-06-07
Karnataka,"Bengaluru Urban","Bangalore North",Huskur,Honnasandra,Honnasandra,0001622912,0007708365,250196752,"Deep Tubewell","Ground Water","Village limits","TFC170417 Drilling of Borewell at Byappanahalli  village Satanuru(Kattiganahally )G.P Bangalore North Taluk Urban dist.",2017-2018,2.40000,2.39493,"10 Jul 2017","31 Mar 2019",2024-06-07
Karnataka,"Bengaluru Urban","Bangalore North",Shrikantapura,Shrikantapura,Anchepalya,0001847594,0007807502,250221267,"Deep Tubewell","Ground Water","village limit","Revival of MWS at Shrikantapura",2017-2018,0.10000,0.00000,"05 May 2017","03 May 2023",2024-06-07
Karnataka,"Bengaluru Urban","Bangalore North",Lakshmipura,Lakshmipura,Lakshmipura,0000373712,0007850517,250244545,"Deep Tubewell","Ground Water",&amp;amp;amp;nbsp;,"G  Revival of MWS Scheme Lakshmipura village",2018-2019,5.00000,4.98086,"05 Sep 2018","31 Jul 2019",2024-06-07
Karnataka,"Bengaluru Urban","Bangalore North",Dasanapura,Narayanappanapalya,Narayanappanapalya,0001622905,0007850536,250244567,"Deep Tubewell","Ground Water","Near roadside","G Revival of MWS Scheme Narayanappana Palya  village",2018-2019,2.00000,1.99216,"05 Sep 2018","31 Mar 2019",2024-06-07
Karnataka,"Bengaluru Urban","Bangalore North",Huskur,Doddapalya,Doddipalya,0000373688,0007850580,250244616,"Deep Tubewell","Ground Water","Village limit","G Revival of MWS Scheme Doddipalya village",2018-2019,6.00000,4.28671,"05 Sep 2018","03 May 2023",2024-06-07
Karnataka,"Bengaluru Urban","Bangalore North",Machohalli,Machohalli,"Machohalli J H C",0000373767,0007850642,250244689,"Deep Tubewell","Ground Water",JHC,"G Revival of MWS Scheme Machohalli JHC (Gandhi Vruddashrama)  village",2018-2019,7.00000,5.46517,"11 Oct 2018","03 May 2023",2024-06-07
Karnataka,"Bengaluru Urban","Bangalore North",Kadabagere,Kadabagere,Kadabagere,0000373758,0007850648,250244696,"Deep Tubewell","Ground Water","near chikkagollarahatii village limit","G Revival of MWS Scheme Kadabagere (Rashi Badavane) village",2018-2019,5.00000,4.89617,"11 Oct 2018","03 May 2023",2024-06-07
Karnataka,"Bengaluru Urban","Bangalore North",Siddanahosahalli,Siddanahosahalli,Siddanahosahalli,0000373707,0007529630,250148431,"Deep Tubewell","Ground Water",Aralikatte,"G Revival of PWS Scheme at Siddanahosahalli Habitation Madanayakanahalli G.P., Bangalore North Taluk",2016-2017,16.00000,16.57693,"25 Aug 2016","31 Mar 2018",2024-06-07
Karnataka,"Bengaluru Urban","Bangalore North",Dasanapura,Dasanapura,Munihuchanapalya,0000373662,0007529667,250147568,"Deep Tubewell","Ground Water","Village limit","G Revival of MWS Scheme at Munihuhanapalya Habitation Dasanapura G.P., Bangalore North Taluk",2016-2017,6.00000,6.12866,"25 Aug 2016","31 Dec 2018",2024-06-07
Karnataka,"Bengaluru Urban","Bangalore North",Dasanapura,Nagarur,Marappanapalya,0000373672,0007529708,250147620,"Deep Tubewell","Ground Water","Village  limit","G Revival of MWS Scheme Marappanapalya Habitation,Dasanapura G.P., Bangalore North Taluk",2016-2017,7.00000,6.80890,"25 Aug 2016","31 Mar 2018",2024-06-07
Karnataka,"Bengaluru Urban","Bangalore North",Alur,Heggadedevanapura,Heggadedevanapura,0000373697,0007529725,250145061,"Deep Tubewell","Ground Water","Near Tank bed","G Revival of MWS Scheme at Heggadevanapur  Habitation Alur G.P., Bangalore North Taluk",2016-2017,6.00000,4.99231,"25 Aug 2016","31 Mar 2018",2024-06-07
Karnataka,"Bengaluru Urban","Bangalore North",Dasanapura,Nagarur,Nagapura,0000373671,0007529783,250147628,"Deep Tubewell","Ground Water",&amp;nbsp;,"G Revival of MWS Scheme Nagapura Habitation Dasanapura G.P., Bangalore North Taluk",2016-2017,7.00000,5.50000,"25 Aug 2016","31 Mar 2018",2024-06-07
Karnataka,"Bengaluru Urban","Bangalore North",Kittanahalli,Averahalli,Avrahalli,0000373720,0007529788,250148376,"Deep Tubewell","Ground Water","Averahalli Colony","G Revival of MWS Scheme at Avarahalli Habitation Kattighanahalli G.P., Bangalore North Taluk",2016-2017,6.00000,5.70182,"25 Aug 2016","31 Mar 2018",2024-06-07
Karnataka,"Bengaluru Urban","Bangalore North",Kodigehalli,Kodigehalli,Chikkagollarahalli,0000373627,0007529804,250148388,"Deep Tubewell","Ground Water","Left side of main road","G Revival of MWS Scheme at Chikkagollahalli Habitation Kodigehalli G.P., Bangalore North Taluk",2016-2017,6.00000,4.55000,"25 Aug 2016","31 Mar 2018",2024-06-07
Karnataka,"Bengaluru Urban","Bangalore North",Madanayakanahalli,Madanayakanahalli,"Madanayakanahalli Muslim Colony",0000373704,0007529878,250148428,"Deep Tubewell","Ground Water","Muslim Colony Road","G Revival of MWS Scheme at Madanayakanahalli Muslim Colony Habitation Madanayakanahalli G.P., Bangalore North Taluk",2016-2017,10.00000,7.89105,"25 Aug 2016","31 Mar 2018",2024-06-07
Karnataka,"Bengaluru Urban","Bangalore North",Somashettihalli,Ganigarahalli,Ganigarahalli,0000373652,0008022290,5179803,"Deep Tubewell","Ground Water","Maruthi Nagara","10 Crore 220520 Revival of PWS  Drilling of Borwell and Pump Motar work at Ganigarahalli village Somashettihalli GP Bangalore North Taluk",2020-2021,5.00000,4.20632,"06 Jun 2020","03 May 2023",2024-06-07
Karnataka,"Bengaluru Urban","Bangalore North",Somashettihalli,Lakshmipura,Lakshmipura,0000373655,0008022296,5179799,"Deep Tubewell","Ground Water","Village limit","10 Crore 220520 Revival of PWS  Drilling of Borwell and Pump Motar work at Lakshmipura (Kanshiram Nagara) village Somashettihalli GP Bangalore North Taluk",2020-2021,4.80000,4.66960,"08 Jun 2020","03 May 2023",2024-06-07
Karnataka,"Bengaluru Urban","Bangalore North",Chikkabidarakallu,Chikkabidarakallu,Chikkabidarakallu,0001725168,0008036263,4003816,"Deep Tubewell","Ground Water","Towards MI Tank","10 Crore 220520 Revival of PWS  Drilling of Borwell and Providing Pump Motar at Chikkabidarakallu village Chikkabidarakallu GP Bangalore North Taluk",2020-2021,4.98000,4.59867,"19 Jul 2020","03 May 2023",2024-06-07
Karnataka,"Bengaluru Urban","Bangalore North",Dasanapura,Narayanappanapalya,Narayanappanapalya,0001622905,0008037481,250145017,"Deep Tubewell","Ground Water","Near roadside","10 Crore 220520 Revival of MWS  Drilling of Borwell and Providing Pump Motar at Narayanappana Palya village Dasanapura GP Bangalore North Taluk",2020-2021,5.00000,4.94912,"21 Jul 2020","03 May 2023",2024-06-07
Karnataka,"Bengaluru Urban","Bangalore North",Adakamaranahalli,Adakamaranahalli,Adakamaranahalli,0000373663,0008201491,250146398,"Deep Tubewell","Ground Water",&amp;amp;nbsp;,"Providing tap connection to 1 No. Anganawadi in Adkamaranahalli 1 village of Bangalore North Taluk and Bangalore Urban District through SVS",2020-2021,0.15000,0.14342,"17 Dec 2020","03 May 2023",2024-06-07
Karnataka,"Bengaluru Urban","Bangalore North",Alur,Heggadedevanapura,Heggadedevanapura,0000373697,0008201510,5540117,"Deep Tubewell","Ground Water","SC COLONY","Providing tap connection to 1 No. Anganawadi in Heggadevanapura 1 village of Bangalore North Taluk and Bangalore Urban District through SVS",2020-2021,0.14000,0.14000,"17 Dec 2020","03 May 2023",2024-06-07
Karnataka,"Bengaluru Urban","Bangalore North",Huskur,Kodipalya,Kodipalya,0000373678,0007905544,250276009,"Deep Tubewell","Ground Water","Colony Limit","SCP Revival of PWS Drilling of borewell at Kodipalya Village, Huskur GP, Bangalore North Taluk",2019-2020,2.50000,2.49236,"30 Sep 2019","29 Feb 2020",2024-06-07
Karnataka,"Bengaluru Urban","Bangalore North",Chikkabanawara,Chikkabanawara,Dasappanapalya,0000373647,0007905715,250276192,"Deep Tubewell","Ground Water","4th Block Near Shaneswara Temple","SCP Revival of MWS  Drilling of Borewell at Dasappanapalya Village, Chikkabanavara GP, Bangalore North Taluk",2019-2020,3.00000,2.99466,"09 Sep 2019","29 Feb 2020",2024-06-07
Karnataka,"Bengaluru Urban","Bangalore North",Huskur,Huskur,Huskur,0001622918,0007905857,250276342,"Deep Tubewell","Ground Water","Left side of the road (Saidamipalya)","SCP Revival of MWS Drilling of Borewell at Huskur Colony, Huskur GP, Bangalore North Taluk.",2019-2020,3.00000,2.99140,"20 Oct 2019","03 May 2023",2024-06-07
Karnataka,"Bengaluru Urban","Bangalore North",Adakamaranahalli,Makali,Makali,0000373665,0007906734,250277274,"Deep Tubewell","Ground Water","Old Village","SCP and TSP combined Revival of PWS Drilling of Borwell at Makali Village, Adakamaranahalli GP, Bangalore North Taluk.",2019-2020,3.25000,2.06485,"20 Oct 2019","03 May 2023",2024-06-07
Karnataka,"Bengaluru Urban","Bangalore North",Siddanahosahalli,Siddanahosahalli,Siddanahosahalli,0000373707,0007906773,250277314,"Deep Tubewell","Ground Water",Aralikatte,"SCP Revival of PWS Drilling of Borwell, Providing Pump Motor, Pipeline and Electrical Work at Siddanahosahalli Village and GP, Bangalore North Taluk.",2019-2020,8.00000,7.41194,"20 Oct 2019","03 May 2023",2024-06-07
Karnataka,"Bengaluru Urban","Bangalore North",Machohalli,Machohalli,"Machohalli J H C",0000373767,0007906784,250277325,"Deep Tubewell","Ground Water",NA,"SCP Revival of PWS Drilling of Borwell, Providing Pump Motor, Pipeline and Electrical Work at Machohalli Colony (Kebbe Halla) Machohalli GP, Bangalore North Taluk.",2019-2020,7.00000,6.39432,"20 Oct 2019","03 May 2023",2024-06-07
Karnataka,"Bengaluru Urban","Bangalore North",Siddanahosahalli,Dombarahalli,Dombarahalli,0000373708,0007907155,250277709,"Deep Tubewell","Ground Water","Road Side","SCP and TSP combined Revival of PWS  Drilling of Borwell, Providing Pump Motor, Pipeline and Electrical Work at Dombarahalli Village, Siddanahosahalli GP, Bangalore North Taluk.",2019-2020,12.00000,10.42927,"20 Oct 2019","03 May 2023",2024-06-07
Karnataka,"Bengaluru Urban","Bangalore North",Kittanahalli,Kenganahalli,Kenganahalli,0000373716,0007908719,250279382,"Deep Tubewell","Ground Water","Village limit","G Revival of MWS Repairs to the Exising OHT and Pipeline Work at Kenganahalli Village, Kittanahalli GP, Bangalore North Taluk.",2019-2020,5.00000,4.98829,"20 Oct 2019","31 Dec 2020",2024-06-07
Karnataka,"Bengaluru Urban","Bangalore North",Gopalapura,Kukkanahalli,Kukkanahalli,0000373771,0007852813,250246673,"Deep Tubewell","Ground Water",&amp;amp;amp;nbsp;,"TFC NAC 2018 Re Drilling of Borewell  for Revival of Water Supply Scheme at Kukkanahalli Village.",2018-2019,1.20000,1.19890,"23 Oct 2018","31 Mar 2019",2024-06-07
Karnataka,"Bengaluru Urban","Bangalore North",Huskur,Narasipura,Narasipura,0000373692,0007852824,250246684,"Deep Tubewell","Ground Water","Towards Main Road","TFC NAC 2018 Drilling of Borewell(1 No) for Revival of Water Supply Scheme at Narasipura Village",2018-2019,2.60000,2.50824,"23 Oct 2018","31 Mar 2019",2024-06-07
Karnataka,"Bengaluru Urban","Bangalore North",Sondekoppa,Hullegowdanahalli,Hullegowdanahalli,0000373727,0007852842,250246703,"Deep Tubewell","Ground Water","Towards Village Limits","TFC NAC 2018 Drilling of Borewell (1 No) laying of  Pipe line  And  Erection of Pump Motor And Electrification for Revival of  Water Supply Scheme at  Hullegowdanahalli village.",2018-2019,8.35000,7.81703,"23 Oct 2018","31 Oct 2019",2024-06-07
Karnataka,"Bengaluru Urban","Bangalore North",Shrikantapura,Shrikantapura,Shrikantapur,0001725167,0007852859,250246720,"Deep Tubewell","Ground Water","Village Main Road","TFC NAC 2018 Drilling of Borewell (1 No), laying of  Pipe line  And Erection of Pump Motor And Electrification for Revival of  Water Supply Scheme at Anchepalya Village",2018-2019,8.10000,2.29725,"23 Oct 2018","31 Oct 2019",2024-06-07
Karnataka,"Bengaluru Urban","Bangalore North",Shrikantapura,Shrikantapura,Shrikantapur,0001725167,0007853496,250247123,"Deep Tubewell","Ground Water","Towards Main Road","TFC NAC 2018  G of Borewell(1 No) for Revival of Water Supply Scheme   at Anchepalya Habitation, Kumbalagodu GP, Bangalore South Tq",2018-2019,1.99000,0.00000,"12 Oct 2018","03 May 2023",2024-06-07
Karnataka,"Bengaluru Urban","Bangalore North",Lakshmipura,"K G Lakkenahalli","K G Lakkenahalli",0000373754,0007879153,250265698,"Deep Tubewell","Ground Water","Providing Piped Water Supply Scheme to  K.G Lakkenahalli Village","TFC 241218 Drilling of Borewell at K.G.Lakkenahalli  village Lakshmipura GP",2018-2019,2.50000,2.49470,"28 Feb 2019","30 Jun 2019",2024-06-07
Karnataka,"Bengaluru Urban","Bangalore North",Kachohalli,Kachohalli,Kachohalli,0000373763,0007879192,250265713,"Deep Tubewell","Ground Water","Village Limit","TFC 241218 Drilling of Borewell at Kachohalli Ashraya Badavane  village Kachohalli GP",2018-2019,2.40000,2.39446,"28 Feb 2019","30 Jun 2019",2024-06-07
Karnataka,"Bengaluru Urban","Bangalore North",Chikkabanawara,Chikkabanawara,"Nandeeshwara Badavane",0001725159,0007853332,250246965,"Deep Tubewell","Ground Water","Near roadside","TFC NAC 2018 Drilling of Borewell(1 No) for Revival of Water Supply Scheme at  Nandishwara Nagara Chikkabanawara GP",2018-2019,2.70000,2.69730,"26 Oct 2018","31 Mar 2019",2024-06-07
Karnataka,"Bengaluru Urban","Bangalore North",Huskur,Doddapalya,Doddipalya,0000373688,0007853374,250247008,"Deep Tubewell","Ground Water","Village limit","TFC CEO 060418 Drilling of Borewell (1 No) for Revival of Water Supply Scheme at Doddipalya village Huskur GP",2018-2019,2.50000,2.49409,"26 Oct 2018","31 Mar 2019",2024-06-07
Karnataka,"Bengaluru Urban","Bangalore North",Gopalapura,Gopalapura,Gopalapura,0000373769,0007867739,250260062,"Deep Tubewell","Ground Water","Towards Tank Bed","TFCS Drilling of borewell at Gopalapura Village, Marenahalli GP Bangalore North tq.",2018-2019,2.50000,0.00000,"24 Jan 2019","03 May 2023",2024-06-07
Karnataka,"Bengaluru Urban","Bangalore North",Shrikantapura,Totadaguddadahalli,Totadaguddadahalli,0000373749,0007868782,250260600,"Deep Tubewell","Ground Water","Village limit","TFC CEO 060418 Drilling of Borewell (1 No) for Revival of Water Supply Scheme at Totadaguddadahalli Village Shrikantapur GP",2018-2019,2.40000,2.39677,"31 Jan 2019","31 Mar 2019",2024-06-07
Karnataka,"Bengaluru Urban","Bangalore North",Gopalapura,Gopalapura,Gopalapura,0000373769,0007879159,250265701,"Deep Tubewell","Ground Water","SC Colony","TFC 241218 Drilling of Borewell at Gopalapura  village Gopalapura GP",2018-2019,2.50000,2.48426,"28 Feb 2019","31 Mar 2019",2024-06-07
Karnataka,"Bengaluru Urban","Bangalore North",Somashettihalli,Ganigarahalli,Ganigarahalli,0000373652,0008235658,5179803,"Deep Tubewell","Ground Water","Maruthi Nagara","15 crore 04022021 Drilling of Borewell and Providing Panel Board, Pump Motor and pipeline work at Basaveshwara Nagara Ganigarahalli village Somashettihalli GP Bangalore North Taluk",2020-2021,5.00000,4.45933,"06 Feb 2021","03 May 2023",2024-06-07
Karnataka,"Bengaluru Urban","Bangalore North",Kachohalli,Chikkagollarahatti,"Chikkagollarahatti Jhc",0001622920,0008235733,250120751,"Deep Tubewell","Ground Water","village limit","15 crore 04022021 Drilling of Borewell and Providing Panel Board, Pump Motor work at  Chikkagollarahatti (Venkateshwara layout) village, Kachohalli G.P Bangalore North Taluk.",2020-2021,5.00000,4.62200,"12 Feb 2021","03 May 2023",2024-06-07
Karnataka,"Bengaluru Urban","Bangalore North",Machohalli,Machohalli,"Machohalli J H C",0000373767,0008235789,250008541,"Deep Tubewell","Ground Water","Village limit","15 crore 04022021 Drilling of BW and Providing Panel Board, Pump Motor and pipeline work at Machohalli Vinayaka Badavane H, Machohalli Vinayaka Badavanae V, Machohalli GP Bangalore North Tq.",2020-2021,5.00000,6.31209,"14 Feb 2021","03 May 2023",2024-06-07
Karnataka,"Bengaluru Urban","Bangalore North",Kodigehalli,Kodigehalli,Kodigenahalli,0000373624,0008238158,250148389,"Deep Tubewell","Ground Water","BW- Near temple at Gyana shakthi badavane (Sa. No. 3/1-2)","15 crore Revival of PWS scheme, Providing pump motor at Kodigehalli ashraya colony  village, Kodigehalli GP, Banglore North Taluk",2020-2021,5.00000,4.58851,"25 Feb 2021","03 May 2023",2024-06-07
Karnataka,"Bengaluru Urban","Bangalore North",Sondekoppa,Nagasandra,Nagasandra,0000373743,0008238654,250065401,"Deep Tubewell","Ground Water","Colony Limit","Providing tap connection to GLPS at Nagasandra Habitation Sondekoppa GP Bangalore North Taluk",2020-2021,0.20000,0.00000,"17 Dec 2020","03 May 2023",2024-06-07
Karnataka,"Bengaluru Urban","Bangalore North",Machohalli,Byandanahalli,Byandahalli,0001803699,0007910858,250281752,"Deep Tubewell","Ground Water","village lmit","SCP and TSP combined Providing piped water supply (Construction of 1.00 Lakh Ltr Capacity Over Head Tank ) and Drilling of Borewell at Byandahalli Village, Machohalli GP, Bangalore North Taluk.",2019-2020,15.00000,0.00000,"30 Oct 2019","03 May 2023",2024-06-07
Karnataka,"Bengaluru Urban","Bangalore North",Kodigehalli,Kodigehalli,Ratnanagara,0001725161,0007915707,250285122,"Deep Tubewell","Ground Water",NA,"G Revival of PWS  Drilling of borewell,pump motor,Pipelineelectrical at Chikkgollarhatti (Ratan Nagar) Habitation Kodigehalli G.P, Bangalore North Taluk",2019-2020,4.00000,3.99285,"08 Oct 2019","03 May 2023",2024-06-07
Karnataka,"Bengaluru Urban","Bangalore North",Sondekoppa,Nagasandra,Nagasandra,0000373743,0008202176,250299816,"Deep Tubewell","Ground Water","NAGASANDRA PALYA","Providing tap connection to 1 No. Anganawadi in Nagasandra Palya village of Bangalore North Taluk And Bangalore Urban District through SVS",2020-2021,0.15000,0.00000,"04 Dec 2020","03 May 2023",2024-06-07
Karnataka,"Bengaluru Urban","Bangalore North",Madanayakanahalli,Madanayakanahalli,Madanayakanahalli,0000373703,0008202192,250244500,"Deep Tubewell","Ground Water",NA,"Providing tap connection to 1 No. Anganawadi in Janatha colony, Madanayakanahalli village of Bangalore North Taluk And Bangalore Urban District through SVS",2020-2021,0.15000,0.14684,"04 Dec 2020","03 May 2023",2024-06-07
Karnataka,"Bengaluru Urban","Bangalore North",Chikkabanawara,Chikkabanawara,Chikkabanawara,0000373644,0008235570,250244654,"Deep Tubewell","Ground Water","Village limit","15 crore 04022021 Providing Panel Board Pump Motor and pipeline work at TN Layout at  Ganapathi nagara village Chikkabanavara GP Bangalore North Taluk",2020-2021,4.50000,4.12288,"14 Feb 2021","03 May 2023",2024-06-07
Karnataka,"Bengaluru Urban","Bangalore North",Somashettihalli,Lakshmipura,Lakshmipura,0000373655,0008235642,250251216,"Deep Tubewell","Ground Water","Village limit","15 crore 04022021 Drilling of Borewell and Providing Panel Board Pump Motor and pipeline work  at Kanshiram Nagara habitation Lakshmipura village and Somashettihalli GP Bangalore North Taluk",2020-2021,5.00000,4.43861,"13 Feb 2021","03 May 2023",2024-06-07
Karnataka,"Bengaluru Urban","Bangalore North",Chikkabidarakallu,Chikkabidarakallu,Chikkabidarakallu,0001725168,0008235674,250244536,"Deep Tubewell","Ground Water","New layout","15 crore 04022021 Drilling of Borewell at Chikkabidarakallu village Chikkabidarakallu G.P. Bangalore North Taluk",2020-2021,3.50000,3.33804,"12 Feb 2021","03 May 2023",2024-06-07
Karnataka,"Bengaluru Urban","Bangalore North",Machohalli,Bylakonenahalli,"Bylakonenahalli Jhc",0001852891,0008305834,250302000,"Deep Tubewell","Ground Water","In Village","Revival of MWS at Bylakonenahalli JHC Village Machohalli GP",2013-2014,0.50000,0.00090,"05 Jan 2014","26 Mar 2014",2024-06-07
Karnataka,"Bengaluru Urban","Bangalore North",Dasanapura,Dasanapura,Dasanapura,0000373660,0007530144,250146408,"Deep Tubewell","Ground Water",&amp;nbsp;,"G Revival of PWS Scheme at Dasanapura Habitation Dasanapura G.P., Bangalore North Taluk",2016-2017,6.00000,5.39192,"25 Aug 2016","31 Mar 2018",2024-06-07
Karnataka,"Bengaluru Urban","Bangalore North",Madanayakanahalli,Hanumanthasagara,Hanumanthasagara,0000373702,0007530162,250148400,"Deep Tubewell","Ground Water","Near MI Tank","G Revival of MWS Scheme at Hanumanthasagara Habitation Madanayakanahalli G.P., Bangalore North Taluk",2016-2017,6.00000,5.18165,"25 Aug 2016","31 Mar 2018",2024-06-07
Karnataka,"Bengaluru Urban","Bangalore North",Madavara,"Bylappana Palya",Byallappnapalya,0000373745,0007530177,250148442,"Deep Tubewell","Ground Water","Colony Road","G Revival of MWS Scheme at Byallappnapalya Habitation Madavara G.P., Bangalore North Taluk",2016-2017,10.00000,9.75805,"25 Aug 2016","31 Mar 2018",2024-06-07
Karnataka,"Bengaluru Urban","Bangalore North",Kodigehalli,"Kodigehalli Harijana Colony","Kodigehalli Jhc",0000373625,0007642331,250186426,"Deep Tubewell","Ground Water","village limit","TFC220217 Drilling of Borewell at Kodigehalli Habitation, Kodigehalli GP, Bangalore North Taluk.",2016-2017,1.90000,1.89651,"05 May 2017","31 Mar 2019",2024-06-07
Karnataka,"Bengaluru Urban","Bangalore North",Kodigehalli,"Chikkakodige Halli",Chikkakodigenahalli,0000373626,0007850664,250244714,"Deep Tubewell","Ground Water","Village limit","G Revival of MWS  Scheme Chikkagollarahatti village",2018-2019,6.00000,0.00000,"11 Oct 2018","03 May 2023",2024-06-07
Karnataka,"Bengaluru Urban","Bangalore North",Chikkabanawara,Chikkabanawara,Chikkabanawara,0000373644,0007853334,250246968,"Deep Tubewell","Ground Water","Village limit","TFC NAC 2018 Drilling of Borewell (1 No) for Revival of Water Supply Scheme at Chikkabanawara ( Kuvempunagara) village Chikkabanawara GP",2018-2019,2.60000,2.59989,"26 Oct 2018","31 Mar 2019",2024-06-07
Karnataka,"Bengaluru Urban","Bangalore North",Chikkabanawara,Chikkabanawara,Chikkabanawara,0000373644,0007853341,250246976,"Deep Tubewell","Ground Water","Village limit","TFC NAC 2018 Drilling of Borewell(1 No) for Revival of Water Supply Scheme at Chikkabanawara (Raghavendra Badavane) village Chikkabanawara GP",2018-2019,2.40000,2.39445,"26 Oct 2018","31 Mar 2019",2024-06-07
Karnataka,"Bengaluru Urban","Bangalore North",Kodigehalli,"Kodigehalli Harijana Colony","Kodigehalli Jhc",0000373625,0007853355,250246989,"Deep Tubewell","Ground Water","village limit","G Revival of MWS Scheme at Seegehalli Habitation, Kodigehalli  G P , Bangalore North Taluk.",2018-2019,5.00000,0.00000,"15 Sep 2018","03 May 2023",2024-06-07
Karnataka,"Bengaluru Urban","Bangalore North",Kodigehalli,Kodigehalli,Kodigenahalli,0000373624,0007880358,250266062,"Deep Tubewell","Ground Water","BW- Near temple at Gyana shakthi badavane (Sa. No. 3/1-2)","TFC NAC 2018 SCP Drilling of Borewells (2 Nos, Laying of Pipeline and Erection of pump motor and ekectrification for Revival of Water Supply Scheme in Kodigehalli habitation Kodigehalli GP Bangalore North Taluk",2018-2019,17.70000,3.75248,"01 Mar 2019","31 Oct 2019",2024-06-07
Karnataka,"Bengaluru Urban","Bangalore North",Kodigehalli,Kodigehalli,Kodigenahalli,0000373624,0007880364,250266063,"Deep Tubewell","Ground Water","BW- Near temple at Gyana shakthi badavane (Sa. No. 3/1-2)","TFC NAC 2018 SCP Drilling of Borewells (1 Nos, Laying of Pipeline and Erection of pump motor and ekectrification for Revival of Water Supply Scheme in Shanthilal Badavane habitation Kodigehalli GP Bangalore North Taluk",2018-2019,8.50000,2.19431,"01 Mar 2019","31 Oct 2019",2024-06-07
Karnataka,"Bengaluru Urban","Bangalore North",Huskur,Bettanagere,Bettanagere,0000373686,0008020460,250034614,"Deep Tubewell","Ground Water","Village  limit","CAP 1 Drilling of Borewell in Bettanagere Village, Huskur Grama Panchayath, Yelahanka Taluk.",2020-2021,3.21000,3.19185,"11 Jun 2020","31 Aug 2020",2024-06-07
Karnataka,"Bengaluru Urban","Bangalore North",Kodigehalli,Kodigehalli,"Ashraya Badavane",0001725162,0007574622,250171014,"Deep Tubewell","Ground Water","Village limit","TFC221116 Drilling of Borewell at Chikkagollarahatii  Ashraya Badavane  habitation , Kachohalli   G.P Bangalore North Taluk Urban dist.",2016-2017,2.30000,2.29860,"15 Jan 2017","31 Mar 2018",2024-06-07
Karnataka,"Bengaluru Urban","Bangalore North",Siddanahosahalli,Dombarahalli,Dombarahalli,0000373708,0007640974,250186104,"Deep Tubewell","Ground Water","Rajarajeswari Badavane","TFC220217 Drilling of borewell At Dombarahalli Engineer badawane Habitation,Siddanahosahalli GP, Banglore North Taluk.",2016-2017,2.10000,2.09716,"05 May 2017","31 Mar 2019",2024-06-07
Karnataka,"Bengaluru Urban","Bangalore North",Chikkabanawara,Chikkabanawara,Chikkabanawara,0000373644,0003808105,3673842,"Deep Tubewell","Ground Water","BW-3rd Block, Ganapathi Nagar - (Sa. No. 05)",Borewell,2009-2010,1.20000,1.20000,"05 May 2009","05 Jun 2009",2024-06-07
Karnataka,"Bengaluru Urban","Bangalore North",Chikkabanawara,Chikkabanawara,Chikkabanawara,0000373644,0003808207,3673940,"Deep Tubewell","Ground Water","BW-Ganapathi Nagar 3rd Block,  (Sa. No. 09)",Borewell,2009-2010,1.20000,1.20000,"05 May 2009","05 Jun 2009",2024-06-07
Karnataka,"Bengaluru Urban","Bangalore North",Dasanapura,Dasanapura,Dyamannapalya,0000373661,0003901729,3769778,"Deep Tubewell","Ground Water","Road Side","Revival of MWS",2011-2012,6.00000,0.00000,"25 Aug 2011","25 Jan 2012",2024-06-07
Karnataka,"Bengaluru Urban","Bangalore North",Dasanapura,Gejjagadahalli,Gajadahalli,0000373669,0003901807,3769858,"Deep Tubewell","Ground Water","Towards Main Road","Revival of PWS",2011-2012,6.00000,0.78233,"25 Aug 2011","20 Mar 2013",2024-06-07
Karnataka,"Bengaluru Urban","Bangalore North",Dasanapura,Nagarur,"Vijayanagara Colony",0000373674,0003902302,3770378,"Deep Tubewell","Ground Water","Towards Main Road","Revival of MWS",2011-2012,5.50000,0.00000,"20 Aug 2011","25 Jan 2012",2024-06-07
Karnataka,"Bengaluru Urban","Bangalore North",Gopalapura,Agraharapalya,Agraharapalya,0000373775,0003902781,3770888,Openwell,"Ground Water","Road Side","Revival of MWS",2011-2012,5.50000,0.00000,"24 Aug 2011","12 Dec 2012",2024-06-07
Karnataka,"Bengaluru Urban","Bangalore North",Gopalapura,Thotagere,Ashrama,0000373773,0003908200,3776545,"Deep Tubewell","Ground Water","Road Side","Revival of MWS",2011-2012,5.50000,1.04426,"22 Aug 2011","05 Feb 2013",2024-06-07
Karnataka,"Bengaluru Urban","Bangalore North",Huskur,Doddapalya,Doddipalya,0000373688,0003908319,3776673,"Deep Tubewell","Ground Water","Road Side","Revival of MWS",2011-2012,6.00000,0.00000,"25 Aug 2011","28 Jan 2012",2024-06-07
Karnataka,"Bengaluru Urban","Bangalore North",Huskur,Halasimaradapalya,Halasinamaradapalya,0000373690,0003908337,3776684,"Deep Tubewell","Ground Water","Road Side","Revival of MWS",2011-2012,5.50000,0.00000,"22 Aug 2011","25 Jan 2012",2024-06-07
Karnataka,"Bengaluru Urban","Bangalore North",Kittanahalli,Gowdahalli,"Gowdahalli Colony",0000373715,0003913541,3781962,"Deep Tubewell","Ground Water","Road Side","Revival of MWS",2011-2012,6.00000,0.00000,"20 Aug 2011","25 Jan 2012",2024-06-07
Karnataka,"Bengaluru Urban","Bangalore North",Kittanahalli,Kenganahalli,Kenganahalli,0000373716,0003913564,3781986,"Deep Tubewell","Ground Water","Road Side","Revival of MWS",2011-2012,5.50000,0.00000,"21 Aug 2011","25 Jan 2012",2024-06-07
Karnataka,"Bengaluru Urban","Bangalore North",Kodigehalli,Kannahalli,Kannahalli,0000373620,0003913707,3782129,"Deep Tubewell","Ground Water","Road Side","Revival of PWS",2011-2012,6.50000,0.00000,"22 Aug 2011","23 Jan 2012",2024-06-07
Karnataka,"Bengaluru Urban","Bangalore North",Dasanapura,Nagarur,Nandaramiahanapalya,0000373673,0003307216,3163497,"Deep Tubewell","Ground Water",nala,"Naddaramayanapalya Nagaruru near Anjaneya Temple","Not Known",0.90000,0.00000,"26 Nov 2010","26 Nov 2010",2024-06-07
Karnataka,"Bengaluru Urban","Bangalore North",Kodigehalli,Manganahalli,Manganahalli,0000373616,0003309157,3165706,"Deep Tubewell","Ground Water","Manganahalli Slum","Manganahalli Slum","Not Known",0.90000,0.00000,"27 Nov 2010","27 Nov 2010",2024-06-07
Karnataka,"Bengaluru Urban","Bangalore North",Somashettihalli,Lakshmipura,Lakshmipura,0000373655,0003606632,3471430,"Deep Tubewell","Ground Water","Village Limit","Additional Pipe Line",2011-2012,2.30000,0.00000,"15 Jun 2011","15 Mar 2012",2024-06-07
Karnataka,"Bengaluru Urban","Bangalore North",Sondekoppa,Pitaganapalya,Pitayanapalya,0000373728,0003637455,3502239,"Deep Tubewell","Ground Water","Village Limit","Pipeline Extension",2011-2012,3.00000,0.00000,"15 Jul 2011","15 Mar 2012",2024-06-07
Karnataka,"Bengaluru Urban","Bangalore North",Lakshmipura,Gangondanahalli,Shanthinagar,0001622922,0003637542,3502327,"Deep Tubewell","Ground Water","Viilage Limits","Pipeline Extension",2011-2012,2.75000,0.00000,"15 Jul 2011","15 Mar 2012",2024-06-07
Karnataka,"Bengaluru Urban","Bangalore North",Dasanapura,Dasanapura,Dasanapura,0000373660,0003808582,3674315,"Deep Tubewell","Ground Water","BW- Near Devannanapalya  (near Ganganna house Sa. No. 07)",Borewell,2009-2010,1.20000,1.20000,"05 May 2009","05 Jun 2009",2024-06-07
Karnataka,"Bengaluru Urban","Bangalore North",Adakamaranahalli,Makali,Makali,0000373665,0003808838,3674570,"Deep Tubewell","Ground Water","BW- near Kumar house (Sa. No. 7/2)",Borewell,2009-2010,1.20000,1.20000,"05 May 2009","05 Jun 2009",2024-06-07
Karnataka,"Bengaluru Urban","Bangalore North",Dasanapura,Dasanapura,Dasanapura,0000373660,0003810424,3676170,"Deep Tubewell","Ground Water","BW- Near Gunduthopu road (Sa. No. 7/3)",Borewell,2009-2010,1.20000,1.20000,"05 May 2009","05 Jun 2009",2024-06-07
Karnataka,"Bengaluru Urban","Bangalore North",Dasanapura,Dasanapura,Dasanapura,0000373660,0003810465,3676209,"Deep Tubewell","Ground Water","BW- Marappanapalya near (Sa. No. 7/4)",Borewell,2009-2010,1.20000,1.20000,"05 May 2009","05 Jun 2009",2024-06-07
Karnataka,"Bengaluru Urban","Bangalore North",Dasanapura,Shivanapura,Shivanapura,0000373675,0003811484,3677223,"Deep Tubewell","Ground Water","BW- Thimmbhovipalya Shivanapura near Siddagangamma house  (Sa. No. 7/6)",Borewell,2009-2010,1.20000,1.20000,"05 May 2009","05 Jun 2009",2024-06-07
Karnataka,"Bengaluru Urban","Bangalore North",Alur,Pylvanarapalya,Pailvanarapalya,0000373696,0003875007,3741457,"Deep Tubewell","Ground Water","Towards Village Limits","Revival of MWS",2011-2012,5.50000,0.00000,"24 Aug 2011","25 Jan 2012",2024-06-07
Karnataka,"Bengaluru Urban","Bangalore North",Alur,Kuduragere,Kuduragere,0000373698,0003875050,3741501,"Deep Tubewell","Ground Water","Towards Village Limits","Revival of MWS",2011-2012,5.50000,0.00000,"18 Aug 2011","21 Jan 2012",2024-06-07
Karnataka,"Bengaluru Urban","Bangalore North",Kodigehalli,Kodigehalli,Kodigenahalli,0000373624,0003894611,3762468,"Deep Tubewell","Ground Water","BW- 1 near visveshwaraiah house (Sa. No. 3/8-1)",Borewell,2008-2009,1.20000,1.20000,"15 May 2008","15 Jun 2008",2024-06-07
Karnataka,"Bengaluru Urban","Bangalore North",Sondekoppa,Sondekoppa,Gayathrinagar,0000373741,0003914588,3783013,"Deep Tubewell","Ground Water","Road Side","Revival of MWS",2011-2012,6.00000,0.00000,"21 Aug 2011","25 Jan 2012",2024-06-07
Karnataka,"Bengaluru Urban","Bangalore North",Kodigehalli,Kodigehalli,Kodigenahalli,0000373624,0003918097,3786670,"Deep Tubewell","Ground Water","BW- Ashraya Badavane - Sa. No. 3/8-2",Borewell,2009-2010,1.20000,1.20000,"05 May 2009","05 Jun 2009",2024-06-07
Karnataka,"Bengaluru Urban","Bangalore North",Gopalapura,Gopalapura,Gopalapura,0000373769,0003918222,3786812,"Deep Tubewell","Ground Water","BW- Near Colony - Sa. No. 033/2",Borewell,2009-2010,1.20000,1.20000,"05 May 2009","05 Jun 2009",2024-06-07
Karnataka,"Bengaluru Urban","Bangalore North",Gopalapura,Govindapura,Govindapura,0001622911,0003918271,3786861,"Deep Tubewell","Ground Water","BW- Near Govt School - Sa. No. 033/5",Borewell,2009-2010,1.20000,1.20000,"05 May 2009","05 Jun 2009",2024-06-07
Karnataka,"Bengaluru Urban","Bangalore North",Huskur,Huskur,Huskur,0001622918,0003918505,3787100,"Deep Tubewell","Ground Water","BW- near Govt School - Sa. No. 4",Borewell,2009-2010,1.20000,1.20000,"04 Apr 2009","03 May 2009",2024-06-07
Karnataka,"Bengaluru Urban","Bangalore North",Shrikantapura,Shrikantapura,Shrikantapur,0001725167,0004124368,4003804,"Deep Tubewell","Ground Water","Village Main Road","Providing Piped Water Supply",2011-2012,20.00000,2.34425,"21 Aug 2011","01 Mar 2013",2024-06-07
Karnataka,"Bengaluru Urban","Bangalore North",Kachohalli,Kachohalli,Kachohalli,0000373763,0004865223,4792061,"Deep Tubewell","Ground Water","Village Limit","Revival of MWS Scheme",2012-2013,5.00000,5.10642,"15 Sep 2012","15 Mar 2013",2024-06-07
Karnataka,"Bengaluru Urban","Bangalore North",Kittanahalli,Kittanahalli,Kittenahalli,0000373722,0004867584,4794535,"Deep Tubewell","Ground Water","Main Road","Revival of MWS Scheme",2012-2013,5.00000,4.99871,"25 Sep 2012","01 Mar 2014",2024-06-07
Karnataka,"Bengaluru Urban","Bangalore North",Kodigehalli,Manganahalli,"Manganahalli Slum",0001725163,0004867591,4794542,"Deep Tubewell","Ground Water","Main Road","Revival of MWS Scheme",2012-2013,5.00000,5.00000,"18 Sep 2012","06 Mar 2013",2024-06-07
Karnataka,"Bengaluru Urban","Bangalore North",Kodigehalli,Manganahalli,"Udaya Badavane",0001725166,0004867596,4794548,"Deep Tubewell","Ground Water","Main Road","Revival of MWS Scheme",2012-2013,5.00000,4.99189,"19 Sep 2012","20 Mar 2013",2024-06-07
Karnataka,"Bengaluru Urban","Bangalore North",Dasanapura,Dasanapura,Dasanapura,0000373660,0004868044,4795022,"Deep Tubewell","Ground Water","Village Limit","Revival of PWS Scheme",2012-2013,6.00000,5.42485,"20 Sep 2012","25 Mar 2013",2024-06-07
Karnataka,"Bengaluru Urban","Bangalore North",Adakamaranahalli,Adakamaranahalli,Prababhanagar,0000373664,0004868056,250034594,"Deep Tubewell","Ground Water","Village limit","Revival of PWS Scheme",2012-2013,6.00000,4.12249,"15 Sep 2012","20 Mar 2013",2024-06-07
Karnataka,"Bengaluru Urban","Bangalore North",Kodigehalli,"Chikkakodige Halli",Chikkakodigenahalli,0000373626,0005511328,5447620,"Deep Tubewell","Ground Water","Village limit","Revival of MWS Scheme",2013-2014,6.50000,0.00000,"10 Sep 2013","25 Mar 2014",2024-06-07
Karnataka,"Bengaluru Urban","Bangalore North",Sondekoppa,Lakkenahalli,Lakkenahalli,0000373733,0005525634,5467354,"Deep Tubewell","Ground Water",Ajjappanapalya,"Revival of MWS Scheme",2013-2014,7.50000,5.72815,"12 Sep 2013","18 Mar 2014",2024-06-07
Karnataka,"Bengaluru Urban","Bangalore North",Dasanapura,Shivanapura,"Shivanapura Jhc",0000373676,0005525658,5467398,"Deep Tubewell","Ground Water","Sri Ramaswamy Badavane","Revival of MWS Scheme",2013-2014,10.00000,9.32473,"15 Sep 2013","31 Mar 2015",2024-06-07
Karnataka,"Bengaluru Urban","Bangalore North",Kachohalli,Chikkagollarahatti,"Chikkagollarahatti Jhc",0001622920,0005580550,5540058,"Deep Tubewell","Ground Water","Village limit","Revival of MWS Scheme",2013-2014,7.00000,0.00000,"10 Sep 2013","15 Mar 2014",2024-06-07
Karnataka,"Bengaluru Urban","Bangalore North",Chikkabanawara,Chikkabanawara,"Vinayaka Badavane",0001725158,0005235513,5179807,"Deep Tubewell","Ground Water","4th Block near Shaneswara Temple","Revival of PWS",2012-2013,6.00000,0.00000,"07 Jan 2013","20 Mar 2013",2024-06-07
Karnataka,"Bengaluru Urban","Bangalore North",Chikkabanawara,Chikkabanawara,"Nandeeshwara Badavane",0001725159,0005235518,5179812,"Deep Tubewell","Ground Water","Eshwara Temple","Revival of PWS",2012-2013,6.00000,5.69982,"07 Jan 2013","20 Mar 2013",2024-06-07
Karnataka,"Bengaluru Urban","Bangalore North",Kittanahalli,Ravatanahalli,Ravatanahalli,0000373717,0005361615,5298267,"Deep Tubewell","Ground Water","Village limit","Drilling of BW",2012-2013,1.80000,1.79852,"07 Mar 2013","01 Mar 2014",2024-06-07
Karnataka,"Bengaluru Urban","Bangalore North",Kodigehalli,Kodigehalli,Ratnanagara,0001725161,0005363265,5300273,"Deep Tubewell","Ground Water",Skandanagara,"Drilling of BW",2012-2013,1.00000,1.66051,"15 Mar 2013","28 Feb 2014",2024-06-07
Karnataka,"Bengaluru Urban","Bangalore North",Lakshmipura,Lakshmipura,Kalliganahalli,0000373713,0005506803,5442676,"Deep Tubewell","Ground Water","Village limit","G Revival of MWS Scheme",2013-2014,7.00000,7.40063,"25 Aug 2013","31 Dec 2015",2024-06-07
Karnataka,"Bengaluru Urban","Bangalore North",Shrikantapura,Totadaguddadahalli,Totadaguddadahalli,0000373749,0004869757,4796860,"Deep Tubewell","Ground Water","Village Limit","Providing Piped Water Supply Scheme",2012-2013,20.00000,20.50002,"15 Sep 2012","03 Feb 2014",2024-06-07
Karnataka,"Bengaluru Urban","Bangalore North",Gopalapura,Kukkanahalli,Kukkanahalli,0000373771,0004869898,4796999,"Deep Tubewell","Ground Water","Village Limit","Revival of PWS Scheme",2012-2013,6.00000,5.99900,"20 Sep 2012","20 Mar 2013",2024-06-07
Karnataka,"Bengaluru Urban","Bangalore North",Huskur,Pillahalli,"Pillalli J H C",0000373682,0004869975,4797063,"Deep Tubewell","Ground Water","Village Limit","Revival of MWS Scheme",2012-2013,6.00000,6.00072,"20 Sep 2012","20 Mar 2013",2024-06-07
Karnataka,"Bengaluru Urban","Bangalore North",Chikkabanawara,Chikkabanawara,Chikkabanawara,0000373644,0004872173,4799050,"Deep Tubewell","Ground Water","Village limit","Revival of MWS Scheme",2012-2013,5.00000,8.63060,"15 Sep 2012","05 Aug 2013",2024-06-07
Karnataka,"Bengaluru Urban","Bangalore North",Kodigehalli,Kodigehalli,"Ashraya Badavane",0001725162,0004930517,4851300,"Deep Tubewell","Ground Water",GLPS,"School Water Supply",2012-2013,1.00000,0.99500,"10 Sep 2012","20 Mar 2013",2024-06-07
Karnataka,"Bengaluru Urban","Bangalore North",Alur,Kuduragere,"Kuduragere J H C",0000373699,0005235420,5179709,"Deep Tubewell","Ground Water",Byraveswaranagara,"Revival of MWS",2012-2013,6.30000,0.00000,"07 Jan 2013","20 Mar 2013",2024-06-07
Karnataka,"Bengaluru Urban","Bangalore North",Alur,Heggadedevanapura,Heggadedevanapura,0000373697,0005235427,5179716,"Deep Tubewell","Ground Water","Heggadadevanapura Colony","Revival of MWS",2012-2013,4.40000,0.00000,"07 Jan 2013","20 Mar 2013",2024-06-07
Karnataka,"Bengaluru Urban","Bangalore North",Huskur,Vaderahalli,"Vaderahalli J H C",0000373684,0005235443,5179736,"Deep Tubewell","Ground Water","Village limit","Revival of PWS",2012-2013,6.10000,1.55745,"07 Jan 2013","20 Mar 2013",2024-06-07
Karnataka,"Bengaluru Urban","Bangalore North",Huskur,Huskur,"Huskur Colony",0001622917,0005235448,5179741,"Deep Tubewell","Ground Water","Village limit","Revival of MWS",2012-2013,6.20000,6.13176,"07 Jan 2013","30 Jan 2014",2024-06-07
Karnataka,"Bengaluru Urban","Bangalore North",Gopalapura,Kukkanahalli,Kukkanahalli,0000373771,0005235467,5179760,"Deep Tubewell","Ground Water","Village limit","Revival of MWS",2012-2013,5.80000,6.68624,"07 Jan 2013","03 Mar 2014",2024-06-07
Karnataka,"Bengaluru Urban","Bangalore North",Gopalapura,Kukkanahalli,Kukkanahalli,0000373771,0008023404,126903,"Deep Tubewell","Ground Water",NA,"10 Crore 220520 Revival of MWS  Providing Pump motor to Existing borewell at Kukkanahalli village Gopalapura GP Bangalore North Taluk",2020-2021,2.30000,2.29758,"06 Jul 2020","03 May 2023",2024-06-07
Karnataka,"Bengaluru Urban","Bangalore North",Alur,Heggadedevanapura,Heggadedevanapura,0000373697,0000779461,127406,"Deep Tubewell","Ground Water",NA,"Village Limits",1999-2000,5.80000,5.95000,"30 Sep 1999","30 Mar 2001",2024-06-07
Karnataka,"Bengaluru Urban","Bangalore North",Alur,Heggadedevanapura,Heggadedevanapura,0000373697,0008023393,127406,"Deep Tubewell","Ground Water",NA,"10 Crore 220520 Revival of MWS  Drilling of Borwell at Heggadadevanapura village Alur GP Bangalore North Taluk",2020-2021,2.50000,2.40592,"30 Jun 2020","03 May 2023",2024-06-07
Karnataka,"Bengaluru Urban","Bangalore North",Huskur,Bettanagere,Bettanagere,0000373686,0000546082,127468,"Deep Tubewell","Ground Water",NA,"village limit",2006-2007,12.95000,12.90000,"12 Dec 2007","11 Jun 2008",2024-06-07
Karnataka,"Bengaluru Urban","Bangalore North",Alur,Thammenahalli,Thammenahalli,0000373700,0000554659,129221,"Deep Tubewell","Ground Water",NA,"Revival of MWS",2007-2008,3.70000,1.47000,"04 Feb 2008","21 May 2008",2024-06-07
Karnataka,"Bengaluru Urban","Bangalore North",Kittanahalli,Devinanjayanapalya,"D Palya",0000373723,0000556553,133366,"Deep Tubewell","Ground Water",NA,"Revival of MWS",2007-2008,3.70000,1.16000,"12 Mar 2008","22 Aug 2008",2024-06-07
Karnataka,"Bengaluru Urban","Bangalore North",Kittanahalli,Ravatanahalli,Arthipalya,0000373719,0001758609,1507722,"Deep Tubewell","Ground Water","Left side of Village Main road","Village limits",2008-2009,4.00000,1.63000,"10 Feb 2009","30 May 2010",2024-06-07
Karnataka,"Bengaluru Urban","Bangalore North",Kadabagere,Kadabagere,Kadabagere,0000373758,0008036379,123724,"Deep Tubewell","Ground Water","near chikkagollarahatii village limit","10 Crore 220520 Revival of MWS  Drilling of Borwell and Providing Pump Motor at Kadabagere village Machohalli GP Bangalore North Taluk",2020-2021,5.00000,4.84705,"26 Jun 2020","03 May 2023",2024-06-07
Karnataka,"Bengaluru Urban","Bangalore North",Madanayakanahalli,Madanayakanahalli,"Bms Colony",0000373705,0000420219,124701,"Deep Tubewell","Ground Water",NA,MWSS,2006-2007,3.00000,2.01000,"08 Nov 2006","23 Aug 2007",2024-06-07
Karnataka,"Bengaluru Urban","Bangalore North",Kadabagere,Kadabagere,Arkavathinagar,0000373759,0000771189,125207,"Deep Tubewell","Ground Water",NA,"village limit",2007-2008,3.50000,1.47000,"24 Jan 2008","25 Sep 2008",2024-06-07
Karnataka,"Bengaluru Urban","Bangalore North",Kodigehalli,Kodigehalli,Kodigenahalli,0000373624,0000441869,125555,"Deep Tubewell","Ground Water",NA,PWSS,2005-2006,10.00000,10.00000,"09 May 2005","30 Jun 2006",2024-06-07
Karnataka,"Bengaluru Urban","Bangalore North",Machohalli,Machohalli,"Machohalli J H C",0000373767,0000441829,126517,"Deep Tubewell","Ground Water",NA,PWSS,2002-2003,8.25000,8.25000,"20 Feb 2002","19 May 2002",2024-06-07
Karnataka,"Bengaluru Urban","Bangalore North",Gopalapura,Kukkanahalli,Kukkanahalli,0000373771,0001762816,1511858,"Deep Tubewell","Ground Water","Right side of the road","Revival of PWS",2007-2008,4.70000,4.10000,"10 Apr 2009","30 Jul 2009",2024-06-07
Karnataka,"Bengaluru Urban","Bangalore North",Huskur,Pillahalli,Pillahalli,0000373679,0001763008,1512024,"Deep Tubewell","Ground Water","Near Chikkaveeraiahanapalya",MWS,2007-2008,3.00000,3.00000,"10 Apr 2009","30 May 2010",2024-06-07
Karnataka,"Bengaluru Urban","Bangalore North",Chikkabanawara,Chikkabanawara,Chikkabanawara,0000373644,0001763825,1512760,"Deep Tubewell","Ground Water","Janatha Colony","Village Limits (Janatha Colony)",2008-2009,3.00000,2.00000,"15 Mar 2009","30 May 2010",2024-06-07
Karnataka,"Bengaluru Urban","Bangalore North",Sondekoppa,Hunnigere,Hunnigere,0000373738,0001764301,1513272,"Deep Tubewell","Ground Water","Near school","Left side of main road",2008-2009,15.00000,0.00001,"02 May 2009","30 May 2010",2024-06-07
Karnataka,"Bengaluru Urban","Bangalore North",Huskur,Honnasandra,Honnasandra,0001622912,0001764311,1513284,"Deep Tubewell","Ground Water","right side of road","Rightside of Honnasandra Main road",2008-2009,15.00000,8.33000,"10 Jun 2009","10 Oct 2010",2024-06-07
Karnataka,"Bengaluru Urban","Bangalore North",Alur,Alur,"Alur Palya",0000373695,0002599916,2405404,"Deep Tubewell","Ground Water","village limit","comunity tarrafil units",2010-2011,0.55000,0.00000,"05 Nov 2010","28 Dec 2011",2024-06-07
Karnataka,"Bengaluru Urban","Bangalore North",Madanayakanahalli,Madanayakanahalli,"Bms Colony",0000373705,0002600068,2405556,"Deep Tubewell","Ground Water","village limit","comunitu tarrafil units",2010-2011,1.10000,0.00000,"04 Nov 2010","29 Mar 2011",2024-06-07
Karnataka,"Bengaluru Urban","Bangalore North",Kodigehalli,Kodigehalli,Chikkagollarahalli,0000373627,0002600507,2406033,"Deep Tubewell","Ground Water","village limit","comunitu tarrafil units",2010-2011,0.55000,0.00000,"04 Nov 2010","29 Mar 2011",2024-06-07
Karnataka,"Bengaluru Urban","Bangalore North",Kittanahalli,Kallegowdanapalya,"K Palya",0000373724,0002601830,2407448,"Deep Tubewell","Ground Water","village limit","community tarrafil units",2010-2011,0.55000,0.00000,"04 Nov 2010","29 Mar 2011",2024-06-07
Karnataka,"Bengaluru Urban","Bangalore North",Alur,Kuduragere,"Kuduragere J H C",0000373699,0002602023,2407662,"Deep Tubewell","Ground Water","village limit","community tarrafil units",2010-2011,1.65000,0.00000,"04 Nov 2010","29 Mar 2011",2024-06-07
Karnataka,"Bengaluru Urban","Bangalore North",Alur,Thammenahalli,Thammenahalli,0000373700,0002615867,2422032,"Deep Tubewell","Ground Water","Village Limits","Community Terafil Units",2010-2011,2.20000,0.00000,"04 Nov 2010","29 Mar 2011",2024-06-07
Karnataka,"Bengaluru Urban","Bangalore North",Chikkabanawara,"Kempapura J H C","Kempapura J H C",0000373651,0003173116,3023886,"Deep Tubewell","Ground Water","Kempapura Colony","Kempapura Colony","Not Known",0.90000,0.00000,"25 Nov 2010","25 Nov 2010",2024-06-07
Karnataka,"Bengaluru Urban","Bangalore North",Dasanapura,Dasanapura,Dasanapura,0000373660,0007406428,250120599,"Deep Tubewell","Ground Water","near ramaiahanapalya","TFC190316 Drilling of Borewell at Ramaiahanapalya Habitation, Dasanapura GP, Bangalore North Taluk",2016-2017,2.31000,0.00000,"12 Apr 2016","03 May 2023",2024-06-07
Karnataka,"Bengaluru Urban","Bangalore North",Siddanahosahalli,Siddanahosahalli,Siddanahosahalli,0000373707,0007406544,250120702,"Deep Tubewell","Ground Water","village limit","TFC190316 Drilling of Borewell at Siddanahosahalli Habitation, Siddanahosahalli GP, Bangalore North Taluk",2016-2017,1.79000,1.79000,"12 Apr 2016","25 Aug 2016",2024-06-07
Karnataka,"Bengaluru Urban","Bangalore North",Lakshmipura,Lakshmipura,Kalliganahalli,0000373713,0007406583,250120801,"Deep Tubewell","Ground Water",kolvenahalli,"TFC190316 Drilling of Borewell at Koluvenahalli Habitation,Lakshmipura GP, Bangalore North Taluk",2016-2017,2.38000,2.38000,"12 Apr 2016","31 Jul 2016",2024-06-07
Karnataka,"Bengaluru Urban","Bangalore North",Chikkabanawara,Chikkabanawara,"Vinayaka Badavane",0001725158,0007529196,250144540,"Deep Tubewell","Ground Water","Near Tank bed","SCP Revival of MWS Scheme at Vinayaka Badavane Habitation Chikkabanavara G.P., Bangalore North Taluk",2016-2017,6.00000,5.80868,"25 Aug 2016","31 Mar 2018",2024-06-07
Karnataka,"Bengaluru Urban","Bangalore North",Sondekoppa,Byregowdanahalli,Byregowdanahalli,0000373735,0007529248,250148662,"Deep Tubewell","Ground Water",&amp;nbsp;,"SCP Revival of MWS Scheme at Byregowdanahalli Habitation Sondekopa G.P., Bangalore North Taluk",2016-2017,8.00000,6.52722,"25 Aug 2016","31 Mar 2018",2024-06-07
Karnataka,"Bengaluru Urban","Bangalore North",Alur,Pylvanarapalya,Pailvanarapalya,0000373696,0006373487,250034500,"Deep Tubewell","Ground Water","Village limit","Revival of MWS Scheme",2013-2014,6.00000,4.22761,"28 Apr 2014","31 Mar 2015",2024-06-07
Karnataka,"Bengaluru Urban","Bangalore North",Huskur,Kodipalya,Kodipalya,0000373678,0006373855,250065353,"Deep Tubewell","Ground Water","Colony Limit","Revival of MWS  Scheme",2013-2014,6.00000,5.52468,"25 Apr 2014","14 Jan 2015",2024-06-07
Karnataka,"Bengaluru Urban","Bangalore North",Huskur,Pillahalli,Bhagavanthanapalya,0000373680,0006373902,250034647,"Deep Tubewell","Ground Water","Village  limit","G Revival of MWS  Scheme",2013-2014,6.00000,2.76801,"22 Apr 2014","31 Mar 2017",2024-06-07
Karnataka,"Bengaluru Urban","Bangalore North",Kachohalli,Kachohalli,Kachohalli,0000373763,0006373926,250034659,"Deep Tubewell","Ground Water","Village limit","Revival of MWS  Scheme",2013-2014,8.00000,0.77345,"25 Apr 2014","02 Sep 2014",2024-06-07
Karnataka,"Bengaluru Urban","Bangalore North",Lakshmipura,"K G Lakkenahalli","K G Lakkenahalli J H C",0000373755,0006373932,250034662,"Deep Tubewell","Ground Water","Village  limit","Revival of MWS  Scheme",2013-2014,6.00000,4.99635,"25 Apr 2014","13 Jan 2015",2024-06-07
Karnataka,"Bengaluru Urban","Bangalore North",Kodigehalli,Kannahalli,"Kannahalli, J H C",0000373622,0006373973,250065380,"Deep Tubewell","Ground Water","Colony  Limit","G Revival of MWS  Scheme",2013-2014,6.00000,6.03991,"25 Apr 2014","31 Dec 2015",2024-06-07
Karnataka,"Bengaluru Urban","Bangalore North",Kodigehalli,Manganahalli,"Udaya Badavane",0001725166,0006373982,250034689,"Deep Tubewell","Ground Water","Village  limit","G Revival of MWS  Scheme",2013-2014,6.00000,4.05910,"29 Apr 2014","31 Dec 2015",2024-06-07
Karnataka,"Bengaluru Urban","Bangalore North",Madavara,"Bylappana Palya",Byallappnapalya,0000373745,0006374015,250034708,"Deep Tubewell","Ground Water","Village  limit","G Revival of MWS  Scheme",2013-2014,6.00000,4.37371,"25 Apr 2014","01 Oct 2015",2024-06-07
Karnataka,"Bengaluru Urban","Bangalore North",Sondekoppa,Nagasandra,Nagasandra,0000373743,0006374235,250065401,"Deep Tubewell","Ground Water","Colony Limit","SCP Revival of MWS Scheme",2013-2014,6.00000,6.20149,"25 Apr 2014","31 Mar 2017",2024-06-07
Karnataka,"Bengaluru Urban","Bangalore North",Alur,Alur,Alur,0000373694,0006686404,250073709,"Deep Tubewell","Ground Water","Village limit","Drilling of Borewell",2014-2015,2.00000,1.69748,"19 Jul 2014","14 Jan 2015",2024-06-07
Karnataka,"Bengaluru Urban","Bangalore North",Kodigehalli,Kodigehalli,Kodigenahalli,0000373624,0006686540,250073763,"Deep Tubewell","Ground Water","Village limit","Drilling of Borewell",2014-2015,1.55000,1.65931,"19 Jul 2014","05 Aug 2014",2024-06-07
Karnataka,"Bengaluru Urban","Bangalore North",Kodigehalli,Kodigehalli,"Ashraya Badavane",0001725162,0006686541,250073764,"Deep Tubewell","Ground Water","Village limit","Drilling of Borewell",2014-2015,1.50000,1.64034,"19 Jul 2014","06 Aug 2014",2024-06-07
Karnataka,"Bengaluru Urban","Bangalore North",Shrikantapura,Totadaguddadahalli,Totadaguddadahalli,0000373749,0006849467,250075888,"Deep Tubewell","Ground Water","Near nala","TFC 20.10.2014 Drilling of Borewell in Thotadaguddadahalli habitation",2014-2015,1.24000,1.23589,"10 Dec 2014","01 Mar 2015",2024-06-07
Karnataka,"Bengaluru Urban","Bangalore North",Huskur,Huskur,Huskur,0001622918,0006849609,250075966,"Deep Tubewell","Ground Water",Rampalya,"TFC 20.10.2014 Drilling of Borewell-Rampalya in Huskur habitation",2014-2015,2.00000,1.99457,"10 Dec 2014","01 Mar 2015",2024-06-07
Karnataka,"Bengaluru Urban","Bangalore North",Alur,Thammenahalli,Thammenahalli,0000373700,0006849638,250075986,"Deep Tubewell","Ground Water",NA,"G TFC 20.10.2014 Drilling of Borewell at Tammenahalli in alur habitation",2014-2015,2.00000,1.99990,"10 Dec 2014","01 Sep 2015",2024-06-07
Karnataka,"Bengaluru Urban","Bangalore North",Alur,Alur,Alur,0000373694,0006849648,250075996,"Deep Tubewell","Ground Water","Basavesjwara Badavane","G TFC 20.10.2014 Drilling of Borewell Basavesjwara Badavane in alur habitation",2014-2015,2.00000,1.99987,"10 Dec 2014","01 Sep 2015",2024-06-07
Karnataka,"Bengaluru Urban","Bangalore North",Kodigehalli,Kodigehalli,Ratnanagara,0001725161,0006849953,250076181,"Deep Tubewell","Ground Water",NA,"TFC 20.10.2014 Drilling of Borewell in ratnanagar habitation",2014-2015,1.60000,1.60000,"10 Dec 2014","30 Mar 2015",2024-06-07
Karnataka,"Bengaluru Urban","Bangalore North",Kadabagere,Giddenahalli,Giddenahalli,0000373760,0006849982,3782298,"Deep Tubewell","Ground Water","Road Side","G TFC 20.10.2014  Errection of Pumpset with Pipe line and Energisation in Giddenahalli habitation",2014-2015,4.00000,3.50316,"10 Dec 2014","31 Mar 2019",2024-06-07
Karnataka,"Bengaluru Urban","Bangalore North",Sondekoppa,"Baleveerana Halli","B Halli",0000373737,0008213894,250008480,"Deep Tubewell","Ground Water","Village limit","Providing tap connection to 1 No. Anganawadi in Baleveeranahalli village of Bangalore North Taluk and Bangalore Urban District through SVS",2020-2021,0.14000,0.14000,"18 Dec 2020","03 May 2023",2024-06-07
Karnataka,"Bengaluru Urban","Bangalore North",Madanayakanahalli,Madanayakanahalli,Madanayakanahalli,0000373703,0008220987,5444539,"Deep Tubewell","Ground Water",Hosabadavane,"Providing tap connection to Anganwadi in Bylappanapalya Habitation Madanayakanahalli GP Bangalore North Taluk",2020-2021,0.15000,0.14342,"17 Dec 2020","03 May 2023",2024-06-07
Karnataka,"Bengaluru Urban","Bangalore North",Sondekoppa,Sondekoppa,Sondekoppa,0000373739,0008221815,250148698,"Deep Tubewell","Ground Water","Village limit","Providing tap connection to HG Palya Habitation Sondekoppa GP Bangalore North Taluk",2020-2021,0.14000,0.14000,"17 Dec 2020","03 May 2023",2024-06-07
Karnataka,"Bengaluru Urban","Bangalore North",Alur,Heggadedevanapura,Heggadedevanapura,0000373697,0008235412,250145061,"Deep Tubewell","Ground Water","Near Tank bed","15 crore 04022021 Providing Panel Board Pump Motor  at Heggadadevanapura village Aluru GP Bangalore North Taluk",2020-2021,4.00000,3.51393,"07 Feb 2021","03 May 2023",2024-06-07
Karnataka,"Bengaluru Urban","Bangalore North",Chikkabanawara,Chikkabanawara,Chikkabanawara,0000373644,0008235539,250068083,"Deep Tubewell","Ground Water","Village limit","15 crore 04022021 Drilling of Borewell  at AK Colony  at Chikkabanavara  village Chikkabanavara GP Bangalore North Taluk",2020-2021,2.80000,2.70087,"07 Feb 2021","03 May 2023",2024-06-07
Karnataka,"Bengaluru Urban","Bangalore North",Chikkabanawara,Chikkabanawara,Chikkabanawara,0000373644,0008235543,250068083,"Deep Tubewell","Ground Water","Village limit","15 crore 04022021 Drilling Borewell  at  at Puttaswamy bavi at Chikkabanavara village Chikkabanavara GP Bangalore North Taluk",2020-2021,2.80000,2.69285,"11 Feb 2021","03 May 2023",2024-06-07
Karnataka,"Bengaluru Urban","Bangalore North",Chikkabanawara,Chikkabanawara,Dasappanapalya,0000373647,0008235612,250144557,"Deep Tubewell","Ground Water","Near roadside","15 crore 04022021 Providing Panel Board Pump Motor and pipeline work at Dappanapalya (Sandyanagara) at Chikkabanavara G.P  Bangalore North Taluk",2020-2021,4.50000,4.03263,"18 Feb 2021","03 May 2023",2024-06-07
Karnataka,"Bengaluru Urban","Bangalore North",Kodigehalli,Kodigehalli,Kodigenahalli,0000373624,0006999913,5301399,"Deep Tubewell","Ground Water","Village limit","G TFC050515 Erection of Pumpset with Pipe line and energisation to existing Borewell at Kodigehalli Habitation,  Kodigehalli G.P",2015-2016,4.97000,4.82470,"21 Jul 2015","31 Mar 2016",2024-06-07
Karnataka,"Bengaluru Urban","Bangalore North",Alur,Kuduragere,Kuduragere,0000373698,0007006125,250084521,"Deep Tubewell","Ground Water","Near Kuduragere","G TFC050515 Drilling of Borewell at Kuduragere Habitation, Aluru G.P",2015-2016,1.26000,1.25196,"21 Jul 2015","31 Mar 2016",2024-06-07
Karnataka,"Bengaluru Urban","Bangalore North",Alur,Thammenahalli,Thammenahalli,0000373700,0007149118,250090243,"Deep Tubewell","Ground Water","Village limit","G Revival of PWS Scheme",2015-2016,8.00000,0.00000,"25 Oct 2015","31 Mar 2016",2024-06-07
Karnataka,"Bengaluru Urban","Bangalore North",Dasanapura,Narayanappanapalya,Narayanappanapalya,0001622905,0007149941,250090307,"Deep Tubewell","Ground Water","Village limit","G Providing Piped water supply scheme",2015-2016,18.87000,0.00000,"25 Oct 2015","31 Mar 2016",2024-06-07
Karnataka,"Bengaluru Urban","Bangalore North",Dasanapura,Dasanapura,Dasanapura,0000373660,0007169437,4795022,"Deep Tubewell","Ground Water","Village Limit","ST COLONY Revival of MWS Scheme",2015-2016,5.00000,0.00000,"25 Oct 2015","31 Mar 2016",2024-06-07
