state_name,district_name,block_name,panchayat_name,village_name,habitation_name,habitation_id,scheme_id,schemes_sources_id,source_type,sourcetype_category,location,scheme_name,sanction_year,estimated_cost,expenditure,dateof_commencement,dateof_completion,update_date
Karnataka,"Bengaluru Urban",Anekal,Marsoor,Marsoor,Marsoor,0000373309,0004873915,4800655,"Deep Tubewell","Ground Water","Tank Bed","Providing Piped Water Supply Scheme",2012-2013,20.00000,0.00000,"20 Sep 2012","20 Jan 2014",2024-06-07
Karnataka,"Bengaluru Urban",Anekal,Haragadde,Nayanahalli,Nayanahalli,0001622885,0004878955,4805464,"Deep Tubewell","Ground Water","Colony Road","Revival of MWS Scheme",2012-2013,5.00000,1.57794,"20 Sep 2012","30 Nov 2012",2024-06-07
Karnataka,"Bengaluru Urban",Anekal,Mantapa,"Chinnaiahna Palya",Chinnaiahanapalya,0000373424,0004879267,4805721,"Deep Tubewell","Ground Water","Towards Main Road","Revival of MWS Scheme",2012-2013,5.00000,4.99997,"20 Sep 2012","01 Mar 2013",2024-06-07
Karnataka,"Bengaluru Urban",Anekal,Mugalur,Mattanahalli,Mattanahalli,0000373521,0004886457,4812468,"Deep Tubewell","Ground Water","Village limit","Revival of MWS Scheme",2012-2013,8.50000,7.78926,"15 Sep 2012","31 Jan 2013",2024-06-07
Karnataka,"Bengaluru Urban",Anekal,Mugalur,Mugalur,Mugalur,0000373524,0004886499,4812516,"Deep Tubewell","Ground Water","Village limit","Revival of MWS Scheme",2012-2013,7.00000,6.36815,"15 Sep 2012","20 Mar 2014",2024-06-07
Karnataka,"Bengaluru Urban",Anekal,Bannerghatta,Byrappanahalli,Byrappanahalli,0000373429,0004892701,4818179,"Deep Tubewell","Ground Water","Towards Sampigehall Road","Providing Piped  Water Supply Scheme",2012-2013,22.00000,9.80148,"20 Sep 2012","01 Mar 2014",2024-06-07
Karnataka,"Bengaluru Urban",Anekal,Bannerghatta,Bannerughatta,Bannerghatta,0000373430,0004892756,4818223,"Deep Tubewell","Ground Water","Extension Areas","Revival of PWS Scheme",2012-2013,28.50000,28.49990,"15 Sep 2012","15 Mar 2013",2024-06-07
Karnataka,"Bengaluru Urban",Anekal,Hennagara,Ramakrishnapura,Ramakrishnapura,0001622888,0004893194,4818563,"Deep Tubewell","Ground Water","Village limit","Revival of MWS Scheme",2012-2013,5.00000,4.95199,"20 Sep 2012","20 Mar 2013",2024-06-07
Karnataka,"Bengaluru Urban",Anekal,Bidaraguppe,Mallenahallli,Malenahalli,0000373500,0004933403,4854275,"Deep Tubewell","Ground Water",GHPS,"School Water Supply",2012-2013,1.00000,0.99858,"20 Sep 2012","10 Mar 2013",2024-06-07
Karnataka,"Bengaluru Urban",Anekal,Handenahalli,Handenahalli,Handenahalli,0000373542,0004933405,4854277,"Deep Tubewell","Ground Water",GHPS,"School Water Supply",2012-2013,1.00000,0.99985,"15 Sep 2012","10 Mar 2013",2024-06-07
Karnataka,"Bengaluru Urban",Anekal,Muthanallur,"Singena Agrahara","Singena Agrahara",0000373562,0004933607,4854448,"Deep Tubewell","Ground Water","Village limit","Providing Piped Water Supply Scheme",2012-2013,25.00000,24.92852,"15 Sep 2012","25 Mar 2014",2024-06-07
Karnataka,"Bengaluru Urban",Anekal,Marsoor,Naganaikanahalli,Naganayakanahalli,0000373310,0004936947,4857563,"Deep Tubewell","Ground Water","Village limit","Revival of MWS Scheme",2012-2013,6.00000,5.43017,"10 Sep 2012","06 Dec 2012",2024-06-07
Karnataka,"Bengaluru Urban",Anekal,Billapura,Adigarakallahalli,Adigarakallahalli,0000373538,0004943857,4866389,"Deep Tubewell","Ground Water","Village limit","Providing Piped Water Supply Scheme",2012-2013,25.00000,25.58107,"20 Sep 2012","02 Dec 2013",2024-06-07
Karnataka,"Bengaluru Urban",Anekal,Vannakanahalli,Soluru,Soluru,0000373307,0005220431,5163704,"Deep Tubewell","Ground Water","Village Limit","Revival of MWS",2012-2013,6.54000,6.70548,"28 Dec 2012","31 Mar 2014",2024-06-07
Karnataka,"Bengaluru Urban",Anekal,Indlawadi,Choodahalli,Choodahalli,0000373326,0005222138,5165561,"Deep Tubewell","Ground Water","Village Limits","Revival of MWS",2012-2013,0.80000,0.00000,"16 Jan 2013","15 Feb 2013",2024-06-07
Karnataka,"Bengaluru Urban",Anekal,Indlawadi,Kadajakanahalli,Kadajakanahalli,0000373334,0005222151,5165575,"Deep Tubewell","Ground Water","Village Limits","Revival of MWS",2012-2013,1.00000,0.99965,"16 Jan 2013","20 Mar 2013",2024-06-07
Karnataka,"Bengaluru Urban",Anekal,Indlawadi,Indlawadi,Indlawadi,0000373330,0005222180,5165605,"Deep Tubewell","Ground Water","Village Limits","Revival of PWS",2012-2013,6.20000,3.78234,"28 Dec 2012","20 Mar 2013",2024-06-07
Karnataka,"Bengaluru Urban",Anekal,Indlawadi,Tammanayakanahalli,Arehalli,0000373325,0005222192,5165617,"Deep Tubewell","Ground Water","Village Limits",Borewell,2012-2013,1.50000,1.47000,"16 Jan 2013","20 Mar 2013",2024-06-07
Karnataka,"Bengaluru Urban",Anekal,Indlawadi,Baggandoddi,Baggandoddi,0000373333,0005222219,5165655,"Deep Tubewell","Ground Water","Village Limits",Borewell,2012-2013,1.50000,1.63510,"16 Jan 2013","20 Mar 2013",2024-06-07
Karnataka,"Bengaluru Urban",Anekal,Mayasandra,Mayasandra,Mayasandra,0000373490,0005222239,5165675,"Deep Tubewell","Ground Water","Near M.I. Tank","Revival of PWS",2012-2013,6.50000,5.45026,"28 Dec 2012","20 Mar 2013",2024-06-07
Karnataka,"Bengaluru Urban",Anekal,Mayasandra,Kamblipura,Kamblipura,0000373492,0005222271,5165707,"Deep Tubewell","Ground Water","Village Limits","Revival of MWS",2012-2013,4.75000,4.22654,"28 Dec 2012","20 Mar 2013",2024-06-07
Karnataka,"Bengaluru Urban",Anekal,Ballur,Ballur,Ballur,0000373484,0005223485,5166956,"Deep Tubewell","Ground Water","At Ballur JHC",Borewell,2012-2013,1.50000,0.00000,"16 Jan 2013","15 Feb 2013",2024-06-07
Karnataka,"Bengaluru Urban",Anekal,Ballur,Ballur,Ballur,0000373484,0005223486,5166957,"Deep Tubewell","Ground Water","Village Limits","Revival of PWS",2012-2013,9.60000,10.27126,"28 Dec 2012","01 Mar 2014",2024-06-07
Karnataka,"Bengaluru Urban",Anekal,Ballur,Arehalli,Arehalli,0000373483,0005223488,5166959,"Deep Tubewell","Ground Water","Village Limits","Revival of PWS",2012-2013,3.10000,3.09494,"28 Dec 2012","20 Mar 2013",2024-06-07
Karnataka,"Bengaluru Urban",Anekal,Neriga,Gonigattapura,Gonigattapura,0000373565,0005223527,5166998,"Deep Tubewell","Ground Water","Village Limits","Revival of MWS",2012-2013,0.62000,0.61280,"16 Jan 2013","03 Mar 2014",2024-06-07
Karnataka,"Bengaluru Urban",Anekal,Yamare,"Thigala Chowdadenahalli","Thigala Chowdadenahalli",0000373553,0005223723,5167205,"Deep Tubewell","Ground Water","Village Limits",Borewell,2012-2013,1.50000,1.90370,"16 Jan 2013","15 Feb 2013",2024-06-07
Karnataka,"Bengaluru Urban",Anekal,Bannerghatta,Kariyappanahalli,Kariyappanahalli,0000373432,0005225363,5168850,"Deep Tubewell","Ground Water","Village Limits","Revival of MWS",2012-2013,5.50000,5.49980,"28 Dec 2012","20 Mar 2013",2024-06-07
Karnataka,"Bengaluru Urban",Anekal,Bannerghatta,Kasaraguppe,Kasaraguppe,0000373438,0005225373,5168860,"Deep Tubewell","Ground Water","Village Limits","Revival of MWS",2012-2013,5.50000,3.01947,"28 Dec 2012","20 Mar 2013",2024-06-07
Karnataka,"Bengaluru Urban",Anekal,Bannerghatta,Kulumepalya,Kulumepalya,0000373447,0005225395,5168882,"Deep Tubewell","Ground Water","Village Limits","Revival of MWS",2012-2013,4.00000,2.70086,"28 Dec 2012","20 Mar 2013",2024-06-07
Karnataka,"Bengaluru Urban",Anekal,Ragihalli,Sollepuradoddi,Sollepuradoddi,0000373453,0005235525,5179819,"Deep Tubewell","Ground Water","Village limit","Revival of MWS",2012-2013,5.50000,1.13940,"07 Jan 2013","20 Mar 2013",2024-06-07
Karnataka,"Bengaluru Urban",Anekal,Hennagara,Hennagara,Hennagara,0000373394,0005235535,5179829,"Deep Tubewell","Ground Water","Village limit","Revival of PWS",2012-2013,7.50000,2.71589,"07 Jan 2013","20 Mar 2013",2024-06-07
Karnataka,"Bengaluru Urban",Anekal,Indlawadi,Tammanayakanahalli,Muthuru,0000373324,0002616218,2422323,"Deep Tubewell","Ground Water","Village Limit","Community Terrafil Units",2010-2011,0.55000,0.00000,"10 Dec 2010","15 Sep 2012",2024-06-07
Karnataka,"Bengaluru Urban",Anekal,Kallabalu,Harapanahalli,Harapanahalli,0000373368,0002616269,2422373,"Deep Tubewell","Ground Water",NA,"Community Terrafil Units",2010-2011,2.20000,0.00000,"10 Dec 2010","28 Feb 2011",2024-06-07
Karnataka,"Bengaluru Urban",Anekal,Mantapa,Malenallasandra,Malenallasandra,0000373410,0002616281,2422386,"Deep Tubewell","Ground Water","Village Limit","Community Terrafil Units",2010-2011,1.65000,1.89000,"10 Dec 2010","09 Jan 2013",2024-06-07
Karnataka,"Bengaluru Urban",Anekal,Mayasandra,Kamblipura,Kamblipura,0000373492,0002616298,2422403,"Deep Tubewell","Ground Water","Village Limit","Community Terrafil Units",2010-2011,0.55000,0.00000,"10 Dec 2010","28 Feb 2011",2024-06-07
Karnataka,"Bengaluru Urban",Anekal,Mugalur,"Pandithana Agrahara","Pandithana Agrahara",0000373525,0002616311,2422417,"Deep Tubewell","Ground Water","Village Limit","G Community Terrafil Units",2010-2011,1.10000,2.52000,"10 Dec 2010","31 Dec 2015",2024-06-07
Karnataka,"Bengaluru Urban",Anekal,Muthanallur,Samanahalli,Samanahalli,0000373554,0002616328,2422434,"Deep Tubewell","Ground Water","Village Limit","SCP Community Terrafil Units",2010-2011,1.10000,1.26000,"10 Dec 2010","16 Jan 2013",2024-06-07
Karnataka,"Bengaluru Urban",Anekal,Neralur,Yadavanahalli,Yadavanahalli,0000373477,0002616341,2422447,"Deep Tubewell","Ground Water","Village Limit","G Community Terrafil Units",2010-2011,4.95000,11.34000,"10 Dec 2010","31 Dec 2015",2024-06-07
Karnataka,"Bengaluru Urban",Anekal,Neriga,"Jantha Gondanahalli","Jantha Gondanahalli",0000373568,0002616344,2422450,"Deep Tubewell","Ground Water","Village Limit","SCP Community Terrafil Units",2010-2011,1.65000,3.78000,"10 Dec 2010","31 Dec 2015",2024-06-07
Karnataka,"Bengaluru Urban",Anekal,Neriga,Neriga,Neriga,0000373564,0002616360,2422466,"Deep Tubewell","Ground Water","Village Limit","SCP Community Terrafil Units",2010-2011,3.30000,3.78000,"10 Dec 2010","04 Jan 2013",2024-06-07
Karnataka,"Bengaluru Urban",Anekal,Ragihalli,Mudlaiahnadoddi,Mudlaiahnadoddi,0000373469,0002616365,2422470,"Deep Tubewell","Ground Water","Village Limit","Community Terrafil Units",2010-2011,0.55000,0.63000,"10 Dec 2010","09 Jan 2013",2024-06-07
Karnataka,"Bengaluru Urban",Anekal,Ragihalli,Sevanayakanadoddi,Sevanayakanadoddi,0000373464,0002616372,2422477,"Deep Tubewell","Ground Water","Village Limit","Community Terrafil Units",2010-2011,0.55000,0.63000,"10 Dec 2010","08 Jan 2013",2024-06-07
Karnataka,"Bengaluru Urban",Anekal,Bannerghatta,Bannerughatta,Bannerghatta,0000373430,0002619884,2424835,"Deep Tubewell","Ground Water",NA,"village limits",2010-2011,3.00000,0.00000,"30 Jun 2010","31 Dec 2010",2024-06-07
Karnataka,"Bengaluru Urban",Anekal,Bannerghatta,Bytarayanadoddi,"Byatarayana Doddi",0000373444,0002623259,2426879,"Deep Tubewell","Ground Water",NA,"Primary with Upper Primary School",2010-2011,0.50000,0.00000,"30 Jun 2010","30 Nov 2010",2024-06-07
Karnataka,"Bengaluru Urban",Anekal,Bannerghatta,Boothanahalli,Boothanahalli,0000373440,0002865874,2689298,"Deep Tubewell","Ground Water","Providing Piped Water Supply Scheme to Bhotanahalli-Bilwaradahalli","Providing Piped Water Supply Scheme to Bhotanahalli-Bilwaradahalli",2010-2011,16.00000,0.00000,"03 Jun 2010","28 Aug 2011",2024-06-07
Karnataka,"Bengaluru Urban",Anekal,Hulimangala,Hulimangala,Hulimangala,0000373388,0002865978,2689404,"Deep Tubewell","Ground Water","Revival of Mini Water Supply Scheme at Shikaripalya Village","Revival of Mini Water Supply Scheme at Shikaripalya Village",2010-2011,4.59000,0.00000,"27 Oct 2010","31 Mar 2011",2024-06-07
Karnataka,"Bengaluru Urban",Anekal,Samandur,Sabmangala,Sabmangala,0000373266,0002866519,2689938,"Deep Tubewell","Ground Water","Revival of  Mini Water Supply Scheme at Submangala Village","Revival of  Mini Water Supply Scheme at Submangala Village",2010-2011,4.50000,0.00000,"15 Jan 2010","31 Mar 2011",2024-06-07
Karnataka,"Bengaluru Urban",Anekal,Surgajakanahalli,Surgajakanahalli,Surgajakanahalli,0000373297,0002866538,2689957,"Deep Tubewell","Ground Water","Revival of  Mini Water Supply Scheme at Suragajakkanahalli  Village","Revival of  Mini Water Supply Scheme at Suragajakkanahalli  Village",2010-2011,3.50000,0.00000,"28 Nov 2010","31 Mar 2011",2024-06-07
Karnataka,"Bengaluru Urban",Anekal,Ragihalli,Ragihalli,Koratageredoddi,0000373468,0002866822,2690215,"Deep Tubewell","Ground Water","Revival of  Mini Water Supply Scheme at Koratigeredoddi   Village","Revival of  Mini Water Supply Scheme at Koratigeredoddi  Village",2010-2011,4.70000,0.00000,"28 Nov 2010","31 Mar 2011",2024-06-07
Karnataka,"Bengaluru Urban",Anekal,Hulimangala,"Koppa Gate","Koppa Gate",0000373384,0003587897,3452488,"Deep Tubewell","Ground Water","Village Limits","Construction of OHT",2011-2012,10.00000,8.90227,"04 Jun 2011","04 Dec 2012",2024-06-07
Karnataka,"Bengaluru Urban",Anekal,Mugalur,Mugalur,Mugalur,0000373524,0003598161,3463033,"Deep Tubewell","Ground Water","Village Limit","Additional Pipe Line",2011-2012,2.00000,0.00000,"15 Jun 2011","15 Mar 2012",2024-06-07
Karnataka,"Bengaluru Urban",Anekal,Hulimangala,Vabbasandra,Vabbasandra,0000373386,0003598289,3463157,"Deep Tubewell","Ground Water","Village Limit","Additional Pipe Line",2011-2012,1.50000,0.00000,"15 Jun 2011","15 Mar 2012",2024-06-07
Karnataka,"Bengaluru Urban",Anekal,Kallabalu,Harapanahalli,Harapanahalli,0000373368,0003599955,3464765,"Deep Tubewell","Ground Water","Village Limit","Additional Pipe Line",2011-2012,1.00000,0.00000,"15 Jun 2011","15 Mar 2012",2024-06-07
Karnataka,"Bengaluru Urban",Anekal,Marsoor,Shettihalli,Shettihalli,0000373314,0003617914,3482676,"Deep Tubewell","Ground Water","Village Limits","Additonal Pipe Line",2011-2012,1.50000,0.00000,"15 Jun 2011","15 Mar 2012",2024-06-07
Karnataka,"Bengaluru Urban",Anekal,Yamare,"Thigala Chowdadenahalli","Thigala Chowdadenahalli",0000373553,0003618119,3482884,"Deep Tubewell","Ground Water","Village Limits","Additonal Pipe Line",2011-2012,3.00000,0.00000,"15 Jun 2011","15 Mar 2012",2024-06-07
Karnataka,"Bengaluru Urban",Anekal,Neralur,Yadavanahalli,Yadavanahalli,0000373477,0003619692,3484461,"Deep Tubewell","Ground Water","Road side","Replacement of pipe line",2011-2012,2.00000,0.00000,"15 Jul 2011","15 Mar 2012",2024-06-07
Karnataka,"Bengaluru Urban",Anekal,Ballur,Dasanapura,Dasanapura,0001622876,0003619716,3484486,"Deep Tubewell","Ground Water","Villaage limit","Extension of pipe line",2011-2012,2.00000,1.78949,"15 Jul 2011","15 Sep 2012",2024-06-07
Karnataka,"Bengaluru Urban",Anekal,Huskuru,Avalahalli,Avalahalli,0000373582,0003620305,3485083,"Deep Tubewell","Ground Water","Village Limits","Pipeline Extension",2011-2012,2.50000,0.00000,"15 Jul 2011","15 Mar 2012",2024-06-07
Karnataka,"Bengaluru Urban",Anekal,Samandur,"Chennana Agrahara","Chennana Agrahara",0000373268,0003620498,3485282,"Deep Tubewell","Ground Water","Village Limits","Pipeline Extension",2011-2012,2.00000,0.00000,"15 Jul 2011","15 Mar 2012",2024-06-07
Karnataka,"Bengaluru Urban",Anekal,Yamare,"Kada Agrahara","Kada Agrahara",0000373548,0003620668,3485456,"Deep Tubewell","Ground Water","Village Limits","Pipeline Extension",2011-2012,2.00000,0.00000,"15 Jul 2011","15 Mar 2012",2024-06-07
Karnataka,"Bengaluru Urban",Anekal,Yamare,Ittangur,Ittangur,0000373546,0003620720,3485509,"Deep Tubewell","Ground Water","Village Limits","Pipeline Extension",2011-2012,2.00000,0.00000,"15 Jul 2011","15 Mar 2012",2024-06-07
Karnataka,"Bengaluru Urban",Anekal,Sarjapura,Sarjapura,Sarjapura,0000373516,0003620760,3485549,"Deep Tubewell","Ground Water","Village Limits","Pipeline Extension",2011-2012,6.00000,6.02006,"15 Jul 2011","25 Mar 2014",2024-06-07
Karnataka,"Bengaluru Urban",Anekal,Dommasandra,Dommasandra,Dommasandra,0000373592,0003647354,3512128,"Deep Tubewell","Ground Water","Near Masjid","Construction of OHT",2011-2012,15.00000,11.01535,"15 Jul 2011","20 Dec 2012",2024-06-07
Karnataka,"Bengaluru Urban",Anekal,Bannerghatta,Bannerughatta,Bannerghatta,0000373430,0003676571,3541709,"Deep Tubewell","Ground Water","Bore well - Near Maramma Temple  (05)",Borewell,2008-2009,1.20000,0.00001,"15 May 2008","15 Jun 2008",2024-06-07
Karnataka,"Bengaluru Urban",Anekal,Bannerghatta,Kasaraguppe,Kasaraguppe,0000373438,0003676638,3541777,"Deep Tubewell","Ground Water","Bore well - Near Jayaras House (09)",Borewell,2008-2009,1.20000,0.00001,"15 May 2008","15 Jun 2008",2024-06-07
Karnataka,"Bengaluru Urban",Anekal,Bannerghatta,Sampigehalli,Sampigehalli,0000373433,0003676682,3541822,"Deep Tubewell","Ground Water","Bore well - Near Narasimhaswamy layout (12)",Borewell,2008-2009,1.20000,0.00001,"15 May 2008","15 Jun 2008",2024-06-07
Karnataka,"Bengaluru Urban",Anekal,Bannerghatta,Bannerughatta,Bannerghatta,0000373430,0003676731,3541872,"Deep Tubewell","Ground Water","Bore well - Near Birla compound Buregowda tree (Colony) (16)",Borewell,2008-2009,1.20000,0.00001,"15 May 2008","15 Jun 2008",2024-06-07
Karnataka,"Bengaluru Urban",Anekal,Mayasandra,Mayasandra,Mayasandra,0000373490,0002594988,2400167,"Deep Tubewell","Ground Water","village limit","Providing community Terrafil Unit at Mayasandra Village in Anekal Taluk",2009-2010,2.75000,0.00100,"31 Oct 2009","30 Aug 2010",2024-06-07
Karnataka,"Bengaluru Urban",Anekal,Mayasandra,Manchanahalli,Manchanahalli,0000373488,0002595144,2400331,"Deep Tubewell","Ground Water","village limit","Providing community Terrafil Unit at Manchenalli Village in Anekal Taluk",2009-2010,1.65000,0.00100,"31 Oct 2009","30 Aug 2010",2024-06-07
Karnataka,"Bengaluru Urban",Anekal,Mayasandra,Mutsandra,Mutsandra,0000373493,0002595328,2400519,"Deep Tubewell","Ground Water",NA,"Village Limits",2010-2011,4.00000,0.00000,"30 Jun 2010","31 Mar 2011",2024-06-07
Karnataka,"Bengaluru Urban",Anekal,Bannerghatta,Shileendradoddi,"Shylendra Doddi",0000373442,0002595395,2400589,"Deep Tubewell","Ground Water","Village Limits","Village Limits",2010-2011,4.00000,0.00000,"30 Jun 2010","31 Mar 2011",2024-06-07
Karnataka,"Bengaluru Urban",Anekal,Byagadadevanahalli,"Kammasandra Agrahara","Kammasandra Agrahara",0000373339,0002595521,2400722,"Deep Tubewell","Ground Water","Village Limits","Village Limits",2010-2011,4.50000,0.00000,"30 Jun 2010","31 Oct 2011",2024-06-07
Karnataka,"Bengaluru Urban",Anekal,Indlawadi,Basavanapura,Basavanapura,0000373322,0002595868,2401125,"Deep Tubewell","Ground Water","Village Limits","Village Limits",2010-2011,4.00000,0.00000,"30 Jun 2010","31 Mar 2011",2024-06-07
Karnataka,"Bengaluru Urban",Anekal,Kallabalu,"Sattarsab Dinne","Satharsab Dinne",0000373367,0002595944,2401201,"Deep Tubewell","Ground Water","Village Limits","Village Limits",2010-2011,4.50000,0.00000,"30 Jun 2010","20 Aug 2012",2024-06-07
Karnataka,"Bengaluru Urban",Anekal,Kallabalu,"Kuppusiddegowdana Doddi","Kuppasiddana Doddi",0000373379,0002595973,2401228,"Deep Tubewell","Ground Water","Village Limits","Village Limits",2010-2011,4.00000,0.00000,"30 Jun 2010","20 Aug 2012",2024-06-07
Karnataka,"Bengaluru Urban",Anekal,Mantapa,Ramasandra,Ramasandra,0000373411,0002596065,2401325,"Deep Tubewell","Ground Water","Village Limits","Village Limits",2010-2011,4.00000,0.00000,"30 Jun 2010","31 Mar 2011",2024-06-07
Karnataka,"Bengaluru Urban",Anekal,Marsoor,Haleuru,Haleuru,0000373312,0002596095,2401356,"Deep Tubewell","Ground Water","Village Limits","Village Limits",2010-2011,4.25000,0.00000,"30 Jun 2010","31 Mar 2011",2024-06-07
Karnataka,"Bengaluru Urban",Anekal,Mugalur,Banahalli,Banahalli,0000373528,0002596117,2401379,"Deep Tubewell","Ground Water","Village Limits","Village Limits",2010-2011,4.50000,0.00000,"30 Jun 2010","31 Mar 2011",2024-06-07
Karnataka,"Bengaluru Urban",Anekal,Bannerghatta,Byrappanahalli,Byrappanahalli,0000373429,0002596736,2402053,"Deep Tubewell","Ground Water","Village Limit","Community Terrafil Units",2010-2011,1.10000,1.26000,"10 Dec 2010","04 Jan 2013",2024-06-07
Karnataka,"Bengaluru Urban",Anekal,Haragadde,"Mada Pattana",Madapatna,0001622883,0002596850,2402161,"Deep Tubewell","Ground Water","Village Limit","Community Terrafil Units",2010-2011,3.30000,3.78000,"10 Dec 2010","04 Jan 2013",2024-06-07
Karnataka,"Bengaluru Urban",Anekal,Haragadde,"Mada Pattana",Madapatna,0001622883,0007151396,2402161,"Deep Tubewell","Ground Water","Village Limit","ST COLONY Revival of MWS Scheme",2015-2016,7.00000,0.00000,"25 Oct 2015","31 Mar 2016",2024-06-07
Karnataka,"Bengaluru Urban",Anekal,Hennagara,Hinnakki,Hinnakki,0000373401,0002597023,2402328,"Deep Tubewell","Ground Water","Village Limit","Community Terrafil Units",2010-2011,4.40000,0.00000,"10 Dec 2010","28 Feb 2011",2024-06-07
Karnataka,"Bengaluru Urban",Anekal,Hulimangala,"Koppa Gate","Koppa Gate",0000373384,0002597103,2402417,"Deep Tubewell","Ground Water","Village Limit","Community Terrafil Units",2010-2011,1.10000,0.00000,"10 Dec 2010","28 Feb 2011",2024-06-07
Karnataka,"Bengaluru Urban",Anekal,Bidaraguppe,Bidaraguppe,Bidaraguppe,0000373499,0003679850,3545032,"Deep Tubewell","Ground Water","Bore well - Near Avalappas farm in Chikkakere (01)",Borewell,2009-2010,1.20000,1.20000,"15 Apr 2009","15 May 2010",2024-06-07
Karnataka,"Bengaluru Urban",Anekal,Bidaraguppe,Bidaraguppe,Bidaraguppe,0000373499,0003679983,3545164,"Deep Tubewell","Ground Water","Bore well - Near Ramappas House (07)",Borewell,2009-2010,1.20000,1.20000,"15 Apr 2009","15 May 2009",2024-06-07
Karnataka,"Bengaluru Urban",Anekal,Bidaraguppe,Chikkanahalli,Chikkanahalli,0000373497,0003680263,3545442,"Deep Tubewell","Ground Water","Bore well - Near in front of Sampath house, road side in colony  (16)",Borewell,2009-2010,1.20000,1.20000,"15 Apr 2009","15 May 2009",2024-06-07
Karnataka,"Bengaluru Urban",Anekal,Dommasandra,Dommasandra,Dommasandra,0000373592,0003693892,3558102,"Deep Tubewell","Ground Water","Saraswati Vidyaniketana Smp - Behind Chandrahasas house-2(09)",Borewell,2008-2009,1.20000,1.20000,"15 May 2008","15 Jun 2008",2024-06-07
Karnataka,"Bengaluru Urban",Anekal,Haragadde,Haragadde,Haragadde,0001622881,0003694411,3558618,"Deep Tubewell","Ground Water","Bore well - Near Gangayyana Kunte (2C) (04)",Borewell,2008-2009,1.20000,1.20000,"15 May 2008","15 Jun 2008",2024-06-07
Karnataka,"Bengaluru Urban",Anekal,Haragadde,Haragadde,Haragadde,0001622881,0003694437,3558644,"Deep Tubewell","Ground Water","Bore well - Near Hennagara Tank (2C) (04)",Borewell,2008-2009,1.20000,1.20000,"15 May 2008","15 Jun 2008",2024-06-07
Karnataka,"Bengaluru Urban",Anekal,Haragadde,"Mada Pattana",Madapatna,0001622883,0003694493,3558701,"Deep Tubewell","Ground Water","Bore well - Near Sri Hosahalli Muniyappana house  (06)",Borewell,2008-2009,1.20000,1.20000,"15 May 2008","15 Jun 2008",2024-06-07
Karnataka,"Bengaluru Urban",Anekal,Haragadde,Vaddarapalya,Vaddarapalya,0001622882,0003694580,3558788,"Deep Tubewell","Ground Water","Bore well - Near Kadapa Tank, Dayavasandra Grama  (09)",Borewell,2008-2009,1.20000,1.20000,"15 May 2008","15 Jun 2008",2024-06-07
Karnataka,"Bengaluru Urban",Anekal,Haragadde,Seethanayakanahalli,Seethanayakanahalli,0000373350,0003694907,3559120,"Deep Tubewell","Ground Water","Bore well - Near Gundu Thopu (10)",Borewell,2008-2009,1.50000,1.50000,"15 May 2008","15 Jun 2008",2024-06-07
Karnataka,"Bengaluru Urban",Anekal,Haragadde,Nayanahalli,Nayanahalli,0001622885,0003699125,3563427,"Deep Tubewell","Ground Water","Bore well - Near Grave yard, Lingapura grama (17)",Borewell,2008-2009,1.20000,1.20000,"15 May 2008","15 Jun 2008",2024-06-07
Karnataka,"Bengaluru Urban",Anekal,Handenahalli,Kotiganahalli,Kotiganahalli,0000373536,0008215457,3732146,"Deep Tubewell","Ground Water","Towards village road","Providing Water Supply to  Anganawadi fitting of Taps to Kitchen and Toilet at Kottiganahalli Habitation Handenahalli GP Anekal Taluk",2020-2021,0.15000,0.09558,"17 Dec 2020","03 May 2023",2024-06-07
Karnataka,"Bengaluru Urban",Anekal,Handenahalli,Sollepura,Sollepura,0000373543,0003865757,3732214,"Deep Tubewell","Ground Water","Towards school side","Revival of MWS",2011-2012,5.50000,0.00000,"10 Aug 2011","20 Aug 2012",2024-06-07
Karnataka,"Bengaluru Urban",Anekal,Samandur,Kuvempunagara,Kuvempunagara,0000373264,0005628409,5593774,"Deep Tubewell","Ground Water","Village limit","Drinking Water Facility to Anganawadi",2013-2014,1.00000,0.99881,"22 Sep 2013","02 Dec 2013",2024-06-07
Karnataka,"Bengaluru Urban",Anekal,Samandur,Hompalgatta,Hompalgatta,0000373265,0005364325,5301336,"Deep Tubewell","Ground Water","Village limit","Drilling of BW",2012-2013,1.66000,1.66000,"22 Oct 2012","31 Mar 2013",2024-06-07
Karnataka,"Bengaluru Urban",Anekal,Samandur,Hompalgatta,Hompalgatta,0000373265,0005580482,250064319,"Deep Tubewell","Ground Water","Colony limit","Revival of PWS Scheme",2013-2014,7.00000,4.76528,"22 Sep 2013","02 Jul 2014",2024-06-07
Karnataka,"Bengaluru Urban",Anekal,Samandur,Sabmangala,Sabmangala,0000373266,0007533466,250148667,"Deep Tubewell","Ground Water","Village limit","G Revival Of PWS Scheme BW at Submangala habitation in Samanduru GP.",2016-2017,6.00000,5.41000,"01 Sep 2016","31 Mar 2018",2024-06-07
Karnataka,"Bengaluru Urban",Anekal,Samandur,Sabmangala,Sabmangala,0000373266,0008031709,250148667,"Deep Tubewell","Ground Water","Village limit","CAP2 Drilling of borewell at Submangala village Samanduru GP Anekal taluk",2020-2021,3.30000,3.29622,"27 May 2020","03 May 2023",2024-06-07
Karnataka,"Bengaluru Urban",Anekal,Samandur,Sabmangala,Sabmangala,0000373266,0007406691,250120873,"Deep Tubewell","Ground Water","Village limit","TFC190316 Drilling of Borewell at Sabmangala Habitation, Samandur GP, Anekal Taluk",2016-2017,2.30000,2.27000,"12 Apr 2016","31 Mar 2017",2024-06-07
Karnataka,"Bengaluru Urban",Anekal,Samandur,Gudnahalli,Gudnahalli,0000373267,0005580479,5539822,"Deep Tubewell","Ground Water","Village limit","Revival of PWS Scheme",2013-2014,5.00000,4.99622,"15 Sep 2013","30 Jan 2014",2024-06-07
Karnataka,"Bengaluru Urban",Anekal,Samandur,"Chennana Agrahara","Chennana Agrahara",0000373268,0008032468,250147736,"Deep Tubewell","Ground Water","village limit","10 Crore 22052020 Drilling of Borewell at Chinnaiahnapalya Habitation Samanduru Grama Panchayath Anekal Taluk",2020-2021,3.80000,3.42991,"16 Jun 2020","03 May 2023",2024-06-07
Karnataka,"Bengaluru Urban",Anekal,Samandur,"Chennana Agrahara","Chennana Agrahara",0000373268,0005628462,5593829,"Deep Tubewell","Ground Water","Village limit","Drinking Water Facility to Anganawadi",2013-2014,1.00000,0.99881,"22 Sep 2013","02 Dec 2013",2024-06-07
Karnataka,"Bengaluru Urban",Anekal,Samandur,Geritiganabele,Geritiganabele,0000373269,0005361481,5298131,"Deep Tubewell","Ground Water","Village limit","Drilling of BW",2012-2013,1.55000,1.62500,"07 Mar 2013","31 Jan 2014",2024-06-07
Karnataka,"Bengaluru Urban",Anekal,Samandur,Madiwala,"S. Madiwala",0000373271,0005595432,5555399,"Deep Tubewell","Ground Water","School limit","G Drinking Water Facility to School",2013-2014,1.00000,0.96912,"10 Oct 2013","31 Mar 2016",2024-06-07
Karnataka,"Bengaluru Urban",Anekal,Samandur,Gandhinagara,"S. Gandhinagara",0000373273,0005580488,5539879,"Deep Tubewell","Ground Water","Village limit","Revival of PWS Scheme",2013-2014,7.00000,5.60124,"15 Sep 2013","03 Mar 2014",2024-06-07
Karnataka,"Bengaluru Urban",Anekal,Samandur,Gandhinagara,"S. Gandhinagara",0000373273,0005580488,250064322,"Deep Tubewell","Ground Water","Colony limit","Revival of PWS Scheme",2013-2014,7.00000,5.60124,"15 Sep 2013","03 Mar 2014",2024-06-07
Karnataka,"Bengaluru Urban",Anekal,Karpoor,Haldenahalli,Haldenahalli,0000373275,0005523447,5464470,"Deep Tubewell","Ground Water","Village limit","Revival of MWS Scheme",2013-2014,7.00000,7.00725,"15 Sep 2013","31 Mar 2014",2024-06-07
Karnataka,"Bengaluru Urban",Anekal,Karpoor,Haldenahalli,Dinnuru,0000373276,0004873793,4800567,"Deep Tubewell","Ground Water","Tank bed","Providing Piped Water Supply Scheme",2012-2013,20.00000,20.71812,"20 Sep 2012","20 Mar 2013",2024-06-07
Karnataka,"Bengaluru Urban",Anekal,Karpoor,Haldenahalli,Dinnuru,0000373276,0005223492,5166963,"Deep Tubewell","Ground Water","Village Limits","Revival of MWS",2012-2013,3.68000,3.67285,"28 Dec 2012","20 Mar 2013",2024-06-07
Karnataka,"Bengaluru Urban",Anekal,Karpoor,Karpoor,Karpoor,0000373278,0003908429,3776780,"Deep Tubewell","Ground Water","Towards main road","Revival of PWS",2011-2012,6.50000,0.00000,"10 Aug 2011","10 Mar 2012",2024-06-07
Karnataka,"Bengaluru Urban",Anekal,Karpoor,Karpoor,Karpoor,0000373278,0005223496,5166967,"Deep Tubewell","Ground Water","Village Limits","Revival of PWS",2012-2013,1.79000,1.78425,"16 Jan 2013","20 Mar 2013",2024-06-07
Karnataka,"Bengaluru Urban",Anekal,Karpoor,Karpoor,Karpoor,0000373278,0006939354,250080088,"Deep Tubewell","Ground Water","Inthe out skirt of Village","SDP TFC130315 Drilling of Borewell at Karpuru Habitation in Karpuru G.P. Anekal Taluk.",2014-2015,2.29000,2.28314,"20 Apr 2015","01 Sep 2015",2024-06-07
Karnataka,"Bengaluru Urban",Anekal,Karpoor,Arvantigepura,Arvantigepura,0000373281,0005523437,5464461,"Deep Tubewell","Ground Water","Village limit","Revival of PWS Scheme",2013-2014,7.00000,5.66600,"15 Sep 2013","01 Mar 2015",2024-06-07
Karnataka,"Bengaluru Urban",Anekal,Surgajakanahalli,Aduru,"Aduru Palya",0000373296,0006373456,250065171,"Deep Tubewell","Ground Water","Colony Limit","Revival of MWS Scheme",2013-2014,6.00000,6.07289,"26 Apr 2014","07 Jan 2015",2024-06-07
Karnataka,"Bengaluru Urban",Anekal,Billapura,Booragunte,Booragunte,0000373533,0003902112,3785644,"Deep Tubewell","Ground Water","Road side","Revival of MWS",2011-2012,5.50000,5.38260,"20 Aug 2011","01 Mar 2014",2024-06-07
Karnataka,"Bengaluru Urban",Anekal,Mugalur,Thindlu,Thindlu,0000373517,0003912455,3780848,"Deep Tubewell","Ground Water","Village limit","Revival of MWS",2011-2012,5.50000,3.19867,"05 Sep 2011","20 Dec 2012",2024-06-07
Karnataka,"Bengaluru Urban",Anekal,Muthanallur,"Chikka Thimmasandra","Chikka Thimmasandra",0000373555,0003912474,3780867,"Deep Tubewell","Ground Water","Village limit road","Revival of MWS",2011-2012,5.50000,5.50000,"10 Sep 2011","31 Oct 2012",2024-06-07
Karnataka,"Bengaluru Urban",Anekal,Neriga,Ramanayakanahalli,Ramanayakanahalli,0000373566,0003912589,3780989,"Deep Tubewell","Ground Water","Village limit","Revival of MWS",2011-2012,4.50000,0.00000,"15 Sep 2011","20 Dec 2012",2024-06-07
Karnataka,"Bengaluru Urban",Anekal,Ragihalli,Ujjinappanadoddi,Ujjappanadoddi,0000373460,0003912635,3781037,"Deep Tubewell","Ground Water","Village limit temple road","Revival of MWS",2011-2012,6.00000,0.00000,"20 Aug 2011","25 Feb 2012",2024-06-07
Karnataka,"Bengaluru Urban",Anekal,Shantipura,Choodasandra,Choodasandra,0000373591,0003916216,3784733,"Deep Tubewell","Ground Water","Towards main road","Revival  of MWS",2011-2012,5.50000,0.00000,"20 Aug 2011","15 Mar 2012",2024-06-07
Karnataka,"Bengaluru Urban",Anekal,Yamare,Chambenahalli,Chambenahalli,0000373552,0003917076,3785596,"Deep Tubewell","Ground Water","Village limitm road side","Revival of MWS",2011-2012,5.50000,0.00000,"05 Sep 2011","20 Aug 2012",2024-06-07
Karnataka,"Bengaluru Urban",Anekal,Yamare,"Volagere Kallahalli","Volagere Kallahalli",0000373550,0003917085,3785606,"Deep Tubewell","Ground Water","School main road","Revival of PWS",2011-2012,6.00000,0.00000,"25 Aug 2011","20 Aug 2012",2024-06-07
Karnataka,"Bengaluru Urban",Anekal,Bannerghatta,Kenchagaiahnadoddi,"Kenchagaina Doddi",0000373439,0004862876,4789853,"Deep Tubewell","Ground Water","Towards Main Village Road","Revival of MWS Scheme",2012-2013,5.00000,4.99500,"03 Sep 2012","01 Mar 2013",2024-06-07
Karnataka,"Bengaluru Urban",Anekal,Ragihalli,Ragihalli,Ragihalli,0000373462,0004863103,4790105,"Deep Tubewell","Ground Water","Towards Village Limit Road","Revival of MWS Scheme",2012-2013,5.00000,4.99923,"12 Sep 2012","20 Mar 2013",2024-06-07
Karnataka,"Bengaluru Urban",Anekal,Hennagara,Hennagara,Hennagara,0000373394,0004863191,4790186,"Deep Tubewell","Ground Water","Towards School","Revival of PWS Scheme",2012-2013,15.00000,14.16659,"15 Sep 2012","31 Mar 2013",2024-06-07
Karnataka,"Bengaluru Urban",Anekal,Yamare,"Kada Agrahara","Kada Agrahara",0000373548,0004864953,4791814,"Deep Tubewell","Ground Water","Near Tank Bed","Providing Piped Water Supply Scheme",2012-2013,25.00000,25.03060,"20 Sep 2012","10 Feb 2014",2024-06-07
Karnataka,"Bengaluru Urban",Anekal,Yamare,"Thigala Chowdadenahalli","Thigala Chowdadenahalli",0000373553,0004864964,4791825,"Deep Tubewell","Ground Water","Near Tank Bed","Providing Piped Water Supply Scheme",2012-2013,25.00000,0.00000,"20 Sep 2012","15 Mar 2014",2024-06-07
Karnataka,"Bengaluru Urban",Anekal,Mayasandra,Harohalli,Harohalli,0000373491,0004872113,4798990,"Deep Tubewell","Ground Water","Village Limit","Revival of MWS Scheme",2012-2013,6.00000,5.32515,"25 Sep 2012","31 Oct 2012",2024-06-07
Karnataka,"Bengaluru Urban",Anekal,Ballur,Kodlipura,Kodlipura,0000373485,0004873187,4799987,"Deep Tubewell","Ground Water","Near Tank Bed","Providing Piped Water Supply Scheme",2012-2013,20.00000,21.08123,"15 Sep 2012","01 Mar 2014",2024-06-07
Karnataka,"Bengaluru Urban",Anekal,Indlawadi,Indlawadi,Indlawadi,0000373330,0004873539,4800305,"Deep Tubewell","Ground Water","Tank Bed","Providing Piped Water Supply Scheme",2012-2013,30.00000,30.08587,"15 Sep 2012","31 Mar 2013",2024-06-07
Karnataka,"Bengaluru Urban",Anekal,Hennagara,Hinnakki,Hinnakki,0000373401,0003866332,3732786,"Deep Tubewell","Ground Water","Towards village road","Revival of PWS",2011-2012,6.50000,0.00000,"18 Aug 2011","25 Feb 2012",2024-06-07
Karnataka,"Bengaluru Urban",Anekal,Hulimangala,Shikaripalya,Shikaripalya,0000373393,0003876032,3742492,"Deep Tubewell","Ground Water","Towards village","Revival of PWS",2011-2012,6.00000,1.68999,"25 Aug 2011","15 Sep 2012",2024-06-07
Karnataka,"Bengaluru Urban",Anekal,Kallabalu,Javaregowdanadoddi,"Javaregowdana Doddi",0000373380,0003907523,3775865,"Deep Tubewell","Ground Water","towards main road","Revival of MWS",2011-2012,5.50000,0.00000,"10 Aug 2011","20 Sep 2012",2024-06-07
Karnataka,"Bengaluru Urban",Anekal,Mantapa,Begihalli,Begihalli,0000373404,0003908472,3776823,"Deep Tubewell","Ground Water","Village limit road","Revival of MWS",2011-2012,6.00000,0.00000,"10 Aug 2011","10 Jan 2012",2024-06-07
Karnataka,"Bengaluru Urban",Anekal,Handenahalli,Sollepura,Sollepura,0000373543,0003699928,3564268,"Deep Tubewell","Ground Water","Bore well - Near Adigondanahalli road (05)",Borewell,2009-2010,1.20000,1.20000,"12 Apr 2009","12 May 2009",2024-06-07
Karnataka,"Bengaluru Urban",Anekal,Handenahalli,"S. Medihalli",Sultanpalya,0000373541,0003700075,3564415,"Deep Tubewell","Ground Water","Bore well (MWS) - Behind  Masjid (08)",Borewell,2009-2010,1.20000,1.20000,"12 Apr 2009","12 May 2009",2024-06-07
Karnataka,"Bengaluru Urban",Anekal,Billapura,Billapura,Billapura,0000373532,0003701181,3565577,"Deep Tubewell","Ground Water","Bore well - Inside tank (kere) near Muniyappa house (14)",Borewell,2009-2010,1.20000,1.20000,"12 Apr 2009","12 May 2009",2024-06-07
Karnataka,"Bengaluru Urban",Anekal,Hennagara,Hosahalli,Hosahalli,0000373400,0003707755,3572186,"Deep Tubewell","Ground Water","MWS - Right side of Muneshwara Temple (11)","Bore well",2009-2010,1.20000,1.20000,"15 May 2009","15 Jun 2009",2024-06-07
Karnataka,"Bengaluru Urban",Anekal,Hennagara,Kachanayakanahalli,Kachanayakanahalli,0000373402,0003708295,3572729,"Deep Tubewell","Ground Water","OHT - Near Yellareddys house (17)","Bore well",2009-2010,1.20000,1.20000,"15 May 2009","15 Jun 2009",2024-06-07
Karnataka,"Bengaluru Urban",Anekal,Byagadadevanahalli,Yellammanapalya,Yellamanapalya,0000373342,0003728898,3593545,"Deep Tubewell","Ground Water","Govt. Primary School","School Water Supply",2011-2012,1.00000,0.00000,"15 Aug 2011","15 Feb 2012",2024-06-07
Karnataka,"Bengaluru Urban",Anekal,Indlawadi,Indlawadi,Indlawadi,0000373330,0003728996,3593640,"Deep Tubewell","Ground Water","Govt. High School","School Water Supply",2011-2012,1.00000,0.00000,"15 Aug 2011","15 Aug 2012",2024-06-07
Karnataka,"Bengaluru Urban",Anekal,Samandur,Hompalgatta,Hompalgatta,0000373265,0003729183,3593834,"Deep Tubewell","Ground Water","Govt. Primary School","School Water Supply",2011-2012,1.00000,0.00000,"15 Aug 2011","15 Feb 2012",2024-06-07
Karnataka,"Bengaluru Urban",Anekal,Indlawadi,Kadajakanahalli,Kadajakanahalli,0000373334,0003733292,3597973,"Deep Tubewell","Ground Water","Village Limit","Extension of Pipe Line",2011-2012,3.00000,0.00000,"20 Aug 2011","15 Mar 2012",2024-06-07
Karnataka,"Bengaluru Urban",Anekal,Mugalur,Kugur,Kugur,0000373527,0003739368,3604120,"Deep Tubewell","Ground Water","Govt. High School","Govt. High School",2011-2012,1.00000,0.00000,"15 Jul 2011","15 Mar 2012",2024-06-07
Karnataka,"Bengaluru Urban",Anekal,Bannerghatta,Kasaraguppe,Kasaraguppe,0000373438,0003864858,3731301,"Deep Tubewell","Ground Water","Road side","Revival of MWS",2011-2012,5.50000,0.00000,"20 Aug 2011","20 Feb 2012",2024-06-07
Karnataka,"Bengaluru Urban",Anekal,Byagadadevanahalli,Avadedenahalli,Avadedenahalli,0000373343,0003865418,3731859,"Deep Tubewell","Ground Water","Road side","Revival of MWS",2011-2012,6.00000,0.00000,"12 Aug 2011","30 Dec 2011",2024-06-07
Karnataka,"Bengaluru Urban",Anekal,Byagadadevanahalli,Doddahagde,Doddahagde,0000373341,0003865438,3731880,"Deep Tubewell","Ground Water","Near Main road","Revival of PWS",2011-2012,6.50000,0.00000,"13 Aug 2011","10 Jan 2012",2024-06-07
Karnataka,"Bengaluru Urban",Anekal,Surgajakanahalli,Aduru,Aduru,0000373295,0000420083,129818,"Deep Tubewell","Ground Water",NA,PWS,2006-2007,12.95000,7.76000,"25 Oct 2006","24 Sep 2007",2024-06-07
Karnataka,"Bengaluru Urban",Anekal,Bannerghatta,Byrappanahalli,Byrappanahalli,0000373429,0000420076,131806,"Deep Tubewell","Ground Water",NA,"village limit",2006-2007,3.50000,2.79000,"07 Dec 2006","03 Jul 2007",2024-06-07
Karnataka,"Bengaluru Urban",Anekal,Bannerghatta,Bytarayanadoddi,"Byatarayana Doddi",0000373444,0001192276,132259,"Deep Tubewell","Ground Water",NA,Villagelimit,2006-2007,12.95000,10.36000,"28 Mar 2008","23 Jan 2009",2024-06-07
Karnataka,"Bengaluru Urban",Anekal,Bannerghatta,Kulumepalya,Kulumepalya,0000373447,0000683779,136152,"Deep Tubewell","Ground Water",NA,villagelimit,2007-2008,3.70000,2.31000,"12 Feb 2008","23 Jan 2009",2024-06-07
Karnataka,"Bengaluru Urban",Anekal,Indlawadi,Chikkanahalli,Chikkanahalli,0000373319,0001746934,1493845,"Deep Tubewell","Ground Water",Tank,"Near Tank",2008-2009,2.50000,0.84000,"02 Dec 2008","01 Jul 2009",2024-06-07
Karnataka,"Bengaluru Urban",Anekal,Handenahalli,Kotiganahalli,Kotiganahalli,0000373536,0001767553,1516880,"Deep Tubewell","Ground Water","Village Limits","Village Limits",2007-2008,3.70000,1.07000,"25 Nov 2008","30 May 2010",2024-06-07
Karnataka,"Bengaluru Urban",Anekal,Sarjapura,Sarjapura,Sarjapura,0000373516,0001768061,1517428,"Deep Tubewell","Ground Water","Village Limits","Village Limits",2007-2008,4.00000,1.38000,"10 Aug 2008","15 Mar 2009",2024-06-07
Karnataka,"Bengaluru Urban",Anekal,Huskuru,Huskuru,Huskuru,0000373579,0001768325,1517699,"Deep Tubewell","Ground Water","Village Limits","Providing Piped Water Supply Scheme",2008-2009,15.00000,0.00000,"10 Oct 2009","20 Dec 2012",2024-06-07
Karnataka,"Bengaluru Urban",Anekal,Haragadde,Dyavasandra,Dyavasandra,0001622880,0001769204,1518649,"Deep Tubewell","Ground Water","Village Limits","Village Limits",2008-2009,2.25000,0.00001,"30 Dec 2008","25 Mar 2009",2024-06-07
Karnataka,"Bengaluru Urban",Anekal,Hennagara,Hinnakki,Hinnakki,0000373401,0001769278,1518724,"Deep Tubewell","Ground Water",NA,"Village Limits",2008-2009,2.50000,0.00001,"25 Dec 2008","15 Mar 2009",2024-06-07
Karnataka,"Bengaluru Urban",Anekal,Yamare,"Kada Agrahara","Kada Agrahara",0000373548,0001769398,1518839,"Deep Tubewell","Ground Water","M.I. Tank bund","Saipura road (2) Colony",2008-2009,4.40000,2.00000,"10 Apr 2009","30 May 2010",2024-06-07
Karnataka,"Bengaluru Urban",Anekal,Shantipura,Choodasandra,Choodasandra,0000373591,0001769654,1519086,"Deep Tubewell","Ground Water","Village Limits","Village Limits",2008-2009,1.50000,1.35000,"10 Jan 2009","25 Feb 2009",2024-06-07
Karnataka,"Bengaluru Urban",Anekal,Shantipura,Shantipura,Shantipura,0001622895,0007151267,1519101,"Deep Tubewell","Ground Water","Village Limits","ST COLONY Drilling of BW and  Energisation",2015-2016,2.60000,0.00000,"25 Oct 2015","31 Mar 2016",2024-06-07
Karnataka,"Bengaluru Urban",Anekal,Mayasandra,Manchanahalli,Manchanahalli,0000373488,0001770023,1519465,"Deep Tubewell","Ground Water","Village Limits","Village Limits",2008-2009,4.00000,2.33000,"05 Jan 2009","10 Mar 2009",2024-06-07
Karnataka,"Bengaluru Urban",Anekal,Vannakanahalli,Choodenahalli,Kalyanakanahalli,0000373306,0000547445,123567,"Deep Tubewell","Ground Water",NA,villagelimit,2006-2007,2.50000,0.00100,"18 Mar 2008","17 Jul 2008",2024-06-07
Karnataka,"Bengaluru Urban",Anekal,Byagadadevanahalli,Byagadadenahalli,Byagadadenahalli,0000373346,0000549272,123687,"Deep Tubewell","Ground Water",NA,"Revival of MWS",2006-2007,3.50000,2.45000,"13 Jun 2007","20 Sep 2007",2024-06-07
Karnataka,"Bengaluru Urban",Anekal,Hulimangala,Koppa,Koppa,0000373383,0000774798,123749,"Deep Tubewell","Ground Water",NA,"Village Limits",2001-2002,0.60000,0.60000,"15 Mar 2002","03 Jan 2004",2024-06-07
Karnataka,"Bengaluru Urban",Anekal,Byagadadevanahalli,Kunimadiwala,Kunimadiwala,0000373345,0000549448,123988,"Deep Tubewell","Ground Water","M.I. Tank bund",Colony,2007-2008,3.70000,0.72000,"15 Dec 2008","15 Jul 2009",2024-06-07
Karnataka,"Bengaluru Urban",Anekal,Kallabalu,"Sattarsab Dinne","Satharsab Dinne",0000373367,0000549481,124126,"Deep Tubewell","Ground Water",NA,MWS,2007-2008,3.70000,0.92000,"20 Mar 2008","26 Jun 2008",2024-06-07
Karnataka,"Bengaluru Urban",Anekal,Hulimangala,Podu,Podu,0000373390,0000558193,125176,"Deep Tubewell","Ground Water",NA,"Revival of MWS",2007-2008,4.00000,3.00000,"28 Mar 2008","25 Sep 2008",2024-06-07
Karnataka,"Bengaluru Urban",Anekal,Billapura,Booragunte,Booragunte,0000373533,0000549454,125304,"Deep Tubewell","Ground Water",NA,"Revival of MWS",2007-2008,3.70000,0.91000,"05 Mar 2008","30 May 2010",2024-06-07
Karnataka,"Bengaluru Urban",Anekal,Dommasandra,Dommasandra,Dommasandra,0000373592,0000420097,126121,"Deep Tubewell","Ground Water",NA,"village limit",2006-2007,3.50000,2.90000,"14 Dec 2006","10 May 2007",2024-06-07
Karnataka,"Bengaluru Urban",Anekal,Hulimangala,Koppa,Koppa,0000373383,0000774797,127369,"Deep Tubewell","Ground Water",NA,"Village Limits",2001-2002,0.60000,0.60000,"15 Mar 2002","03 Jan 2004",2024-06-07
Karnataka,"Bengaluru Urban",Anekal,Kallabalu,Poojiganapalya,Pujiganapalya,0000373375,0000549490,127414,"Deep Tubewell","Ground Water",NA,villagelimit,2007-2008,3.70000,2.15000,"10 Mar 2008","20 Aug 2008",2024-06-07
Karnataka,"Bengaluru Urban",Anekal,Neralur,Thirumagondanahalli,Thirumagondanahalli,0000373478,0000558369,127568,"Deep Tubewell","Ground Water",NA,"Near Church Colony",2007-2008,4.00000,1.08000,"10 Mar 2008","21 Aug 2008",2024-06-07
Karnataka,"Bengaluru Urban",Anekal,Handenahalli,Sollepura,Sollepura,0000373543,0000558350,127569,"Deep Tubewell","Ground Water",NA,"Near Handenahalli Road",2007-2008,4.00000,0.86000,"10 Mar 2008","18 Sep 2008",2024-06-07
Karnataka,"Bengaluru Urban",Anekal,Sarjapura,Sarjapura,Sarjapura,0000373516,0000420174,128208,"Deep Tubewell","Ground Water",NA,MWS,2006-2007,3.50000,2.48000,"12 Dec 2006","08 May 2007",2024-06-07
Karnataka,"Bengaluru Urban",Anekal,Neralur,Adigondanahalli,Adigondanahalli,0000373481,0000549457,128560,"Deep Tubewell","Ground Water",NA,villagelimit,2007-2008,4.70000,2.08000,"03 Mar 2008","25 Jul 2008",2024-06-07
Karnataka,"Bengaluru Urban",Anekal,Hennagara,Yarandahalli,Yarandahalli,0000373399,0000418007,128802,"Deep Tubewell","Ground Water",NA,"Village limit",2006-2007,3.50000,2.81000,"27 Jan 2006","20 Jun 2007",2024-06-07
Karnataka,"Bengaluru Urban",Anekal,Surgajakanahalli,"A. Medihalli","A. Medihalli",0000373283,0000549452,129283,"Deep Tubewell","Ground Water",NA,"village limit",2007-2008,4.50000,4.00000,"11 Mar 2008","25 Sep 2008",2024-06-07
Karnataka,"Bengaluru Urban",Anekal,Ragihalli,Basappanadoddi,Basavanadoddi,0000373466,0000547436,129562,"Deep Tubewell","Ground Water",NA,villagelimit,2006-2007,3.50000,2.83000,"17 Oct 2007","16 Mar 2008",2024-06-07
Karnataka,"Bengaluru Urban",Anekal,Neralur,Yadavanahalli,Yadavanahalli,0000373477,0007854430,250247992,"Deep Tubewell","Ground Water","Village limit","TFC NAC 2018 G Drilling of Borewell 1 No for Revival of Water Supply Scheme in Yadavanahlli (Near Saravanna House ) habitation Neraluru GP Anekal Taluk",2018-2019,2.00000,1.99423,"05 Sep 2018","31 Mar 2019",2024-06-07
Karnataka,"Bengaluru Urban",Anekal,Yamare,"Kada Agrahara","Kada Agrahara",0000373548,0007867721,250260056,"Deep Tubewell","Ground Water","Village limit","TFC Drilling of borewell, Laying of Pipe line Kadagrahara Village, Bidarahalli GP Bangalore East  Taluk",2018-2019,2.96000,0.00000,"24 Jan 2019","03 May 2023",2024-06-07
Karnataka,"Bengaluru Urban",Anekal,Mugalur,"Pandithana Agrahara","Pandithana Agrahara",0000373525,0007868450,250260369,"Deep Tubewell","Ground Water","Main road","TFC 251018 Drilling of Borewell Pandithana Agarahara Habitation, Mugaluru G.P, Anekal Taluk",2018-2019,2.50000,2.49938,"29 Jan 2019","31 Mar 2019",2024-06-07
Karnataka,"Bengaluru Urban",Anekal,Shantipura,Rayasandra,Rayasandra,0000373589,0007868457,250260375,"Deep Tubewell","Ground Water","Village Limits","TFC 251018 Drilling of Borewell  Rayasandra Habitation, Shantipura G.P, Anekal Taluk",2018-2019,2.50000,2.49812,"29 Jan 2019","31 Mar 2019",2024-06-07
Karnataka,"Bengaluru Urban",Anekal,Mugalur,Mugalur,Mugalur,0000373524,0007868468,250260378,"Deep Tubewell","Ground Water","Village limit","TFC 251018 Drilling of Borewell  Mugaluru Habitation, Mugaluru G.P, Anekal Taluk",2018-2019,2.50000,2.49628,"29 Jan 2019","31 Mar 2019",2024-06-07
Karnataka,"Bengaluru Urban",Anekal,Neralur,Yadavanahalli,Yadavanahalli,0000373477,0007868807,250260615,"Deep Tubewell","Ground Water","Village limit","TFC CEO 060418 Drilling of Borewell at Yadavanahalli(Thirumagondanahalli lake) habitation Neraluru GP Anekal Taluk",2018-2019,2.50000,2.49443,"28 Jan 2019","31 Mar 2019",2024-06-07
Karnataka,"Bengaluru Urban",Anekal,Kallabalu,Yallammanadoddi,"Yallammana Doddi",0000373376,0007868861,250260657,"Deep Tubewell","Ground Water","Village limit","TFC CEO 060418 Drilling of Borewell at Yallammanadoddi habitation Kallubalu GP Anekal Taluk",2018-2019,2.50000,2.26679,"31 Jan 2019","31 Mar 2019",2024-06-07
Karnataka,"Bengaluru Urban",Anekal,Shantipura,Shantipura,Shantipura,0001622895,0007878000,250265135,"Deep Tubewell","Ground Water","Village limit","TFC241218 Drilling of Borewell at Gattahalli Habitation Shantipura GP Anekal Taluk",2018-2019,2.50000,0.00000,"05 Mar 2019","31 May 2019",2024-06-07
Karnataka,"Bengaluru Urban",Anekal,Handenahalli,"S. Medihalli",Thyavakanahalli,0000373540,0007878046,250265179,"Deep Tubewell","Ground Water","Towards village road","TFC241218 Drilling of Borewell at Tyavakanahalli Habitation Handenahalli GP Anekal Taluk",2018-2019,2.50000,2.49107,"05 Mar 2019","31 May 2019",2024-06-07
Karnataka,"Bengaluru Urban",Anekal,Sarjapura,Sarjapura,Sarjapura,0000373516,0007878053,250265186,"Deep Tubewell","Ground Water","Sompura Gate","TFC241218 Drilling of Borewell at Sarjapura Habitationra Sarjapura GP Anekal Taluk",2018-2019,2.50000,2.49688,"05 Mar 2019","31 May 2019",2024-06-07
Karnataka,"Bengaluru Urban",Anekal,Ballur,Ballur,Ballur,0000373484,0007878095,250265209,"Deep Tubewell","Ground Water","Tank Bed","TFC241218 Drilling of Borewell at Balluru Habitation Balluru GP Anekal Taluk",2018-2019,2.50000,2.49933,"05 Mar 2019","30 Jun 2019",2024-06-07
Karnataka,"Bengaluru Urban",Anekal,Ballur,Halehalli,Halehalli,0000373486,0007880278,250266036,"Deep Tubewell","Ground Water","Revival of  Mini Water Supply Scheme at Halehalli Village","TFC241218 Drilling of Borewell at Hale Byrohalli Habitation Sullikere GP Bangalore South Taluk",2018-2019,2.50000,2.49647,"15 Feb 2019","31 Mar 2019",2024-06-07
Karnataka,"Bengaluru Urban",Anekal,Haragadde,Vaddarapalya,Vaddarapalya,0001622882,0007889127,250268605,"Deep Tubewell","Ground Water","village limit","GOI shifted to GOK G Revival of MWS Scheme at Vaddarapalyai Habitation Haragade GP Anekal Taluk",2018-2019,5.00000,4.13705,"01 Mar 2019","03 May 2023",2024-06-07
Karnataka,"Bengaluru Urban",Anekal,Hennagara,"Hennagara Amanikere","Hennagara Amanikere",0000373395,0007889159,250268629,"Deep Tubewell","Ground Water","Village limit","GOI shifted to GOK G Revival of MWS Scheme at Hennagara Amanikere Habitation Hennagara GP Anekal Taluk",2018-2019,2.50000,2.41636,"01 Mar 2019","31 Jul 2019",2024-06-07
Karnataka,"Bengaluru Urban",Anekal,Mantapa,"Jangal Palya",Jangalapalya,0000373407,0007905179,250275594,"Deep Tubewell","Ground Water","Village limit","G Revival of  MWS Drilling of Bore well, with Pipeline at Jangalplaya Habitation, Mantapa  GP, Anekal  Taluk.",2019-2020,4.40000,4.39625,"19 Sep 2019","29 Feb 2020",2024-06-07
Karnataka,"Bengaluru Urban",Anekal,Mantapa,Kalkere,Kalkere,0000373417,0007905350,250275789,"Deep Tubewell","Ground Water","Main road","Revival of  MWS Scheme  at  KalkereHabitation, Mantapa  GP, Anekal  Taluk.",2019-2020,4.00000,3.99154,"18 Sep 2019","29 Feb 2020",2024-06-07
Karnataka,"Bengaluru Urban",Anekal,Kallabalu,Konnasandra,Konnasandra,0000373369,0007905457,250275915,"Deep Tubewell","Ground Water","Village limit","Revival of  MWS Drilling of Bore well at Konasandra Habitation, Kallubalu GP, Anekal  Taluk.",2019-2020,2.80000,2.79184,"18 Sep 2019","29 Feb 2020",2024-06-07
Karnataka,"Bengaluru Urban",Anekal,Dommasandra,Dommasandra,Govindapura,0000373593,0007905491,250275951,"Deep Tubewell","Ground Water","Towards Main road","SCP Revival of MWS Drilling of Borwell and Providing Pump Motor Work at Govindapura Village, Gopalapura GP, Bangalore North Taluk.",2019-2020,5.50000,0.00000,"30 Sep 2019","03 May 2023",2024-06-07
Karnataka,"Bengaluru Urban",Anekal,Kallabalu,Balarabande,Balarabande,0000373381,0007907883,250278474,"Deep Tubewell","Ground Water","Colony Limit","SCSTDrilling of Bore well, at  Balarabande  Habitation Kallabalu GP, Anekal  Taluk.",2019-2020,2.80000,2.78933,"18 Sep 2019","29 Feb 2020",2024-06-07
Karnataka,"Bengaluru Urban",Anekal,Haragadde,Haragadde,Haragadde,0001622881,0007907960,250278561,"Deep Tubewell","Ground Water","Village limit","SDP Revival of MWS Scheme  at  Haragadde  Habitation Haragadde  GP, Anekal  Taluk.",2019-2020,9.00000,8.22616,"19 Sep 2019","03 May 2023",2024-06-07
Karnataka,"Bengaluru Urban",Anekal,Hennagara,Hinnakki,Hinnakki,0000373401,0007907971,250278573,"Deep Tubewell","Ground Water","Village limit","SCST Drilling of Borewell at  Hinnakki  Habitation Hennagara  GP, Anekal  Taluk.",2019-2020,3.00000,2.99702,"19 Sep 2019","29 Feb 2020",2024-06-07
Karnataka,"Bengaluru Urban",Anekal,Handenahalli,Handenahalli,Handenahalli,0000373542,0007533722,250148873,"Deep Tubewell","Ground Water","Sollepura Road","SDP Revival Of PWS Scheme at Handenahalli habitation in Handenahalli GP.",2016-2017,8.00000,6.35697,"01 Sep 2016","03 May 2023",2024-06-07
Karnataka,"Bengaluru Urban",Anekal,Bannerghatta,Kempanayakanahalli,Kempanayakanahalli,0000373431,0007533725,250148875,"Deep Tubewell","Ground Water","Villge limit","G Revival Of MWS Scheme at Kempanakanahalli habitation,Banneraghatta GP, Anekal Taluk",2016-2017,8.00000,3.19117,"01 Sep 2016","31 Mar 2018",2024-06-07
Karnataka,"Bengaluru Urban",Anekal,Handenahalli,"S. Medihalli",Thyavakanahalli,0000373540,0007533747,250148888,"Deep Tubewell","Ground Water","Towards village road","SDP Revival Of PWS Scheme at Tyavakanahalli habitation in Handenahalli GP.",2016-2017,5.50000,5.49414,"01 Sep 2016","31 Mar 2018",2024-06-07
Karnataka,"Bengaluru Urban",Anekal,Hulimangala,Maragondanahalli,Maragondanahalli,0000373392,0007533898,250149003,"Deep Tubewell","Ground Water","Village limit","G Revival Of MWS Scheme at Maragondanahalli habitation,Hulimangala GP, Anekal Taluk",2016-2017,20.00000,0.00000,"01 Sep 2016","03 May 2023",2024-06-07
Karnataka,"Bengaluru Urban",Anekal,Muthanallur,Muthanallur,Muthanallur,0000373559,0007533993,250149087,"Deep Tubewell","Ground Water","Village limit","SDP Revival Of PWS Scheme at Muthanalluru habitation in Muthanalluru GP.",2016-2017,5.50000,5.88154,"01 Sep 2016","31 Mar 2018",2024-06-07
Karnataka,"Bengaluru Urban",Anekal,Bannerghatta,Shyanubhoganahalli,Shanubhoganahalli,0000373437,0007534365,250149352,"Deep Tubewell","Ground Water","Village limit","G Revival of MWS Scheme at Shanubhoganahalli Habitation, Banneraghatta G.P. Anekal Taluk",2016-2017,8.00000,7.28850,"01 Sep 2016","31 Dec 2018",2024-06-07
Karnataka,"Bengaluru Urban",Anekal,Huskuru,Harohalli,Harohalli,0000373575,0007534492,250149424,"Deep Tubewell","Ground Water","Village limit","SDP Revival Of PWS Scheme at Harohalli habitation in Husukur GP.",2016-2017,5.50000,5.16748,"01 Sep 2016","31 Mar 2018",2024-06-07
Karnataka,"Bengaluru Urban",Anekal,Hennagara,Hosahalli,Hosahalli,0000373400,0007534591,250149478,"Deep Tubewell","Ground Water","Colony limit","G Revival of MWS Scheme at Hosahalli Habitation, Hennagara G.P. Anekal Taluk",2016-2017,6.00000,5.64180,"01 Sep 2016","31 Dec 2018",2024-06-07
Karnataka,"Bengaluru Urban",Anekal,Hennagara,Masthenahalli,Mastenahalli,0000373397,0007534728,250149570,"Deep Tubewell","Ground Water","Village limit","G Providing Piped water Supply Scheme Construction of OHT at Mastenahalli Habitation Hennagara G.P. in Anekal Taluk",2016-2017,25.00000,23.05043,"01 Sep 2016","03 May 2023",2024-06-07
Karnataka,"Bengaluru Urban",Anekal,Hennagara,Hinnakki,Hinnakki,0000373401,0007534748,250149587,"Deep Tubewell","Ground Water","Village limit","SCP Providing Piped water Supply Scheme Construction of OHT and House Hold Connection HH 45 at Hinnakki Habitation, Hennagara G.P. in Anekal Taluk",2016-2017,25.00000,22.78694,"01 Sep 2016","03 May 2023",2024-06-07
Karnataka,"Bengaluru Urban",Anekal,Hennagara,Rajapura,Rajapura,0000373396,0007534790,250149622,"Deep Tubewell","Ground Water","Village limit","SDP Revival Of PWS Scheme at Rajapura habitatioin in Hennagara GP.",2016-2017,6.00000,6.28352,"01 Sep 2016","31 Mar 2018",2024-06-07
Karnataka,"Bengaluru Urban",Anekal,Byagadadevanahalli,"Kavala Hosahalli","Kavala Hosahalli",0001622879,0007535300,250150094,"Deep Tubewell","Ground Water","Village Limit","SCP Revival Of PWS Scheme and House Hold Connection HH 85 at Kavalahosahalli in Byagadadenahalli ofAnekal Taluk.",2016-2017,7.00000,7.09607,"01 Sep 2016","31 Mar 2018",2024-06-07
Karnataka,"Bengaluru Urban",Anekal,Byagadadevanahalli,"Kavala Hosahalli","Kavala Hosahalli",0001622879,0007535300,250150095,"Deep Tubewell","Ground Water",Villagelimit,"SCP Revival Of PWS Scheme and House Hold Connection HH 85 at Kavalahosahalli in Byagadadenahalli ofAnekal Taluk.",2016-2017,7.00000,7.09607,"01 Sep 2016","31 Mar 2018",2024-06-07
Karnataka,"Bengaluru Urban",Anekal,Yamare,"Thigala Chowdadenahalli","Thigala Chowdadenahalli",0000373553,0007536200,250150788,"Deep Tubewell","Ground Water","Near Tank Bed","G Revival of  MWS Scheme at Tigala Chowdadenahalli habitation in Yamare GP.",2016-2017,6.00000,0.00000,"01 Sep 2016","03 May 2023",2024-06-07
Karnataka,"Bengaluru Urban",Anekal,Shantipura,Choodasandra,Choodasandra,0000373591,0007536239,250150826,"Deep Tubewell","Ground Water","Towards main road","G Revival of  MWS Scheme at Choodasandra habitation in Shantipura GP.",2016-2017,11.00000,9.04883,"31 May 2016","03 May 2023",2024-06-07
Karnataka,"Bengaluru Urban",Anekal,Bidaraguppe,Bidaraguppe,Bidaraguppe,0000373499,0007536310,250150905,"Deep Tubewell","Ground Water","Village limit","G Revival of  MWS Scheme at Bidaraguppe habitation in Bidaraguppe GP.",2016-2017,10.00000,9.88916,"01 Sep 2016","31 Mar 2018",2024-06-07
Karnataka,"Bengaluru Urban",Anekal,Neriga,Heggondahalli,Heggondahalli,0000373570,0007538446,250152903,"Deep Tubewell","Ground Water","Village Limits","G Revival Of PWS Scheme  of Heggondanahalli Village in Neriga G.P. in Anekal Taluk",2016-2017,10.00000,9.16982,"01 Sep 2016","31 Mar 2018",2024-06-07
Karnataka,"Bengaluru Urban",Anekal,Bidaraguppe,Mallenahallli,Malenahalli,0000373500,0007539519,250153835,"Deep Tubewell","Ground Water","village limit","SCP Revival Of PWS Scheme at Malenahalli habitation,Bidaraguppe GP, Anekal Taluk",2016-2017,6.00000,0.00000,"01 Sep 2016","31 Dec 2018",2024-06-07
Karnataka,"Bengaluru Urban",Anekal,Mugalur,"Pandithana Agrahara","Pandithana Agrahara",0000373525,0007539908,250154128,"Deep Tubewell","Ground Water","Main road","G Revival of PWS Scheme at Pandithana Agrahara Habitation, Mugaluru G.P. Anekal Taluk",2016-2017,6.00000,5.57261,"01 Sep 2016","31 Mar 2018",2024-06-07
Karnataka,"Bengaluru Urban",Anekal,Mayasandra,Mayasandra,Mayasandra,0000373490,0007573124,250170073,"Deep Tubewell","Ground Water","Village limit","TFC221116 Drilling of Borewell at Mayasandra Colony Habitation, Mayasandra GP, Ane",2016-2017,2.50000,0.00000,"15 Jan 2017","03 May 2023",2024-06-07
Karnataka,"Bengaluru Urban",Anekal,Muthanallur,Kommasandra,Kommasandra,0000373556,0007912232,250282885,"Deep Tubewell","Ground Water","Main village road","G Revival of PWS Drilling of Borewell at Kommasandra  Habitaion, Kommasandra  village, MUTHANALLUR GP, Anekal Taluk.",2019-2020,2.80000,2.79211,"27 Sep 2019","31 Mar 2020",2024-06-07
Karnataka,"Bengaluru Urban",Anekal,Mugalur,"Pandithana Agrahara","Pandithana Agrahara",0000373525,0007912280,250282913,"Deep Tubewell","Ground Water","Main road","G Providing Piped Water Supply Scheme  (Construction of OHT of 1 Lakh ltr Capasity)  at PANDITHANA AGRAHARA (Rajeeva Gandhi nagar)Habitaion, PANDITHANA AGRAHARA  village, MUGALUR GP, Anekal Taluk.",2019-2020,30.00000,19.83272,"27 Sep 2019","03 May 2023",2024-06-07
Karnataka,"Bengaluru Urban",Anekal,Billapura,Booragunte,Booragunte,0000373533,0007913192,250283530,"Deep Tubewell","Ground Water","Village limit","SDP Revival Of PWS Scheme  Drilling of Borewell, Errection of Pumpset with Pipeline at Booragnte Habitaion, Booragnte village, Handenahalli (Billapura) GP, Anekal Taluk.",2019-2020,8.82000,7.89748,"30 Sep 2019","03 May 2023",2024-06-07
Karnataka,"Bengaluru Urban",Anekal,Mayasandra,Mutsandra,Mutsandra,0000373493,0007913274,250283600,"Deep Tubewell","Ground Water","Village limit","SCP Revival of PWS Drilling of BW,Errection of Pumpset at MUTSANDRA Habitation, MUTSANDRA Village, Maysandra GP, Anekal Taluk",2019-2020,9.10000,8.78016,"30 Sep 2019","03 May 2023",2024-06-07
Karnataka,"Bengaluru Urban",Anekal,Neriga,Chikkadasarahalli,Chikkadasarahalli,0000373563,0007913304,250283627,"Deep Tubewell","Ground Water","Village limit","SCP Revival of PWS Drilling of Borewell at Chikkadasarahalli Habitation, Chikkadasarahalli Village, Neriga GP, Anekal Taluk",2019-2020,3.00000,2.99517,"30 Sep 2019","31 Jan 2020",2024-06-07
Karnataka,"Bengaluru Urban",Anekal,Muthanallur,Narayanaghatta,Narayanaghatta,0000373561,0007913333,250283649,"Deep Tubewell","Ground Water","village limit","SCP Revival of PWS Drilling of Borewell at Narayanaghatta Habitation, Narayanaghatta Village, Muthanallur GP, Anekal Taluk",2019-2020,3.50000,3.49430,"30 Sep 2019","31 Jan 2020",2024-06-07
Karnataka,"Bengaluru Urban",Anekal,Sarjapura,Sarjapura,Sarjapura,0000373516,0007913363,250283677,"Deep Tubewell","Ground Water","Sompura Gate","SC and ST Revival of PWS Drilling of BW, Errection of Pumpset with Pipeline at Sarjapura Habitation, Sarjapura Village, Sarjapura GP, Anekal Taluk",2019-2020,40.00000,38.42829,"30 Sep 2019","03 May 2023",2024-06-07
Karnataka,"Bengaluru Urban",Anekal,Mugalur,"Dodda Thimmasandra","Dodda Thimmasandra",0000373520,0007913687,250283913,"Deep Tubewell","Ground Water","Towards main road","G Revival of PWS Drilling of BW,Errection of Pumpset with Pipeline at DODDA THIMMASANDRA  Habitaion, DODDA THIMMASANDRA  village, MUGALUR GP, Anekal Taluk.",2019-2020,15.00000,14.60143,"01 Oct 2019","29 Feb 2020",2024-06-07
Karnataka,"Bengaluru Urban",Anekal,Mayasandra,Bakthipura,Bakthipura,0000373489,0007913858,250284063,"Deep Tubewell","Ground Water","Village Limit","G Revival of PWS Constrction of Sump at Bhakthipura  Habitaion, Bhakthipura  village, Maysandra GP, Anekal Taluk.",2019-2020,5.00000,4.99841,"01 Oct 2019","29 Feb 2020",2024-06-07
Karnataka,"Bengaluru Urban",Anekal,Billapura,Billapura,Billapura,0000373532,0007913907,250284102,"Deep Tubewell","Ground Water","Village limit","G Revival of PWS Drilling of BW,Errection of Pumpset  at Billapura Habitaion, Billapura village, Billapura GP, Anekal Taluk.",2019-2020,6.00000,5.45942,"01 Oct 2019","03 May 2023",2024-06-07
Karnataka,"Bengaluru Urban",Anekal,Mugalur,"Pandithana Agrahara","Pandithana Agrahara",0000373525,0007952733,250154128,"Deep Tubewell","Ground Water","Main road","TFC CEO080319 Drilling of Borewell at Rajeevgandinagara Habitation Mugaluru GP Anekal Taluk",2019-2020,2.80000,2.79179,"16 Mar 2019","03 May 2023",2024-06-07
Karnataka,"Bengaluru Urban",Anekal,Ragihalli,Ragihalli,Ragihalli,0000373462,0007998789,250290071,"Deep Tubewell","Ground Water","Village limit","CAP1 Drilling of Borewell at Ragihalli Habitation Ragihalli Gp Anekal Taluk",2020-2021,2.50000,2.49459,"28 May 2020","31 Jul 2020",2024-06-07
Karnataka,"Bengaluru Urban",Anekal,Dommasandra,Dommasandra,Dommasandra,0000373592,0007573490,250170332,"Deep Tubewell","Ground Water","Village limit","TFC221116 Drilling of Borewell at Dommasandra Habitation, Dommasandra GP, Anekal Taluk",2016-2017,2.50000,2.45678,"15 Jan 2017","31 Mar 2018",2024-06-07
Karnataka,"Bengaluru Urban",Anekal,Hennagara,Yarandahalli,Yarandahalli,0000373399,0007573542,250170387,"Deep Tubewell","Ground Water","Towards village road","TFC221116 Drilling of Borewell at 2 Yarandahalli  habitation, Hennagara GP, Anekal Taluk",2016-2017,4.00000,3.98852,"15 Jan 2017","31 Mar 2018",2024-06-07
Karnataka,"Bengaluru Urban",Anekal,Hennagara,Hennagara,Hennagara,0000373394,0007573549,250170394,"Deep Tubewell","Ground Water","Village limit","TFC221116 Drilling of Borewell at Hennagara habitation, Hennagara GP, Anekal Taluk",2016-2017,1.50000,1.49821,"15 Jan 2017","31 Mar 2018",2024-06-07
Karnataka,"Bengaluru Urban",Anekal,Hulimangala,Hulimangala,Hulimangala,0000373388,0007573562,250170409,"Deep Tubewell","Ground Water","Village Main Road","TFC221116 Drilling of Borewell at Hulimangala habitation, Hulimangala GP, Anekal Taluk",2016-2017,2.00000,1.99492,"15 Jan 2017","31 Mar 2018",2024-06-07
Karnataka,"Bengaluru Urban",Anekal,Handenahalli,"S. Medihalli",Thyavakanahalli,0000373540,0007642159,250186399,"Deep Tubewell","Ground Water","Village Limit","TFC220217 Drilling of Borewell at Thyavakanahalli Habitation, Handenahalli GP, Anekal Taluk.",2016-2017,2.50000,1.95244,"05 May 2017","31 Mar 2018",2024-06-07
Karnataka,"Bengaluru Urban",Anekal,Bidaraguppe,Indlabele,Indlabele,0000373495,0007651457,250188539,"Deep Tubewell","Ground Water","Village limit","TFCZP220217 Drilling of borewell At Indlabele Habitation,  Bidaraguppe GP, Anekal Taluk.",2016-2017,2.70000,2.69496,"18 May 2017","31 Mar 2018",2024-06-07
Karnataka,"Bengaluru Urban",Anekal,Muthanallur,"Ali Bommasandra","Ali Bommasandra",0000373557,0007652529,250188989,"Deep Tubewell","Ground Water","Towards school road","TFCZP220217 Drilling Of Borewell At Alibommasandra Habitation, Muthanalluru GP, Anekal Taluk",2016-2017,1.87000,1.86571,"18 May 2017","31 Mar 2018",2024-06-07
Karnataka,"Bengaluru Urban",Anekal,Neriga,"Nekundi Dommasandra","Nekundi Dommasandra",0000373572,0007702091,250196242,"Deep Tubewell","Ground Water","Village limit","TFC170417 Drilling of Borewell  at Nekkundi Layout (Madhuranagara) Habitation, Neriga GP, Anekal Taluk",2017-2018,2.50000,2.49738,"10 Jul 2017","31 Mar 2018",2024-06-07
Karnataka,"Bengaluru Urban",Anekal,Kallabalu,Bommandahalli,Bommandahalli,0000373370,0007705180,250196453,"Deep Tubewell","Ground Water","village limit","TFC170417  Drilling of Borewell at Bommandahalli Habitation, Kallubalu GP, Anekal Taluk,",2017-2018,2.00000,1.99891,"10 Jul 2017","30 Nov 2017",2024-06-07
Karnataka,"Bengaluru Urban",Anekal,Haragadde,Haragadde,Haragadde,0001622881,0007705285,250196459,"Deep Tubewell","Ground Water","Village limit","TFC170417 Drilling of Borewell at Haragadde Habitation,Haragadde GP, Anekal Taluk.",2017-2018,2.20000,2.19620,"10 Jul 2017","30 Nov 2017",2024-06-07
Karnataka,"Bengaluru Urban",Anekal,Neralur,Yadavanahalli,Yadavanahalli,0000373477,0007711221,250197275,"Deep Tubewell","Ground Water","Village limit","TFCZP170417 Drilling of Borewell at Yadavanahalli  Habitation, Neraluru GP, Anekal Taluk",2017-2018,2.40000,2.39749,"20 Jul 2017","31 Mar 2018",2024-06-07
Karnataka,"Bengaluru Urban",Anekal,Neralur,Yadavanahalli,Yadavanahalli,0000373477,0007711222,250197276,"Deep Tubewell","Ground Water","Village limit","TFCZP170417 Drilling of Borewell at Yadavanahalli  Habitation, Neraluru GP, Anekal Taluk",2017-2018,2.40000,0.00000,"20 Jul 2017","03 May 2023",2024-06-07
Karnataka,"Bengaluru Urban",Anekal,Kallabalu,Bommandahalli,Bommandahalli,0000373370,0007739569,250205290,"Deep Tubewell","Ground Water","village limit","WPP KRIDL(3000 Series) at Bommandahalli Habitation, kallabalu G.P, Anekal Taluk, Bangalore Urban District",2017-2018,12.00000,0.00000,"25 Nov 2017","03 May 2023",2024-06-07
Karnataka,"Bengaluru Urban",Anekal,Mayasandra,Harohalli,Harohalli,0000373491,0007739625,250205321,"Deep Tubewell","Ground Water","village limit","WPP61 SCP (3000 Series) Harohalli Habitation, Mayasandra G.P, Anekal Taluk, Bangalore Urban District",2017-2018,12.00000,9.59260,"25 Nov 2017","31 Jan 2019",2024-06-07
Karnataka,"Bengaluru Urban",Anekal,Mantapa,Laxmipura,Laxmipura,0000373413,0007739637,250205325,"Deep Tubewell","Ground Water","village limit","WPP65 SCP (3000 Series) Laxmipura Habitation, Indlawadi G.P, Anekal Taluk, Bangalore Urban District",2017-2018,12.00000,0.00000,"25 Nov 2017","03 May 2023",2024-06-07
Karnataka,"Bengaluru Urban",Anekal,Handenahalli,Kotiganahalli,Kotiganahalli,0000373536,0007739670,250205342,"Deep Tubewell","Ground Water","village limit","WPP75 SCP (3000 Series) Kottiganahalli Habitation, Handenahalli G.P, Anekal Taluk, Bangalore Urban District",2017-2018,12.00000,9.75147,"25 Nov 2017","03 May 2023",2024-06-07
Karnataka,"Bengaluru Urban",Anekal,Byagadadevanahalli,"Kavala Hosahalli","Kavala Hosahalli",0001622879,0007739861,250205407,"Deep Tubewell","Ground Water","village limit","WPP40 SCP (3000 Series) Kavalahosahalli Habitation, Byagadadenahalli G.P, Anekal Taluk, Bangalore Urban District",2017-2018,12.00000,9.58360,"25 Nov 2017","31 Mar 2019",2024-06-07
Karnataka,"Bengaluru Urban",Anekal,Huskuru,Gulimangala,Gulimangala,0000373583,0007766005,250215626,"Deep Tubewell","Ground Water","village limit","SDP Providing Piped Water Supply Scheme at Gulimangala and Lakshminarayanapura  Habitation, Huskuru GP, Anekal Taluk",2017-2018,25.33000,25.32930,"05 Apr 2018","03 May 2023",2024-06-07
Karnataka,"Bengaluru Urban",Anekal,Shantipura,Shantipura,Shantipura,0001622895,0007851000,250245051,"Deep Tubewell","Ground Water","Village limit","G Revival of MWS Scheme in Shantipura at Shantipura village",2018-2019,6.00000,5.49973,"12 Oct 2018","03 May 2023",2024-06-07
Karnataka,"Bengaluru Urban",Anekal,Shantipura,Choodasandra,Choodasandra,0000373591,0007851009,250245062,"Deep Tubewell","Ground Water","Towards main road","G Revival of MWS Scheme in Shanthipura GP at Choodasandra village.ra GP at Choodasandra village.",2018-2019,85.00000,0.00000,"12 Oct 2018","03 May 2023",2024-06-07
Karnataka,"Bengaluru Urban",Anekal,Muthanallur,"Ali Bommasandra","Ali Bommasandra",0000373557,0007852555,250246419,"Deep Tubewell","Ground Water","village limit","SDP Providing Piped  Water Supply at Alibommasandra Habitation, Alibommasandra Village in Muthanalluru GP",2018-2019,12.00000,0.00000,"05 Sep 2018","03 May 2023",2024-06-07
Karnataka,"Bengaluru Urban",Anekal,Neralur,Thirumagondanahalli,Thirumagondanahalli,0000373478,0007852594,250246453,"Deep Tubewell","Ground Water","village limit","G  Revival of MWS Scheme in Neraluru GP at Thirumagondanahalli village",2018-2019,5.00000,0.00000,"05 Sep 2018","03 May 2023",2024-06-07
Karnataka,"Bengaluru Urban",Anekal,Hulimangala,Podu,Podu,0000373390,0007852755,250246614,"Deep Tubewell","Ground Water","Near Road Side","TFC NAC 2018 SCP  Drilling of Borewell(1 No) for Revival of Water Supply Scheme Podu (Borewell 3) Habitation Hulimangala  GP Anekal Taluk",2018-2019,2.30000,2.29971,"12 Oct 2018","31 Mar 2019",2024-06-07
Karnataka,"Bengaluru Urban",Anekal,Hulimangala,Vabbasandra,Vabbasandra,0000373386,0007852763,250246622,"Deep Tubewell","Ground Water","Colony limit","TFC NAC 2018 SCP  Drilling of Borewell(1 No) for Revival of Water Supply Scheme Vabasandra Habitation Hulimangala  GP Anekal Taluk",2018-2019,1.90000,1.88608,"12 Oct 2018","31 Mar 2019",2024-06-07
Karnataka,"Bengaluru Urban",Anekal,Hulimangala,Hulimangala,Hulimangala,0000373388,0007852765,250246624,"Deep Tubewell","Ground Water","Village Limit","TFC NAC 2018 SCP  Drilling of Borewell(1 No) for Revival of Water Supply Scheme Hulimangala Habitation Hulimangala  GP Anekal Taluk",2018-2019,1.80000,0.00000,"12 Oct 2018","03 May 2023",2024-06-07
Karnataka,"Bengaluru Urban",Anekal,Hulimangala,Podu,Podu,0000373390,0007852805,250246665,"Deep Tubewell","Ground Water","Village limit","TFC NAC 2018 SCP  Drilling of Borewell(1 No) for Revival of Water Supply Scheme Podu (Borewell 3) Habitation Hulimangala  GP Anekal Taluk",2018-2019,2.15000,2.14722,"12 Oct 2018","31 Mar 2019",2024-06-07
Karnataka,"Bengaluru Urban",Anekal,Haragadde,Dyavasandra,Dyavasandra,0001622880,0007852866,250246730,"Deep Tubewell","Ground Water","Village limit","TFC NAC 2018 SCP  Drilling of Borewell(1 No) for Revival of Water Supply Scheme Dyavasandra Habitation Haragadde   GP Anekal Taluk",2018-2019,2.35000,2.34646,"12 Oct 2018","31 Mar 2019",2024-06-07
Karnataka,"Bengaluru Urban",Anekal,Kallabalu,"Krishna Doddi","Krishna Doddi",0000373374,0007852939,250246760,"Deep Tubewell","Ground Water","Village limit","TFC NAC 2018 SCP Drilling of Borewell(1 No) for Revival of Water Supply Scheme Krishnadoddi Habitation Kalaballu  GP Anekal Taluk",2018-2019,1.20000,1.19800,"12 Oct 2018","31 Mar 2019",2024-06-07
Karnataka,"Bengaluru Urban",Anekal,Mantapa,Ramasandra,Ramasandra,0000373411,0007852941,250246762,"Deep Tubewell","Ground Water","Village limit","TFC NAC 2018 SCP Drilling of Borewell(1 No) for Revival of Water Supply Scheme Ramasandra   Habitation Mantapa  GP Anekal Taluk",2018-2019,2.40000,0.00000,"12 Oct 2018","31 Mar 2019",2024-06-07
Karnataka,"Bengaluru Urban",Anekal,Mantapa,"Chinnaiahna Palya",Chinnaiahanapalya,0000373424,0007852946,250246767,"Deep Tubewell","Ground Water","village limit","TFC NAC 2018 SCP Drilling of Borewell(1 No) for Revival of Water Supply Scheme Chinnaiahnapalya  Habitation Mantapa  GP Anekal Taluk",2018-2019,1.50000,1.49648,"12 Oct 2018","31 Mar 2019",2024-06-07
Karnataka,"Bengaluru Urban",Anekal,Mantapa,Kalkere,Kalkere,0000373417,0007853315,250246947,"Deep Tubewell","Ground Water","Main road","TFC NAC 2018 SCP Drilling of Borewell(1 No) for Revival of Water Supply Scheme Kalkere (Borewell 2) Habitation Mantapa  GP Anekal Taluk",2018-2019,2.10000,2.09970,"12 Oct 2018","31 Mar 2019",2024-06-07
Karnataka,"Bengaluru Urban",Anekal,Mantapa,Chathekerepalya,Chathekerepalya,0000373423,0007853316,250246948,"Deep Tubewell","Ground Water","Towards main road","TFC NAC 2018 SCP Drilling of Borewell(1 No) for Revival of Water Supply Scheme C.K. Palya Habitation Mantapa  GP Anekal Taluk",2018-2019,1.00000,0.99950,"12 Oct 2018","31 Mar 2019",2024-06-07
Karnataka,"Bengaluru Urban",Anekal,Ballur,Ballur,Ballur,0000373484,0007853498,250247125,"Deep Tubewell","Ground Water","Tank Bed","TFC NAC 2018 SCP Drilling of Borewells 1 No for Revival of Water Supply Scheme in Halehalli habitation Balluru GP Anekal Taluk",2018-2019,2.97000,0.00000,"05 Sep 2018","03 May 2023",2024-06-07
Karnataka,"Bengaluru Urban",Anekal,Ballur,Halehalli,Halehalli,0000373486,0007853498,250247126,"Deep Tubewell","Ground Water","Village limit","TFC NAC 2018 SCP Drilling of Borewells 1 No for Revival of Water Supply Scheme in Halehalli habitation Balluru GP Anekal Taluk",2018-2019,2.97000,0.00000,"05 Sep 2018","03 May 2023",2024-06-07
Karnataka,"Bengaluru Urban",Anekal,Bidaraguppe,Indlabele,Indlabele,0000373495,0007853639,250247239,"Deep Tubewell","Ground Water","Village limit","TFC NAC 2018 G Drilling of Borewells 5 Nos  for Revival of Water Supply Scheme in Indlabele habitation Bidaraguppe GP Anekal Taluk",2018-2019,12.45200,12.41423,"05 Sep 2018","31 Mar 2019",2024-06-07
Karnataka,"Bengaluru Urban",Anekal,Bidaraguppe,Chikkanahalli,Chikkanahalli,0000373497,0007853644,250247246,"Deep Tubewell","Ground Water","village limit","TFC NAC 2018 SCP Drilling of Borewells 1 No  for Revival of Water Supply Scheme in Chikkanahalli habitation Bidaraguppe GP Anekal Taluk",2018-2019,2.67300,2.66921,"05 Sep 2018","31 Mar 2019",2024-06-07
Karnataka,"Bengaluru Urban",Anekal,Mayasandra,Kamblipura,Kamblipura,0000373492,0007854034,250247602,"Deep Tubewell","Ground Water","Village limit","TFC NAC 2018 SCPDrilling of Borewell 1 Nos for Revival of Water Supply Scheme in Kamblipura habitation Mayasandra GP Anekal Taluk",2018-2019,2.39800,2.39199,"05 Sep 2018","31 Mar 2019",2024-06-07
Karnataka,"Bengaluru Urban",Anekal,Muthanallur,"Chikka Thimmasandra","Chikka Thimmasandra",0000373555,0007854055,250247622,"Deep Tubewell","Ground Water","village limit","TFC NAC 2018 SCP Drilling of Borewell 1 No for Revival of Water Supply Scheme in Chikka Thimmasandra habitation Muthanalluru GP Anekal Taluk",2018-2019,2.33200,2.12871,"05 Sep 2018","31 Mar 2019",2024-06-07
Karnataka,"Bengaluru Urban",Anekal,Neralur,Adigondanahalli,Adigondanahalli,0000373481,0007854064,250247632,"Deep Tubewell","Ground Water","village limit","TFC NAC 2018 SCP Drilling of Borewell 1 No for Revival of Water Supply Scheme in Adigondanahalli habitation Neraluru GP Anekal Taluk",2018-2019,2.03500,2.02877,"05 Sep 2018","31 Mar 2019",2024-06-07
Karnataka,"Bengaluru Urban",Anekal,Yamare,Ittangur,Ittangur,0000373546,0007854240,250247803,"Deep Tubewell","Ground Water","village limit","TFC NAC 2018 SCP Drilling of Borewell 1 No for Revival of Water Supply Scheme in Ittanguru habitation Yamare GP Anekal Taluk",2018-2019,1.37500,1.37353,"05 Sep 2018","31 Mar 2019",2024-06-07
Karnataka,"Bengaluru Urban",Anekal,Yamare,Sompura,Sompura,0000373545,0007854351,250247910,"Deep Tubewell","Ground Water","Village limit","TFC NAC 2018 SCP Drilling of Borewells 3 Nos for Revival of Water Supply Scheme in Sompura habitation Yamare GP Anekal Taluk",2018-2019,7.52400,7.23331,"05 Sep 2018","31 Mar 2019",2024-06-07
Karnataka,"Bengaluru Urban",Anekal,Yamare,"Thigala Chowdadenahalli","Thigala Chowdadenahalli",0000373553,0007854353,250247913,"Deep Tubewell","Ground Water","village limit","TFC NAC 2018 SCP Drilling of Borewells 5 Nos for Revival of Water Supply Scheme in TC Halli habitation Yamare GP Anekal Taluk",2018-2019,9.90000,9.17489,"05 Sep 2018","31 Mar 2019",2024-06-07
Karnataka,"Bengaluru Urban",Anekal,Sarjapura,Sarjapura,Sarjapura,0000373516,0007854392,250247954,"Deep Tubewell","Ground Water","Sompura Gate","TFC NAC 2018 SCP Drilling of Borewell 1 No for Revival of Water Supply Scheme in Sarjapura (Opposite Sriram Mandira ) habitation Sarjapura GP Anekal Taluk",2018-2019,2.20000,2.19375,"05 Sep 2018","31 Mar 2019",2024-06-07
Karnataka,"Bengaluru Urban",Anekal,Mugalur,"Mahal Chowdadenahalli","Mahal Chowdadenahalli",0000373518,0008215443,250150644,"Deep Tubewell","Ground Water","Towards Main road","Providing Water Supply to  Anganawadi fitting of Taps to Kitchen and Toilet at Mahal Chowdadenahalli Habitation Mugaluru GP Anekal Taluk",2020-2021,0.13500,0.09558,"17 Dec 2020","03 May 2023",2024-06-07
Karnataka,"Bengaluru Urban",Anekal,Billapura,Adigarakallahalli,Adigarakallahalli,0000373538,0008215460,250148916,"Deep Tubewell","Ground Water","Village limit","Providing Water Supply to  Anganawadi fitting of Taps to Kitchen and Toilet at Adigarakalahalli A Habitation Billapura GP Anekal Taluk",2020-2021,0.15000,0.09558,"17 Dec 2020","03 May 2023",2024-06-07
Karnataka,"Bengaluru Urban",Anekal,Mayasandra,Kamblipura,Kamblipura,0000373492,0008216098,250246464,"Deep Tubewell","Ground Water","Village limit","Providing water supply to Anganwadi fitting of taps to kitchen and toilet at Mutsandra Habitation Mayasandra GP Anekal Taluk",2020-2021,0.15000,0.15000,"17 Dec 2020","03 May 2023",2024-06-07
Karnataka,"Bengaluru Urban",Anekal,Mantapa,Ramasandra,Ramasandra,0000373411,0008223007,250246762,"Deep Tubewell","Ground Water","Village limit","15 Crore 12102020 Revival of PWS Scheme  Providing  Pump Motor and Laying of Pipeline at Ramasandra  Village  Mantapa GP Anekal  Taluk",2020-2021,4.00000,3.98675,"25 Feb 2021","03 May 2023",2024-06-07
Karnataka,"Bengaluru Urban",Anekal,Bidaraguppe,Mallenahallli,Malenahalli,0000373500,0008224594,250152828,"Deep Tubewell","Ground Water","Colony Road","15 crore 04022021 Revival of PWS Scheme Drlling of BW 1 and Laying of Pipeline at Mallenahalli  Village Bidaraguppe GP Anekal Taluk",2020-2021,4.87000,4.33196,"06 Feb 2021","03 May 2023",2024-06-07
Karnataka,"Bengaluru Urban",Anekal,Bidaraguppe,Mallenahallli,Malenahalli,0000373500,0008226774,250152828,"Deep Tubewell","Ground Water","Colony Road","15 crore 04022021 Revival of PWS Scheme Errection of Pumpset Electrification and Laying of Pipeline at  Mallenahalli Village Bidaraguppe GP Anekal Taluk",2020-2021,5.00000,4.65910,"06 Feb 2021","03 May 2023",2024-06-07
Karnataka,"Bengaluru Urban",Anekal,Handenahalli,Sollepura,Bikkanahalli,0000373537,0008234779,250247349,"Deep Tubewell","Ground Water","village limit","15 crore 04022021 Revival of PWS Scheme Errection of Pumpset and Laying of Pipeline at  Bikkanahalli  Village Handenahalli GP Anekal Taluk",2020-2021,5.00000,3.68032,"06 Feb 2021","03 May 2023",2024-06-07
Karnataka,"Bengaluru Urban",Anekal,Neralur,Thirumagondanahalli,Thirumagondanahalli,0000373478,0008234850,250254045,"Deep Tubewell","Ground Water","village limit","15 crore 04022021 Revival of PWS Scheme Drlling of BW 2 at Thirumagondanahalli Village Neraluru GP Anekal Taluk",2020-2021,3.75000,3.21384,"06 Feb 2021","03 May 2023",2024-06-07
Karnataka,"Bengaluru Urban",Anekal,Muthanallur,"Singena Agrahara","Singena Agrahara",0000373562,0008234856,250283896,"Deep Tubewell","Ground Water","Village limit","15 crore 04022021 Drilling of Borewell at Singena Agrahara Village Muthanalluru GP Anekal taluk",2020-2021,4.10000,3.45184,"06 Feb 2021","03 May 2023",2024-06-07
Karnataka,"Bengaluru Urban",Anekal,Mugalur,Mugalur,Mugalur,0000373524,0008235476,250150649,"Deep Tubewell","Ground Water","Village limit","15 crore 04022021 Errection of Pump motor Providing and Laying Pipeline at Mugaluru Village Mugaluru GP Anekal taluk",2020-2021,5.00000,4.65765,"06 Feb 2021","03 May 2023",2024-06-07
Karnataka,"Bengaluru Urban",Anekal,Bannerghatta,Sampigehalli,Sampigehalli,0000373433,0008236772,250300923,"Deep Tubewell","Ground Water","village limit","15 Crore 12102020 Revival of PWS Scheme  Laying of Pipeline at Sampigehalli   Village  Bannerughatta GP Anekal  Taluk",2020-2021,5.00000,4.98084,"25 Feb 2021","03 May 2023",2024-06-07
Karnataka,"Bengaluru Urban",Anekal,Neriga,Chikkadasarahalli,Chikkadasarahalli,0000373563,0008238104,250148753,"Deep Tubewell","Ground Water","Village limit","15 crore 04022021 Providing and Laying Pipeline Chikkadasarahalli Village Neriga GP Anekal taluk",2020-2021,4.70000,4.69775,"06 Feb 2021","03 May 2023",2024-06-07
Karnataka,"Bengaluru Urban",Anekal,Yamare,"Thigala Chowdadenahalli","Thigala Chowdadenahalli",0000373553,0008238142,250248234,"Deep Tubewell","Ground Water","village limit","15 crore 04022021 Drilling of Borewell at TC Halli Village Yamare GP Anekal taluk",2020-2021,3.85000,3.46825,"06 Feb 2021","03 May 2023",2024-06-07
Karnataka,"Bengaluru Urban",Anekal,Muthanallur,Muthanallur,Muthanallur,0000373559,0008238177,250149087,"Deep Tubewell","Ground Water","Village limit","15 crore 04022021 Drilling of Borewell at Muthanalluru Village Muthanalluru GP Anekal Taluk",2020-2021,3.90000,3.51940,"06 Feb 2021","03 May 2023",2024-06-07
Karnataka,"Bengaluru Urban",Anekal,Bidaraguppe,Bidaraguppe,Bidaraguppe,0000373499,0008238773,250150905,"Deep Tubewell","Ground Water","Village limit","15 crore 04022021 Providing Water Supply to  Veterinary Hospital fitting of Taps at Bidaraguppe Village Bidaraguppe GP Anekal Taluk",2020-2021,2.00000,1.98538,"06 Feb 2021","03 May 2023",2024-06-07
Karnataka,"Bengaluru Urban",Anekal,Bidaraguppe,Mallenahallli,Malenahalli,0000373500,0008238805,250152828,"Deep Tubewell","Ground Water","Colony Road","15 crore 04022021 Providing Water Supply facility to Anganawadi at Mallenahalli Village Bidaraguppe GP Anekal taluk",2020-2021,0.45000,0.21644,"06 Feb 2021","03 May 2023",2024-06-07
Karnataka,"Bengaluru Urban",Anekal,Bidaraguppe,Bidaraguppe,Bidaraguppe,0000373499,0008238822,250150905,"Deep Tubewell","Ground Water","Village limit","15 crore 04022021 Revival of PWS Scheme Errection of Pumpset and Laying of Pipeline at Billapura Village Bidaraguppe GP Aekal taluk",2020-2021,5.00000,4.64964,"06 Feb 2021","03 May 2023",2024-06-07
Karnataka,"Bengaluru Urban",Anekal,Dommasandra,Dommasandra,Dommasandra,0000373592,0008238827,250170332,"Deep Tubewell","Ground Water","Village limit","15 crore 04022021 Revival of PWS Scheme Drlling of BW 1 near Tank at Govindapura Village Dommasandra GP Anekal Taluk",2020-2021,3.80000,3.46348,"06 Feb 2021","03 May 2023",2024-06-07
Karnataka,"Bengaluru Urban",Anekal,Muthanallur,Narayanaghatta,Narayanaghatta,0000373561,0008238857,250283649,"Deep Tubewell","Ground Water","village limit","10crore saving 15122020 Providing and Errection PumpMotor and Laying PipiLine Scheme at Narayanaghatta Village Muthanalluru GP Anekal Taluk",2020-2021,4.92000,4.61311,"25 Dec 2020","03 May 2023",2024-06-07
Karnataka,"Bengaluru Urban",Anekal,Handenahalli,"S. Medihalli",Thyavakanahalli,0000373540,0008241743,250301468,"Deep Tubewell","Ground Water","Thyavakanahalli Habitation S Medihalli Village Anekal taluk","Providing water supply to anganwadi fitting of taps of kitchen and toilet at Tyavakanahalli Habitation Handenahalli GP Anekal Taluk",2020-2021,0.15000,0.00000,"17 Dec 2020","03 May 2023",2024-06-07
Karnataka,"Bengaluru Urban",Anekal,Handenahalli,Bilchikkanahalli,Bilchikkanahalli,0000373535,0008292904,250301912,"Deep Tubewell","Ground Water","village limit","Drilling of Borewells (1 No)  for Revival of Water Supply Scheme",2018-2019,2.47000,2.45000,"03 Nov 2018","31 Mar 2019",2024-06-07
Karnataka,"Bengaluru Urban",Anekal,Ragihalli,Shivanahalli,Shivanahalli,0000373451,0007998791,250275831,"Deep Tubewell","Ground Water","vILLAGE LIMIT","CAP1 Drilling of Borewell at Ontimaranadoddi Habitation Ragihalli Gp Anekal Taluk",2020-2021,2.50000,2.49854,"28 May 2020","31 Jul 2020",2024-06-07
Karnataka,"Bengaluru Urban",Anekal,Bannerghatta,Kariyappanahalli,Kariyappanahalli,0000373432,0007999367,250290091,"Deep Tubewell","Ground Water","village limit","10crore Revival of PWS scheme, Drilling of borewell at Kariyappanahalli village, Bannerughatta GP, Anekal Taluk",2020-2021,2.50000,2.23513,"16 Jun 2020","03 May 2023",2024-06-07
Karnataka,"Bengaluru Urban",Anekal,Mantapa,Kalkere,Kalkere,0000373417,0007999414,250290094,"Deep Tubewell","Ground Water","village limit","10crore Revival of PWS scheme, Drilling of borewell at Kalkere village, Bannerughatta GP, Anekal Taluk",2020-2021,2.50000,2.19713,"16 Jun 2020","03 May 2023",2024-06-07
Karnataka,"Bengaluru Urban",Anekal,Mantapa,Kalkere,Kalkere,0000373417,0007999427,250290096,"Deep Tubewell","Ground Water","village limit","10crore Revival of PWS scheme, Providing Pump Motor at Kalkere village, Matapa GP, Anekal Taluk",2020-2021,5.00000,4.99438,"16 Jun 2020","03 May 2023",2024-06-07
Karnataka,"Bengaluru Urban",Anekal,Hennagara,Yarandahalli,Yarandahalli,0000373399,0007999538,250290108,"Deep Tubewell","Ground Water","village limit","10crore Revival of PWS scheme, Providing Pump Motor at Yaradanahalli village, Hennagara GP, Anekal Taluk",2020-2021,5.00000,4.97338,"16 Jun 2020","03 May 2023",2024-06-07
Karnataka,"Bengaluru Urban",Anekal,Hennagara,Kachanayakanahalli,Kachanayakanahalli,0000373402,0007999896,250290117,"Deep Tubewell","Ground Water","village limit","10crore Revival of PWS scheme, Providing Pump Motor at Kachanayakanahalli village, Hennagara GP, Anekal Taluk",2020-2021,2.50000,2.48405,"16 Jun 2020","03 May 2023",2024-06-07
Karnataka,"Bengaluru Urban",Anekal,Huskuru,"Chinnthala Madiwala","Chinnthala Madiwala",0000373578,0008009265,250150556,"Deep Tubewell","Ground Water",NA,"10 Crore 22052020 Drilling of Borewell at Chinthala Madiwala Habitation Huskuru Grama Panchayath Anekal Taluk",2020-2021,3.40000,3.07207,"16 Jun 2020","03 May 2023",2024-06-07
Karnataka,"Bengaluru Urban",Anekal,Yamare,"Volagere Kallahalli","Volagere Kallahalli",0000373550,0008009280,250150891,"Deep Tubewell","Ground Water","Village limit","10 Crore 22052020  Drilling of Borewell at Volagere Kallahalli Habitation Yamare Grama Panchayath Anekal Taluk",2020-2021,4.00000,3.61095,"16 Jun 2020","03 May 2023",2024-06-07
Karnataka,"Bengaluru Urban",Anekal,Mugalur,"Mahal Chowdadenahalli","Mahal Chowdadenahalli",0000373518,0008009310,250150644,"Deep Tubewell","Ground Water","Towards Main road","10 Crore 22052020 Providing and fixing raising main pipe line at Mahal Chowdadenahalli Village Mugalur Grama Panchayath Anekal Taluk",2020-2021,5.00000,4.99830,"16 Jun 2020","03 May 2023",2024-06-07
Karnataka,"Bengaluru Urban",Anekal,Neralur,Thirumagondanahalli,Thirumagondanahalli,0000373478,0008009575,250254045,"Deep Tubewell","Ground Water","village limit","10 Crore 22052020 Drilling of Borewell at Thirumagondanahalli Habitation Neralur Grama Panchayath Anekal Taluk",2020-2021,3.75000,3.41845,"16 Jun 2020","03 May 2023",2024-06-07
Karnataka,"Bengaluru Urban",Anekal,Mugalur,"Dodda Thimmasandra","Dodda Thimmasandra",0000373520,0008031797,250148857,"Deep Tubewell","Ground Water","Towards main road","CAP3 Drilling of  at Doddathimmasandra  village Mugaluru GP Anekal taluk",2020-2021,3.47500,0.00000,"27 May 2020","03 May 2023",2024-06-07
Karnataka,"Bengaluru Urban",Anekal,Neriga,Gonigattapura,Gonigattapura,0000373565,0008032394,250245207,"Deep Tubewell","Ground Water","village limit","10 Crore 22052020 Drilling of Borewell at Gonigattapura Habitation Neriga Grama Panchayath Anekal Taluk",2020-2021,3.75000,3.37970,"16 Jun 2020","03 May 2023",2024-06-07
Karnataka,"Bengaluru Urban",Anekal,Ballur,Halehalli,Halehalli,0000373486,0008032540,250246481,"Deep Tubewell","Ground Water","village limit","10 Crore 22052020  Drilling of Borewell at Halehalli Habitation Balluru Grama Panchayath Anekal Taluk",2020-2021,3.94000,3.55712,"16 Jun 2020","03 May 2023",2024-06-07
Karnataka,"Bengaluru Urban",Anekal,Ballur,Halehalli,Halehalli,0000373486,0008032566,250246481,"Deep Tubewell","Ground Water","village limit","10 Crore 22052020  Drilling of Borewell at Near Halehalli Habitation Balluru Grama Panchayath Anekal Taluk",2020-2021,3.80000,3.43152,"16 Jun 2020","03 May 2023",2024-06-07
Karnataka,"Bengaluru Urban",Anekal,Mayasandra,"M. Medihalli","M. Medihalli",0000373494,0008032569,250152928,"Deep Tubewell","Ground Water","Village limit","10 Crore 22052020 Drilling of Borewell at M Medahalli Habitation Mayasandra Grama Panchayath Anekal Taluk",2020-2021,3.80000,3.43394,"16 Jun 2020","03 May 2023",2024-06-07
Karnataka,"Bengaluru Urban",Anekal,Muthanallur,Muthanallur,Muthanallur,0000373559,0008064293,250149087,"Deep Tubewell","Ground Water","Village limit","10 Crore 22052020 Drilling of Borewell at Gopasandra Habitation Muthanalluru Grama Panchayath Anekal Taluk",2020-2021,4.00000,3.61095,"16 Jun 2020","03 May 2023",2024-06-07
Karnataka,"Bengaluru Urban",Anekal,Dommasandra,Dommasandra,Dommasandra,0000373592,0008064315,250170332,"Deep Tubewell","Ground Water","Village limit","10 Crore 22052020 Drilling of Borewell at Govindapura Habitation,Dommasandra Grama Panchayath Anekal Taluk",2020-2021,3.75000,3.47345,"16 Jun 2020","03 May 2023",2024-06-07
Karnataka,"Bengaluru Urban",Anekal,Neriga,Chikkadasarahalli,Chikkadasarahalli,0000373563,0008122949,250148753,"Deep Tubewell","Ground Water","Village limit","G Providing Piped water Supply Scheme(Construction of OHT of 1 Lakh Ltr capacity) at Chikkadasarahalli Village Neriga Grama Panchayath Anekal Taluk",2020-2021,24.88000,10.27603,"20 Aug 2020","03 May 2023",2024-06-07
Karnataka,"Bengaluru Urban",Anekal,Muthanallur,"Chikka Thimmasandra","Chikka Thimmasandra",0000373555,0008215328,250283932,"Deep Tubewell","Ground Water","village limit","Providing Water Supply to  Anganawadi fitting of Taps to Kitchen and Toilets at Chikkathimasandra Habitation Mutanaluru GP Anekal Taluk",2020-2021,0.13000,0.09558,"17 Dec 2020","03 May 2023",2024-06-07
Karnataka,"Bengaluru Urban",Anekal,Neralur,Neralur,Neralur,0000373479,0008215409,250154154,"Deep Tubewell","Ground Water","Village Limit","Providing Water Supply to  Anganawadi fitting of Taps to Kitchen and Toilet at Ragavanagara Habitation Neraluru GP Anekal Taluk",2020-2021,0.15000,0.09558,"17 Dec 2020","03 May 2023",2024-06-07
Karnataka,"Bengaluru Urban",Anekal,Mugalur,Thindlu,Thindlu,0000373517,0008215435,250150657,"Deep Tubewell","Ground Water","Village limit","Providing Water Supply to  Anganawadi fitting of Taps to Kitchen and Toilet at Thindlu Habitation Mugaluru GP Anekal Taluk",2020-2021,0.15000,0.00000,"17 Dec 2020","03 May 2023",2024-06-07
Karnataka,"Bengaluru Urban",Anekal,Mugalur,Mugalur,Mugalur,0000373524,0008215438,250150649,"Deep Tubewell","Ground Water","Village limit","Providing Water Supply to  Anganawadi fitting of Taps to Kitchen and Toilet at Mugaluru A Habitation Anekal Taluk",2020-2021,0.13000,0.09558,"17 Dec 2020","03 May 2023",2024-06-07
Karnataka,"Bengaluru Urban",Anekal,Yamare,Sompura,Sompura,0000373545,0005360407,5297058,"Deep Tubewell","Ground Water","Village limit","Drilling of BW",2012-2013,1.55000,1.86294,"07 Mar 2013","20 Mar 2013",2024-06-07
Karnataka,"Bengaluru Urban",Anekal,Mugalur,"Chikkanahalli Kamanahalli","Chikkanahalli Kamanahalli",0000373526,0005360450,5297105,"Deep Tubewell","Ground Water","Village limit","Drilling of BW",2012-2013,1.55000,1.12743,"07 Mar 2013","20 Mar 2013",2024-06-07
Karnataka,"Bengaluru Urban",Anekal,Bidaraguppe,Indlabele,Indlabele,0000373495,0005360592,5297250,"Deep Tubewell","Ground Water","Village limit","Drilling of BW",2012-2013,1.55000,2.32752,"07 Mar 2013","03 Mar 2014",2024-06-07
Karnataka,"Bengaluru Urban",Anekal,Vannakanahalli,Soluru,Soluru,0000373307,0005361470,5298120,"Deep Tubewell","Ground Water","Village limit","Drilling of BW",2012-2013,1.55000,1.54800,"07 Mar 2013","31 Jan 2014",2024-06-07
Karnataka,"Bengaluru Urban",Anekal,Handenahalli,Handenahalli,Handenahalli,0000373542,0005361472,5298122,"Deep Tubewell","Ground Water","Village limit","Drilling of BW",2012-2013,1.55000,1.88302,"07 Mar 2013","31 Mar 2013",2024-06-07
Karnataka,"Bengaluru Urban",Anekal,Kallabalu,Kallabalu,Kallabalu,0000373363,0005361592,5298244,"Deep Tubewell","Ground Water","Village limit","Drilling of BW",2012-2013,1.00000,1.02000,"07 Mar 2013","03 Mar 2014",2024-06-07
Karnataka,"Bengaluru Urban",Anekal,Haragadde,"Nosenur Gollahalli","Nosenur Gollahalli",0000373353,0005362599,5299511,"Deep Tubewell","Ground Water","Village limit","Drilling of BW",2012-2013,1.00000,0.98567,"07 Mar 2013","14 Feb 2014",2024-06-07
Karnataka,"Bengaluru Urban",Anekal,Huskuru,Kaggalipura,Kaggalipura,0000373574,0005364305,5301316,"Deep Tubewell","Ground Water","Village limit","Drilling of BW",2012-2013,3.19000,3.19000,"18 Oct 2012","31 Mar 2013",2024-06-07
Karnataka,"Bengaluru Urban",Anekal,Mantapa,Laxmipura,Sampangiramanagara,0000373414,0005364318,5301329,"Deep Tubewell","Ground Water","Village limit","Drilling of BW",2012-2013,1.32000,1.32000,"22 Oct 2012","31 Mar 2013",2024-06-07
Karnataka,"Bengaluru Urban",Anekal,Huskuru,Chookasandra,Chookasandra,0000373576,0005364334,5301345,"Deep Tubewell","Ground Water","Village limit","Drilling of BW",2012-2013,1.68000,1.68000,"22 Oct 2012","31 Mar 2013",2024-06-07
Karnataka,"Bengaluru Urban",Anekal,Mantapa,Malenallasandra,Malenallasandra,0000373410,0005515867,5453551,"Deep Tubewell","Ground Water","Village limit","Revival of PWS Scheme",2013-2014,7.00000,7.28832,"20 Aug 2013","31 Jan 2014",2024-06-07
Karnataka,"Bengaluru Urban",Anekal,Neralur,Adigondanahalli,Adigondanahalli,0000373481,0005522224,5462748,"Deep Tubewell","Ground Water","Village limit","Revival of PWS Scheme",2013-2014,10.00000,8.09740,"10 Sep 2013","14 Jan 2015",2024-06-07
Karnataka,"Bengaluru Urban",Anekal,Bidaraguppe,Indlabele,Indlabele,0000373495,0005522261,5462784,"Deep Tubewell","Ground Water","Village limit","Revival of PWS Scheme",2013-2014,10.00000,9.36329,"20 Sep 2013","02 Sep 2014",2024-06-07
Karnataka,"Bengaluru Urban",Anekal,Indlawadi,Baggandoddi,Baggandoddi,0000373333,0005522402,5462951,"Deep Tubewell","Ground Water","Village limit","Revival of MWS Scheme",2013-2014,7.00000,6.32125,"10 Sep 2013","31 Mar 2015",2024-06-07
Karnataka,"Bengaluru Urban",Anekal,Indlawadi,Choodahalli,Choodahalli,0000373326,0005522518,5463099,"Deep Tubewell","Ground Water","Village limit","Providing Piped Water Supply Scheme",2013-2014,22.00000,19.17332,"10 Sep 2013","01 Mar 2015",2024-06-07
Karnataka,"Bengaluru Urban",Anekal,Byagadadevanahalli,Chikkahagde,Vadderahalli,0000373338,0005523259,5464146,"Deep Tubewell","Ground Water","Village limit","Revival of MWS Scheme",2013-2014,5.00000,0.00000,"20 Sep 2013","15 Feb 2014",2024-06-07
Karnataka,"Bengaluru Urban",Anekal,Marsoor,Shettihalli,Shettihalli,0000373314,0005523347,5464304,"Deep Tubewell","Ground Water","Village limit","Revival of MWS Scheme",2013-2014,7.00000,7.07594,"10 Sep 2013","03 Mar 2014",2024-06-07
Karnataka,"Bengaluru Urban",Anekal,Marsoor,Madiwala,Madiwala,0000373311,0005523380,5464362,"Deep Tubewell","Ground Water","Village limit","Revival of PWS Scheme",2013-2014,7.00000,6.05204,"10 Sep 2013","28 Mar 2014",2024-06-07
Karnataka,"Bengaluru Urban",Anekal,Yamare,Chambenahalli,Chambenahalli,0000373552,0005523550,5464600,"Deep Tubewell","Ground Water","Village limit","G Revival of MWS Scheme",2013-2014,8.00000,5.67999,"10 Sep 2013","20 Jan 2014",2024-06-07
Karnataka,"Bengaluru Urban",Anekal,Mantapa,Sakalavara,Sakalavara,0000373419,0005712496,250001697,"Deep Tubewell","Ground Water","Village limit","Drinking Water Facility to Anganawadi",2013-2014,1.00000,0.99881,"10 Sep 2013","02 Dec 2013",2024-06-07
Karnataka,"Bengaluru Urban",Anekal,Kallabalu,Mahanthalingapura,Mahanthalingapura,0000373373,0005712579,250001713,"Deep Tubewell","Ground Water","Village limit","Drinking Water Facility to Anganawadi",2013-2014,1.00000,0.95081,"10 Sep 2013","20 Mar 2014",2024-06-07
Karnataka,"Bengaluru Urban",Anekal,Kallabalu,Giddenahalli,Giddenahalli,0000373372,0005712603,250001718,"Deep Tubewell","Ground Water","Village limit","Drinking Water Facility to Anganawadi",2013-2014,1.00000,0.95504,"10 Sep 2013","20 Mar 2014",2024-06-07
Karnataka,"Bengaluru Urban",Anekal,Kallabalu,Vaderamanchenahalli,Vaderamanchenahalli,0000373362,0005712644,250001728,"Deep Tubewell","Ground Water","Village limit","SCP Drinking Water Facility to Anganawadi",2013-2014,1.00000,0.96551,"10 Sep 2013","20 Mar 2014",2024-06-07
Karnataka,"Bengaluru Urban",Anekal,Bannerghatta,Kariyappanahalli,Kariyappanahalli,0000373432,0005712765,250001753,"Deep Tubewell","Ground Water","Village limit","Drinking Water Facility to Anganawadi",2013-2014,1.00000,0.99841,"10 Sep 2013","08 Oct 2014",2024-06-07
Karnataka,"Bengaluru Urban",Anekal,Bannerghatta,Bilwardahalli,Bilwardahalli,0000373436,0005712827,250001769,"Deep Tubewell","Ground Water","Village limit","Drinking Water Facility to Anganawadi",2013-2014,1.00000,0.99841,"10 Sep 2013","04 Oct 2014",2024-06-07
Karnataka,"Bengaluru Urban",Anekal,Kallabalu,"Krishna Doddi","Krishna Doddi",0000373374,0005712855,250001776,"Deep Tubewell","Ground Water","Village limit","Drinking Water Facility to Anganawadi",2013-2014,1.00000,0.90309,"10 Sep 2013","20 Mar 2014",2024-06-07
Karnataka,"Bengaluru Urban",Anekal,Yamare,"Volagere Kallahalli","Volagere Kallahalli",0000373550,0005713374,250001903,"Deep Tubewell","Ground Water",NA,"Drinking Water Facility to Anganawadi",2013-2014,1.00000,0.99851,"10 Sep 2013","02 Dec 2013",2024-06-07
Karnataka,"Bengaluru Urban",Anekal,Muthanallur,Gopasandra,Gopasandra,0000373560,0005713557,250001944,"Deep Tubewell","Ground Water","Village limit","Drinking Water Facility to Anganawadi",2013-2014,1.00000,0.96261,"10 Sep 2013","20 Jan 2014",2024-06-07
Karnataka,"Bengaluru Urban",Anekal,Bidaraguppe,Bidaraguppe,Bidaraguppe,0000373499,0005714143,250002064,"Deep Tubewell","Ground Water","Village limit","Drinking Water Facility to Anganawadi",2013-2014,1.00000,0.96261,"10 Sep 2013","28 Jan 2014",2024-06-07
Karnataka,"Bengaluru Urban",Anekal,Bidaraguppe,Jigala,Jigala,0000373496,0005714180,250002071,"Deep Tubewell","Ground Water","Village limit","Drinking Water Facility to Anganawadi",2013-2014,1.00000,0.95756,"10 Sep 2013","20 Jan 2014",2024-06-07
Karnataka,"Bengaluru Urban",Anekal,Mugalur,Thindlu,Thindlu,0000373517,0005714518,250002157,"Deep Tubewell","Ground Water","Village limit","Drinking Water Facility to Anganawadi",2013-2014,1.00000,0.99376,"10 Sep 2013","10 Mar 2014",2024-06-07
Karnataka,"Bengaluru Urban",Anekal,Mugalur,"Chikkanahalli Kamanahalli","Chikkanahalli Kamanahalli",0000373526,0005714685,250002197,"Deep Tubewell","Ground Water","Village limit","Drinking Water Facility to Anganawadi",2013-2014,1.00000,0.99566,"10 Sep 2013","20 Mar 2014",2024-06-07
Karnataka,"Bengaluru Urban",Anekal,Indlawadi,Nagaiahadoddi,Nagaiahabadoddi,0000373332,0005812248,250006701,"Deep Tubewell","Ground Water","Village limit","Revival of MWS Scheme",2013-2014,5.00000,3.53644,"10 Sep 2013","03 Mar 2014",2024-06-07
Karnataka,"Bengaluru Urban",Anekal,Bannerghatta,Bannerughatta,Bannerghatta,0000373430,0006131300,250020489,"Deep Tubewell","Ground Water","Village limit","Drilling of Borewell",2013-2014,1.19000,1.18950,"20 Jul 2013","01 Mar 2014",2024-06-07
Karnataka,"Bengaluru Urban",Anekal,Sarjapura,Sarjapura,Sarjapura,0000373516,0006133460,250020817,"Deep Tubewell","Ground Water","Village limit","Drilling of Borewell",2013-2014,2.28000,2.27950,"06 Jul 2013","01 Mar 2014",2024-06-07
Karnataka,"Bengaluru Urban",Anekal,Ragihalli,Shivanahalli,Shivanahalli,0000373451,0005525688,5467471,"Deep Tubewell","Ground Water","vILLAGE LIMIT","Revival of MWS Scheme",2013-2014,5.00000,3.36000,"10 Sep 2013","03 Mar 2014",2024-06-07
Karnataka,"Bengaluru Urban",Anekal,Mugalur,Bovipalya,"Kuthaganahalli Bovi Palya",0000373523,0005528003,5470457,"Deep Tubewell","Ground Water","Bhovi colony","Revival of MWS Scheme",2013-2014,5.00000,4.98395,"15 Sep 2013","31 Mar 2014",2024-06-07
Karnataka,"Bengaluru Urban",Anekal,Kallabalu,Harapanahalli,Harapanahalli,0000373368,0005534414,250064275,"Deep Tubewell","Ground Water","Colony limit","G Providing Piped Water Supply Scheme",2013-2014,25.00000,22.76568,"12 Sep 2013","31 Dec 2015",2024-06-07
Karnataka,"Bengaluru Urban",Anekal,Haragadde,"Mada Pattana",Madapatna,0001622883,0005534528,5478825,"Deep Tubewell","Ground Water","Village limit","Revival of PWS Scheme",2013-2014,7.00000,5.72957,"10 Sep 2013","22 Jul 2014",2024-06-07
Karnataka,"Bengaluru Urban",Anekal,Haragadde,"Mada Pattana",Madapatna,0001622883,0005534530,5478827,"Deep Tubewell","Ground Water","Village limit","Revival of PWS Scheme",2013-2014,7.00000,0.00000,"10 Sep 2013","15 Mar 2014",2024-06-07
Karnataka,"Bengaluru Urban",Anekal,Haragadde,Nosenur,Nosenur,0000373352,0005544490,5497037,"Deep Tubewell","Ground Water","Village limit","Revival of PWS Scheme",2013-2014,8.00000,7.47499,"10 Sep 2013","22 Jul 2014",2024-06-07
Karnataka,"Bengaluru Urban",Anekal,Kallabalu,Mahanthalingapura,Mahanthalingapura,0000373373,0005544506,5497053,"Deep Tubewell","Ground Water","Village limit","SCP Revival of PWS Scheme",2013-2014,8.00000,7.99154,"12 Sep 2013","31 Dec 2015",2024-06-07
Karnataka,"Bengaluru Urban",Anekal,Kallabalu,Konnasandra,Konnasandra,0000373369,0005544526,5497088,"Deep Tubewell","Ground Water","Village limit","Revival of PWS Scheme",2013-2014,8.00000,3.95085,"10 Sep 2013","14 Oct 2014",2024-06-07
Karnataka,"Bengaluru Urban",Anekal,Hulimangala,Shikaripalya,Shikaripalya,0000373393,0005544663,5497322,"Deep Tubewell","Ground Water","Village limit","Revival of PWS Scheme",2013-2014,10.00000,10.53501,"10 Sep 2013","01 Mar 2014",2024-06-07
Karnataka,"Bengaluru Urban",Anekal,Hulimangala,Nanjapura,Nanjapura,0000373385,0005544734,5497441,"Deep Tubewell","Ground Water","Village limit","Revival of MWS Scheme",2013-2014,7.00000,7.17074,"15 Sep 2013","17 Mar 2014",2024-06-07
Karnataka,"Bengaluru Urban",Anekal,Ballur,Halehalli,Halehalli,0000373486,0005567793,5524162,"Deep Tubewell","Ground Water","Village limit","Revival of MWS Scheme",2013-2014,8.00000,8.25384,"15 Sep 2013","03 Mar 2014",2024-06-07
Karnataka,"Bengaluru Urban",Anekal,Billapura,Billapura,Billapura,0000373532,0005568701,5525021,"Deep Tubewell","Ground Water","Village limit","Revival of MWS Scheme",2013-2014,8.00000,8.02874,"12 Sep 2013","28 Feb 2014",2024-06-07
Karnataka,"Bengaluru Urban",Anekal,Billapura,Booragunte,Booragunte,0000373533,0005568759,5525061,"Deep Tubewell","Ground Water","Village limit","Revival of MWS Scheme",2013-2014,8.00000,7.58744,"12 Sep 2013","25 Mar 2014",2024-06-07
Karnataka,"Bengaluru Urban",Anekal,Mayasandra,Kamblipura,Kamblipura,0000373492,0005580453,5539789,"Deep Tubewell","Ground Water","Village limit","Revival of PWS Scheme",2013-2014,7.00000,5.64990,"22 Sep 2013","04 Mar 2014",2024-06-07
Karnataka,"Bengaluru Urban",Anekal,Huskuru,Kaggalipura,Kaggalipura,0000373574,0005580506,5539957,"Deep Tubewell","Ground Water","Village limit","Revival of PWS Scheme",2013-2014,7.00000,0.00000,"12 Sep 2013","25 Feb 2014",2024-06-07
Karnataka,"Bengaluru Urban",Anekal,Ragihalli,Ontemaranadoddi,Ontemaranadoddi,0000373452,0005589833,5550058,"Deep Tubewell","Ground Water","Village limit","Revival of MWS Scheme",2013-2014,5.00000,0.00000,"15 Sep 2013","10 Mar 2014",2024-06-07
Karnataka,"Bengaluru Urban",Anekal,Vannakanahalli,Menaseganahalli,Menaseganahalli,0000373303,0005595368,5555334,"Deep Tubewell","Ground Water","School limit","Drinking Water Facility to School",2013-2014,1.00000,0.00000,"15 Oct 2013","01 Mar 2015",2024-06-07
Karnataka,"Bengaluru Urban",Anekal,Hennagara,Hosahalli,Hosahalli,0000373400,0005595392,5555358,"Deep Tubewell","Ground Water","School limit","Drinking Water Facility to School",2013-2014,10.00000,0.00000,"15 Oct 2013","25 Jan 2014",2024-06-07
Karnataka,"Bengaluru Urban",Anekal,Neriga,"Halsahalli Thippasandra","Halsahalli Thippasandra",0000373571,0005595425,5555391,"Deep Tubewell","Ground Water","Halasahalli School limit","Drinking Water Facility to School",2013-2014,1.00000,0.99566,"10 Sep 2013","20 Mar 2014",2024-06-07
Karnataka,"Bengaluru Urban",Anekal,Byagadadevanahalli,Avadedenahalli,Avadedenahalli,0000373343,0005628495,5593863,"Deep Tubewell","Ground Water","Village limit","Drinking Water Facility to Anganawadi",2013-2014,1.00000,0.99852,"22 Sep 2013","20 Jan 2014",2024-06-07
Karnataka,"Bengaluru Urban",Anekal,Indlawadi,Choodahalli,Choodahalli,0000373326,0005628567,5593935,"Deep Tubewell","Ground Water","Village limit","Drinking Water Facility to Anganawadi",2013-2014,1.00000,0.99881,"15 Sep 2013","20 Mar 2014",2024-06-07
Karnataka,"Bengaluru Urban",Anekal,Haragadde,"Nosenur Gollahalli","Nosenur Gollahalli",0000373353,0005629897,5595344,"Deep Tubewell","Ground Water","Village limit","Drinking Water Facility to Anganawadi",2013-2014,1.00000,0.98106,"22 Sep 2013","01 Mar 2014",2024-06-07
Karnataka,"Bengaluru Urban",Anekal,Indlawadi,Bangladoddi,Bangaladoddi,0000373329,0005691480,5671112,"Deep Tubewell","Ground Water","Village limit","Drinking Water Facility to Anganawadi",2013-2014,1.00000,0.99881,"10 Sep 2013","20 Mar 2014",2024-06-07
Karnataka,"Bengaluru Urban",Anekal,Haragadde,Nayanahalli,Nayanahalli,0001622885,0005701958,6740010,"Deep Tubewell","Ground Water","Village limit","Drinking Water Facility to Anganawadi",2013-2014,1.00000,0.99852,"10 Sep 2013","18 Jan 2014",2024-06-07
Karnataka,"Bengaluru Urban",Anekal,Hennagara,Rajapura,Rajapura,0000373396,0005702304,6740520,"Deep Tubewell","Ground Water","Village limit","Drinking Water Facility to Anganawadi",2013-2014,1.00000,0.99881,"15 Sep 2013","03 Mar 2014",2024-06-07
Karnataka,"Bengaluru Urban",Anekal,Neralur,Itchangur,Vaddarapalya,0000373475,0005710082,250001374,"Deep Tubewell","Ground Water","Village limit","Drinking Water Facility to Anganawadi",2013-2014,1.00000,0.99853,"15 Sep 2013","01 Mar 2014",2024-06-07
Karnataka,"Bengaluru Urban",Anekal,Huskuru,Huskuru,Huskuru,0000373579,0005710525,250001441,"Deep Tubewell","Ground Water","Village limit","Drinking Water Facility to Anganawadi",2013-2014,1.00000,0.99881,"15 Sep 2013","03 Feb 2014",2024-06-07
Karnataka,"Bengaluru Urban",Anekal,Hulimangala,Koppa,Koppa,0000373383,0005710845,250001481,"Deep Tubewell","Ground Water","Village limit","Drinking Water Facility to Anganawadi",2013-2014,1.00000,0.95642,"15 Sep 2013","31 Jan 2014",2024-06-07
Karnataka,"Bengaluru Urban",Anekal,Mantapa,Kalkere,Kalkere,0000373417,0005712227,250001662,"Deep Tubewell","Ground Water","Village limit","Drinking Water Facility to Anganawadi",2013-2014,1.00000,0.98939,"10 Sep 2013","02 Dec 2013",2024-06-07
Karnataka,"Bengaluru Urban",Anekal,Mantapa,"Hale Sampigehalli","Hale Sampigehalli",0000373412,0005712258,250001665,"Deep Tubewell","Ground Water","Village limit","Drinking Water Facility to Anganawadi",2013-2014,1.00000,0.96487,"10 Sep 2013","02 Dec 2013",2024-06-07
Karnataka,"Bengaluru Urban",Anekal,Ragihalli,Sevanayakanadoddi,Sevanayakanadoddi,0000373464,0005712365,250001680,"Deep Tubewell","Ground Water","Village limit","Drinking Water Facility to Anganawadi",2013-2014,1.00000,0.99841,"10 Sep 2013","06 Oct 2014",2024-06-07
Karnataka,"Bengaluru Urban",Anekal,Indlawadi,Thimmasandra,Thimmasandra,0000373320,0006669932,250067831,"Deep Tubewell","Ground Water","Village limit","Drinking Water Facility to School",2014-2015,1.00000,0.98571,"20 Sep 2014","31 Mar 2015",2024-06-07
Karnataka,"Bengaluru Urban",Anekal,Vannakanahalli,Choodenahalli,Choodenahalli,0000373298,0006670165,250067982,"Deep Tubewell","Ground Water","Colony limit","SCP Individual House Connections",2014-2015,4.40000,4.26500,"20 Sep 2014","18 Mar 2016",2024-06-07
Karnataka,"Bengaluru Urban",Anekal,Yamare,Sompura,Sompura,0000373545,0006670167,250067984,"Deep Tubewell","Ground Water","Colony limit","SCP Individual House Connections",2014-2015,5.20000,4.97596,"25 Sep 2014","18 Mar 2016",2024-06-07
Karnataka,"Bengaluru Urban",Anekal,Haragadde,Lingapura,Lingapura,0000373348,0006670183,250067995,"Deep Tubewell","Ground Water","Colony limit","G Individual House Connections",2014-2015,4.05000,0.00000,"20 Sep 2014","25 Mar 2016",2024-06-07
Karnataka,"Bengaluru Urban",Anekal,Neralur,Balagaranahalli,Balagaranahalli,0000373476,0006685947,250073481,"Deep Tubewell","Ground Water","Village limit","Drilling of Borewell",2014-2015,2.43000,2.42297,"19 Jul 2014","05 Aug 2014",2024-06-07
Karnataka,"Bengaluru Urban",Anekal,Byagadadevanahalli,Yellammanapalya,Yellamanapalya,0000373342,0006685949,250073482,"Deep Tubewell","Ground Water","Viillage limit","Drilling of Borewell",2014-2015,2.21000,2.20587,"19 Jul 2014","05 Aug 2014",2024-06-07
Karnataka,"Bengaluru Urban",Anekal,Bidaraguppe,Bidaraguppe,Bidaraguppe,0000373499,0006686001,250073500,"Deep Tubewell","Ground Water","Village limit","Drilling of Borewell",2014-2015,2.04000,2.03667,"19 Jul 2014","06 Aug 2014",2024-06-07
Karnataka,"Bengaluru Urban",Anekal,Kallabalu,"Muthurayaswamy Doddi","Muthurayaswamy Doddi",0001622893,0006686067,250073523,"Deep Tubewell","Ground Water","Village limit","Drilling of Borewell",2014-2015,1.02000,1.01652,"19 Jul 2014","07 Aug 2014",2024-06-07
Karnataka,"Bengaluru Urban",Anekal,Hulimangala,Podu,Podu,0000373390,0006686080,250073529,"Deep Tubewell","Ground Water","Village limit BW1","Drilling of Borewell",2014-2015,1.85000,1.84714,"19 Jul 2014","05 Aug 2014",2024-06-07
Karnataka,"Bengaluru Urban",Anekal,Hulimangala,Hulimangala,Hulimangala,0000373388,0006686091,250073536,"Deep Tubewell","Ground Water","Village limit","Drilling of Borewell",2014-2015,1.71000,1.70585,"19 Jul 2014","11 Aug 2014",2024-06-07
Karnataka,"Bengaluru Urban",Anekal,Mantapa,Kalkere,Kalkere,0000373417,0006686107,250073548,"Deep Tubewell","Ground Water","Village limit","Redrilling of BW",2014-2015,0.79000,0.78985,"19 Jul 2014","22 Oct 2014",2024-06-07
Karnataka,"Bengaluru Urban",Anekal,Bannerghatta,Bannerughatta,Bannerghatta,0000373430,0006849630,250075979,"Deep Tubewell","Ground Water","Near Market area","TFC 20.10.2014 Drilling of Borewell at Banneraghatta Habitation",2014-2015,2.00000,1.95196,"10 Dec 2014","14 Jan 2015",2024-06-07
Karnataka,"Bengaluru Urban",Anekal,Bannerghatta,Kariyappanahalli,Kariyappanahalli,0000373432,0006849636,250075984,"Deep Tubewell","Ground Water","Near field road","TFC 20.10.2014 Drilling of Borewell at Kariyappanahalli Habitation",2014-2015,1.95000,1.92484,"10 Dec 2014","14 Jan 2015",2024-06-07
Karnataka,"Bengaluru Urban",Anekal,Kallabalu,Kallabalu,Kallabalu,0000373363,0006849670,250076018,"Deep Tubewell","Ground Water","Near road","TFC 20.10.2014 Drilling of Borewell in Kallabalu habitation.",2014-2015,1.70000,1.49462,"10 Dec 2014","26 Mar 2015",2024-06-07
Karnataka,"Bengaluru Urban",Anekal,Indlawadi,Mysoorammanadoddi,Mysooramanadoddi,0000373331,0006137939,250021644,"Deep Tubewell","Ground Water",NA,"Providing shelter to pure drinking water plant at Mysooranabadoddi habitation",2013-2014,5.33000,0.00000,"08 Nov 2013","15 Mar 2014",2024-06-07
Karnataka,"Bengaluru Urban",Anekal,Ballur,Arehalli,Arehalli,0000373483,0006367306,250001310,"Deep Tubewell","Ground Water","Village limit","Revival of MWS Scheme",2013-2014,6.00000,5.99910,"20 Mar 2014","01 Mar 2015",2024-06-07
Karnataka,"Bengaluru Urban",Anekal,Bannerghatta,Shyanubhoganahalli,Shanubhoganahalli,0000373437,0006367396,4818242,"Deep Tubewell","Ground Water","Village limit","G Revival of MWS Scheme",2013-2014,6.00000,5.66319,"21 Mar 2014","31 Dec 2015",2024-06-07
Karnataka,"Bengaluru Urban",Anekal,Byagadadevanahalli,Byagadadenahalli,Byagadadenahalli,0000373346,0006367828,250034273,"Deep Tubewell","Ground Water","Village limit","Revival of PWS Scheme",2013-2014,8.00000,5.87873,"22 Mar 2014","02 Jan 2015",2024-06-07
Karnataka,"Bengaluru Urban",Anekal,Byagadadevanahalli,Kempavaderahalli,Kempavaderahalli,0000373336,0006367866,250034280,"Deep Tubewell","Ground Water","Colony limit","Revival of MWS Scheme",2013-2014,6.00000,5.95978,"22 Mar 2014","01 Mar 2015",2024-06-07
Karnataka,"Bengaluru Urban",Anekal,Byagadadevanahalli,Thatnahalli,Thatnahalli,0000373344,0006367880,250034283,"Deep Tubewell","Ground Water","Village limit","Revival of MWS Scheme",2013-2014,6.00000,5.97761,"22 Mar 2014","01 Mar 2015",2024-06-07
Karnataka,"Bengaluru Urban",Anekal,Huskuru,Chookasandra,Chookasandra,0000373576,0006368962,250034376,"Deep Tubewell","Ground Water","Village limit","SCP Revival of MWS Scheme",2013-2014,6.00000,4.40329,"25 Apr 2014","30 Mar 2015",2024-06-07
Karnataka,"Bengaluru Urban",Anekal,Indlawadi,Kadajakanahalli,Kadajakanahalli,0000373334,0006372236,250034422,"Deep Tubewell","Ground Water","Colony limit","G Revival of MWS Scheme",2013-2014,6.00000,5.94458,"22 Apr 2014","31 Dec 2015",2024-06-07
Karnataka,"Bengaluru Urban",Anekal,Indlawadi,Tammanayakanahalli,Arehalli,0000373325,0006372248,250065118,"Deep Tubewell","Ground Water","Colony Limit","SCP Revival of MWS Scheme",2013-2014,6.00000,8.44520,"22 Apr 2014","31 Dec 2015",2024-06-07
Karnataka,"Bengaluru Urban",Anekal,Neriga,Gonigattapura,"Nagena Agrahara",0000373569,0006373371,250034478,"Deep Tubewell","Ground Water","Village limit","Revival of MWS Scheme",2013-2014,6.00000,2.23286,"25 Apr 2014","31 Oct 2014",2024-06-07
Karnataka,"Bengaluru Urban",Anekal,Ragihalli,Sollepuradoddi,Sollepuradoddi,0000373453,0006373442,250034492,"Deep Tubewell","Ground Water","Village limit","G Revival of MWS Scheme",2013-2014,6.00000,4.83088,"25 Apr 2014","31 Dec 2015",2024-06-07
Karnataka,"Bengaluru Urban",Anekal,Vannakanahalli,Choodenahalli,"Patnagere Gollhalli",0000373302,0006373475,250034499,"Deep Tubewell","Ground Water","Village limit","Revival of MWS Scheme",2013-2014,6.00000,6.00000,"28 Apr 2014","31 Mar 2015",2024-06-07
Karnataka,"Bengaluru Urban",Anekal,Yamare,Yamare,Yamare,0000373549,0006665439,250064451,"Deep Tubewell","Ground Water","Village limit","G Revival of PWS Scheme",2014-2015,25.00000,20.40177,"10 Oct 2014","18 Mar 2016",2024-06-07
Karnataka,"Bengaluru Urban",Anekal,Vannakanahalli,Choodenahalli,Choodenahalli,0000373298,0006669692,250067702,"Deep Tubewell","Ground Water","Village limit","SCP Providing  Installing Commissioning of Pure Drinking Water Plant 500lph Capacity and O and M for 7 years",2014-2015,12.00000,10.33000,"29 Jan 2014","31 Jan 2019",2024-06-07
Karnataka,"Bengaluru Urban",Anekal,Hulimangala,Shikaripalya,Shikaripalya,0000373393,0006849682,250076030,"Deep Tubewell","Ground Water","Near nala","TFC 20.10.2014 Drilling of Borewell-3 in Shikaripalya habitation",2014-2015,1.20000,1.19574,"10 Dec 2014","19 Feb 2015",2024-06-07
Karnataka,"Bengaluru Urban",Anekal,Haragadde,Haragadde,Haragadde,0001622881,0006849691,250076039,"Deep Tubewell","Ground Water","Near main road","TFC 20.10.2014 Drilling of Borewell in Haragadde habitation",2014-2015,1.60000,1.29646,"10 Dec 2014","26 Mar 2015",2024-06-07
Karnataka,"Bengaluru Urban",Anekal,Haragadde,"Nosenur Gollahalli","Nosenur Gollahalli",0000373353,0006849703,250076051,"Deep Tubewell","Ground Water","Near field road","TFC 20.10.2014 Drilling of Borewell in NOSENUR GOLLAHALLI  habitation",2014-2015,1.70000,1.69889,"10 Dec 2014","30 Mar 2015",2024-06-07
Karnataka,"Bengaluru Urban",Anekal,Shantipura,Rayasandra,Rayasandra,0000373589,0006849942,250076176,"Deep Tubewell","Ground Water","1)Near Burrial Ground,2)R.V.C.Lay out","SDP TFC 20.10.2014 Drilling of Borewell in Rayasandra habitation.",2014-2015,5.00000,2.05816,"10 Dec 2014","18 Mar 2015",2024-06-07
Karnataka,"Bengaluru Urban",Anekal,Neralur,Yadavanahalli,Yadavanahalli,0000373477,0006850023,250076208,"Deep Tubewell","Ground Water","Nearer to  Village Limit","TFC 20.10.2014 Drilling of Borewell in Yadavanahalli habitation",2014-2015,2.05000,1.47124,"10 Dec 2014","20 Jan 2015",2024-06-07
Karnataka,"Bengaluru Urban",Anekal,Neriga,Neriga,Neriga,0000373564,0006850124,250076242,"Deep Tubewell","Ground Water",NA,"TFC 20.10.2014 Drilling of Borewell-2 Thippasandra in Neriga habitation",2014-2015,4.00000,3.87870,"10 Dec 2014","16 Feb 2015",2024-06-07
Karnataka,"Bengaluru Urban",Anekal,Mayasandra,Bakthipura,Bakthipura,0000373489,0006850144,250076250,"Deep Tubewell","Ground Water",NA,"SDP TFC 20.10.2014 Drilling of Borewell  with laying of pipe line for revival of MWS in Bakthipura Habitation",2014-2015,5.00000,4.55165,"10 Dec 2014","31 Dec 2015",2024-06-07
Karnataka,"Bengaluru Urban",Anekal,Handenahalli,Bilchikkanahalli,Bilchikkanahalli,0000373535,0006850161,250076259,"Deep Tubewell","Ground Water",NA,"SCP TFC 20.10.2014 Drilling of Borewell chikkanahalli in Bilchikkanahalli habitation",2014-2015,1.50000,1.49709,"10 Dec 2014","01 Sep 2015",2024-06-07
Karnataka,"Bengaluru Urban",Anekal,Neralur,Balagaranahalli,Balagaranahalli,0000373476,0006940836,250080105,"Deep Tubewell","Ground Water","Near Golden Gate","SDP TFC130315 Drilling of Borewell at Balagaranahalli Habitation in Neraluru G.P. Anekal Taluk.",2014-2015,1.95000,1.94904,"20 Apr 2015","01 Sep 2015",2024-06-07
Karnataka,"Bengaluru Urban",Anekal,Vannakanahalli,Vannakanahalli,Vannakanahalli,0000373305,0006941519,250080133,"Deep Tubewell","Ground Water","Redrillinf of Borewell-2 near Rajanna House","G TFC130315 ReDrilling of Borewell 2 at Vanakanahalli Habitation in Vanakanahalli G.P. Anekal Taluk.",2014-2015,1.36000,1.22551,"20 Apr 2015","31 Dec 2015",2024-06-07
Karnataka,"Bengaluru Urban",Anekal,Mantapa,Kalkere,Kalkere,0000373417,0006942876,250080153,"Deep Tubewell","Ground Water","Near by Stone crusher","SDP TFC130315 Drilling of Borewell at Kalkere Sanjivnagara Habitation, Mantapa GP, Anekal Taluk.",2014-2015,2.15000,2.14898,"20 Apr 2015","01 Sep 2015",2024-06-07
Karnataka,"Bengaluru Urban",Anekal,Bannerghatta,Sampigehalli,Sampigehalli,0000373433,0006942900,250080157,"Deep Tubewell","Ground Water","Near to Ishwarya Layout","SDP TFC130315 Drilling of Borewell at Sampigehalli Habitation, Banneraghatta GP, Anekal Taluk",2014-2015,2.00000,1.99310,"20 Apr 2015","01 Sep 2015",2024-06-07
Karnataka,"Bengaluru Urban",Anekal,Haragadde,Vaddarapalya,Vaddarapalya,0001622882,0006942973,250080161,"Deep Tubewell","Ground Water","Near Devasandra Burial ground","SDP TFC130315 Drilling of Borewell at Vaddarapalya Habitation, Haragadde GP, Anekal Taluk",2014-2015,2.20000,2.19742,"20 Apr 2015","01 Sep 2015",2024-06-07
Karnataka,"Bengaluru Urban",Anekal,Mantapa,Sakalavara,Sakalavara,0000373419,0006999231,250083687,"Deep Tubewell","Ground Water","Near Main Road","SCP TFC050515 Drilling of Borewell with Electrification at Sakalavara Habitation, Mantapa G.P",2015-2016,2.48000,2.27746,"21 Jul 2015","31 Mar 2016",2024-06-07
Karnataka,"Bengaluru Urban",Anekal,Mantapa,Kalkere,Kalkere,0000373417,0006999461,250083708,"Deep Tubewell","Ground Water","Near Main Road","G TFC050515 Drilling of Borewell 1 at Kalkere Habitation, Mantapa G.P",2015-2016,2.00000,1.98632,"21 Jul 2015","31 Mar 2016",2024-06-07
Karnataka,"Bengaluru Urban",Anekal,Yamare,"B. Hosahalli","B. Hosahalli",0000373547,0007000098,250083772,"Deep Tubewell","Ground Water","Near Main Road","SCP TFC050515 Drilling of Borewell at B. Hosahalli Habitation, Yamare G.P",2015-2016,0.95000,0.94453,"21 Jul 2015","31 Dec 2015",2024-06-07
Karnataka,"Bengaluru Urban",Anekal,Neriga,Chikkadasarahalli,Chikkadasarahalli,0000373563,0007000117,250083777,"Deep Tubewell","Ground Water","Near Hand Pump","G TFC050515 Drilling of Borewell at Chikkadasarahalli Habitation, Neriga G.P",2015-2016,1.83000,1.82520,"21 Jul 2015","31 Dec 2015",2024-06-07
Karnataka,"Bengaluru Urban",Anekal,Ballur,Dasanapura,Dasanapura,0001622876,0007001278,250084296,"Deep Tubewell","Ground Water","Near Village","G TFC050515 Re Drilling of Borewell at Dasanapura Habitation, Ballur  G.P",2015-2016,1.00000,0.98521,"21 Jul 2015","29 Oct 2015",2024-06-07
Karnataka,"Bengaluru Urban",Anekal,Mayasandra,Manchanahalli,Manchanahalli,0000373488,0007001344,250084300,"Deep Tubewell","Ground Water","Near Temple Village limit","SCP TFC050515 Drilling of Borewell with Electrification at Manchanahalli Habitation, Mayasandra G.P",2015-2016,2.11000,2.11000,"21 Jul 2015","30 Oct 2015",2024-06-07
Karnataka,"Bengaluru Urban",Anekal,Mayasandra,Mutsandra,Mutsandra,0000373493,0007143208,250090082,"Deep Tubewell","Ground Water","near road","SCP Drilling of BW,Errection of Pumpset with Pipe line and Energisation",2015-2016,10.00000,0.00000,"25 Oct 2015","31 Mar 2016",2024-06-07
Karnataka,"Bengaluru Urban",Anekal,Huskuru,Avalahalli,Avalahalli,0000373582,0007145498,250034373,"Deep Tubewell","Ground Water","Village limit","SCP Drilling of BW and Energisation",2015-2016,3.50000,0.00000,"25 Oct 2015","31 Mar 2016",2024-06-07
Karnataka,"Bengaluru Urban",Anekal,Bannerghatta,Kenchagaiahnadoddi,"Kenchagaina Doddi",0000373439,0007145542,250090054,"Deep Tubewell","Ground Water","village limit","G Revival of MWS Scheme",2015-2016,10.00000,0.00000,"25 Oct 2015","31 Mar 2016",2024-06-07
Karnataka,"Bengaluru Urban",Anekal,Vannakanahalli,"Kempudommasandra (b)",Kempadommasandra,0000373304,0007145845,250090166,"Deep Tubewell","Ground Water","village limit","G Revival of MWS Scheme",2015-2016,8.00000,0.00000,"25 Oct 2015","31 Mar 2016",2024-06-07
Karnataka,"Bengaluru Urban",Anekal,Haragadde,Lingapura,"Lingapura Jhc",0001622884,0007151358,4826819,"Deep Tubewell","Ground Water","Colony limit","ST COLONY  Drilling of BW and Energisation",2015-2016,5.00000,0.00000,"25 Oct 2015","31 Mar 2016",2024-06-07
Karnataka,"Bengaluru Urban",Anekal,Huskuru,Kaggalipura,Kaggalipura,0000373574,0007154603,250093092,"Deep Tubewell","Ground Water","Village Limit","ST COLONY Drilling of BW Errection of Pumpset with Pipe line and Energisation",2015-2016,8.00000,0.00000,"25 Oct 2015","31 Mar 2016",2024-06-07
Karnataka,"Bengaluru Urban",Anekal,Vannakanahalli,Sunavara,Sunavara,0000373299,0007154696,250093114,"Deep Tubewell","Ground Water","Village limit","ST COLONY Revival of PWS Scheme",2015-2016,8.00000,0.00000,"25 Oct 2015","31 Mar 2016",2024-06-07
Karnataka,"Bengaluru Urban",Anekal,Bidaraguppe,Arenur,Arenur,0000373498,0007208700,250098156,"Deep Tubewell","Ground Water",village,"SDP Drilling of BW,Errection of Pumpset with Pipe line and Energisation",2015-2016,6.00000,0.00000,"25 Oct 2015","31 Mar 2016",2024-06-07
Karnataka,"Bengaluru Urban",Anekal,Huskuru,"Chinnthala Madiwala","Chinnthala Madiwala",0000373578,0007406430,250120602,"Deep Tubewell","Ground Water","Village Limits","TFC190316 Drilling of Borewell at Chinthalamadiwala Habitation,Huskuru GP, Anekal Taluk",2016-2017,2.30000,2.30000,"12 Apr 2016","28 Feb 2018",2024-06-07
Karnataka,"Bengaluru Urban",Anekal,Huskuru,Kaggalipura,Kaggalipura,0000373574,0007406431,250120604,"Deep Tubewell","Ground Water","Village limit","TFC190316 Drilling of Borewell at Kaggalipura Habitation in Huskuru GP, Anekal Taluk",2016-2017,2.30000,2.29000,"12 Apr 2016","28 Feb 2018",2024-06-07
Karnataka,"Bengaluru Urban",Anekal,Mayasandra,Mayasandra,Mayasandra,0000373490,0007406647,250120825,"Deep Tubewell","Ground Water","village limit","TFC190316 Drilling of Borewell at Mayasandra Habitation, Mayasandra GP, Anekal Taluk",2016-2017,2.40000,2.31839,"12 Apr 2016","28 Feb 2018",2024-06-07
Karnataka,"Bengaluru Urban",Anekal,Byagadadevanahalli,Chikkahagde,Chikkahagde,0000373337,0007406676,250120856,"Deep Tubewell","Ground Water","village limit","TFC190316 Drilling of Borewell at Chikkahagade Habitation, Byagadadevanahalli GP, Anekal Taluk",2016-2017,2.30000,0.00000,"12 Apr 2016","03 May 2023",2024-06-07
Karnataka,"Bengaluru Urban",Anekal,Hennagara,Yarandahalli,Yarandahalli,0000373399,0007406964,250121084,"Deep Tubewell","Ground Water","village limit","TFC190316 Drilling of Borewell at Yarnadahalli Habitation, Hennagara GP, Anekal  Taluk",2016-2017,2.16000,2.14000,"12 Apr 2016","28 Feb 2018",2024-06-07
Karnataka,"Bengaluru Urban",Anekal,Haragadde,"Mada Pattana",Madapatna,0001622883,0007407064,250121152,"Deep Tubewell","Ground Water","village limit","TFC190316 Drilling of Borewell at Madapatna Habitation, Hennagara GP, Anekal Taluk",2016-2017,2.90000,0.00000,"12 Apr 2016","03 May 2023",2024-06-07
Karnataka,"Bengaluru Urban",Anekal,Haragadde,"Mada Pattana",Madapatna,0001622883,0007407071,250121158,"Deep Tubewell","Ground Water","village limit","TFC190316 Drilling of Borewell and Erection of Pumpset at Madaptna Habitation  Haragadde  GP,Anekal Taluk",2015-2016,2.90000,0.00000,"12 Apr 2016","03 May 2023",2024-06-07
Karnataka,"Bengaluru Urban",Anekal,Mantapa,Kalkere,Kalkere,0000373417,0006134180,250020933,"Deep Tubewell","Ground Water","Village limit","Drilling of Borewell",2013-2014,1.46000,1.45980,"30 Jun 2013","03 Mar 2014",2024-06-07
Karnataka,"Bengaluru Urban",Anekal,Billapura,Billapura,Billapura,0000373532,0006135668,250021139,"Deep Tubewell","Ground Water","Village limit","Drilling of Borewell",2013-2014,2.57000,2.56970,"21 Jul 2013","01 Mar 2014",2024-06-07
Karnataka,"Bengaluru Urban",Anekal,Indlawadi,Indlawadi,Indlawadi,0000373330,0006669556,250067611,"Deep Tubewell","Ground Water","Village limit","G Improvements to Water Supply Scheme",2014-2015,20.00000,20.71875,"20 Oct 2014","31 Mar 2018",2024-06-07
Karnataka,"Bengaluru Urban",Anekal,Handenahalli,"S. Medihalli","S. Medihalli",0000373539,0006669842,250067801,"Deep Tubewell","Ground Water","Village limit","G Drilling of BW,Errection of Pumpset with Pipe line and Energisation",2014-2015,9.00000,7.65542,"25 Sep 2014","31 Dec 2015",2024-06-07
Karnataka,"Bengaluru Urban",Anekal,Vannakanahalli,Sunavara,Sunavara,0000373299,0007534732,250149573,"Deep Tubewell","Ground Water","Tank Bed","SDP Revival Of PWS Scheme at Sunavara habitation in Vanakanahalli GP.",2016-2017,5.50000,5.30175,"01 Sep 2016","31 Mar 2018",2024-06-07
Karnataka,"Bengaluru Urban",Anekal,Samandur,Marnayakanahalli,Marnayakanahalli,0000373274,0007535355,250150119,"Deep Tubewell","Ground Water","Village Limit","SCP Revival Of PWS Scheme and House Hold Connection HH 45 at Maranayakanahalli in Samanduru G P in Anekal Taluk",2016-2017,6.00000,6.15448,"01 Sep 2016","31 Mar 2018",2024-06-07
Karnataka,"Bengaluru Urban",Anekal,Indlawadi,Indlawadipura,Indlawadipura,0000373327,0007535847,250150452,"Deep Tubewell","Ground Water","Near Nagaiahna doddi Main road","TSP Revival Of PWS Scheme and House Hold Connection HH 15 at Indlavadipura habitation in Indlawadi GP.",2016-2017,8.00000,6.06207,"01 Sep 2016","31 Dec 2018",2024-06-07
Karnataka,"Bengaluru Urban",Anekal,Indlawadi,Karakalaghatta,Karikalgatta,0000373318,0007537118,250151779,"Deep Tubewell","Ground Water","Main road","G Revival Of PWS Scheme  Drilling of Borewell in Karakalaghatta Village in Indlawadi G P in Anekal Taluk",2016-2017,6.00000,4.84691,"01 Sep 2016","31 Mar 2018",2024-06-07
Karnataka,"Bengaluru Urban",Anekal,Karpoor,Haldenahalli,Dinnuru,0000373276,0007538357,250152834,"Deep Tubewell","Ground Water","Village Limit","G Revival Of PWS Scheme  BW at Dinnuru Habitation in Karpuru G P in Anekal Taluk",2016-2017,2.50000,2.49163,"01 Sep 2016","31 Mar 2018",2024-06-07
Karnataka,"Bengaluru Urban",Anekal,Indlawadi,Kadajakanahalli,"Thimmaiahana Doddi",0000373335,0007539894,250154114,"Deep Tubewell","Ground Water","Revival of  Mini Water Supply Scheme at Thimmaiahanadoddi Village","SCP Revival of MWS Scheme and HH 40 at Thimmaiahnadoddi Habitation, Indlawadi G.P. Anekal Taluk",2016-2017,2.50000,2.49349,"01 Sep 2016","31 Mar 2018",2024-06-07
Karnataka,"Bengaluru Urban",Anekal,Marsoor,Madiwala,Madiwala,0000373311,0007573487,250170328,"Deep Tubewell","Ground Water","Village limit","TFC221116 Drilling of Borewell at M.Madiwala Habitation, Marasuru GP, Anekal Taluk",2016-2017,2.50000,2.49879,"15 Jan 2017","31 Mar 2018",2024-06-07
Karnataka,"Bengaluru Urban",Anekal,Marsoor,Shettihalli,Shettihalli,0000373314,0007574028,250170793,"Deep Tubewell","Ground Water","Tank bed","TFC221116 Drilling of Borewell and Erection of Pumpset at Shettihalli Habitation, Marasuru GP, Ane",2016-2017,5.00000,4.93956,"15 Jan 2017","31 Mar 2018",2024-06-07
Karnataka,"Bengaluru Urban",Anekal,Kallabalu,Harapanahalli,Harapanahalli,0000373368,0007637266,250185487,"Deep Tubewell","Ground Water",NA,"TFC220217 Drilling of borewell at Harappanahalli Habitation,Kallubalu GP,Anekal Taluk",2016-2017,2.40000,2.39638,"05 May 2017","31 Mar 2018",2024-06-07
Karnataka,"Bengaluru Urban",Anekal,Samandur,Gudnahalli,Gudnahalli,0000373267,0007641991,250186326,"Deep Tubewell","Ground Water","Village limit","TFC220217 Drilling of borewell At Gudnahalli  Habitation, Samanduru GP, Anekal Taluk.",2016-2017,2.50000,2.48504,"05 May 2017","31 Mar 2018",2024-06-07
Karnataka,"Bengaluru Urban",Anekal,Indlawadi,Thimmasandra,Thimmasandra,0000373320,0007641996,250186330,"Deep Tubewell","Ground Water","Village road","TFC220217 Drilling of Borewell at Thimmasandra Habitation, Indlawadi GP, Anekal Taluk.",2016-2017,2.50000,2.39974,"05 May 2017","31 Mar 2018",2024-06-07
Karnataka,"Bengaluru Urban",Anekal,Vannakanahalli,Menaseganahalli,Menaseganahalli,0000373303,0007642103,250186388,"Deep Tubewell","Ground Water","Village limit","TFC220217 Drilling of Borewell at Menaseganahalli Habitation, Vanakanahalli GP, Anekal Taluk,",2016-2017,2.50000,2.48563,"05 May 2017","31 Mar 2018",2024-06-07
Karnataka,"Bengaluru Urban",Anekal,Marsoor,Madiwala,Madiwala,0000373311,0007642112,250186389,"Deep Tubewell","Ground Water","Village limit","TFC220217 Drilling of borewell At Madiwala Habitation, Marasuru GP, Anekal Taluk",2016-2017,2.50000,2.48395,"05 May 2017","31 Mar 2018",2024-06-07
Karnataka,"Bengaluru Urban",Anekal,Surgajakanahalli,Surgajakanahalli,Surgajakanahalli,0000373297,0007647135,250187452,"Deep Tubewell","Ground Water","Village limit","TFCZP220217 Drilling of borewell at Surajakkanahalli  Habitation, Surajakkanahalli GP, Anekal Taluk.",2016-2017,1.76000,1.75826,"18 May 2017","31 Mar 2018",2024-06-07
Karnataka,"Bengaluru Urban",Anekal,Surgajakanahalli,Siddanapalya,Siddanapalya,0000373289,0007702075,250196238,"Deep Tubewell","Ground Water","Colony Limit","TFC170417 Drilling of Borewell  at Siddanapalya Habitation, Suragajakkanahalli GP, Anekal Taluk",2017-2018,2.50000,0.00000,"10 Jul 2017","03 May 2023",2024-06-07
Karnataka,"Bengaluru Urban",Anekal,Vannakanahalli,Singasandra,Singasandra,0000373300,0007702506,250196355,"Deep Tubewell","Ground Water","main road","TFC170417 Drilling of Borewell at Singasandra Habitation, Vanakanahalli GP, Anekal Taluk",2017-2018,2.50000,2.49505,"10 Jul 2017","31 Mar 2018",2024-06-07
Karnataka,"Bengaluru Urban",Anekal,Surgajakanahalli,Sidihoskote,Sidihoskote,0000373291,0007867714,250260051,"Deep Tubewell","Ground Water","Tank Bed","TFC 251018 Drilling of Borewell  at Sidi Hosakote Habitation, Surajakkanahalli  G.P, Anekal Taluk",2018-2019,2.50000,2.49812,"24 Jan 2019","31 Mar 2019",2024-06-07
Karnataka,"Bengaluru Urban",Anekal,Samandur,Hompalgatta,Hompalgatta,0000373265,0007868445,250260365,"Deep Tubewell","Ground Water","Proviidng  Piped Water Supply Scheme at Hompalaghatta  Village","TFC251018 Drilling of Borewell at Hompalaghatta Rajarajeshwari Layout, Samandur G.P, Anekal Taluk",2018-2019,2.50000,2.49750,"29 Jan 2019","31 Mar 2019",2024-06-07
Karnataka,"Bengaluru Urban",Anekal,Surgajakanahalli,Gowrenahalli,Gowrenahalli,0000373284,0007900633,250271568,"Deep Tubewell","Ground Water","village limit","One Time Settelment  Of Bescom Bills On Account Of Capital Cost in Anekal Taluk.",2018-2019,1.00000,0.00000,"05 Sep 2018","03 May 2023",2024-06-07
Karnataka,"Bengaluru Urban",Anekal,Indlawadi,Indlawadipura,Indlawadipura,0000373327,0007913777,250283999,"Deep Tubewell","Ground Water","Near Nagaiahna doddi Main road","SC and ST Revival of PWS Drilling of BW Errection of Pumpset with Pipeline at Indlavadipura Habitation, Indlavadipura Village, Indlavadi GP, Anekal Taluk",2019-2020,6.90000,6.23970,"01 Oct 2019","03 May 2023",2024-06-07
Karnataka,"Bengaluru Urban",Anekal,Karpoor,Karpoor,Karpoor,0000373278,0007913796,250284014,"Deep Tubewell","Ground Water","village limit","G Revival of PWS Drilling of BW,Errection of Pumpset with Pipeline at Karpoor  Habitaion, Karpoor  village, Karpoor GP, Anekal Taluk.",2019-2020,6.00000,5.65100,"01 Oct 2019","03 May 2023",2024-06-07
Karnataka,"Bengaluru Urban",Anekal,Samandur,Hompalgatta,Hompalgatta,0000373265,0007913848,250284055,"Deep Tubewell","Ground Water","village limit","G Revival of PWS Errection of Pumpset with Pipeline at Hampalgatta  Habitation, Hampalgatta  village, Samanduru GP, Anekal Taluk.",2019-2020,4.90000,4.88911,"01 Oct 2019","31 Jan 2020",2024-06-07
Karnataka,"Bengaluru Urban",Anekal,Shantipura,Rayasandra,Rayasandra,0000373589,0007952274,250080098,"Deep Tubewell","Ground Water","Near Sadashivareddy House","TFC 231019 Drilling of Borewell 1 at Rayasandra Habitation Shantipura GP Anekal Taluk",2019-2020,4.00000,3.98448,"29 Oct 2019","03 May 2023",2024-06-07
Karnataka,"Bengaluru Urban",Anekal,Marsoor,Marsoor,Marsoor,0000373309,0007952293,250150781,"Deep Tubewell","Ground Water","Tank Bed","TFC 231019 Drilling of Borewell  at Marasooru Habitation Marasooru GP Anekal Taluk",2019-2020,4.00000,3.99930,"29 Oct 2019","03 May 2023",2024-06-07
Karnataka,"Bengaluru Urban",Anekal,Indlawadi,Laxmipura,Laxmipura,0000373323,0007981310,250290014,"Deep Tubewell","Ground Water","village limit","WPP Providing Water Purification Plant at Lakshmipura Habitation  Indlavadi GP  Anekal Taluk",2019-2020,12.00000,0.00001,"18 Jan 2020","31 Mar 2020",2024-06-07
Karnataka,"Bengaluru Urban",Anekal,Bannerghatta,Kariyappanahalli,Kariyappanahalli,0000373432,0007999367,250075984,"Deep Tubewell","Ground Water","Near field road","10crore Revival of PWS scheme, Drilling of borewell at Kariyappanahalli village, Bannerughatta GP, Anekal Taluk",2020-2021,2.50000,2.23513,"16 Jun 2020","03 May 2023",2024-06-07
Karnataka,"Bengaluru Urban",Anekal,Haragadde,Nosenur,Nosenur,0000373352,0007999534,250290106,"Deep Tubewell","Ground Water","village limit","10crore Revival of PWS scheme, Errection of Pump Motor at Nosenur village, Haragadde GP, Anekal Taluk",2020-2021,5.00000,4.98734,"16 Jun 2020","03 May 2023",2024-06-07
Karnataka,"Bengaluru Urban",Anekal,Marsoor,Madiwala,Madiwala,0000373311,0008009248,250285390,"Deep Tubewell","Ground Water","village limit","10 Crore 22052020 Drilling of Borewell at Madiwala Habitation Marsoor Grama Panchayath Anekal Taluk",2020-2021,3.75000,3.38717,"16 Jun 2020","03 May 2023",2024-06-07
Karnataka,"Bengaluru Urban",Anekal,Huskuru,Avalahalli,Avalahalli,0000373582,0008009269,250147534,"Deep Tubewell","Ground Water","Vilklage limit","10 Crore 22052020  Drilling of Borewell at Avalahalli Habitation Huskuru Grama Panchayath Anekal Taluk",2020-2021,3.20000,2.89574,"16 Jun 2020","03 May 2023",2024-06-07
Karnataka,"Bengaluru Urban",Anekal,Marsoor,Madiwala,Madiwala,0000373311,0008027706,250285390,"Deep Tubewell","Ground Water","village limit","CAP1 Drilling of borewell at Madiwala village Marasuru GP Anekal taluk",2020-2021,3.10000,3.09896,"27 May 2020","31 Aug 2020",2024-06-07
Karnataka,"Bengaluru Urban",Anekal,Byagadadevanahalli,Soppahalli,Soppahalli,0000373340,0008027721,250153946,"Deep Tubewell","Ground Water","village limit","CAP1 Drilling of borewell at Doddahagade village Byagadadenahalli GP Anekal taluk",2020-2021,3.20000,3.19240,"27 May 2020","31 Aug 2020",2024-06-07
Karnataka,"Bengaluru Urban",Anekal,Bannerghatta,Gollahalli,Gollahalli,0000373434,0007407211,250121234,"Deep Tubewell","Ground Water","village limit","TFC190316 Drilling of Borewell at Gollahalli Habitation,Bannerughatta GP, Anekal Taluk",2015-2016,4.45000,0.00000,"12 Apr 2016","03 May 2023",2024-06-07
Karnataka,"Bengaluru Urban",Anekal,Hulimangala,Shikaripalya,Shikaripalya,0000373393,0007407215,250121238,"Deep Tubewell","Ground Water","village limit","TFC190316 Drilling of Borewell at Shikari palya Habitation,Hulimangala GP, Anekal Taluk",2016-2017,2.34000,2.34000,"12 Apr 2016","28 Feb 2018",2024-06-07
Karnataka,"Bengaluru Urban",Anekal,Mantapa,Chathekerepalya,Chathekerepalya,0000373423,0007407247,250121269,"Deep Tubewell","Ground Water","Village limit","TFC190316 Drilling of Borewell at C.K. Palya Habitation,Mantapa GP, Anekal Taluk",2016-2017,4.05000,4.05000,"12 Apr 2016","28 Feb 2018",2024-06-07
Karnataka,"Bengaluru Urban",Anekal,Kallabalu,"Sattarsab Dinne","Satharsab Dinne",0000373367,0007525737,250141505,"Deep Tubewell","Ground Water","Village limit","SCP Revival of PWS Scheme and House Hold Connection HH20 at Satharsabdinne Habitation,Kallaballu GP",2016-2017,6.00000,3.97901,"01 Sep 2016","31 Mar 2018",2024-06-07
Karnataka,"Bengaluru Urban",Anekal,Yamare,Sompura,Sompura,0000373545,0007526894,250142589,"Deep Tubewell","Ground Water","Village limit","SCP Revival Of PWS Scheme at Sompura Habitation In Yamare G P Anekal Taluk",2016-2017,10.00000,9.11582,"01 Sep 2016","31 Mar 2018",2024-06-07
Karnataka,"Bengaluru Urban",Anekal,Kallabalu,Vaderamanchenahalli,Vaderamanchenahalli,0000373362,0007529419,250144765,"Deep Tubewell","Ground Water","Village limit","TSP Revival of PWS Scheme at Vaderamanchanahalli Village, Kallubalu G.P. Anekal Taluk",2016-2017,8.00000,0.00000,"01 Sep 2016","03 May 2023",2024-06-07
Karnataka,"Bengaluru Urban",Anekal,Kallabalu,Vaderamanchenahalli,Vaderamanchenahalli,0000373362,0007529428,250144775,"Deep Tubewell","Ground Water","Village limit","TSP Revival of PWS Scheme at Vaderamanchanahalli Village, Kallubalu G.P. Anekal Taluk",2016-2017,8.00000,0.00000,"01 Sep 2016","03 May 2023",2024-06-07
Karnataka,"Bengaluru Urban",Anekal,Kallabalu,Harapanahalli,Harapanahalli,0000373368,0007530258,250145613,"Deep Tubewell","Ground Water","village Limit","TSP Revival of MWS Scheme at Harapanahalli Habitation Kallubalu G.P. Anekal Taluk",2016-2017,9.00000,0.00000,"01 Sep 2016","03 May 2023",2024-06-07
Karnataka,"Bengaluru Urban",Anekal,Neriga,Kathriguppe,Kathriguppe,0000373567,0007532568,250147711,"Deep Tubewell","Ground Water","Village Limits","SCP Revival Of PWS Scheme at Kattariguppe habitation, Neriga GP.",2016-2017,8.00000,8.89367,"01 Sep 2016","31 Mar 2018",2024-06-07
Karnataka,"Bengaluru Urban",Anekal,Neriga,Neriga,Neriga,0000373564,0007532580,250147723,"Deep Tubewell","Ground Water","Village limit","SCP Revival Of PWS Scheme  and House Hold Connection HH 92 at Neriga habitation, Neriga GP.",2016-2017,8.00000,4.72548,"01 Sep 2016","31 Dec 2018",2024-06-07
Karnataka,"Bengaluru Urban",Anekal,Marsoor,Shettihalli,Shettihalli,0000373314,0007532605,250147748,"Deep Tubewell","Ground Water","village limit","SCP Revival  of PWS scheme (Drilling of borewell) at Shettihalli Habitation Marasuru GP Anekal Taluk",2016-2017,2.50000,2.49200,"01 Sep 2016","31 Mar 2018",2024-06-07
Karnataka,"Bengaluru Urban",Anekal,Mugalur,Banahalli,Banahalli,0000373528,0007532629,250147774,"Deep Tubewell","Ground Water","village limit","SCP Revival Of PWS Scheme and House Hold Connection HH 25 at Banahalli habitation, Mugaluru GP.",2016-2017,2.00000,1.99850,"01 Sep 2016","31 Mar 2018",2024-06-07
Karnataka,"Bengaluru Urban",Anekal,Hennagara,"Hennagara Amanikere","Hennagara Amanikere",0000373395,0007532656,250147804,"Deep Tubewell","Ground Water","Village limit","G Revival of MWS Scheme at Hennagara Amanikere Habitation, Hennagara G.P, Anekal Taluk",2016-2017,10.00000,8.31842,"01 Sep 2016","03 May 2023",2024-06-07
Karnataka,"Bengaluru Urban",Anekal,Kallabalu,Balarabande,Balarabande,0000373381,0007532702,250147851,"Deep Tubewell","Ground Water","Colony Limit","G Revival of MWS Scheme at Balarabande Habitation, kallaballu G.P, Anekal Taluk",2016-2017,7.00000,5.63178,"01 Sep 2016","31 Mar 2018",2024-06-07
Karnataka,"Bengaluru Urban",Anekal,Vannakanahalli,Vannakanahalli,Vannakanahalli,0000373305,0007532732,250147881,"Deep Tubewell","Ground Water","M.I. Tank Bed","G Revival Of PWS Scheme at Vanakanahalli habitation in VanakanahalliGP.",2016-2017,8.00000,8.23415,"01 Sep 2016","31 Mar 2018",2024-06-07
Karnataka,"Bengaluru Urban",Anekal,Hennagara,Yarandahalli,Yarandahalli,0000373399,0007532743,250147894,"Deep Tubewell","Ground Water","Village limit","G Revival of MWS Scheme at Yarandahalli Habitation,Hennagara G.P, Anekal Taluk",2016-2017,10.00000,9.58949,"01 Sep 2016","31 Dec 2018",2024-06-07
Karnataka,"Bengaluru Urban",Anekal,Vannakanahalli,Choodenahalli,Kalyanakanahalli,0000373306,0007532744,250147895,"Deep Tubewell","Ground Water","Revival of  Mini Water Supply Scheme at Kalanayakanahalli Village","G Revival Of PWS Scheme at Kalanayakanahalli habitation in Vanakanahalli GP.",2016-2017,6.00000,4.98125,"01 Sep 2016","31 Mar 2018",2024-06-07
Karnataka,"Bengaluru Urban",Anekal,Haragadde,Seethanayakanahalli,Seethanayakanahalli,0000373350,0007533600,250148777,"Deep Tubewell","Ground Water","Village limit","G Revival Of MWS Scheme at Seethanayakahalli habitation,Haragadde GP, Anekal Taluk",2016-2017,8.00000,7.45171,"01 Sep 2016","31 Dec 2018",2024-06-07
Karnataka,"Bengaluru Urban",Anekal,Karpoor,Bestamanahalli,Bestamanahalli,0000373279,0007533646,250148813,"Deep Tubewell","Ground Water","Village Limits","G Revival Of PWS Scheme at Besthamanahalli habitation in Karpuru GP.",2016-2017,8.00000,6.84590,"01 Sep 2016","31 Mar 2018",2024-06-07
Karnataka,"Bengaluru Urban",Anekal,Indlawadi,Tammanayakanahalli,Muthuru,0000373324,0007739638,250205336,"Deep Tubewell","Ground Water","village limit","WPP66 SCP (3000 Series) Muttur Habitation, Indlawadi G.P, Anekal Taluk, Bangalore Urban District",2017-2018,12.00000,0.00000,"25 Nov 2017","03 May 2023",2024-06-07
Karnataka,"Bengaluru Urban",Anekal,Indlawadi,Choodahalli,Choodahalli,0000373326,0007739662,250205333,"Deep Tubewell","Ground Water","village limit","WPP72 SCP (3000 Series)  Choodenahalli Habitation, Indlawadi G.P, Anekal Taluk, Bangalore Urban District",2017-2018,12.00000,9.62218,"25 Nov 2017","31 Jan 2019",2024-06-07
Karnataka,"Bengaluru Urban",Anekal,Indlawadi,Tammanayakanahalli,Arehalli,0000373325,0007739664,250205335,"Deep Tubewell","Ground Water","village limit","WPP68 SCP (3000 Series) Arehalli Habitation, Indlawadi G.P, Anekal Taluk, Bangalore Urban District",2017-2018,12.00000,9.62645,"25 Nov 2017","31 Jan 2019",2024-06-07
Karnataka,"Bengaluru Urban",Anekal,Samandur,Gudnahalli,Gudnahalli,0000373267,0007739868,250205412,"Deep Tubewell","Ground Water","village limit","WPP42 SCP (3000 Series) Gudnahalli Habitation, Samanduru G.P, Anekal Taluk, Bangalore Urban District",2017-2018,12.00000,9.60300,"25 Nov 2017","31 Jan 2019",2024-06-07
Karnataka,"Bengaluru Urban",Anekal,Samandur,"Chennana Agrahara","Chennana Agrahara",0000373268,0007753883,250208229,"Deep Tubewell","Ground Water","Village limit","TFC 140317/170417 Drilling of Borewell at Channena Agrahara  village Samanduru  G.P",2017-2018,2.50000,2.47705,"31 May 2017","31 Jan 2019",2024-06-07
Karnataka,"Bengaluru Urban",Anekal,Kallabalu,Harapanahalli,Harapanahalli,0000373368,0007852933,250246757,"Deep Tubewell","Ground Water",NA,"TFC NAC 2018 G Drilling of Borewell(1 No) for Revival of Water Supply Scheme Harappanahalli 2 Habitation Kalaballu  GP Anekal Taluk",2018-2019,2.60000,2.59415,"12 Oct 2018","31 Mar 2019",2024-06-07
Karnataka,"Bengaluru Urban",Anekal,Kallabalu,Harapanahalli,Harapanahalli,0000373368,0007852935,250246758,"Deep Tubewell","Ground Water",NA,"TFC NAC 2018 G Drilling of Borewell(1 No) for Revival of Water Supply Scheme Harappanahalli 3 Habitation Kalaballu  GP Anekal Taluk",2018-2019,2.60000,2.49927,"12 Oct 2018","31 Mar 2019",2024-06-07
Karnataka,"Bengaluru Urban",Anekal,Indlawadi,Kadajakanahalli,Kadajakanahalli,0000373334,0007853774,250247386,"Deep Tubewell","Ground Water","village limit","TFC NAC 2018 G Drilling of Borewells 1 No  for Revival of Water Supply Scheme in Kadajakkanahalli habitation Indlawadi GP Anekal Taluk",2018-2019,2.86000,2.85606,"05 Sep 2018","31 Mar 2019",2024-06-07
Karnataka,"Bengaluru Urban",Anekal,Indlawadi,Thimmasandra,Thimmasandra,0000373320,0007854009,250247584,"Deep Tubewell","Ground Water","village limit","TFC NAC 2018 G Drilling of Borewell 1 No  for Revival of Water Supply Scheme in Thimmasandra habitation Indlawadi GP Anekal Taluk",2018-2019,2.53000,2.29975,"05 Sep 2018","31 Mar 2019",2024-06-07
Karnataka,"Bengaluru Urban",Anekal,Marsoor,Naganaikanahalli,Naganayakanahalli,0000373310,0007854023,250247595,"Deep Tubewell","Ground Water","village limit","TFC NAC 2018 SCP Drilling of Borewells 1 No  for Revival of Water Supply Scheme in Naganayakanahalli habitation Marsoor GP Anekal Taluk",2018-2019,2.97000,2.96388,"05 Sep 2018","31 Mar 2019",2024-06-07
Karnataka,"Bengaluru Urban",Anekal,Surgajakanahalli,"A. Medihalli","A. Medihalli",0000373283,0007854223,250247786,"Deep Tubewell","Ground Water","village limit","TFC NAC 2018 SCP Drilling of Borewells 2 Nos for Revival of Water Supply Scheme in A. Medahalli habitation Suragajakkanahalli GP Anekal Taluk",2018-2019,4.33400,4.24163,"05 Sep 2018","31 Mar 2019",2024-06-07
Karnataka,"Bengaluru Urban",Anekal,Surgajakanahalli,Gowrenahalli,Gowrenahalli,0000373284,0007854227,250247790,"Deep Tubewell","Ground Water","village limit","TFC NAC 2018 G Drilling of Borewells 3 Nos for Revival of Water Supply Scheme in Gourenahalli habitation Suragajakkanahalli GP Anekal Taluk",2018-2019,7.59000,7.57503,"05 Sep 2018","31 Mar 2019",2024-06-07
Karnataka,"Bengaluru Urban",Anekal,Vannakanahalli,Sunavara,Sunavara,0000373299,0007854237,250247800,"Deep Tubewell","Ground Water","Tank Bed","TFC NAC 2018 SCP Drilling of Borewell 1 No for Revival of Water Supply Scheme in Sunavara habitation Vanakanahalli GP Anekal Taluk",2018-2019,1.82600,1.82374,"05 Sep 2018","31 Mar 2019",2024-06-07
Karnataka,"Bengaluru Urban",Anekal,Vannakanahalli,Vannakanahalli,Vannakanahalli,0000373305,0007854446,250248005,"Deep Tubewell","Ground Water","M.I. Tank Bed","TFC CEO 060418 Installation of Pump motor for existing Borewell and Laying pipe line in Vannakanahalli habitation Vannakanahalli GP Anekal Taluk",2018-2019,4.50000,4.48775,"05 Sep 2018","31 Mar 2019",2024-06-07
Karnataka,"Bengaluru Urban",Anekal,Samandur,Muthagatti,Muthagatti,0000373263,0008032456,250152831,"Deep Tubewell","Ground Water","Village limit","10 Crore 22052020 Drilling of Borewell at Muttaghatti Habitation Samanduru Grama Panchayath Anekal Taluk",2020-2021,3.80000,3.45410,"16 Jun 2020","03 May 2023",2024-06-07
Karnataka,"Bengaluru Urban",Anekal,Indlawadi,Karakalaghatta,Karikalgatta,0000373318,0008032573,250151779,"Deep Tubewell","Ground Water","Main road","10 Crore 22052020 Drilling of Borewell at Karakalaghatta Janatha Colony Habitation Indlawadi Grama Panchayath Anekal Taluk",2020-2021,3.80000,3.43637,"16 Jun 2020","03 May 2023",2024-06-07
Karnataka,"Bengaluru Urban",Anekal,Indlawadi,Indlawadipura,Indlawadipura,0000373327,0008032854,250150452,"Deep Tubewell","Ground Water","Near Nagaiahna doddi Main road","10 Crore 22052020  Drilling of Borewell at Indlawadipura Habitation Indlawadi Grama Panchayath Anekal Taluk",2020-2021,3.95000,3.56720,"16 Jun 2020","03 May 2023",2024-06-07
Karnataka,"Bengaluru Urban",Anekal,Kallabalu,Poojiganapalya,Pujiganapalya,0000373375,0008067180,4817376,"Deep Tubewell","Ground Water","Village limit","10crore Revival of PWS scheme, Drilling of Borewell  at Poojagaiahnapalya 2village, Kallubalu GP, Anekal Taluk",2020-2021,2.50000,2.25987,"16 Jun 2020","03 May 2023",2024-06-07
Karnataka,"Bengaluru Urban",Anekal,Sarjapura,Sarjapura,Sarjapura,0000373516,0008215432,5167006,"Deep Tubewell","Ground Water","Village Limits","Providing Water Supply to  Anganawadi fitting of Taps to Kitchen and Toilet at Maruthinagara Sarjapura GP Anekal Taluk",2020-2021,0.15000,0.09558,"17 Dec 2020","03 May 2023",2024-06-07
Karnataka,"Bengaluru Urban",Anekal,Bidaraguppe,Indlabele,Indlabele,0000373495,0008215469,250147852,"Deep Tubewell","Ground Water","Village limit","Providing Water Supply to  Anganawadi fitting of Taps to Kitchen and Toilet at Indlabele Habitation Bidarguppe GP Anekal Taluk",2020-2021,0.15000,0.09558,"17 Dec 2020","03 May 2023",2024-06-07
Karnataka,"Bengaluru Urban",Anekal,Byagadadevanahalli,Kempavaderahalli,Kempavaderahalli,0000373336,0008215988,250149619,"Deep Tubewell","Ground Water","Colony limit","Providing water supply to Anganwadi fitting of taps to kitchen and toilet at Kempuvaderahalli Habitation Byagadadenahalli GP Anekal Taluk",2020-2021,0.15000,0.15000,"17 Dec 2020","03 May 2023",2024-06-07
Karnataka,"Bengaluru Urban",Anekal,Indlawadi,Karakalaghatta,Karikalgatta,0000373318,0008216022,250151779,"Deep Tubewell","Ground Water","Main road","Providing water supply to anganwadi fitting of taps to kitchen and toilet at Karkalaghatta Habitation Indalwadi GP Anekal Taluk",2020-2021,0.15000,0.15000,"17 Dec 2020","03 May 2023",2024-06-07
Karnataka,"Bengaluru Urban",Anekal,Vannakanahalli,"Kempudommasandra (b)",Kempadommasandra,0000373304,0008216042,250148501,"Deep Tubewell","Ground Water","Village limit","Providing water supply to Anganwadi fitting of taps to kitchen and toilet at Kempudoomasandra habitation Vanakanahalli GP Anekal Taluk",2020-2021,0.15000,0.15000,"17 Dec 2020","03 May 2023",2024-06-07
Karnataka,"Bengaluru Urban",Anekal,Ballur,Arehalli,Arehalli,0000373483,0008216080,250147785,"Deep Tubewell","Ground Water","Village limit","Providing water supply to Anganwadi fitting of taps to kitchen and toilet at Arehalli Habitation Balluru GP Anekal Taluk",2020-2021,0.15000,0.15000,"17 Dec 2020","03 May 2023",2024-06-07
Karnataka,"Bengaluru Urban",Anekal,Mayasandra,Bakthipura,Bakthipura,0000373489,0008216102,4798988,"Deep Tubewell","Ground Water","Village Limit","Providing water supply to Anganwadi fitting of taps to kitchen and toilet at Bhaktipura Habitation Mayasandra GP Anekal Taluk",2020-2021,0.15000,0.15000,"17 Dec 2020","03 May 2023",2024-06-07
Karnataka,"Bengaluru Urban",Anekal,Karpoor,Arvantigepura,Arvantigepura,0000373281,0008216119,250150937,"Deep Tubewell","Ground Water","village limit","Providing water supply to Anganwadi fitting of taps to kitchen and toilet at Aravantigepura GP Anekal Taluk",2020-2021,0.15000,0.15000,"17 Dec 2020","03 May 2023",2024-06-07
Karnataka,"Bengaluru Urban",Anekal,Bannerghatta,Bannerughatta,Bannerghatta,0000373430,0008222940,250144594,"Deep Tubewell","Ground Water","At Bannerghatta JHC","15 Crore 12102020 Revival of PWS Scheme Drilling of Borewell at Bannerughatta Champakadhama badavane  near park Village  Bannerughatta GP Anekal  Taluk",2020-2021,2.80000,2.44513,"25 Feb 2021","03 May 2023",2024-06-07
Karnataka,"Bengaluru Urban",Anekal,Bannerghatta,Bannerughatta,Bannerghatta,0000373430,0008222966,250144594,"Deep Tubewell","Ground Water","At Bannerghatta JHC","15 Crore 12102020 Revival of PWS Scheme  Laying of Pipeline and Providing water supply to Ayurvedic hospital veterinary hospital kariyappanahalli anganawadi at Bannerughatta  Village  Bannerughatta GP Anekal  Taluk",2020-2021,5.00000,4.98567,"25 Feb 2021","03 May 2023",2024-06-07
Karnataka,"Bengaluru Urban",Anekal,Hulimangala,Hulimangala,Hulimangala,0000373388,0008223082,250145090,"Deep Tubewell","Ground Water","Village Main Road","15 Crore 12102020 Revival of PWS Scheme  Providing Pump motor  Laying of Pipeline and Providing water supply to  Govt  School and Anganawadi at Hulimanagala Village  Hulimanagala GP Anekal  Taluk",2020-2021,5.00000,4.79272,"25 Feb 2021","03 May 2023",2024-06-07
Karnataka,"Bengaluru Urban",Anekal,Huskuru,Avalahalli,Avalahalli,0000373582,0008229927,250147534,"Deep Tubewell","Ground Water","Vilklage limit","Providing water supply to Anganwadi fitting of taps to kitchen and toilet at Avalahalli Village Huskuru GP Anekal Taluk",2020-2021,0.15000,0.06668,"17 Dec 2020","03 May 2023",2024-06-07
Karnataka,"Bengaluru Urban",Anekal,Samandur,Marnayakanahalli,Marnayakanahalli,0000373274,0008230049,250150120,"Deep Tubewell","Ground Water","Revival of  Mini Water Supply Scheme at Maranayakanahalli   Village","15 crore 04022021 Revival of PWS Scheme Drlling of BW and Laying of Pipeline at  Maranayakanahalli  Village Samandur GP Anekal Taluk",2020-2021,3.80000,3.34936,"06 Feb 2021","03 May 2023",2024-06-07
Karnataka,"Bengaluru Urban",Anekal,Samandur,Madiwala,"S. Madiwala",0000373271,0008230060,250149561,"Deep Tubewell","Ground Water","Tank Bed","15 crore 04022021 Revival of PWS Scheme Drlling of BW 1 at  S Madiwala  Village Samandur GP Anekal Taluk",2020-2021,3.90000,3.32696,"06 Feb 2021","03 May 2023",2024-06-07
Karnataka,"Bengaluru Urban",Anekal,Karpoor,Haldenahalli,Haldenahalli,0000373275,0008230095,250152875,"Deep Tubewell","Ground Water","Village Limit","15 crore 04022021 Drilling of Borewell at  Aladevanahalli  Village Karpoor GP Anekal Taluk",2020-2021,3.98000,3.42664,"06 Feb 2021","03 May 2023",2024-06-07
Karnataka,"Bengaluru Urban",Anekal,Sarjapura,Sarjapura,Sarjapura,0000373516,0008234821,250120512,"Deep Tubewell","Ground Water","vilage limit","15 crore 04022021 Revival of PWS Scheme ReDrlling of BW 2 at sarjapura Village Sarjapura GP Anekal taluk",2020-2021,1.85000,1.43233,"06 Feb 2021","03 May 2023",2024-06-07
Karnataka,"Bengaluru Urban",Anekal,Byagadadevanahalli,Soppahalli,Soppahalli,0000373340,0008234837,250153946,"Deep Tubewell","Ground Water","village limit","15 crore 04022021 Drilling of Borewell at Soppahalli village Byagadadenahalli GP Anekal Taluk",2020-2021,3.99000,3.41432,"06 Feb 2021","03 May 2023",2024-06-07
Karnataka,"Bengaluru Urban",Anekal,Vannakanahalli,Singasandra,Singasandra,0000373300,0008234842,250147870,"Deep Tubewell","Ground Water","main road","15 crore 04022021 Drilling of Borewell at Singasandra Village Vanakanahalli GP Anekal Taluk",2020-2021,4.20000,3.59240,"06 Feb 2021","03 May 2023",2024-06-07
Karnataka,"Bengaluru Urban",Anekal,Byagadadevanahalli,Soppahalli,Soppahalli,0000373340,0008238455,250153946,"Deep Tubewell","Ground Water","village limit","15 crore 04022021 Providing and Laying Pipeline at Kavalhosahalli Village Byagadadenahalli GP Anekal Taluk",2020-2021,3.95000,3.94642,"06 Feb 2021","03 May 2023",2024-06-07
Karnataka,"Bengaluru Urban",Anekal,Samandur,Geritiganabele,Geritiganabele,0000373269,0008238847,250247768,"Deep Tubewell","Ground Water","village limit","10crore saving 15122020 Providing and Errection PumpMotor and Laying PipiLine Scheme at Geritiganabele Village Samandur GP Anekal taluk",2020-2021,4.50000,4.20228,"25 Dec 2020","03 May 2023",2024-06-07
Karnataka,"Bengaluru Urban",Anekal,Haragadde,Haragadde,Haragadde,0001622881,0000774860,250253550,"Deep Tubewell","Ground Water","Village Limits","Seethanayakanahalli Road",2001-2002,2.00000,1.99000,"01 Jun 2002","05 Feb 2003",2024-06-07
Karnataka,"Bengaluru Urban",Anekal,Bannerghatta,Bilwardahalli,Bilwardahalli,0000373436,0006849633,250251215,"Deep Tubewell","Ground Water","Near tank road","TFC 20.10.2014 Drilling of Borewell at BILWARDAHALLI Habitation",2014-2015,1.25000,1.22560,"10 Dec 2014","14 Jan 2015",2024-06-07
Karnataka,"Bengaluru Urban",Anekal,Haragadde,"Mada Pattana",Madapatna,0001622883,0007532707,250149019,"Deep Tubewell","Ground Water","Near Main Road","G Revival of PWS Scheme at Madapatna Habitation,Haragadde G.P, Anekal Taluk",2016-2017,10.00000,0.00000,"01 Sep 2016","03 May 2023",2024-06-07
Karnataka,"Bengaluru Urban",Anekal,Billapura,Booragunte,Booragunte,0000373533,0005360383,5297032,"Deep Tubewell","Ground Water","Village limit","Drilling of BW",2012-2013,1.55000,0.77630,"07 Mar 2013","20 Mar 2013",2024-06-07
Karnataka,"Bengaluru Urban",Anekal,Bidaraguppe,Chikkanahalli,Chikkanahalli,0000373497,0005361455,5298105,"Deep Tubewell","Ground Water","Village limit","Drilling of BW",2012-2013,1.55000,2.08268,"07 Mar 2013","03 Mar 2014",2024-06-07
Karnataka,"Bengaluru Urban",Anekal,Muthanallur,Kommasandra,Kommasandra,0000373556,0005361461,5298111,"Deep Tubewell","Ground Water","Village limit","Drilling of BW",2012-2013,1.55000,0.79446,"07 Mar 2013","31 Mar 2013",2024-06-07
Karnataka,"Bengaluru Urban",Anekal,Mayasandra,Manchanahalli,Manchanahalli,0000373488,0005361469,5298119,"Deep Tubewell","Ground Water","Village limit","Drilling of BW",2012-2013,1.55000,1.89984,"07 Mar 2013","31 Mar 2013",2024-06-07
Karnataka,"Bengaluru Urban",Anekal,Hulimangala,Shikaripalya,Shikaripalya,0000373393,0005361590,5298242,"Deep Tubewell","Ground Water","Village limit","Drilling of BW",2012-2013,1.00000,1.17268,"07 Mar 2013","01 Mar 2014",2024-06-07
Karnataka,"Bengaluru Urban",Anekal,Mantapa,Vajarahalli,Vajarahalli,0000373408,0005361595,5298247,"Deep Tubewell","Ground Water","Village limit","Drilling of BW",2012-2013,1.00000,0.00000,"07 Mar 2013","10 May 2013",2024-06-07
Karnataka,"Bengaluru Urban",Anekal,Byagadadevanahalli,Doddahagde,Doddahagde,0000373341,0005364331,5301342,"Deep Tubewell","Ground Water","Village limit","Drilling of BW",2012-2013,1.92000,1.92000,"22 Oct 2012","31 Mar 2013",2024-06-07
Karnataka,"Bengaluru Urban",Anekal,Yamare,Yamare,Yamare,0000373549,0005364341,5301352,"Deep Tubewell","Ground Water",Hosabadavane,"Redrilling of BW",2012-2013,0.66000,0.66000,"25 Oct 2012","31 Mar 2013",2024-06-07
Karnataka,"Bengaluru Urban",Anekal,Neralur,Guddahatti,Guddahatti,0000373480,0005522242,5462765,"Deep Tubewell","Ground Water","Village limit","Revival of PWS Scheme",2013-2014,10.00000,7.65698,"15 Sep 2013","01 Mar 2014",2024-06-07
Karnataka,"Bengaluru Urban",Anekal,Neralur,Yadavanahalli,Yadavanahalli,0000373477,0005522247,5462770,"Deep Tubewell","Ground Water","Village limit","Revival of PWS Scheme",2013-2014,10.00000,10.04767,"10 Sep 2013","01 Mar 2014",2024-06-07
Karnataka,"Bengaluru Urban",Anekal,Indlawadi,Indlawadi,Indlawadi,0000373330,0005522382,5462930,"Deep Tubewell","Ground Water","Village limit,JHC","Improvements to Water Supply Scheme",2013-2014,16.00000,16.25801,"10 Sep 2013","03 Mar 2014",2024-06-07
Karnataka,"Bengaluru Urban",Anekal,Indlawadi,Mysoorammanadoddi,Mysooramanadoddi,0000373331,0005522390,5462938,"Deep Tubewell","Ground Water","Village limit","Revival of MWS Scheme",2013-2014,7.00000,7.10828,"10 Sep 2013","01 Mar 2014",2024-06-07
Karnataka,"Bengaluru Urban",Anekal,Indlawadi,Karakalaghatta,Karikalgatta,0000373318,0005522456,5463020,"Deep Tubewell","Ground Water","Village limit","Revival of MWS Scheme",2013-2014,7.00000,7.19982,"10 Sep 2013","03 Mar 2014",2024-06-07
Karnataka,"Bengaluru Urban",Anekal,Indlawadi,Basavanapura,Basavanapura,0000373322,0005522474,5463044,"Deep Tubewell","Ground Water","Village limit","Revival of MWS Scheme",2013-2014,7.00000,5.81225,"10 Sep 2013","01 Mar 2015",2024-06-07
Karnataka,"Bengaluru Urban",Anekal,Surgajakanahalli,Surgajakanahalli,Surgajakanahalli,0000373297,0005522532,5463112,"Deep Tubewell","Ground Water","Village limit","Revival of PWS Scheme",2013-2014,7.00000,5.37247,"10 Sep 2013","03 Mar 2014",2024-06-07
Karnataka,"Bengaluru Urban",Anekal,Byagadadevanahalli,Chikkahagde,Vadderahalli,0000373338,0005523302,5464238,"Deep Tubewell","Ground Water","Village limit","SCP Revival of MWS Scheme",2013-2014,7.00000,6.80204,"10 Sep 2013","31 Dec 2015",2024-06-07
Karnataka,"Bengaluru Urban",Anekal,Yamare,Yamare,Yamare,0000373549,0005523494,5464531,"Deep Tubewell","Ground Water","Village limit","Revival of PWS Scheme",2013-2014,10.00000,8.97469,"15 Sep 2013","01 Mar 2015",2024-06-07
Karnataka,"Bengaluru Urban",Anekal,Byagadadevanahalli,Thatnahalli,Thatnahalli,0000373344,0005222500,5165943,"Deep Tubewell","Ground Water","Village Limits",Borewell,2012-2013,1.50000,1.87000,"16 Jan 2013","19 Mar 2013",2024-06-07
Karnataka,"Bengaluru Urban",Anekal,Byagadadevanahalli,"Kavala Hosahalli","Kavala Hosahalli",0001622879,0005222527,5165972,"Deep Tubewell","Ground Water","Village Limits",Borewell,2012-2013,1.40000,1.69524,"16 Jan 2013","15 Feb 2013",2024-06-07
Karnataka,"Bengaluru Urban",Anekal,Byagadadevanahalli,Soppahalli,Soppahalli,0000373340,0005222546,5165995,Openwell,"Ground Water","Village Limits",Borewell,2012-2013,1.50000,0.00000,"16 Jan 2013","15 Feb 2013",2024-06-07
Karnataka,"Bengaluru Urban",Anekal,Marsoor,Shettihalli,Shettihalli,0000373314,0005223507,5166978,"Deep Tubewell","Ground Water","Village Limits",Borewell,2012-2013,1.50000,1.50000,"16 Jan 2013","07 Mar 2013",2024-06-07
Karnataka,"Bengaluru Urban",Anekal,Neriga,Heggondahalli,Heggondahalli,0000373570,0005223512,5166983,"Deep Tubewell","Ground Water","Village Limits","Revival of MWS",2012-2013,3.22000,4.42236,"28 Dec 2012","20 Jan 2014",2024-06-07
Karnataka,"Bengaluru Urban",Anekal,Neriga,Ramanayakanahalli,Ramanayakanahalli,0000373566,0005223524,5166995,"Deep Tubewell","Ground Water","Village Limits","Revival of MWS",2012-2013,0.34000,0.34065,"16 Jan 2013","03 Mar 2014",2024-06-07
Karnataka,"Bengaluru Urban",Anekal,Yamare,Chambenahalli,Chambenahalli,0000373552,0005223666,5167148,"Deep Tubewell","Ground Water","Village Limits",Borewell,2012-2013,1.50000,1.85023,"16 Jan 2013","15 Feb 2013",2024-06-07
Karnataka,"Bengaluru Urban",Anekal,Shantipura,Rayasandra,Rayasandra,0000373589,0005223773,5167257,"Deep Tubewell","Ground Water","Village Limits",Borewell,2012-2013,1.50000,1.55000,"16 Jan 2013","20 Mar 2013",2024-06-07
Karnataka,"Bengaluru Urban",Anekal,Huskuru,Kaggalipura,Kaggalipura,0000373574,0005223984,5167488,"Deep Tubewell","Ground Water","Village Limits","Revival of PWS",2012-2013,4.00000,0.00000,"28 Dec 2012","20 Mar 2013",2024-06-07
Karnataka,"Bengaluru Urban",Anekal,Neralur,Adigondanahalli,Adigondanahalli,0000373481,0005224004,5167509,"Deep Tubewell","Ground Water","Village Limit",Borewell,2012-2013,1.50000,2.04599,"16 Jan 2013","12 Mar 2013",2024-06-07
Karnataka,"Bengaluru Urban",Anekal,Haragadde,Nayanahalli,Nayanahalli,0001622885,0005225205,5168689,"Deep Tubewell","Ground Water","Village Limits",Borewell,2012-2013,1.39000,1.86924,"16 Jan 2013","15 Feb 2013",2024-06-07
Karnataka,"Bengaluru Urban",Anekal,Hulimangala,Nanjapura,Nanjapura,0000373385,0005225240,5168725,"Deep Tubewell","Ground Water","Village Limits","Revival of MWS",2012-2013,4.00000,3.99865,"28 Dec 2012","20 Mar 2013",2024-06-07
Karnataka,"Bengaluru Urban",Anekal,Mantapa,Kalkere,Kalkere,0000373417,0005225265,5168750,"Deep Tubewell","Ground Water","Village Limits","Revival of PWS",2012-2013,5.50000,5.49344,"28 Dec 2012","30 Jan 2014",2024-06-07
Karnataka,"Bengaluru Urban",Anekal,Kallabalu,"Goninayakana Doddi","Goninayakana Doddi",0000373378,0005225342,5168829,"Deep Tubewell","Ground Water","Village Limits","Revival of MWS",2012-2013,5.50000,5.39646,"28 Dec 2012","31 Jan 2014",2024-06-07
Karnataka,"Bengaluru Urban",Anekal,Hulimangala,Hulimangala,Hulimangala,0000373388,0005235523,5179817,"Deep Tubewell","Ground Water","Village limit","Drilling of BW",2012-2013,1.50000,1.40000,"16 Jan 2013","20 Feb 2013",2024-06-07
Karnataka,"Bengaluru Urban",Anekal,Ragihalli,Mudlaiahnadoddi,Mudlaiahnadoddi,0000373469,0005235534,5179828,"Deep Tubewell","Ground Water","Village limit","Revival of MWS",2012-2013,4.00000,3.99816,"07 Jan 2013","20 Mar 2013",2024-06-07
Karnataka,"Bengaluru Urban",Anekal,Marsoor,Naganaikanahalli,Naganayakanahalli,0000373310,0003908779,3777134,"Deep Tubewell","Ground Water","Village limit road","Revival of MWS",2011-2012,6.00000,0.00000,"10 Aug 2011","15 Feb 2012",2024-06-07
Karnataka,"Bengaluru Urban",Anekal,Mugalur,"Dodda Thimmasandra","Dodda Thimmasandra",0000373520,0003912419,3780810,"Deep Tubewell","Ground Water","Towards main road","Revival of MWS",2011-2012,5.50000,1.56456,"10 Aug 2011","04 Dec 2012",2024-06-07
Karnataka,"Bengaluru Urban",Anekal,Mugalur,Madappanahalli,Madappanahalli,0000373529,0003912452,3780845,"Deep Tubewell","Ground Water","Towards main road","Revival of MWS",2011-2012,6.00000,0.00000,"15 Sep 2011","28 Feb 2012",2024-06-07
Karnataka,"Bengaluru Urban",Anekal,Muthanallur,"Ali Bommasandra","Ali Bommasandra",0000373557,0003912459,3780852,"Deep Tubewell","Ground Water","Towards school road","Providing Piped Water Supply Scheme",2011-2012,20.00000,16.72681,"15 Sep 2011","04 Feb 2013",2024-06-07
Karnataka,"Bengaluru Urban",Anekal,Neralur,Guddahatti,Guddahatti,0000373480,0003912503,3780899,"Deep Tubewell","Ground Water","Colony school main road","Revival of PWS",2011-2012,6.00000,1.89556,"20 Aug 2011","20 Mar 2013",2024-06-07
Karnataka,"Bengaluru Urban",Anekal,Shantipura,"Chikka Nagamangala",Vaddarapalya,0000373586,0003913465,3781883,"Deep Tubewell","Ground Water","MAIN VILLAGE  ROAD","Revival of MWS",2011-2012,6.00000,0.00000,"10 Aug 2011","25 Feb 2012",2024-06-07
Karnataka,"Bengaluru Urban",Anekal,Shantipura,Gattahalli,Gattahalli,0000373587,0003916223,3784740,"Deep Tubewell","Ground Water","Village limit","Revival of PWS",2011-2012,6.00000,0.00000,"20 Aug 2011","15 Feb 2012",2024-06-07
Karnataka,"Bengaluru Urban",Anekal,Shantipura,Rayasandra,Rayasandra,0000373589,0003916248,3784765,"Deep Tubewell","Ground Water","Towards main road","Revival of PWS",2011-2012,6.00000,0.00000,"20 Aug 2011","28 Feb 2012",2024-06-07
Karnataka,"Bengaluru Urban",Anekal,Mantapa,Begihalli,Bidarekerenagara,0001726550,0004124541,4003989,"Deep Tubewell","Ground Water",NA,"Providing MWS",2011-2012,6.00000,0.00000,"15 Aug 2011","25 Mar 2012",2024-06-07
Karnataka,"Bengaluru Urban",Anekal,Bannerghatta,Kulumepalya,Kulumepalya,0000373447,0004863086,4790088,"Deep Tubewell","Ground Water","Towards Main Road","Revival of MWS Scheme",2012-2013,5.00000,4.99800,"10 Sep 2012","01 Mar 2013",2024-06-07
Karnataka,"Bengaluru Urban",Anekal,Haragadde,Vaddarapalya,Vaddarapalya,0001622882,0004863251,4790247,"Deep Tubewell","Ground Water","Towards Haragadde","Revival of PWS Scheme",2012-2013,6.50000,6.35415,"08 Sep 2012","04 Feb 2013",2024-06-07
Karnataka,"Bengaluru Urban",Anekal,Yamare,Sompura,Sompura,0000373545,0004864940,4791803,"Deep Tubewell","Ground Water","Near Tank Bed","Revival of PWS Scheme",2012-2013,5.00000,0.00000,"15 Sep 2012","20 Mar 2013",2024-06-07
Karnataka,"Bengaluru Urban",Anekal,Ballur,Arehalli,Arehalli,0000373483,0004873368,4800160,"Deep Tubewell","Ground Water","Burial Ground","Revival of MWS Scheme",2012-2013,6.00000,5.79020,"15 Sep 2012","30 Nov 2012",2024-06-07
Karnataka,"Bengaluru Urban",Anekal,Vannakanahalli,Telagarahalli,Telagarahalli,0000373301,0004873399,4800184,"Deep Tubewell","Ground Water","Tank Bed","Revival of MWS Scheme",2012-2013,6.00000,4.72259,"15 Sep 2012","03 Dec 2012",2024-06-07
Karnataka,"Bengaluru Urban",Anekal,Neriga,Neriga,Neriga,0000373564,0004873526,4800294,"Deep Tubewell","Ground Water","Village Limit","Revival of MWS Scheme",2012-2013,10.00000,9.99997,"20 Sep 2012","31 Jan 2013",2024-06-07
Karnataka,"Bengaluru Urban",Anekal,Indlawadi,Tammanayakanahalli,Tammanayakanahalli,0000373321,0004873653,4800408,"Deep Tubewell","Ground Water","Village limit","Revival of MWS Scheme",2012-2013,5.00000,3.24750,"15 Sep 2012","10 Mar 2013",2024-06-07
Karnataka,"Bengaluru Urban",Anekal,Haragadde,Seethanayakanahalli,Seethanayakanahalli,0000373350,0004878953,4805462,"Deep Tubewell","Ground Water","Village limit","Revival of MWS Scheme",2012-2013,6.00000,5.99691,"20 Sep 2012","20 Mar 2013",2024-06-07
Karnataka,"Bengaluru Urban",Anekal,Hulimangala,Hulimangala,Hulimangala,0000373388,0004879205,4805669,"Deep Tubewell","Ground Water","Village Main Road","Revival of PWS Scheme",2012-2013,10.00000,13.07803,"10 Sep 2012","21 Jan 2014",2024-06-07
Karnataka,"Bengaluru Urban",Anekal,Mantapa,"Jangal Palya",Jangalapalya,0000373407,0004879243,4805697,"Deep Tubewell","Ground Water","Village limit","Providing Piped Water Supply Scheme",2012-2013,25.00000,2.90368,"15 Sep 2012","31 Mar 2013",2024-06-07
Karnataka,"Bengaluru Urban",Anekal,Mantapa,Kalkere,Kalkere,0000373417,0004879291,4805738,"Deep Tubewell","Ground Water","Main road","Revival of MWS Scheme",2012-2013,5.00000,5.00087,"20 Sep 2012","25 Mar 2013",2024-06-07
Karnataka,"Bengaluru Urban",Anekal,Mugalur,"Mahal Chowdadenahalli","Mahal Chowdadenahalli",0000373518,0004881361,4807725,"Deep Tubewell","Ground Water","Towards Main road","Providing Piped  Water Supply Scheme",2012-2013,20.00000,21.40415,"20 Sep 2012","03 Mar 2014",2024-06-07
Karnataka,"Bengaluru Urban",Anekal,Mantapa,Vajarahalli,Vajarahalli,0000373408,0004887830,4813817,"Deep Tubewell","Ground Water","Colony Road","Revival of MWS Scheme",2012-2013,5.00000,5.35596,"15 Sep 2012","31 Mar 2013",2024-06-07
Karnataka,"Bengaluru Urban",Anekal,Ragihalli,Ramanayakanadoddi,Ramanayakanadoddi,0000373465,0004892839,4818282,"Deep Tubewell","Ground Water","Village limit","Revival of MWS Scheme",2012-2013,5.00000,5.00000,"15 Sep 2012","20 Mar 2013",2024-06-07
Karnataka,"Bengaluru Urban",Anekal,Ragihalli,Shivanahalli,Kateridoddi,0000373461,0004892868,4818305,"Deep Tubewell","Ground Water","Main Road","Revival of MWS Scheme",2012-2013,5.00000,5.08451,"15 Sep 2012","20 Mar 2013",2024-06-07
Karnataka,"Bengaluru Urban",Anekal,Kallabalu,Vaderamanchenahalli,Vaderamanchenahalli,0000373362,0004902440,4826821,"Deep Tubewell","Ground Water","Village limit","Revival of MWS Scheme",2012-2013,5.00000,3.61722,"15 Sep 2012","20 Mar 2013",2024-06-07
Karnataka,"Bengaluru Urban",Anekal,Mantapa,Kalkere,Kalkere,0000373417,0004933410,4854282,"Deep Tubewell","Ground Water",GHPS,"School Water Supply",2012-2013,1.00000,0.99845,"25 Aug 2012","04 Dec 2012",2024-06-07
Karnataka,"Bengaluru Urban",Anekal,Neralur,Yadavanahalli,Yadavanahalli,0000373477,0004943835,4866363,"Deep Tubewell","Ground Water","Village limit","G Providing Piped Water Supply Scheme",2012-2013,25.00000,21.58633,"10 Sep 2012","31 Mar 2017",2024-06-07
Karnataka,"Bengaluru Urban",Anekal,Vannakanahalli,"Kempudommasandra (b)",Kempadommasandra,0000373304,0005220642,5163967,"Deep Tubewell","Ground Water","main road","Drilling of BW",2012-2013,1.50000,1.49000,"16 Jan 2013","20 Feb 2013",2024-06-07
Karnataka,"Bengaluru Urban",Anekal,Mayasandra,Harohalli,Harohalli,0000373491,0005222235,5165671,"Deep Tubewell","Ground Water","Village Limits","Revival of PWS",2012-2013,5.11000,1.89818,"28 Dec 2012","20 Mar 2013",2024-06-07
Karnataka,"Bengaluru Urban",Anekal,Bannerghatta,Bannerughatta,Bannerghatta,0000373430,0005525662,5467402,"Deep Tubewell","Ground Water","Village limit","G Improvements to Water Supply Scheme",2013-2014,50.00000,50.52648,"15 Sep 2013","31 Mar 2017",2024-06-07
Karnataka,"Bengaluru Urban",Anekal,Bannerghatta,"Hakkipikki Colony","Akki Pikki Colony",0000373441,0005525669,5467420,"Deep Tubewell","Ground Water","Village limit","Revival of MWS Scheme",2013-2014,5.00000,4.86922,"15 Sep 2013","01 Mar 2014",2024-06-07
Karnataka,"Bengaluru Urban",Anekal,Bannerghatta,Kasaraguppe,Kasaraguppe,0000373438,0005525673,5467434,"Deep Tubewell","Ground Water","Village limit","Revival of MWS Scheme",2013-2014,5.00000,3.28802,"05 Sep 2013","31 Oct 2014",2024-06-07
Karnataka,"Bengaluru Urban",Anekal,Bannerghatta,Gollahalli,Gollahalli,0000373434,0005525692,5467478,"Deep Tubewell","Ground Water","Village limit","Revival of MWS Scheme",2013-2014,5.00000,5.00143,"12 Sep 2013","18 Jan 2014",2024-06-07
Karnataka,"Bengaluru Urban",Anekal,Mugalur,Thindlu,Thindlu,0000373517,0005527943,5470325,"Deep Tubewell","Ground Water","Village limit","Revival of MWS Scheme",2013-2014,5.00000,0.00000,"10 Sep 2013","15 Mar 2014",2024-06-07
Karnataka,"Bengaluru Urban",Anekal,Mugalur,Kuthaganahalli,Kuthaganahalli,0000373522,0005527977,5470428,"Deep Tubewell","Ground Water","Colony limit","Revival of MWS Scheme",2013-2014,5.00000,4.99545,"15 Sep 2013","25 Mar 2014",2024-06-07
Karnataka,"Bengaluru Urban",Anekal,Kallabalu,"Sattarsab Dinne","Satharsab Dinne",0000373367,0005544465,5497004,"Deep Tubewell","Ground Water","Village limit","G Revival of MWS Scheme",2013-2014,8.00000,3.83866,"12 Sep 2013","31 Mar 2018",2024-06-07
Karnataka,"Bengaluru Urban",Anekal,Mantapa,Malenallasandra,Malenallasandra,0000373410,0005544563,5497127,"Deep Tubewell","Ground Water","Village limit","Revival of MWS Scheme",2013-2014,5.00000,0.00000,"29 Aug 2013","25 Feb 2014",2024-06-07
Karnataka,"Bengaluru Urban",Anekal,Hulimangala,Hulimangala,Hulimangala,0000373388,0005544646,250064267,"Deep Tubewell","Ground Water","Colony limit","G Providing Piped Water Supply Scheme",2013-2014,30.00000,29.71812,"10 Sep 2013","14 Jan 2015",2024-06-07
Karnataka,"Bengaluru Urban",Anekal,Mantapa,Mantapa,Mantapa,0000373406,0005544773,5497491,"Deep Tubewell","Ground Water","Village limit","Revival of PWS Scheme",2013-2014,10.00000,10.31080,"10 Sep 2013","20 Mar 2014",2024-06-07
Karnataka,"Bengaluru Urban",Anekal,Hennagara,Masthenahalli,Mastenahalli,0000373397,0005546669,5499546,"Deep Tubewell","Ground Water","Village limit","Revival of MWS Scheme",2013-2014,8.00000,7.71866,"10 Sep 2013","31 Jan 2014",2024-06-07
Karnataka,"Bengaluru Urban",Anekal,Handenahalli,Sollepura,Sollepura,0000373543,0005568858,5525144,"Deep Tubewell","Ground Water","Village limit","Revival of MWS Scheme",2013-2014,8.00000,7.34183,"15 Sep 2013","01 Mar 2015",2024-06-07
Karnataka,"Bengaluru Urban",Anekal,Shantipura,Rayasandra,Rayasandra,0000373589,0005580494,5539885,"Deep Tubewell","Ground Water","Village limit","G Providing Piped Water Supply Scheme",2013-2014,25.00000,5.36368,"15 Sep 2013","31 Mar 2018",2024-06-07
Karnataka,"Bengaluru Urban",Anekal,Bannerghatta,Kariyappanahalli,Kariyappanahalli,0000373432,0005525677,5467445,"Deep Tubewell","Ground Water","Village limit","Revival of MWS Scheme",2013-2014,5.00000,4.82536,"15 Sep 2013","01 Mar 2014",2024-06-07
Karnataka,"Bengaluru Urban",Anekal,Sarjapura,Sarjapura,Sarjapura,0000373516,0005527926,5470248,"Deep Tubewell","Ground Water","Village limit","G Improvements to Water Supply Scheme",2013-2014,35.00000,30.53216,"25 Sep 2013","31 Mar 2018",2024-06-07
Karnataka,"Bengaluru Urban",Anekal,Mugalur,"Dodda Thimmasandra","Dodda Thimmasandra",0000373520,0005527958,5470407,"Deep Tubewell","Ground Water","Village limit","Revival of MWS Scheme",2013-2014,5.00000,0.00000,"15 Sep 2013","20 Mar 2014",2024-06-07
Karnataka,"Bengaluru Urban",Anekal,Haragadde,"Mada Pattana",Madapatna,0001622883,0005534534,5478829,"Deep Tubewell","Ground Water","Village limit","Revival of PWS Scheme",2013-2014,7.00000,0.00000,"10 Sep 2013","15 Mar 2014",2024-06-07
Karnataka,"Bengaluru Urban",Anekal,Mantapa,Chathekerepalya,Chathekerepalya,0000373423,0005544608,5497246,"Deep Tubewell","Ground Water","Village limit","Revival of PWS Scheme",2013-2014,10.00000,10.45284,"10 Sep 2013","20 Mar 2014",2024-06-07
Karnataka,"Bengaluru Urban",Anekal,Mantapa,Begihalli,Bidarekerenagara,0001726550,0005544815,5497529,"Deep Tubewell","Ground Water","Village limit","Revival of MWS Scheme",2013-2014,7.00000,7.24150,"15 Sep 2013","31 Jan 2014",2024-06-07
Karnataka,"Bengaluru Urban",Anekal,Ragihalli,Sevanayakanadoddi,Sevanayakanadoddi,0000373464,0003599271,3464111,"Deep Tubewell","Ground Water","Village Limit","Additional Pipe Line",2011-2012,1.30000,0.00000,"15 Jun 2011","15 Mar 2012",2024-06-07
Karnataka,"Bengaluru Urban",Anekal,Haragadde,Haragadde,Haragadde,0001622881,0003600001,3464810,"Deep Tubewell","Ground Water","Village Limit","Additional Pipe Line",2011-2012,2.50000,0.00000,"15 Jun 2011","15 Mar 2012",2024-06-07
Karnataka,"Bengaluru Urban",Anekal,Haragadde,Dyavasandra,Dyavasandra,0001622880,0003600027,3464837,"Deep Tubewell","Ground Water","Village Limit","Additional Pipe Line",2011-2012,1.30000,0.00000,"15 Jun 2011","15 Mar 2012",2024-06-07
Karnataka,"Bengaluru Urban",Anekal,Mantapa,Begihalli,Begihalli,0000373404,0003600074,3464880,"Deep Tubewell","Ground Water","Village Limit","Additional Pipe Line",2011-2012,1.00000,0.00000,"15 Jun 2011","15 Mar 2012",2024-06-07
Karnataka,"Bengaluru Urban",Anekal,Surgajakanahalli,Honnakalaspura,Honnakalaspura,0000373285,0003617797,3482559,"Deep Tubewell","Ground Water","Village Limits","Additonal Pipe Line",2011-2012,3.00000,0.00000,"15 Jun 2011","15 Mar 2012",2024-06-07
Karnataka,"Bengaluru Urban",Anekal,Marsoor,Marsoor,Marsoor,0000373309,0003617904,3482666,Openwell,"Ground Water","Village Limits","Additonal Pipe Line",2011-2012,5.00000,0.00000,"15 Jun 2011","15 Mar 2012",2024-06-07
Karnataka,"Bengaluru Urban",Anekal,Huskuru,Huskuru,Huskuru,0000373579,0003618232,3482995,"Deep Tubewell","Ground Water","Additonal Pipe Line","Additonal Pipe Line",2011-2012,5.00000,0.00000,"15 Jun 2011","15 Mar 2012",2024-06-07
Karnataka,"Bengaluru Urban",Anekal,Vannakanahalli,Menaseganahalli,Menaseganahalli,0000373303,0003618547,3483312,"Deep Tubewell","Ground Water","Village Limits","Additional Pipe Line",2011-2012,4.00000,0.00000,"15 Jun 2011","15 Mar 2012",2024-06-07
Karnataka,"Bengaluru Urban",Anekal,Neralur,Balagaranahalli,Balagaranahalli,0000373476,0003619861,3484635,"Deep Tubewell","Ground Water","Road side","Extension of pipe line",2011-2012,2.00000,0.00000,"18 Jul 2011","15 Mar 2012",2024-06-07
Karnataka,"Bengaluru Urban",Anekal,Bidaraguppe,Bidaraguppe,Bidaraguppe,0000373499,0003619955,3484729,"Deep Tubewell","Ground Water","Village limit","Replacement of pipe line",2011-2012,2.00000,0.00000,"20 Jul 2011","15 Mar 2012",2024-06-07
Karnataka,"Bengaluru Urban",Anekal,Huskuru,Huskuru,Sanjeevanagara,0000373580,0003620330,3485108,"Deep Tubewell","Ground Water","Village Limits","Pipeline Extension",2011-2012,2.50000,0.00000,"15 Jul 2011","15 Mar 2012",2024-06-07
Karnataka,"Bengaluru Urban",Anekal,Huskuru,Huskuru,"Lakshmi Narayanapura",0000373581,0003620352,3485131,"Deep Tubewell","Ground Water","Near Road Side","Pipeline Extension",2011-2012,2.00000,0.00000,"15 Jul 2011","15 Mar 2012",2024-06-07
Karnataka,"Bengaluru Urban",Anekal,Huskuru,Kaggalipura,Kaggalipura,0000373574,0003620514,3485298,"Deep Tubewell","Ground Water","Village Limits","Pipeline Extension",2011-2012,2.00000,0.00000,"15 Jul 2011","15 Mar 2012",2024-06-07
Karnataka,"Bengaluru Urban",Anekal,Bannerghatta,"Hakkipikki Colony","Akki Pikki Colony",0000373441,0003676508,3541646,"Deep Tubewell","Ground Water","Bore well - Near Hut Stream, Hakkipikki Colony (01)",Borewell,2008-2009,1.20000,0.00001,"15 May 2008","15 Jun 2008",2024-06-07
Karnataka,"Bengaluru Urban",Anekal,Bannerghatta,Byrappanahalli,Byrappanahalli,0000373429,0003676587,3541725,"Deep Tubewell","Ground Water","Bore well - Near Munivenkatappas House  (06)",Borewell,2008-2009,1.20000,0.00001,"15 May 2008","15 Jun 2008",2024-06-07
Karnataka,"Bengaluru Urban",Anekal,Bannerghatta,Shyanubhoganahalli,Shanubhoganahalli,0000373437,0003676649,3541788,"Deep Tubewell","Ground Water","Bore well - Near Maramma Temple (10)",Borewell,2008-2009,1.20000,0.00001,"15 May 2008","15 Jun 2008",2024-06-07
Karnataka,"Bengaluru Urban",Anekal,Bannerghatta,Bannerughatta,Bannerghatta,0000373430,0003676801,3541944,"Deep Tubewell","Ground Water","Bore well (MWS) - Near Sampangis House (Ranganath Layout) (19)",Borewell,2008-2009,1.20000,0.00001,"15 May 2008","15 Jun 2008",2024-06-07
Karnataka,"Bengaluru Urban",Anekal,Bannerghatta,Kulumepalya,Kulumepalya,0000373447,0003676844,3541988,"Deep Tubewell","Ground Water","Bore well (MWS) - Near  Shyanubhoganahali Hall  (21)",Borewell,2008-2009,1.20000,0.00001,"15 May 2008","15 Jun 2008",2024-06-07
Karnataka,"Bengaluru Urban",Anekal,Handenahalli,"S. Medihalli","S. Medihalli",0000373539,0008243003,3732177,"Deep Tubewell","Ground Water","Towards main road","Providing Water Supply to  Anganawadi fitting of Taps to Kichen and Toilets at Tyavakanahalli Habitation S Medihalli Habitation Anekal Taluk",2020-2021,0.15000,0.00000,"17 Dec 2020","03 May 2023",2024-06-07
Karnataka,"Bengaluru Urban",Anekal,Samandur,Muthagatti,Muthagatti,0000373263,0005580490,5539881,"Deep Tubewell","Ground Water","Village limit","Revival of PWS Scheme",2013-2014,7.00000,6.24460,"15 Sep 2013","03 Feb 2014",2024-06-07
Karnataka,"Bengaluru Urban",Anekal,Samandur,Kuvempunagara,Kuvempunagara,0000373264,0004873380,4800171,"Deep Tubewell","Ground Water","Thimmarayaswamy temple road","Revival of MWS Scheme",2012-2013,6.00000,4.83800,"20 Sep 2012","31 Mar 2013",2024-06-07
Karnataka,"Bengaluru Urban",Anekal,Samandur,Kuvempunagara,Kuvempunagara,0000373264,0008216938,4800171,"Deep Tubewell","Ground Water","Thimmarayaswamy temple road","Providing water supply to Anganwadi fitting of taps to kitchen and toilet at Kuvempunagara A Habitation Samanduru GP Anekal Taluk",2020-2021,0.15000,0.13336,"17 Dec 2020","03 May 2023",2024-06-07
Karnataka,"Bengaluru Urban",Anekal,Samandur,Sabmangala,Sabmangala,0000373266,0008238844,250148667,"Deep Tubewell","Ground Water","Village limit","10crore saving 15122020 Providing and Errection PumpMotor and Laying PipiLine  Scheme at Sabmanagala Village Samandur GP Anekal Taluk",2020-2021,4.50000,4.20228,"25 Dec 2020","03 May 2023",2024-06-07
Karnataka,"Bengaluru Urban",Anekal,Samandur,Sabmangala,Sabmangala,0000373266,0006850073,250076228,"Deep Tubewell","Ground Water","Near kunte on submangala to muttaghatti Road","SDP TFC 20.10.2014 Drilling of Borewell in Sabmangala habitation.",2014-2015,1.99000,1.98658,"10 Dec 2014","31 Mar 2017",2024-06-07
Karnataka,"Bengaluru Urban",Anekal,Samandur,"Chennana Agrahara","Chennana Agrahara",0000373268,0008027562,250147736,"Deep Tubewell","Ground Water","village limit","CAP1 Drilling of borewell at Channena agrahara village Samanduru GP Anekal taluk",2020-2021,3.10000,3.09896,"27 May 2020","31 Aug 2020",2024-06-07
Karnataka,"Bengaluru Urban",Anekal,Samandur,Geritiganabele,Geritiganabele,0000373269,0005222422,5165863,"Deep Tubewell","Ground Water","Village Limits",Borewell,2012-2013,1.50000,2.03316,"16 Jan 2013","15 Feb 2013",2024-06-07
Karnataka,"Bengaluru Urban",Anekal,Samandur,Gandhinagara,"S. Gandhinagara",0000373273,0005222353,5165789,"Deep Tubewell","Ground Water","Village Limits",Borewell,2012-2013,1.50000,1.68746,"16 Jan 2013","15 Feb 2013",2024-06-07
Karnataka,"Bengaluru Urban",Anekal,Samandur,Marnayakanahalli,Marnayakanahalli,0000373274,0006139391,250022314,"Deep Tubewell","Ground Water",NA,"Providing shelter to pure drinking water plant Marnayakanahalli  habitation",2013-2014,5.33000,4.00000,"08 Nov 2013","31 Dec 2013",2024-06-07
Karnataka,"Bengaluru Urban",Anekal,Samandur,Marnayakanahalli,Marnayakanahalli,0000373274,0006139392,250022315,"Deep Tubewell","Ground Water",NA,"Providing shelter to pure drinking water plant Marnayakanahalli  habitation",2013-2014,5.33000,0.00000,"08 Nov 2013","31 Dec 2013",2024-06-07
Karnataka,"Bengaluru Urban",Anekal,Karpoor,Karpoor,Karpoor,0000373278,0007406657,250120837,"Deep Tubewell","Ground Water","Outskirts of the village","TFC190316 Drilling of Borewell at Karpoor Janata Colony Habitation, Karpoor GP, Anekal Taluk",2016-2017,2.50000,2.49952,"12 Apr 2016","28 Feb 2018",2024-06-07
Karnataka,"Bengaluru Urban",Anekal,Karpoor,Rachamanahalli,Rachamanahalli,0000373280,0005709700,250001300,"Deep Tubewell","Ground Water","Village limit","Drinking Water Facility to Anganawadi",2013-2014,1.00000,0.99881,"15 Sep 2013","20 Jan 2014",2024-06-07
Karnataka,"Bengaluru Urban",Anekal,Karpoor,Rachamanahalli,Rachamanahalli,0000373280,0007532638,250147783,"Deep Tubewell","Ground Water","village limit","SCP Revival  of PWS scheme (Drilling of borewell) at Rachamanahalli Habitation Karpuru GP Anekal Taluk",2016-2017,2.50000,2.49654,"01 Sep 2016","31 Mar 2018",2024-06-07
Karnataka,"Bengaluru Urban",Anekal,Karpoor,Arvantigepura,Arvantigepura,0000373281,0005709869,250001335,"Deep Tubewell","Ground Water","Village limit","Drinking Water Facility to Anganawadi",2013-2014,1.00000,0.99881,"15 Sep 2013","02 Dec 2013",2024-06-07
Karnataka,"Bengaluru Urban",Anekal,Surgajakanahalli,"A. Medihalli","A. Medihalli",0000373283,0004873561,4800323,"Deep Tubewell","Ground Water","Anekal Doddakere Bed","Providing Piped Water Supply Scheme",2012-2013,20.00000,20.28443,"15 Sep 2012","10 Mar 2014",2024-06-07
Karnataka,"Bengaluru Urban",Anekal,Surgajakanahalli,Gowrenahalli,Gowrenahalli,0000373284,0007533275,250148511,"Deep Tubewell","Ground Water","Village Limits","G Revival Of PWS Scheme at Gourenahalli habitation in Suragajakkanahalli GP.",2016-2017,6.00000,6.85323,"01 Sep 2016","31 Mar 2018",2024-06-07
Karnataka,"Bengaluru Urban",Anekal,Surgajakanahalli,Gowrenahalli,Gowrenahalli,0000373284,0005522638,5463237,"Deep Tubewell","Ground Water","Village limit","Revival of PWS Scheme",2013-2014,7.00000,7.00879,"10 Sep 2013","03 Mar 2014",2024-06-07
Karnataka,"Bengaluru Urban",Anekal,Surgajakanahalli,Gowrenahalli,Gowrenahalli,0000373284,0005222561,5166014,"Deep Tubewell","Ground Water","Village Limits","Revival of PWS",2012-2013,3.10000,3.11206,"28 Dec 2012","20 Mar 2013",2024-06-07
Karnataka,"Bengaluru Urban",Anekal,Surgajakanahalli,Honnakalaspura,Honnakalaspura,0000373285,0005522546,5463125,"Deep Tubewell","Ground Water","Village limit","Revival of MWS Scheme",2013-2014,7.00000,1.99264,"10 Sep 2013","25 Mar 2014",2024-06-07
Karnataka,"Bengaluru Urban",Anekal,Surgajakanahalli,Honnakalaspura,Honnakalaspura,0000373285,0006131265,250020474,"Deep Tubewell","Ground Water","Village limit","Drilling of Borewell",2013-2014,1.94000,1.93950,"08 Jun 2013","03 Mar 2014",2024-06-07
Karnataka,"Bengaluru Urban",Anekal,Surgajakanahalli,Agasthimmanahalli,Agasthimmanahalli,0000373287,0005522656,5463250,"Deep Tubewell","Ground Water","Village limit","Revival of MWS Scheme",2013-2014,5.00000,0.00000,"10 Sep 2013","05 Mar 2014",2024-06-07
Karnataka,"Bengaluru Urban",Anekal,Surgajakanahalli,Sonnayakanapura,Sonnayakanapura,0000373288,0007143225,5166119,"Deep Tubewell","Ground Water","Village Limits","SCP Revival of PWS Scheme",2015-2016,10.00000,0.00000,"25 Oct 2015","31 Mar 2016",2024-06-07
Karnataka,"Bengaluru Urban",Anekal,Surgajakanahalli,Sidihoskote,Sidihoskote,0000373291,0006850046,5166081,"Deep Tubewell","Ground Water","Village Limits","TFC 20.10.2014 Drilling of Borewell-2 in Sidihoskote habitation",2014-2015,4.00000,3.80176,"10 Dec 2014","31 Mar 2015",2024-06-07
Karnataka,"Bengaluru Urban",Anekal,Surgajakanahalli,Sidihoskote,Sidihoskote,0000373291,0007001725,250084305,"Deep Tubewell","Ground Water","Near Lake","G TFC050515 Drilling of Borewell at C D Hosakote Habitation, Suragajakkanahalli G.P",2015-2016,2.45000,2.44064,"21 Jul 2015","30 Oct 2015",2024-06-07
Karnataka,"Bengaluru Urban",Anekal,Surgajakanahalli,Aduru,Aduru,0000373295,0007532729,250147878,"Deep Tubewell","Ground Water","Village limit","SCP Revival of PWS Scheme and House hold connection(HH 29)at Aduru Habitation Surajakkanahalli G.P Anekal taluk",2016-2017,10.00000,9.02550,"01 Sep 2016","31 Mar 2018",2024-06-07
Karnataka,"Bengaluru Urban",Anekal,Surgajakanahalli,Aduru,Aduru,0000373295,0005222602,5166057,"Deep Tubewell","Ground Water","Village Limits","Revival of MWS",2012-2013,2.13000,1.91181,"16 Jan 2013","15 Feb 2013",2024-06-07
Karnataka,"Bengaluru Urban",Anekal,Haragadde,Haragadde,Haragadde,0001622881,0003865813,3732269,"Deep Tubewell","Ground Water","Towards temple road","Revival of PWS",2011-2012,6.00000,0.00000,"25 Aug 2011","28 Feb 2012",2024-06-07
Karnataka,"Bengaluru Urban",Anekal,Haragadde,Vaddarapalya,Vaddarapalya,0001622882,0003865839,3732296,"Deep Tubewell","Ground Water","Towards tank road","Revival of MWS",2011-2012,6.00000,0.00000,"25 Aug 2011","28 Feb 2012",2024-06-07
Karnataka,"Bengaluru Urban",Anekal,Hulimangala,"Koppa Gate","Koppa Gate",0000373384,0003866424,3732879,"Deep Tubewell","Ground Water","Towards Koppa","Revival of PWS",2011-2012,6.50000,0.00000,"10 Aug 2011","15 Feb 2012",2024-06-07
Karnataka,"Bengaluru Urban",Anekal,Kallabalu,Vaderamanchenahalli,Vaderamanchenahalli,0000373362,0003907533,3775875,"Deep Tubewell","Ground Water","Towards village main road","Revival of MWS",2011-2012,6.00000,0.00000,"07 Aug 2011","20 Aug 2012",2024-06-07
Karnataka,"Bengaluru Urban",Anekal,Bidaraguppe,Chikkanahalli,Chikkanahalli,0000373497,0001976031,1739887,"Deep Tubewell","Ground Water","M.I. Tank Bund","Near Temple, Near School and Colony",2007-2008,2.50000,2.65000,"05 Dec 2008","10 Jul 2009",2024-06-07
Karnataka,"Bengaluru Urban",Anekal,Bannerghatta,Munimaranadoddi,Munimaranadoddi,0001622877,0006367338,2362756,"Deep Tubewell","Ground Water",tankbed,"G Revival of MWS Scheme",2013-2014,6.00000,6.15638,"21 Mar 2014","31 Dec 2015",2024-06-07
Karnataka,"Bengaluru Urban",Anekal,Ballur,Dasanapura,Dasanapura,0001622876,0002594891,2400067,"Deep Tubewell","Ground Water","village limits","Providing Community Terrafil Units at Dasanapura in Anekal Taluk",2009-2010,2.75000,0.00100,"31 Oct 2009","30 Aug 2010",2024-06-07
Karnataka,"Bengaluru Urban",Anekal,Bannerghatta,Gollahalli,Gollahalli,0000373434,0002595349,2400541,"Deep Tubewell","Ground Water","Village Limits","Village Limits",2010-2011,4.50000,0.00000,"30 Jun 2010","31 Mar 2011",2024-06-07
Karnataka,"Bengaluru Urban",Anekal,Byagadadevanahalli,Byagadadenahalli,Byagadadenahalli,0000373346,0002595440,2400636,"Deep Tubewell","Ground Water","Village Limits","Village Limits",2010-2011,4.50000,0.00000,"30 Jun 2010","31 Aug 2011",2024-06-07
Karnataka,"Bengaluru Urban",Anekal,Indlawadi,Laxmipura,Laxmipura,0000373323,0002595888,2401144,"Deep Tubewell","Ground Water","Village Limits","Village Limits",2010-2011,4.00000,0.00000,"30 Jun 2010","31 Mar 2011",2024-06-07
Karnataka,"Bengaluru Urban",Anekal,Indlawadi,Choodahalli,Choodahalli,0000373326,0002595901,2401158,"Deep Tubewell","Ground Water","Village Limits","Village Limits",2010-2011,4.00000,0.00000,"30 Jun 2010","31 Mar 2011",2024-06-07
Karnataka,"Bengaluru Urban",Anekal,Mantapa,Laxmipura,Sanjeevanagar,0000373415,0002596047,2401308,"Deep Tubewell","Ground Water","Village Limits","Village Limits",2010-2011,4.00000,0.00000,"30 Jun 2010","31 Aug 2011",2024-06-07
Karnataka,"Bengaluru Urban",Anekal,Ragihalli,Ontemaranadoddi,Ontemaranadoddi,0000373452,0002596225,2401500,"Deep Tubewell","Ground Water","Village Limits","Village Limits",2010-2011,4.00000,0.00000,"30 Jun 2010","31 Mar 2011",2024-06-07
Karnataka,"Bengaluru Urban",Anekal,Samandur,Gudnahalli,Gudnahalli,0000373267,0002596266,2401540,"Deep Tubewell","Ground Water","Village Limits","Village Limits",2010-2011,4.25000,0.00000,"30 Jun 2010","31 Mar 2011",2024-06-07
Karnataka,"Bengaluru Urban",Anekal,Haragadde,Vaddarapalya,Vaddarapalya,0001622882,0002596885,2402196,"Deep Tubewell","Ground Water","Village Limit","Community Terrafil Units",2010-2011,1.65000,0.00000,"10 Dec 2010","28 Feb 2011",2024-06-07
Karnataka,"Bengaluru Urban",Anekal,Haragadde,Lingapura,Lingapura,0000373348,0002596932,2402242,"Deep Tubewell","Ground Water","Village Limit","Community Terrafil Units",2010-2011,1.10000,1.26000,"10 Dec 2010","04 Jan 2013",2024-06-07
Karnataka,"Bengaluru Urban",Anekal,Hulimangala,Hulimangala,Hulimangala,0000373388,0002597069,2402386,"Deep Tubewell","Ground Water","Village Limit","Community Terrafil Units",2010-2011,4.95000,5.67000,"10 Dec 2010","03 Jan 2013",2024-06-07
Karnataka,"Bengaluru Urban",Anekal,Hulimangala,Koppa,Koppa,0000373383,0002597082,2402398,"Deep Tubewell","Ground Water","Village Limit","Community Terrafil Units",2010-2011,2.75000,0.00000,"10 Dec 2010","28 Feb 2011",2024-06-07
Karnataka,"Bengaluru Urban",Anekal,Bannerghatta,Bilwardahalli,Bilwardahalli,0000373436,0003677093,3542240,"Deep Tubewell","Ground Water","Bore well (MWS) - Near  Down of Maseedi  (27)",Borewell,2008-2009,1.20000,0.00001,"15 May 2008","15 Jun 2008",2024-06-07
Karnataka,"Bengaluru Urban",Anekal,Bannerghatta,Bytarayanadoddi,"Byatarayana Doddi",0000373444,0003677114,3542261,"Deep Tubewell","Ground Water","Bore well (MWS) - Near  Sampangis House (28)",Borewell,2008-2009,1.20000,0.00001,"15 May 2008","15 Jun 2008",2024-06-07
Karnataka,"Bengaluru Urban",Anekal,Bannerghatta,Shileendradoddi,"Shylendra Doddi",0000373442,0003677190,3542339,"Deep Tubewell","Ground Water","Bore well (MWS) - Near  Hakkipikki Colony, Hut side (32)",Borewell,2008-2009,1.20000,0.00001,"15 May 2008","15 Jun 2008",2024-06-07
Karnataka,"Bengaluru Urban",Anekal,Bannerghatta,Shileendradoddi,"Shylendra Doddi",0000373442,0003677207,3542356,Openwell,"Ground Water","Bore well (MWS) - Near  Near Seenappas House  (33)",Borewell,2008-2009,1.20000,0.00001,"15 May 2008","15 Jun 2008",2024-06-07
Karnataka,"Bengaluru Urban",Anekal,Ballur,Ballur,Ballur,0000373484,0003678642,3543818,"Deep Tubewell","Ground Water","Bore well - Nagalakunte  (02)",Borewell,2008-2009,1.20000,1.20000,"15 May 2008","15 Jun 2008",2024-06-07
Karnataka,"Bengaluru Urban",Anekal,Ballur,Ballur,Ballur,0000373484,0003678710,3543887,"Deep Tubewell","Ground Water","Bore well - Samrat Road (06)",Borewell,2008-2009,1.20000,1.20000,"15 May 2008","15 Jun 2008",2024-06-07
Karnataka,"Bengaluru Urban",Anekal,Ballur,Arehalli,Arehalli,0000373483,0003678853,3544031,"Deep Tubewell","Ground Water","Bore well - Anekal Road (12)",Borewell,2008-2009,1.20000,1.20000,"15 May 2008","15 Jun 2008",2024-06-07
Karnataka,"Bengaluru Urban",Anekal,Bidaraguppe,Bidaraguppe,Bidaraguppe,0000373499,0003679868,3545051,"Deep Tubewell","Ground Water","Bore well - Near Lakshmiathi house  (02)",Borewell,2009-2010,1.20000,1.20000,"15 Apr 2009","15 May 2009",2024-06-07
Karnataka,"Bengaluru Urban",Anekal,Bidaraguppe,Bidaraguppe,Bidaraguppe,0000373499,0003679932,3545115,"Deep Tubewell","Ground Water","Bore well - Near Panchayat Office  (05)",Borewell,2009-2010,1.20000,1.20000,"15 Apr 2009","15 May 2009",2024-06-07
Karnataka,"Bengaluru Urban",Anekal,Bidaraguppe,Arenur,Arenur,0000373498,0007853637,3545242,"Deep Tubewell","Ground Water","Bore well - Near Muniyappas House in Colony (09)","TFC NAC 2018 SCP Drilling of Borewells 3 Nos  for Revival of Water Supply Scheme in Arenuru habitation Bidaraguppe GP Anekal Taluk",2018-2019,7.41400,7.39509,"05 Sep 2018","31 Mar 2019",2024-06-07
Karnataka,"Bengaluru Urban",Anekal,Bidaraguppe,Indlabele,Indlabele,0000373495,0003680137,3545317,"Deep Tubewell","Ground Water","Bore well - Near Ahead of bus stand on road side (10)",Borewell,2009-2010,1.20000,1.20000,"15 Apr 2009","15 May 2009",2024-06-07
Karnataka,"Bengaluru Urban",Anekal,Byagadadevanahalli,Byagadadenahalli,Byagadadenahalli,0000373346,0003680966,3546150,"Deep Tubewell","Ground Water","Bore well - Near Sathish reddy brick factory  (04)",Borewell,2008-2009,1.20000,1.20000,"14 Jan 2010","14 Feb 2010",2024-06-07
Karnataka,"Bengaluru Urban",Anekal,Byagadadevanahalli,Kunimadiwala,Kunimadiwala,0000373345,0003680977,3546161,"Deep Tubewell","Ground Water","Bore well - In Front of overnment School  (05)",Borewell,2008-2009,1.20000,1.20000,"04 Jan 2010","04 Feb 2010",2024-06-07
Karnataka,"Bengaluru Urban",Anekal,Byagadadevanahalli,"Kammasandra Agrahara","Kammasandra Agrahara",0000373339,0003683163,3548443,"Deep Tubewell","Ground Water","Bore well - Near Yellamma Temple (15)",Borewell,2008-2009,1.20000,1.20000,"14 Jan 2010","14 Feb 2010",2024-06-07
Karnataka,"Bengaluru Urban",Anekal,Byagadadevanahalli,Chikkahagde,Vadderahalli,0000373338,0003683177,3548457,"Deep Tubewell","Ground Water","Bore well - Near Anekal Road (17)",Borewell,2008-2009,1.20000,1.20000,"14 Jan 2010","14 Feb 2010",2024-06-07
Karnataka,"Bengaluru Urban",Anekal,Byagadadevanahalli,"Kavala Hosahalli","Kavala Hosahalli",0001622879,0003683185,3548465,"Deep Tubewell","Ground Water","Bore well - Sitaramaiah lake (18)",Borewell,2008-2009,1.20000,1.20000,"14 Jan 2010","14 Feb 2010",2024-06-07
Karnataka,"Bengaluru Urban",Anekal,Dommasandra,Dommasandra,Dommasandra,0000373592,0003693440,3557813,"Deep Tubewell","Ground Water","Bore well - Beside Ganesh Temple (05)",Borewell,2008-2009,1.20000,1.20000,"14 May 2008","14 Jun 2008",2024-06-07
Karnataka,"Bengaluru Urban",Anekal,Dommasandra,Dommasandra,Dommasandra,0000373592,0003693634,3557840,"Deep Tubewell","Ground Water","Bore well - Beside Anjaneya Temple  (06)",Borewell,2008-2009,1.20000,1.20000,"15 May 2008","15 Jun 2008",2024-06-07
Karnataka,"Bengaluru Urban",Anekal,Dommasandra,Dommasandra,Dommasandra,0000373592,0003693828,3558038,"Deep Tubewell","Ground Water","Over Head Tank - 3rd Ward narrow road (in oni) (07)",Borewell,2008-2009,1.20000,1.20000,"15 May 2008","15 Jun 2008",2024-06-07
Karnataka,"Bengaluru Urban",Anekal,Dommasandra,Dommasandra,Dommasandra,0000373592,0003693925,3558136,"Deep Tubewell","Ground Water","5th and 6th Ward sump - In front of Subramani temple (10)",Borewell,2008-2009,1.20000,1.20000,"15 May 2008","15 Jun 2008",2024-06-07
Karnataka,"Bengaluru Urban",Anekal,Dommasandra,Dommasandra,Dommasandra,0000373592,0003694077,3558286,"Deep Tubewell","Ground Water","5th and 6th Ward Sum - In Votekere bore",Borewell,2008-2009,1.20000,1.20000,"15 May 2008","15 Jun 2008",2024-06-07
Karnataka,"Bengaluru Urban",Anekal,Haragadde,Haragadde,Haragadde,0001622881,0003694382,3558589,"Deep Tubewell","Ground Water","Bore well - Near Hennagara Tank (03)",Borewell,2008-2009,1.20000,1.20000,"15 May 2008","15 Jun 2008",2024-06-07
Karnataka,"Bengaluru Urban",Anekal,Haragadde,Seethanayakanahalli,Seethanayakanahalli,0000373350,0003694606,3558814,"Deep Tubewell","Ground Water","Bore well - Near Gundu Thopu (10)",Borewell,2008-2009,1.20000,1.20000,"15 May 2008","15 Jun 2008",2024-06-07
Karnataka,"Bengaluru Urban",Anekal,Haragadde,"Nosenur Gollahalli","Nosenur Gollahalli",0000373353,0003695734,3560002,"Deep Tubewell","Ground Water","Bore well - Near Tank (Kere) N. Gollahalli (14)",Borewell,2008-2009,1.20000,1.20000,"15 May 2008","15 Jun 2008",2024-06-07
Karnataka,"Bengaluru Urban",Anekal,Haragadde,Nayanahalli,Nayanahalli,0001622885,0003699006,3563307,"Deep Tubewell","Ground Water","Bore well - Near of Nayanahalli Soppahalli Road  (16)",Borewell,2008-2009,1.20000,1.20000,"15 May 2008","15 Jun 2008",2024-06-07
Karnataka,"Bengaluru Urban",Anekal,Haragadde,Dyavasandra,Dyavasandra,0001622880,0003699632,3563938,"Deep Tubewell","Ground Water","Bore well - Side of Nosenoor Sri Balareddy farm land (11)",Borewell,2008-2009,1.20000,1.20000,"15 May 2008","15 Jun 2008",2024-06-07
Karnataka,"Bengaluru Urban",Anekal,Indlawadi,Baggandoddi,Baggandoddi,0000373333,0007143190,2410924,"Deep Tubewell","Ground Water","Village Limits","SCP  Revival of  MWS Scheme",2015-2016,8.00000,3.71820,"25 Oct 2015","31 Dec 2015",2024-06-07
Karnataka,"Bengaluru Urban",Anekal,Indlawadi,Indlawadi,Indlawadi,0000373330,0007208716,2415387,"Deep Tubewell","Ground Water","Village Limit","QA Concept Report  for Providing Drinking water  to Suryanagara and 18 Villages under  MVS Scheme",2015-2016,5.00000,5.00000,"25 Oct 2015","31 Mar 2016",2024-06-07
Karnataka,"Bengaluru Urban",Anekal,Kallabalu,Harapanahalli,Harapanahalli,0000373368,0002616258,2422362,"Deep Tubewell","Ground Water","Village Limit","Community Terrafil Units",2010-2011,2.20000,2.52000,"10 Dec 2010","04 Jan 2013",2024-06-07
Karnataka,"Bengaluru Urban",Anekal,Mantapa,Sakalavara,Sakalavara,0000373419,0002616285,2422390,"Deep Tubewell","Ground Water","Village Limit","Community Terrafil Units",2010-2011,1.65000,1.89000,"10 Dec 2010","09 Jan 2013",2024-06-07
Karnataka,"Bengaluru Urban",Anekal,Marsoor,Marsoor,Marsoor,0000373309,0002616295,2422400,"Deep Tubewell","Ground Water","Village Limit","Community Terrafil Units",2010-2011,4.40000,0.00000,"10 Dec 2010","15 Sep 2012",2024-06-07
Karnataka,"Bengaluru Urban",Anekal,Ragihalli,Shivanahalli,Shivanahalli,0000373451,0002624542,2428032,"Deep Tubewell","Ground Water","village limit","community terrafil units",2010-2011,1.65000,1.89000,"10 Dec 2010","16 Jan 2013",2024-06-07
Karnataka,"Bengaluru Urban",Anekal,Vannakanahalli,Choodenahalli,Kalyanakanahalli,0000373306,0002866062,2689488,"Deep Tubewell","Ground Water","Revival of  Mini Water Supply Scheme at Kalanayakanahalli Village","Revival of  Mini Water Supply Scheme at Kalanayakanahalli Village",2010-2011,4.00000,0.00000,"15 Jan 2010","31 Mar 2011",2024-06-07
Karnataka,"Bengaluru Urban",Anekal,Handenahalli,Handenahalli,Handenahalli,0000373542,0003699906,3564246,"Deep Tubewell","Ground Water","Bore well Near Meese Srinivasa reddys house  (04)",Borewell,2009-2010,1.20000,1.20000,"12 Apr 2009","12 May 2009",2024-06-07
Karnataka,"Bengaluru Urban",Anekal,Handenahalli,Sollepura,Sollepura,0000373543,0003699953,3564293,"Deep Tubewell","Ground Water","Bore well - Near Water man Ashos House (06)",Borewell,2009-2010,1.20000,1.20000,"12 Apr 2009","12 May 2009",2024-06-07
Karnataka,"Bengaluru Urban",Anekal,Handenahalli,Kotiganahalli,Kotiganahalli,0000373536,0003700019,3564359,"Deep Tubewell","Ground Water","Bore well - Near T Ramappas House (07)",Borewell,2009-2010,1.20000,1.20000,"12 Apr 2009","12 May 2009",2024-06-07
Karnataka,"Bengaluru Urban",Anekal,Handenahalli,"S. Medihalli","S. Medihalli",0000373539,0003701057,3565452,"Deep Tubewell","Ground Water","Bore well - S Medihalli (Kere) (09)",Borewell,2009-2010,1.20000,1.20000,"12 Apr 2009","12 May 2009",2024-06-07
Karnataka,"Bengaluru Urban",Anekal,Handenahalli,"S. Medihalli",Thyavakanahalli,0000373540,0003701130,3565525,"Deep Tubewell","Ground Water","Bore well - Tyavakkanahalli (12)",Borewell,2009-2010,1.20000,1.20000,"12 Apr 2009","12 May 2009",2024-06-07
Karnataka,"Bengaluru Urban",Anekal,Billapura,Booragunte,Booragunte,0000373533,0003701315,3565711,"Deep Tubewell","Ground Water","Bore well - Behind Govt, School (17)",Borewell,2009-2010,1.20000,1.20000,"12 Apr 2009","12 May 2009",2024-06-07
Karnataka,"Bengaluru Urban",Anekal,Hennagara,Hinnakki,Hinnakki,0000373401,0003707490,3571917,"Deep Tubewell","Ground Water","Bore well OHT - Near Munyappa house (06)","Bore well",2009-2010,1.25000,1.25000,"15 May 2009","15 Jun 2009",2024-06-07
Karnataka,"Bengaluru Urban",Anekal,Hennagara,Ramakrishnapura,Ramakrishnapura,0001622888,0003707622,3572051,"Deep Tubewell","Ground Water","Bore well MWS - Near Tank weaste weir (08)","Bore well",2009-2010,1.20000,1.20000,"15 May 2009","15 Jun 2009",2024-06-07
Karnataka,"Bengaluru Urban",Anekal,Hennagara,Kachanayakanahalli,Kachanayakanahalli,0000373402,0003708084,3572515,"Deep Tubewell","Ground Water","OHT - Near Yellareddys house  (17)","Bore well",2009-2010,1.20000,1.20000,"15 May 2009","15 Jun 2009",2024-06-07
Karnataka,"Bengaluru Urban",Anekal,Hennagara,Kachanayakanahalli,Kachanayakanahalli,0000373402,0003708308,3572742,"Deep Tubewell","Ground Water","OHT - Near Parvathammas house  (18)","Bore well",2009-2010,1.20000,0.12000,"15 May 2009","15 Jun 2009",2024-06-07
Karnataka,"Bengaluru Urban",Anekal,Hennagara,Kachanayakanahalli,Kachanayakanahalli,0000373402,0003708353,3572788,"Deep Tubewell","Ground Water","MWS - Near Krishna reddy house  (19)","Bore well",2009-2010,1.20000,1.20000,"15 May 2009","15 Jun 2009",2024-06-07
Karnataka,"Bengaluru Urban",Anekal,Hennagara,Rajapura,Rajapura,0000373396,0003708454,3572891,"Deep Tubewell","Ground Water","MWS - Hinnaki tank waste weir road (kere kodi road) (22)","Bore well",2009-2010,1.20000,1.20000,"15 May 2009","15 Jun 2009",2024-06-07
Karnataka,"Bengaluru Urban",Anekal,Bidaraguppe,Indlabele,Indlabele,0000373495,0003728129,3592761,"Deep Tubewell","Ground Water","village limit","pipeline extension",2011-2012,3.00000,0.00000,"28 Jul 2011","15 Mar 2012",2024-06-07
Karnataka,"Bengaluru Urban",Anekal,Samandur,Hompalgatta,Hompalgatta,0000373265,0007145946,3593834,"Deep Tubewell","Ground Water","Govt. Primary School","SCP Drilling of BW and Energisation",2015-2016,5.00000,0.00000,"25 Oct 2015","31 Mar 2016",2024-06-07
Karnataka,"Bengaluru Urban",Anekal,Samandur,Kuvempunagara,Kuvempunagara,0000373264,0003729218,3593867,"Deep Tubewell","Ground Water","Govt. Primary School","School Water Supply",2011-2012,1.00000,0.00000,"15 Aug 2011","15 Feb 2012",2024-06-07
Karnataka,"Bengaluru Urban",Anekal,Dommasandra,Dommasandra,Dommasandra,0000373592,0003733336,3598017,"Deep Tubewell","Ground Water","Village Limit","Extension of Pipe Line",2011-2012,8.00000,4.16780,"25 Aug 2011","04 Dec 2012",2024-06-07
Karnataka,"Bengaluru Urban",Anekal,Kallabalu,Kallabalu,Kallabalu,0000373363,0003733390,3598071,"Deep Tubewell","Ground Water","Village Limit","Extension of Pipe Line",2011-2012,3.00000,0.00000,"18 Aug 2011","15 Mar 2012",2024-06-07
Karnataka,"Bengaluru Urban",Anekal,Mantapa,Hullahalli,Hullahalli,0000373422,0003733414,3598096,"Deep Tubewell","Ground Water","Village Limit","Extension of Pipe Line",2011-2012,3.00000,0.00000,"15 Jul 2011","28 Feb 2012",2024-06-07
Karnataka,"Bengaluru Urban",Anekal,Bannerghatta,Kariyappanahalli,Kariyappanahalli,0000373432,0003864826,3731269,"Deep Tubewell","Ground Water","village limit","Revival of MWS",2011-2012,5.50000,0.00000,"22 Aug 2011","20 Feb 2012",2024-06-07
Karnataka,"Bengaluru Urban",Anekal,Bannerghatta,"Hakkipikki Colony","Akki Pikki Colony",0000373441,0003864896,3731339,"Deep Tubewell","Ground Water","Road side","Revival of MWS",2011-2012,6.00000,0.00000,"16 Aug 2011","25 Jan 2012",2024-06-07
Karnataka,"Bengaluru Urban",Anekal,Bannerghatta,Boothanahalli,Boothanahalli,0000373440,0003864931,3731375,"Deep Tubewell","Ground Water","Village limit","Revival of PWS",2011-2012,6.50000,0.00000,"18 Aug 2011","20 Jan 2012",2024-06-07
Karnataka,"Bengaluru Urban",Anekal,Bannerghatta,Byrappanahalli,Byrappanahalli,0000373429,0003864969,3731412,"Deep Tubewell","Ground Water","Village limit","Revival of MWS",2011-2012,6.00000,0.00000,"22 Aug 2011","25 Feb 2012",2024-06-07
Karnataka,"Bengaluru Urban",Anekal,Bidaraguppe,Narasapura,Narsapura,0000373501,0003865110,3731554,"Deep Tubewell","Ground Water","Road Side","Revival of MWS",2011-2012,5.50000,1.29000,"17 Aug 2011","01 Mar 2013",2024-06-07
Karnataka,"Bengaluru Urban",Anekal,Kallabalu,"Muthurayaswamy Doddi","Muthurayaswamy Doddi",0001622893,0002605272,2411036,"Deep Tubewell","Ground Water","Village Limits","Village Limits",2010-2011,4.00000,0.00000,"30 Jun 2010","31 Mar 2011",2024-06-07
Karnataka,"Bengaluru Urban",Anekal,Ragihalli,Shivanahalli,Koramaradoddi,0000373455,0002616388,2422491,"Deep Tubewell","Ground Water","Village Limit","Community Terrafil Units",2010-2011,1.65000,1.89000,"10 Dec 2010","09 Jan 2013",2024-06-07
Karnataka,"Bengaluru Urban",Anekal,Bannerghatta,"Kannayaka Agrahara","Kannayaka Agrahara",0000373446,0002619835,2424820,"Deep Tubewell","Ground Water",NA,"K.N.Agrahara Bande School",2010-2011,0.50000,0.00000,"30 Jun 2010","31 Dec 2010",2024-06-07
Karnataka,"Bengaluru Urban",Anekal,Hulimangala,Shikaripalya,Shikaripalya,0000373393,0002620095,2424925,"Deep Tubewell","Ground Water",NA,"Primary with UPS",2010-2011,1.00000,0.00000,"30 Jun 2010","31 Dec 2010",2024-06-07
Karnataka,"Bengaluru Urban",Anekal,Handenahalli,Handenahalli,Handenahalli,0000373542,0002865925,2689351,"Deep Tubewell","Ground Water","Providing Piped Water Supply Scheme to  Sollepura Kotiganahalli","Providing Piped Water Supply Scheme to  Sollepura Kotiganahalli",2010-2011,15.00000,0.00000,"12 Jan 2010","28 Jan 2011",2024-06-07
Karnataka,"Bengaluru Urban",Anekal,Indlawadi,Kadajakanahalli,"Thimmaiahana Doddi",0000373335,0002866565,2689981,"Deep Tubewell","Ground Water","Revival of  Mini Water Supply Scheme at Thimmaiahanadoddi Village","Revival of  Mini Water Supply Scheme at Thimmaiahanadoddi Village",2010-2011,4.20000,0.00000,"28 Nov 2010","31 Mar 2011",2024-06-07
Karnataka,"Bengaluru Urban",Anekal,Marsoor,Naganaikanahalli,Naganayakanahalli,0000373310,0000558426,129647,"Deep Tubewell","Ground Water",NA,"Near Aproach Road",2004-2005,9.99000,9.98500,"24 Feb 2005","26 Jan 2006",2024-06-07
Karnataka,"Bengaluru Urban",Anekal,Byagadadevanahalli,Avadedenahalli,Avadedenahalli,0000373343,0000417998,129906,"Deep Tubewell","Ground Water",NA,"Village limit",2006-2007,3.00000,1.82000,"12 Jan 2006","18 Jul 2007",2024-06-07
Karnataka,"Bengaluru Urban",Anekal,Bannerghatta,Shyanubhoganahalli,Shanubhoganahalli,0000373437,0000558378,130031,"Deep Tubewell","Ground Water",NA,"Near Village",2007-2008,3.50000,0.58000,"10 Mar 2008","24 Sep 2008",2024-06-07
Karnataka,"Bengaluru Urban",Anekal,Neriga,"Halsahalli Thippasandra","Halsahalli Thippasandra",0000373571,0000549307,130040,"Deep Tubewell","Ground Water",NA,"Revival of MWS",2006-2007,2.80000,2.55000,"03 May 2007","13 Aug 2007",2024-06-07
Karnataka,"Bengaluru Urban",Anekal,Shantipura,Choodasandra,Choodasandra,0000373591,0000549395,130118,"Deep Tubewell","Ground Water",NA,"Revival of MWS",2006-2007,4.00000,2.43000,"11 Jul 2007","20 Sep 2007",2024-06-07
Karnataka,"Bengaluru Urban",Anekal,Karpoor,Haldenahalli,Dinnuru,0000373276,0000549479,132528,"Deep Tubewell","Ground Water","village limit",villagelimit,2007-2008,3.70000,2.69000,"12 Mar 2008","28 Aug 2008",2024-06-07
Karnataka,"Bengaluru Urban",Anekal,Samandur,Sabmangala,Sabmangala,0000373266,0000558181,135766,"Deep Tubewell","Ground Water",NA,villagelimit,2007-2008,3.70000,0.81000,"20 Mar 2008","27 Aug 2008",2024-06-07
Karnataka,"Bengaluru Urban",Anekal,Neralur,Neralur,Neralur,0000373479,0001748528,1495913,"Deep Tubewell","Ground Water","Tank bed","Near Village Main Road",2008-2009,2.00000,0.00001,"02 May 2009","30 May 2010",2024-06-07
Karnataka,"Bengaluru Urban",Anekal,Surgajakanahalli,Chinnaiahnapalya,Chinnaiahanapalya,0000373290,0001749236,1496724,"Deep Tubewell","Ground Water","Tank bed","Near School on Main Road of the village",2008-2009,3.70000,1.39000,"30 Jun 2009","30 Aug 2009",2024-06-07
Karnataka,"Bengaluru Urban",Anekal,Byagadadevanahalli,Kunimadiwala,Kunimadiwala,0000373345,0001767505,1516830,"Deep Tubewell","Ground Water","Village Limitgs","Village Limits",2007-2008,3.70000,0.72000,"05 Dec 2008","30 May 2010",2024-06-07
Karnataka,"Bengaluru Urban",Anekal,Neralur,Itchangur,Itchangur,0000373474,0001768404,1517782,"Deep Tubewell","Ground Water","Village Limits","Village Limits",2008-2009,15.00000,0.00000,"10 Aug 2009","30 May 2010",2024-06-07
Karnataka,"Bengaluru Urban",Anekal,Samandur,Marnayakanahalli,Marnayakanahalli,0000373274,0001768695,1518110,"Deep Tubewell","Ground Water","Samanduru Road","School compound",2008-2009,15.00000,0.00001,"04 Sep 2009","30 May 2010",2024-06-07
Karnataka,"Bengaluru Urban",Anekal,Hennagara,Hinnakki,Hinnakki,0000373401,0007143186,1518724,"Deep Tubewell","Ground Water","village limit","SC COLONY  Revival of  MWS Scheme",2015-2016,10.00000,0.00000,"25 Oct 2015","31 Mar 2016",2024-06-07
Karnataka,"Bengaluru Urban",Anekal,Kallabalu,Konnasandra,Konnasandra,0000373369,0001769982,1519423,"Deep Tubewell","Ground Water","Combined Villages (Konnasandra &amp;amp; Bommandanahalli)","Village Limits",2008-2009,16.00000,0.00000,"15 Oct 2009","31 Aug 2011",2024-06-07
Karnataka,"Bengaluru Urban",Anekal,Mantapa,"Chinnaiahna Palya",Chinnaiahanapalya,0000373424,0001770113,1519543,"Deep Tubewell","Ground Water","Village Limits","(1) Village entrance (2) Main road",2008-2009,2.63000,0.00001,"10 Oct 2008","30 May 2010",2024-06-07
Karnataka,"Bengaluru Urban",Anekal,Mayasandra,Mayasandra,Mayasandra,0000373490,0001770216,1519644,"Deep Tubewell","Ground Water","Village Limits","Village Limits",2008-2009,4.05000,2.47000,"20 Dec 2008","25 Feb 2009",2024-06-07
Karnataka,"Bengaluru Urban",Anekal,Bannerghatta,Kulumepalya,Kulumepalya,0000373447,0001422214,123027,"Deep Tubewell","Ground Water",NA,"Village limit",2008-2009,16.00000,1.46000,"02 Jan 2009","29 Apr 2009",2024-06-07
Karnataka,"Bengaluru Urban",Anekal,Shantipura,Gattahalli,Gattahalli,0000373587,0000558347,123440,"Deep Tubewell","Ground Water",NA,"Near Village",2007-2008,3.00000,2.63000,"06 Mar 2008","25 Aug 2008",2024-06-07
Karnataka,"Bengaluru Urban",Anekal,Haragadde,"Mada Pattana",Madapatna,0001622883,0000774180,123899,"Deep Tubewell","Ground Water",NA,"Near Loop Road",2001-2002,8.50000,8.83000,"10 Feb 2002","05 Mar 2004",2024-06-07
Karnataka,"Bengaluru Urban",Anekal,Bidaraguppe,Mallenahallli,Malenahalli,0000373500,0000549144,124310,"Deep Tubewell","Ground Water",NA,"Providing Piped Water Supply Scheme",2006-2007,12.00000,6.09903,"23 Aug 2007","20 Mar 2013",2024-06-07
Karnataka,"Bengaluru Urban",Anekal,Haragadde,Vaddarapalya,Vaddarapalya,0001622882,0000558433,124319,"Deep Tubewell","Ground Water",NA,"Near MI Tank",2004-2005,9.00000,8.99500,"23 Mar 2005","21 Mar 2007",2024-06-07
Karnataka,"Bengaluru Urban",Anekal,Billapura,Adigarakallahalli,Adigarakallahalli,0000373538,0000549159,124542,"Deep Tubewell","Ground Water",NA,PWS,2006-2007,12.00000,12.00000,"12 Jul 2007","10 Mar 2008",2024-06-07
Karnataka,"Bengaluru Urban",Anekal,Mantapa,Mantapa,Mantapa,0000373406,0000774812,124550,"Deep Tubewell","Ground Water",NA,"Near Vajarahalli",2001-2002,0.60000,0.60000,"01 Mar 2002","12 Jan 2004",2024-06-07
Karnataka,"Bengaluru Urban",Anekal,Karpoor,Haldenahalli,Haldenahalli,0000373275,0000558341,124777,"Deep Tubewell","Ground Water",NA,"village limit",2007-2008,3.50000,3.00000,"20 Mar 2008","25 Sep 2008",2024-06-07
Karnataka,"Bengaluru Urban",Anekal,Muthanallur,Muthanallur,Muthanallur,0000373559,0000547392,124970,"Deep Tubewell","Ground Water",NA,villagelimit,2006-2007,12.00000,9.55000,"30 Nov 2007","30 May 2010",2024-06-07
Karnataka,"Bengaluru Urban",Anekal,Kallabalu,Harapanahalli,Harapanahalli,0000373368,0000549363,125001,"Deep Tubewell","Ground Water",NA,"Revival of MWS",2006-2007,3.50000,3.50000,"03 Jan 2008","18 Mar 2008",2024-06-07
Karnataka,"Bengaluru Urban",Anekal,Handenahalli,Handenahalli,Handenahalli,0000373542,0000420064,125916,"Deep Tubewell","Ground Water",NA,"village limit",2006-2007,3.50000,3.21000,"21 Dec 2006","12 Jun 2007",2024-06-07
Karnataka,"Bengaluru Urban",Anekal,Indlawadi,Bangladoddi,Bangaladoddi,0000373329,0000558232,126045,"Deep Tubewell","Ground Water",NA,"Aproach Road",2007-2008,3.70000,0.72000,"28 Feb 2008","24 Mar 2008",2024-06-07
Karnataka,"Bengaluru Urban",Anekal,Sarjapura,Sarjapura,Sarjapura,0000373516,0000558365,126256,"Deep Tubewell","Ground Water",NA,"Near Renukanar",2007-2008,4.50000,0.85800,"10 Mar 2008","20 Nov 2008",2024-06-07
Karnataka,"Bengaluru Urban",Anekal,Handenahalli,Kotiganahalli,Kotiganahalli,0000373536,0000420089,126374,"Deep Tubewell","Ground Water",NA,"village limit",2006-2007,13.95000,4.00000,"04 Oct 2006","02 Aug 2007",2024-06-07
Karnataka,"Bengaluru Urban",Anekal,Hulimangala,"S. Bingipura","S. Bingipura",0000373389,0000558199,126424,"Deep Tubewell","Ground Water",NA,"Revival of MWS",2007-2008,3.70000,3.70000,"10 Mar 2008","11 Aug 2008",2024-06-07
Karnataka,"Bengaluru Urban",Anekal,Samandur,Marnayakanahalli,Marnayakanahalli,0000373274,0000558277,126682,"Deep Tubewell","Ground Water",NA,"village limit",2007-2008,3.70000,3.50000,"28 Mar 2008","22 Oct 2008",2024-06-07
Karnataka,"Bengaluru Urban",Anekal,Bannerghatta,Gollahalli,Gollahalli,0000373434,0000436328,126761,"Deep Tubewell","Ground Water",NA,PWSS,2006-2007,13.00000,6.00000,"05 Jul 2007","04 Jan 2008",2024-06-07
Karnataka,"Bengaluru Urban",Anekal,Bannerghatta,Bannerughatta,Bannerghatta,0000373430,0000436323,128361,"Deep Tubewell","Ground Water",NA,PWSS,2006-2007,13.00000,0.01000,"05 Jul 2007","31 Oct 2010",2024-06-07
Karnataka,"Bengaluru Urban",Anekal,Hennagara,Hennagara,Hennagara,0000373394,0000774828,128539,"Deep Tubewell","Ground Water",NA,"Village Limits",2001-2002,0.60000,0.59000,"12 Apr 2003","02 Feb 2004",2024-06-07
Karnataka,"Bengaluru Urban",Anekal,Yamare,Chambenahalli,Chambenahalli,0000373552,0000549463,128599,"Deep Tubewell","Ground Water",NA,"Revival of MWS",2007-2008,3.70000,1.05000,"10 Mar 2008","23 Jan 2009",2024-06-07
Karnataka,"Bengaluru Urban",Anekal,Marsoor,Madiwala,Madiwala,0000373311,0000547308,128626,"Deep Tubewell","Ground Water",NA,villagelimit,2006-2007,12.90000,9.85000,"05 Jun 2007","12 Mar 2008",2024-06-07
Karnataka,"Bengaluru Urban",Anekal,Indlawadi,Thimmasandra,Thimmasandra,0000373320,0006669921,250067828,"Deep Tubewell","Ground Water","Village limit","TSP Revival of MWS Scheme",2014-2015,8.90000,9.05788,"25 Sep 2014","31 Dec 2015",2024-06-07
Karnataka,"Bengaluru Urban",Anekal,Indlawadi,Kadajakanahalli,"Thimmaiahana Doddi",0000373335,0006669949,250067840,"Deep Tubewell","Ground Water","Village limit","Drinking Water Facility to School",2014-2015,1.00000,0.98356,"20 Sep 2014","31 Mar 2015",2024-06-07
Karnataka,"Bengaluru Urban",Anekal,Bannerghatta,"Hakkipikki Colony","Akki Pikki Colony",0000373441,0006669962,250067845,"Deep Tubewell","Ground Water","Village limit","Drinking Water Facility to Anganawadi",2014-2015,1.00000,0.98000,"20 Sep 2014","31 Mar 2015",2024-06-07
Karnataka,"Bengaluru Urban",Anekal,Ballur,Arehalli,Arehalli,0000373483,0006670021,250067883,"Deep Tubewell","Ground Water","Colony limit","SCP Individual House Connections",2014-2015,6.00000,7.71027,"20 Sep 2014","31 Dec 2015",2024-06-07
Karnataka,"Bengaluru Urban",Anekal,Bannerghatta,"Kannayaka Agrahara","Kannayaka Agrahara",0000373446,0006670036,250067888,"Deep Tubewell","Ground Water","Colony limit","G Individual House Connections",2014-2015,5.50000,5.74890,"20 Sep 2014","31 Dec 2018",2024-06-07
Karnataka,"Bengaluru Urban",Anekal,Haragadde,Vaddarapalya,Vaddarapalya,0001622882,0006670063,250067908,"Deep Tubewell","Ground Water","Colony limit","G Individual House Connections",2014-2015,5.15000,5.12001,"20 Sep 2014","31 Mar 2018",2024-06-07
Karnataka,"Bengaluru Urban",Anekal,Hennagara,Hosahalli,Hosahalli,0000373400,0006670065,250069060,"Deep Tubewell","Ground Water","Colony limit","SCP Individual House Connections",2014-2015,5.10000,4.00584,"20 Sep 2014","31 Mar 2018",2024-06-07
Karnataka,"Bengaluru Urban",Anekal,Hulimangala,Hulimangala,Hulimangala,0000373388,0006670074,250067916,"Deep Tubewell","Ground Water","Colony limit","G Individual House Connections",2014-2015,9.75000,8.74533,"20 Sep 2014","30 Nov 2015",2024-06-07
Karnataka,"Bengaluru Urban",Anekal,Mantapa,Chathekerepalya,Chathekerepalya,0000373423,0006670106,250069068,"Deep Tubewell","Ground Water","Colony limit","SCP Individual House Connections",2014-2015,9.95000,8.85224,"20 Sep 2014","30 Mar 2016",2024-06-07
Karnataka,"Bengaluru Urban",Anekal,Marsoor,Naganaikanahalli,Naganayakanahalli,0000373310,0006670111,250067943,"Deep Tubewell","Ground Water","Colony limit","G Individual House Connections",2014-2015,6.40000,6.33619,"25 Sep 2014","31 Mar 2017",2024-06-07
Karnataka,"Bengaluru Urban",Anekal,Neriga,Gonigattapura,Gonigattapura,0000373565,0006670139,250067959,"Deep Tubewell","Ground Water","Colony limit","SCP Individual House Connections",2014-2015,5.25000,5.24560,"25 Sep 2014","31 Mar 2016",2024-06-07
Karnataka,"Bengaluru Urban",Anekal,Bannerghatta,"Hakkipikki Colony","Akki Pikki Colony",0000373441,0006670174,250067990,"Deep Tubewell","Ground Water","Colony limit","SCP Individual House Connections",2014-2015,3.80000,3.52104,"20 Sep 2014","31 Mar 2018",2024-06-07
Karnataka,"Bengaluru Urban",Anekal,Huskuru,Huskuru,Huskuru,0000373579,0006685919,250073456,"Deep Tubewell","Ground Water","Near Bus Stand","Drilling of Borewell",2014-2015,1.37000,1.36297,"19 Jul 2014","04 Aug 2014",2024-06-07
Karnataka,"Bengaluru Urban",Anekal,Neriga,Heggondahalli,Heggondahalli,0000373570,0006685921,250073458,"Deep Tubewell","Ground Water","Village limit","Drilling of Borewell",2014-2015,2.28000,2.27871,"19 Jul 2014","11 Aug 2014",2024-06-07
Karnataka,"Bengaluru Urban",Anekal,Handenahalli,Handenahalli,Handenahalli,0000373542,0006685931,250073468,"Deep Tubewell","Ground Water","Village limit BW2","Drilling of Borewell",2014-2015,1.77000,1.77106,"19 Jul 2014","11 Aug 2014",2024-06-07
Karnataka,"Bengaluru Urban",Anekal,Yamare,"Volagere Kallahalli","Volagere Kallahalli",0000373550,0006685932,250073469,"Deep Tubewell","Ground Water",Villagelimit,"Drilling of Borewell",2014-2015,1.43000,1.42788,"19 Jul 2014","07 Aug 2014",2024-06-07
Karnataka,"Bengaluru Urban",Anekal,Yamare,"Thigala Chowdadenahalli","Thigala Chowdadenahalli",0000373553,0006685933,250073470,"Deep Tubewell","Ground Water",Villagelimit,"Drilling of Borewell",2014-2015,0.85000,0.84774,"19 Jul 2014","06 Aug 2014",2024-06-07
Karnataka,"Bengaluru Urban",Anekal,Bidaraguppe,Mallenahallli,Malenahalli,0000373500,0006685937,250073474,"Deep Tubewell","Ground Water","Village limit BW2","Drilling of Borewell",2014-2015,2.26000,2.25805,"19 Jul 2014","11 Aug 2014",2024-06-07
Karnataka,"Bengaluru Urban",Anekal,Bidaraguppe,Bidaraguppe,"Silk Farm",0001622878,0006685955,250073484,"Deep Tubewell","Ground Water","Village limit","Drilling of Borewell",2014-2015,2.04000,2.03198,"19 Jul 2014","07 Aug 2014",2024-06-07
Karnataka,"Bengaluru Urban",Anekal,Neralur,Thirumagondanahalli,Thirumagondanahalli,0000373478,0006685964,250073488,"Deep Tubewell","Ground Water","Village limit","Drilling of Borewell",2014-2015,2.09000,2.09042,"19 Jul 2014","07 Aug 2014",2024-06-07
Karnataka,"Bengaluru Urban",Anekal,Mantapa,Hullahalli,Hullahalli,0000373422,0006686005,250073502,"Deep Tubewell","Ground Water","Colony limit","Drilling of Borewell",2014-2015,1.71000,1.70474,"19 Jul 2014","11 Aug 2014",2024-06-07
Karnataka,"Bengaluru Urban",Anekal,Ragihalli,Ontemaranadoddi,Ontemaranadoddi,0000373452,0005589837,5550062,"Deep Tubewell","Ground Water","Village limit","Revival of MWS Scheme",2013-2014,5.00000,0.00000,"15 Sep 2013","10 Mar 2014",2024-06-07
Karnataka,"Bengaluru Urban",Anekal,Neralur,Krishnasagara,Krishnasagara,0000373473,0005614200,5576883,"Deep Tubewell","Ground Water","Colony limit","Revival of MWS Scheme",2013-2014,10.00000,10.29247,"15 Sep 2013","01 Mar 2014",2024-06-07
Karnataka,"Bengaluru Urban",Anekal,Hennagara,Kachanayakanahalli,Kachanayakanahalli,0000373402,0005614620,5577404,"Deep Tubewell","Ground Water","School limit","Drinking Water Facility to School",2013-2014,1.00000,0.00000,"15 Sep 2013","20 Jan 2014",2024-06-07
Karnataka,"Bengaluru Urban",Anekal,Vannakanahalli,Singasandra,Singasandra,0000373300,0005628601,5593971,"Deep Tubewell","Ground Water","Village limit","Drinking Water Facility to Anganawadi",2013-2014,1.00000,0.99881,"20 Sep 2013","20 Jan 2014",2024-06-07
Karnataka,"Bengaluru Urban",Anekal,Haragadde,"Nosenur Gollahalli","Nosenur Gollahalli",0000373353,0005641157,5601220,"Deep Tubewell","Ground Water","Village limit","G Revival of MWS Scheme",2013-2014,7.00000,7.45675,"25 Sep 2013","31 Mar 2017",2024-06-07
Karnataka,"Bengaluru Urban",Anekal,Neriga,"Halsahalli Thippasandra","Halsahalli Thippasandra",0000373571,0005701717,6739647,"Deep Tubewell","Ground Water","Village limit","Revival of MWS Scheme",2013-2014,5.00000,4.36256,"15 Sep 2013","01 Mar 2014",2024-06-07
Karnataka,"Bengaluru Urban",Anekal,Neriga,Kathriguppe,Kathriguppe,0000373567,0005701748,6739690,"Deep Tubewell","Ground Water","Village limit","Revival of MWS Scheme",2013-2014,6.00000,6.12770,"15 Sep 2013","05 Mar 2014",2024-06-07
Karnataka,"Bengaluru Urban",Anekal,Sarjapura,Sarjapura,Sarjapura,0000373516,0005701884,6739895,"Deep Tubewell","Ground Water","SVP Vidyasamsthe","Drinking Water Facility to School",2013-2014,1.00000,0.97490,"15 Sep 2013","20 Mar 2014",2024-06-07
Karnataka,"Bengaluru Urban",Anekal,Sarjapura,Sarjapura,Sarjapura,0000373516,0005701911,6739929,"Deep Tubewell","Ground Water",NA,"Drinking Water Facility to School",2013-2014,1.00000,0.90225,"10 Sep 2013","20 Mar 2014",2024-06-07
Karnataka,"Bengaluru Urban",Anekal,Hennagara,Yarandahalli,Yarandahalli,0000373399,0005702435,6740738,"Deep Tubewell","Ground Water","Village limit","Drinking Water Facility to Anganawadi",2013-2014,1.00000,0.99881,"10 Sep 2013","02 Dec 2013",2024-06-07
Karnataka,"Bengaluru Urban",Anekal,Marsoor,Shettihalli,Shettihalli,0000373314,0005709330,250001236,"Deep Tubewell","Ground Water","Village limit","Drinking Water Facility to Anganawadi",2013-2014,1.00000,0.00000,"15 Sep 2013","12 Nov 2013",2024-06-07
Karnataka,"Bengaluru Urban",Anekal,Mayasandra,Mayasandra,Mayasandra,0000373490,0005709409,250001254,"Deep Tubewell","Ground Water","Village Limit","Drinking Water Facility to Anganwadi",2013-2014,1.00000,0.99854,"15 Sep 2013","10 Feb 2014",2024-06-07
Karnataka,"Bengaluru Urban",Anekal,Ballur,Arehalli,Arehalli,0000373483,0005709768,250001310,"Deep Tubewell","Ground Water","Village limit","Drinking Water Facility to Anganawadi",2013-2014,1.00000,0.99559,"15 Sep 2013","01 Mar 2014",2024-06-07
Karnataka,"Bengaluru Urban",Anekal,Mayasandra,"M. Medihalli","M. Medihalli",0000373494,0005709844,250001329,"Deep Tubewell","Ground Water","Village limit","Drinking Water Facility to Anganawadi",2013-2014,1.00000,0.99717,"15 Sep 2013","10 Feb 2014",2024-06-07
Karnataka,"Bengaluru Urban",Anekal,Neralur,Bendiganahalli,Bendiganahalli,0000373482,0005710013,250001363,"Deep Tubewell","Ground Water","Village limit","Drinking Water Facility to Anganawadi",2013-2014,1.00000,0.99853,"15 Sep 2013","20 Mar 2014",2024-06-07
Karnataka,"Bengaluru Urban",Anekal,Hulimangala,"Koppa Gate","Koppa Gate",0000373384,0005710861,250001484,"Deep Tubewell","Ground Water","Village limit","Drinking Water Facility to Anganawadi",2013-2014,1.00000,0.00000,"15 Sep 2013","31 Oct 2013",2024-06-07
Karnataka,"Bengaluru Urban",Anekal,Hulimangala,Vabbasandra,Vabbasandra,0000373386,0005711967,250001611,"Deep Tubewell","Ground Water","Village limit","Drinking Water Facility to Anganawadi",2013-2014,1.00000,0.97754,"10 Mar 2013","20 Mar 2014",2024-06-07
Karnataka,"Bengaluru Urban",Anekal,Hulimangala,"S. Bingipura","S. Bingipura",0000373389,0005712003,250001619,"Deep Tubewell","Ground Water","Village limit","Drinking Water Facility to Anganawadi",2013-2014,1.00000,0.98119,"10 Sep 2013","20 Jan 2014",2024-06-07
Karnataka,"Bengaluru Urban",Anekal,Ragihalli,Koratageredoddi,Eraligeredoddi,0001622897,0005712283,250001673,"Deep Tubewell","Ground Water","Village limit","Drinking Water Facility to Anganawadi",2013-2014,1.00000,0.00000,"10 Sep 2013","01 Mar 2015",2024-06-07
Karnataka,"Bengaluru Urban",Anekal,Mantapa,Mantapa,Mantapa,0000373406,0005712392,250001683,"Deep Tubewell","Ground Water","Village limit","Drinking Water Facility to Anganawadi",2013-2014,1.00000,0.99156,"10 Sep 2013","31 Jan 2014",2024-06-07
Karnataka,"Bengaluru Urban",Anekal,Ragihalli,Ragihalli,Koratageredoddi,0000373468,0005712419,250001687,"Deep Tubewell","Ground Water","Village limit","Drinking Water Facility to Anganawadi",2013-2014,1.00000,0.99841,"10 Sep 2013","06 Oct 2014",2024-06-07
Karnataka,"Bengaluru Urban",Anekal,Muthanallur,Samanahalli,Samanahalli,0000373554,0007526905,250142594,"Deep Tubewell","Ground Water","Village Limit","SCP Revival Of PWS Scheme  and House Hold Connection (HH 30) at Smmanahalli Habitation in Muthanalluru  G P. Anekal Taluk",2016-2017,10.00000,9.66980,"01 Sep 2016","31 Mar 2018",2024-06-07
Karnataka,"Bengaluru Urban",Anekal,Haragadde,Nosenur,Nosenur,0000373352,0007529264,250144615,"Deep Tubewell","Ground Water","Village limit","SCP Revival of MWS Scheme at Nosenuru Habitation, Haragadde G.P. Anekal Taluk",2016-2017,8.00000,7.75592,"01 Sep 2016","31 Dec 2018",2024-06-07
Karnataka,"Bengaluru Urban",Anekal,Kallabalu,Vaderamanchenahalli,Vaderamanchenahalli,0000373362,0007529425,250144771,"Deep Tubewell","Ground Water","Village limit","TSP Revival of PWS Scheme at Vaderamanchanahalli Habitation, Kallubalu G.P. Anekal Taluk",2016-2017,8.00000,0.00000,"01 Sep 2016","03 May 2023",2024-06-07
Karnataka,"Bengaluru Urban",Anekal,Mantapa,Kalkere,Kalkere,0000373417,0007529732,250145068,"Deep Tubewell","Ground Water","Main road","SCP Revival of MWS Scheme and Household Connection HH 50 at Kalkere Habitation, Mantapa GP, Anekal Taluk",2016-2017,8.00000,8.28495,"01 Sep 2016","31 Dec 2018",2024-06-07
Karnataka,"Bengaluru Urban",Anekal,Mantapa,"Chinnaiahna Palya",Chinnaiahanapalya,0000373424,0007529787,250145132,"Deep Tubewell","Ground Water","village limit","SCP Revival of MWS Scheme and HH 15  at  Chinnaiahanapalya Habitation, Mantapa GP, Anekal Taluk",2016-2017,6.00000,5.65010,"01 Sep 2016","31 Dec 2018",2024-06-07
Karnataka,"Bengaluru Urban",Anekal,Ragihalli,Shivanahalli,Kateridoddi,0000373461,0007532530,250147671,"Deep Tubewell","Ground Water","Main Road","G  Revival of MWS Scheme (SAGY)at kateridoddi village,Ragihalli GP, Anekal Taluk",2016-2017,7.00000,6.64850,"01 Sep 2016","31 May 2018",2024-06-07
Karnataka,"Bengaluru Urban",Anekal,Mayasandra,Manchanahalli,Manchanahalli,0000373488,0007532541,250147680,"Deep Tubewell","Ground Water","village limit","SCP Revival Of PWS Scheme at Manchanahalli habitation, Mayasandra GP.",2016-2017,10.00000,9.21353,"01 Sep 2016","31 Mar 2018",2024-06-07
Karnataka,"Bengaluru Urban",Anekal,Ballur,Arehalli,Arehalli,0000373483,0007532640,250147785,"Deep Tubewell","Ground Water","Village limit","SCP Revival Of PWS Scheme. Drilling of Borewell at Arehalli habitation,Balluru GP.",2016-2017,2.50000,2.74199,"01 Sep 2016","31 Mar 2018",2024-06-07
Karnataka,"Bengaluru Urban",Anekal,Byagadadevanahalli,Thatnahalli,Thatnahalli,0000373344,0007532648,250147793,"Deep Tubewell","Ground Water",NA,"SCP Revival Of PWS Scheme and House Hold Connection HH 61 at Tattenahalli habitation, Byagadadenahalli GP.",2016-2017,11.50000,10.84472,"01 Sep 2016","31 Mar 2018",2024-06-07
Karnataka,"Bengaluru Urban",Anekal,Haragadde,Haragadde,Haragadde,0001622881,0007532756,250147907,"Deep Tubewell","Ground Water","Village limit","G Revival of PWS Scheme at Haragadde Habitation,Haragadde G.P, Anekal Taluk",2016-2017,20.00000,18.54924,"01 Sep 2016","31 Dec 2018",2024-06-07
Karnataka,"Bengaluru Urban",Anekal,Haragadde,"Mada Pattana",Madapatna,0001622883,0007533418,250148630,"Deep Tubewell","Ground Water","Village limit","G Revival Of PWS Scheme at Madapatna village,Haragadde GP, Anekal Taluk",2016-2017,10.00000,8.70240,"01 Sep 2016","31 Dec 2018",2024-06-07
Karnataka,"Bengaluru Urban",Anekal,Mayasandra,Kamblipura,Kamblipura,0000373492,0007533419,250148631,"Deep Tubewell","Ground Water","Village limit","G Revival Of PWS Scheme at Kambalipura habitation in Mayasandra GP.",2016-2017,6.00000,5.48000,"01 Sep 2016","31 Mar 2018",2024-06-07
Karnataka,"Bengaluru Urban",Anekal,Kallabalu,Kallabalu,Kallabalu,0000373363,0007533467,250148668,"Deep Tubewell","Ground Water","Village limit","G Revival Of PWS Scheme at kallaballu habitation,kallaballu GP, Anekal Taluk",2016-2017,20.00000,7.53141,"01 Sep 2016","03 May 2023",2024-06-07
Karnataka,"Bengaluru Urban",Anekal,Haragadde,"Nosenur Gollahalli","Nosenur Gollahalli",0000373353,0007534501,250149431,"Deep Tubewell","Ground Water","Village limit","G Revival of MWS Scheme at Nosenuru Gollahalli Habitation, Haragadde G.P. Anekal Taluk",2016-2017,7.00000,0.00000,"01 Sep 2016","03 May 2023",2024-06-07
Karnataka,"Bengaluru Urban",Anekal,Kallabalu,Muthurayanadoddi,Muthaaryanaddoddi,0000373364,0007534523,250149443,"Deep Tubewell","Ground Water","Main road","G Revival of MWS Scheme at Muthurayanadoddi Habitation, kallaballu G.P. Anekal Taluk",2016-2017,6.00000,5.31114,"01 Sep 2016","31 Dec 2018",2024-06-07
Karnataka,"Bengaluru Urban",Anekal,Huskuru,Huskuru,Huskuru,0000373579,0007001213,250084292,"Deep Tubewell","Ground Water","Near M I Lake","G TFC050515 Drilling of Borewell 2  at Huskur Habitation, Huskur G.P",2015-2016,2.35000,2.34553,"21 Jul 2015","31 Dec 2015",2024-06-07
Karnataka,"Bengaluru Urban",Anekal,Byagadadevanahalli,"Kavala Hosahalli","Kavala Hosahalli",0001622879,0007001768,250084306,"Deep Tubewell","Ground Water","Near Anekal Road","G TFC050515 Drilling of Borewell at Kaval Hosahalli Habitation, Byagadadenahalli G.P",2015-2016,2.63000,2.07442,"21 Jul 2015","30 Nov 2015",2024-06-07
Karnataka,"Bengaluru Urban",Anekal,Mayasandra,Mutsandra,Mutsandra,0000373493,0007143208,4824686,"Deep Tubewell","Ground Water","Village Limit","SCP Drilling of BW,Errection of Pumpset with Pipe line and Energisation",2015-2016,10.00000,0.00000,"25 Oct 2015","31 Mar 2016",2024-06-07
Karnataka,"Bengaluru Urban",Anekal,Bannerghatta,Kariyappanahalli,Kariyappanahalli,0000373432,0007145551,250090056,"Deep Tubewell","Ground Water","village limit","Revival of MWS Scheme",2015-2016,10.00000,0.00000,"25 Oct 2015","31 Mar 2016",2024-06-07
Karnataka,"Bengaluru Urban",Anekal,Ragihalli,Shivanahalli,Kateridoddi,0000373461,0007145836,4818305,"Deep Tubewell","Ground Water","Main Road","G Revival of MWS Scheme",2015-2016,7.00000,0.00000,"25 Oct 2015","31 Mar 2016",2024-06-07
Karnataka,"Bengaluru Urban",Anekal,Bidaraguppe,Chikkanahalli,Chikkanahalli,0000373497,0007146059,250073460,"Deep Tubewell","Ground Water","Village limit","G Drinking Water Facility to Anganawadi",2015-2016,1.00000,0.00000,"25 Oct 2015","31 Mar 2016",2024-06-07
Karnataka,"Bengaluru Urban",Anekal,Billapura,Adigarakallahalli,Adigarakallahalli,0000373538,0007146675,250001999,"Deep Tubewell","Ground Water","Village limit","G Drinking Water Facility to Anganawadi",2015-2016,1.00000,0.00000,"25 Oct 2015","31 Mar 2016",2024-06-07
Karnataka,"Bengaluru Urban",Anekal,Bannerghatta,Bannerughatta,Bannerghatta,0000373430,0007151318,250090903,"Deep Tubewell","Ground Water","Village Limit","ST COLONY Drilling of BW and  Energisation",2015-2016,10.00000,0.00000,"25 Oct 2015","31 Mar 2016",2024-06-07
Karnataka,"Bengaluru Urban",Anekal,Haragadde,Haragadde,Haragadde,0001622881,0007151380,250021170,"Deep Tubewell","Ground Water","Village Limit","ST COLONY ST COLONY Drilling of BW and Energisation",2015-2016,5.50000,0.00000,"25 Oct 2015","31 Mar 2016",2024-06-07
Karnataka,"Bengaluru Urban",Anekal,Kallabalu,Harapanahalli,Harapanahalli,0000373368,0007154615,250093096,"Deep Tubewell","Ground Water","Village Limit","ST COLONY Revival of MWS Scheme",2015-2016,14.60000,0.00000,"25 Oct 2015","31 Mar 2016",2024-06-07
Karnataka,"Bengaluru Urban",Anekal,Neralur,Balagaranahalli,Balagaranahalli,0000373476,0007154663,5167516,"Deep Tubewell","Ground Water","Village Limits","ST COLONY Revival of MWS Scheme",2015-2016,6.00000,0.00000,"25 Oct 2015","31 Mar 2016",2024-06-07
Karnataka,"Bengaluru Urban",Anekal,Byagadadevanahalli,Chikkahagde,Chikkahagde,0000373337,0007208704,250098157,"Deep Tubewell","Ground Water",village,"SDP Revival of PWS Scheme",2015-2016,9.00000,0.00000,"25 Oct 2015","31 Mar 2016",2024-06-07
Karnataka,"Bengaluru Urban",Anekal,Hennagara,Hinnakki,Hinnakki,0000373401,0007234231,250102554,"Deep Tubewell","Ground Water","Near Nala","SCP Revival of MWS Scheme",2015-2016,10.00000,0.00000,"25 Oct 2015","31 Mar 2016",2024-06-07
Karnataka,"Bengaluru Urban",Anekal,Mugalur,Thindlu,Thindlu,0000373517,0007406213,250120469,"Deep Tubewell","Ground Water",NA,"TFC190316 Drilling of Borewell at Thindlu Habitation, Mugulur GP, Anekal Taluk",2016-2017,2.30000,0.00000,"12 Apr 2016","03 May 2023",2024-06-07
Karnataka,"Bengaluru Urban",Anekal,Sarjapura,Sarjapura,Sarjapura,0000373516,0007406260,250120512,"Deep Tubewell","Ground Water","vilage limit","TFC190316 Drilling of Borewell at Sarjapura Habitation, Sarjapura GP, Anekal Taluk",2016-2017,2.50000,2.46056,"12 Apr 2016","28 Feb 2018",2024-06-07
Karnataka,"Bengaluru Urban",Anekal,Dommasandra,Dommasandra,Dommasandra,0000373592,0007406365,250120556,"Deep Tubewell","Ground Water","In the village limit","TFC190316 Drilling of Borewell at Dommasandra Ward No.6  Habitation, Dommasandra GP, Anekal Taluk",2016-2017,2.70000,2.36000,"12 Apr 2016","28 Feb 2018",2024-06-07
Karnataka,"Bengaluru Urban",Anekal,Handenahalli,Handenahalli,Handenahalli,0000373542,0007406429,250120601,"Deep Tubewell","Ground Water","Near MI  tank","TFC190316 Drilling of Borewell at Handenahalli Habitation, Handenahalli GP, Anekal Taluk",2016-2017,2.40000,2.21000,"12 Apr 2016","28 Feb 2018",2024-06-07
Karnataka,"Bengaluru Urban",Anekal,Shantipura,Rayasandra,Rayasandra,0000373589,0007406432,250120606,"Deep Tubewell","Ground Water","Village Limits","TFC190316 Drilling of Borewell at RayasandraHabitation, Shanthipura GP, Anekal Taluk",2016-2017,2.40000,2.39000,"12 Apr 2016","28 Feb 2018",2024-06-07
Karnataka,"Bengaluru Urban",Anekal,Indlawadi,Chikkanahalli,Chikkanahalli,0000373319,0007407043,250121144,"Deep Tubewell","Ground Water","Thimmasandra Tank","TFC190316 Drilling of Borewell at Mayasandra Habitation,Chikkanahalli GP, Bangalore South Taluk",2016-2017,1.60000,0.00000,"12 Apr 2016","03 May 2023",2024-06-07
Karnataka,"Bengaluru Urban",Anekal,Kallabalu,Vaderamanchenahalli,Vaderamanchenahalli,0000373362,0007407096,250121168,"Deep Tubewell","Ground Water","village limit","TFC190316 Drilling of Borewell at Vaderamanchanahalli  Habitation  Kallabalu G.P. Anekal Taluk.",2016-2017,3.50000,3.49000,"12 Apr 2016","28 Feb 2018",2024-06-07
Karnataka,"Bengaluru Urban",Anekal,Hulimangala,Shikaripalya,Shikaripalya,0000373393,0006849678,250076026,"Deep Tubewell","Ground Water","Near nala","TFC 20.10.2014 Drilling of Borewell-2 in Shikaripalya habitation",2014-2015,2.25000,2.24763,"10 Dec 2014","02 Apr 2015",2024-06-07
Karnataka,"Bengaluru Urban",Anekal,Hulimangala,Koppa,Koppa,0000373383,0006849689,250076037,"Deep Tubewell","Ground Water","Near nala","TFC 20.10.2014 Drilling of Borewell-2 in Koppa habitation",2014-2015,1.40000,1.29750,"10 Dec 2014","30 Mar 2015",2024-06-07
Karnataka,"Bengaluru Urban",Anekal,Haragadde,Vaddarapalya,Vaddarapalya,0001622882,0006849695,250076043,"Deep Tubewell","Ground Water","Near nala","TFC 20.10.2014 Drilling of Borewell-1 in Vddarapalya habitation",2014-2015,1.70000,0.78973,"10 Dec 2014","19 Feb 2015",2024-06-07
Karnataka,"Bengaluru Urban",Anekal,Haragadde,Vaddarapalya,Vaddarapalya,0001622882,0006849698,250076046,"Deep Tubewell","Ground Water","Near nala","TFC 20.10.2014 Drilling of Borewell-2 in Vddarapalya habitation",2014-2015,1.65000,1.64942,"10 Dec 2014","30 Mar 2015",2024-06-07
Karnataka,"Bengaluru Urban",Anekal,Shantipura,Gattahalli,Gattahalli,0000373587,0006850009,250076202,"Deep Tubewell","Ground Water","Near Tank bed","SDP TFC 20.10.2014 Drilling of Borewell in Ghattahalli habitation",2014-2015,4.00000,3.97297,"10 Dec 2014","31 Mar 2017",2024-06-07
Karnataka,"Bengaluru Urban",Anekal,Yamare,"Volagere Kallahalli","Volagere Kallahalli",0000373550,0006850048,250076219,"Deep Tubewell","Ground Water","Near Muneswara Temple","SDP TFC 20.10.2014 Drilling of Borewell at Volagerekallahalli habitation.",2014-2015,1.95000,1.94985,"10 Dec 2014","01 Sep 2015",2024-06-07
Karnataka,"Bengaluru Urban",Anekal,Muthanallur,Gopasandra,Gopasandra,0000373560,0006850074,250076229,"Deep Tubewell","Ground Water",NA,"TFC 20.10.2014 Drilling of Borewell in Gopasandra habitation.",2014-2015,2.00000,1.53505,"10 Dec 2014","20 Jan 2015",2024-06-07
Karnataka,"Bengaluru Urban",Anekal,Muthanallur,Kommasandra,Kommasandra,0000373556,0006850110,250076238,"Deep Tubewell","Ground Water",NA,"TFC 20.10.2014 Drilling of Borewell-2 Kommasandra habitation",2014-2015,4.10000,4.09945,"10 Dec 2014","30 Mar 2015",2024-06-07
Karnataka,"Bengaluru Urban",Anekal,Marsoor,Marsoor,Marsoor,0000373309,0006850135,250076246,"Deep Tubewell","Ground Water","Vetarinary Hospital back side","SDP TFC 20.10.2014 Drilling of Borewell in Marasuru habitation",2014-2015,1.95000,1.94566,"10 Dec 2014","31 Dec 2015",2024-06-07
Karnataka,"Bengaluru Urban",Anekal,Shantipura,Choodasandra,Choodasandra,0000373591,0006850179,250076268,"Deep Tubewell","Ground Water","Near  MI Tank bed","TFC 20.10.2014 Drilling of Borewell in Choodasandra habitation",2014-2015,2.00000,1.99994,"10 Dec 2014","26 Mar 2015",2024-06-07
Karnataka,"Bengaluru Urban",Anekal,Byagadadevanahalli,Byagadadenahalli,Byagadadenahalli,0000373346,0006850191,250076275,"Deep Tubewell","Ground Water","Near Grama panchayath","SDP TFC 20.10.2014 Drilling of Borewell in Byagadadenahalli Habitation",2014-2015,4.00000,4.29547,"10 Dec 2014","31 Mar 2017",2024-06-07
Karnataka,"Bengaluru Urban",Anekal,Vannakanahalli,Vannakanahalli,Vannakanahalli,0000373305,0006939380,250080089,"Deep Tubewell","Ground Water","Out skirt of Village","G TFC130315 Drilling of Borewell at Vanakanahalli Habitation in Vanakanahalli G.P. Anekal Taluk",2014-2015,2.14000,2.13492,"20 Apr 2015","01 Sep 2015",2024-06-07
Karnataka,"Bengaluru Urban",Anekal,Shantipura,Gattahalli,Gattahalli,0000373587,0006939836,250080094,"Deep Tubewell","Ground Water","Near Layout","SDP TFC130315  Redrilling of Borewell at Gattahalli  in Habitation G.P. Anekal Taluk.",2014-2015,1.50000,1.49914,"20 Apr 2015","01 Sep 2015",2024-06-07
Karnataka,"Bengaluru Urban",Anekal,Neralur,Yadavanahalli,Yadavanahalli,0000373477,0006940854,250080107,"Deep Tubewell","Ground Water","Near Galappas House","SDP TFC130315 Drilling of Borewell at Yadavanahalli Habitation in Neraluru G.P. Anekal Taluk.",2014-2015,2.55000,2.54985,"20 Apr 2015","01 Sep 2015",2024-06-07
Karnataka,"Bengaluru Urban",Anekal,Ragihalli,Ragihalli,Ragihalli,0000373462,0006942287,250080140,"Deep Tubewell","Ground Water","Near Main Road","SDP TFC130315 Drilling of Borewell 1 at Ragihalli  Habitation, Ragihalli GP, Anekal Taluk.",2014-2015,1.16000,1.15101,"20 Apr 2015","01 Sep 2015",2024-06-07
Karnataka,"Bengaluru Urban",Anekal,Ragihalli,Mudlaiahnadoddi,Mudlaiahnadoddi,0000373469,0006942290,250080142,"Deep Tubewell","Ground Water",Shivanahalli,"SDP TFC130315 Drilling of Borewell 2 at MUDLAIAHNADODDI Habitation, Ragihalli GP, Anekal Taluk",2014-2015,1.16000,1.15101,"20 Apr 2015","01 Sep 2015",2024-06-07
Karnataka,"Bengaluru Urban",Anekal,Haragadde,Nosenur,Nosenur,0000373352,0006942962,250080159,"Deep Tubewell","Ground Water","Near Kumbarhalli Road","SDP TFC130315 Drilling of Borewell at Nosenoor Habitation, Haragadde GP, Anekal Taluk",2014-2015,2.20000,2.15527,"20 Apr 2015","01 Sep 2015",2024-06-07
Karnataka,"Bengaluru Urban",Anekal,Bannerghatta,Byrappanahalli,Byrappanahalli,0000373429,0006998357,250083618,"Deep Tubewell","Ground Water","Near National Park main gate","G TFC050515 Drilling of Borewell with Electrification at Byrappanahalli Habitation, Bannerghatta G.P",2015-2016,2.11000,1.90018,"21 Jul 2015","18 Mar 2016",2024-06-07
Karnataka,"Bengaluru Urban",Anekal,Ragihalli,Sevanayakanadoddi,Sevanayakanadoddi,0000373464,0006998370,250083619,"Deep Tubewell","Ground Water","Near Main Road","G TFC050515 Drilling of Borewell with Electrification at Sevanayakanadoddi Habitation, Ragihalli  G.P",2015-2016,1.80000,1.59695,"21 Jul 2015","18 Mar 2016",2024-06-07
Karnataka,"Bengaluru Urban",Anekal,Mantapa,Kalkere,Kalkere,0000373417,0006999200,250083683,"Deep Tubewell","Ground Water","Near Sakalavara Cross Road","G TFC050515 Drilling of Borewell  2 with Electrification at Kalkere Habitation, Mantapa G.P",2015-2016,1.67000,1.46691,"21 Jul 2015","18 Mar 2016",2024-06-07
Karnataka,"Bengaluru Urban",Anekal,Mantapa,Hullahalli,Hullahalli,0000373422,0006999213,250083685,"Deep Tubewell","Ground Water","Near Colony Main Road","SCP TFC050515 Drilling of Borewell Near Hullahalli Janatha Colony at  Hullahalli Habitation, Mantapa G.P",2015-2016,2.13000,2.12865,"21 Jul 2015","31 Mar 2016",2024-06-07
Karnataka,"Bengaluru Urban",Anekal,Mayasandra,Manchanahalli,Manchanahalli,0000373488,0008032550,250147680,"Deep Tubewell","Ground Water","village limit","10 Crore 22052020 Drilling of Borewell at Near Manchanahalli Habitation Mayasandra Grama Panchayath Anekal Taluk",2020-2021,3.90000,3.51720,"16 Jun 2020","03 May 2023",2024-06-07
Karnataka,"Bengaluru Urban",Anekal,Indlawadi,Karakalaghatta,Karikalgatta,0000373318,0008032573,250151778,"Deep Tubewell","Ground Water","Village Limit","10 Crore 22052020 Drilling of Borewell at Karakalaghatta Janatha Colony Habitation Indlawadi Grama Panchayath Anekal Taluk",2020-2021,3.80000,3.43637,"16 Jun 2020","03 May 2023",2024-06-07
Karnataka,"Bengaluru Urban",Anekal,Marsoor,Marsoor,Marsoor,0000373309,0008064287,250150781,"Deep Tubewell","Ground Water","Tank Bed","10 Crore 22052020 Drilling of Borewell at Bandapura Habitation Marsoor Grama Panchayath Anekal Taluk",2020-2021,3.75000,3.37991,"16 Jun 2020","03 May 2023",2024-06-07
Karnataka,"Bengaluru Urban",Anekal,Sarjapura,Sarjapura,Sarjapura,0000373516,0008215431,5167006,"Deep Tubewell","Ground Water","Village Limits","Providing Water Supply to  Anganawadi fitting of Taps to Kitchen and Toilet at Sarige Biddi Sarjapura GP Anekal Taluk",2020-2021,0.15000,0.09558,"17 Dec 2020","03 May 2023",2024-06-07
Karnataka,"Bengaluru Urban",Anekal,Surgajakanahalli,Sidihoskote,Sidihoskote,0000373291,0008215651,250150804,"Deep Tubewell","Ground Water","Tank Bed","providing water supply to GHPS fitting of taps to kitchen and toilet at Sidihosakotte Habitation Suragajakanahalli GP Anekal Taluk",2020-2021,0.20000,0.06722,"17 Dec 2020","03 May 2023",2024-06-07
Karnataka,"Bengaluru Urban",Anekal,Vannakanahalli,Telagarahalli,Telagarahalli,0000373301,0008215654,250148482,"Deep Tubewell","Ground Water","Tank Bed","Providing water supply to GHPS fitting of taps to kitchen and toilet at Telegarahalli Habitation Vanakanahalli GP Anekal Taluk",2020-2021,0.20000,0.13336,"17 Dec 2020","03 May 2023",2024-06-07
Karnataka,"Bengaluru Urban",Anekal,Marsoor,Bandapura,Bandapura,0000373313,0008215979,250034471,"Deep Tubewell","Ground Water","Village limit","Providing water supply to anganwadi fitting of taps to kitchen and toilet at Bandapura Habitation Marsooru GP Anekal Taluk",2020-2021,0.14000,0.13336,"17 Dec 2020","03 May 2023",2024-06-07
Karnataka,"Bengaluru Urban",Anekal,Marsoor,Shettihalli,Shettihalli,0000373314,0008215981,250147748,"Deep Tubewell","Ground Water","village limit","Providing water supply to Anganwadi fitting of taps to kitchen and toilet at Shettahalli Habitation Marsooru GP Anekal Taluk",2020-2021,0.15000,0.06668,"17 Dec 2020","03 May 2023",2024-06-07
Karnataka,"Bengaluru Urban",Anekal,Samandur,Geritiganabele,Geritiganabele,0000373269,0008215995,250152830,"Deep Tubewell","Ground Water","Towards Main Road","Providing water supply to Anganwadi fitting of taps to kitchen and toilet at Geretiganabele Habitation Samanduru GP Anekal Taluk",2020-2021,0.15000,0.13336,"17 Dec 2020","03 May 2023",2024-06-07
Karnataka,"Bengaluru Urban",Anekal,Vannakanahalli,Vannakanahalli,Vannakanahalli,0000373305,0008216045,250147881,"Deep Tubewell","Ground Water","M.I. Tank Bed","Providing water supply to Anganwadi fitting of taps to kitchen and toilet at Vanakanahalli Habitation Vanakanahalli GP Anekal taluk",2020-2021,0.15000,0.15000,"17 Dec 2020","03 May 2023",2024-06-07
Karnataka,"Bengaluru Urban",Anekal,Vannakanahalli,Menaseganahalli,Menaseganahalli,0000373303,0008216051,5540030,"Deep Tubewell","Ground Water","Village limit","Providing water supply to Anganwadi fitting of taps to kitchen and toilet at Menasiganahalli Habitation Vanakanahalli GP Anekal Taluk",2020-2021,0.15000,0.15000,"17 Dec 2020","03 May 2023",2024-06-07
Karnataka,"Bengaluru Urban",Anekal,Karpoor,Haldenahalli,Haldenahalli,0000373275,0008216116,250152875,"Deep Tubewell","Ground Water","Village Limit","Providing water supply to Anganwadi fitting of taps to kitchen and toilet at Haldenahalli Habitation Karpoor GP Anekal Taluk",2020-2021,0.15000,0.15000,"17 Dec 2020","03 May 2023",2024-06-07
Karnataka,"Bengaluru Urban",Anekal,Karpoor,Bestamanahalli,Bestamanahalli,0000373279,0008216121,250148813,"Deep Tubewell","Ground Water","Village Limits","Providing water supply to Anganwadi fitting of taps to kitchen and toilet at Bestamanahalli Habitation Karpoor GP Anekal Taluk",2020-2021,0.15000,0.15000,"17 Dec 2020","03 May 2023",2024-06-07
Karnataka,"Bengaluru Urban",Anekal,Surgajakanahalli,Surgajakanahalli,Surgajakanahalli,0000373297,0008216123,250150927,"Deep Tubewell","Ground Water","Village limit","Providing water supply to Anganwadi fitting of taps to Kitchen and toilet at Boddarahalli Habitation Suragajakanahalli GP Anekal Taluk",2020-2021,0.15000,0.06668,"17 Dec 2020","03 May 2023",2024-06-07
Karnataka,"Bengaluru Urban",Anekal,Neriga,Neriga,Neriga,0000373564,0008217738,250034479,"Deep Tubewell","Ground Water","Village limit","Providing water supply to Anganwadi fitting of taps to kitchen and toilet at Thippasandra Habitation Neriga GP Anekal Taluk",2020-2021,0.15000,0.09558,"17 Dec 2020","03 May 2023",2024-06-07
Karnataka,"Bengaluru Urban",Anekal,Indlawadi,Mysoorammanadoddi,Mysooramanadoddi,0000373331,0008217907,5462938,"Deep Tubewell","Ground Water","Village limit","Providing water supply to anganwadi fitting of taps to kitchen and toilet at Baggandoddi Habitation Indalwadi GP Anekal Taluk",2020-2021,0.13500,0.00000,"17 Dec 2020","03 May 2023",2024-06-07
Karnataka,"Bengaluru Urban",Anekal,Haragadde,Lingapura,Lingapura,0000373348,0008220762,5497101,"Deep Tubewell","Ground Water","Village limit","Providing water supply to Anganwadi fitting of taps to kitchen and toilet at Lingapura Habitation Haragadde GP Anekal taluk",2020-2021,0.13000,0.00000,"17 Dec 2020","03 May 2023",2024-06-07
Karnataka,"Bengaluru Urban",Anekal,Bannerghatta,Bannerughatta,Bannerghatta,0000373430,0008222949,250144594,"Deep Tubewell","Ground Water","At Bannerghatta JHC","15 Crore 12102020 Revival of PWS Scheme Drilling of Borewell at Bannerughatta  Murthy House Village  Bannerughatta GP Anekal  Taluk",2020-2021,2.60000,2.31556,"25 Feb 2021","03 May 2023",2024-06-07
Karnataka,"Bengaluru Urban",Anekal,Bannerghatta,"Hakkipikki Colony","Akki Pikki Colony",0000373441,0008222977,250067990,"Deep Tubewell","Ground Water","Colony limit","15 Crore 12102020 Revival of PWS Scheme  Laying of Pipeline and Providing water supply to Hakki pikki colony anganawadi and Bilwardahalli Anganawadi at Hakki Pikki Colony  Village  Bannerughatta GP Anekal  Taluk",2020-2021,5.00000,4.99759,"25 Feb 2021","03 May 2023",2024-06-07
Karnataka,"Bengaluru Urban",Anekal,Muthanallur,"Singena Agrahara","Singena Agrahara",0000373562,0007533945,250149045,"Deep Tubewell","Ground Water","Village limit","SDP Revival Of PWS Scheme at Singena agrahara habitation in Muthanalluru GP.",2016-2017,5.50000,5.49852,"01 Sep 2016","31 Mar 2019",2024-06-07
Karnataka,"Bengaluru Urban",Anekal,Bannerghatta,Sampigehalli,Sampigehalli,0000373433,0007534328,250149329,"Deep Tubewell","Ground Water","Village limit","G  Revival of MWS Scheme at Sampigehalli Habitation, Banneraghatta G.P. Anekal Taluk",2016-2017,8.00000,7.67659,"01 Sep 2016","31 May 2018",2024-06-07
Karnataka,"Bengaluru Urban",Anekal,Mantapa,Laxmipura,Laxmipura,0000373413,0007534398,250149371,"Deep Tubewell","Ground Water","Village Limits","G Revival of MWS Scheme at Lakshmipura Habitation, Mantapa G.P. Anekal Taluk",2016-2017,6.00000,4.88278,"01 Sep 2016","31 Dec 2018",2024-06-07
Karnataka,"Bengaluru Urban",Anekal,Huskuru,Harohalli,Harohalli,0000373575,0007534494,250149426,"Deep Tubewell","Ground Water","Village limit","SDP Revival Of PWS Scheme at Harohalli habitation in Husukur GP.",2016-2017,5.50000,0.00000,"01 Sep 2016","03 May 2023",2024-06-07
Karnataka,"Bengaluru Urban",Anekal,Kallabalu,"Muthurayaswamy Doddi","Muthurayaswamy Doddi",0001622893,0007534544,250149454,"Deep Tubewell","Ground Water","Village limit","G Revival of MWS Scheme at Muthurayanaswamydoddi Habitation, kallaballu G.P. Anekal Taluk",2016-2017,6.00000,8.74099,"01 Sep 2016","30 Sep 2018",2024-06-07
Karnataka,"Bengaluru Urban",Anekal,Kallabalu,Bommandahalli,Bommandahalli,0000373370,0007534609,250149488,"Deep Tubewell","Ground Water","Colony Road","G Revival of PWS Scheme at Bommandahalli Habitation, kallabalu G.P. Anekal Taluk",2016-2017,7.00000,7.14446,"01 Sep 2016","31 Mar 2018",2024-06-07
Karnataka,"Bengaluru Urban",Anekal,Ballur,Halehalli,Halehalli,0000373486,0007534702,250149554,"Deep Tubewell","Ground Water","Revival of  Mini Water Supply Scheme at Halehalli Village","SDP Revival Of PWS Scheme at Halehalli habitatioin in Balluru GP.",2016-2017,5.50000,5.40528,"01 Sep 2016","31 Mar 2019",2024-06-07
Karnataka,"Bengaluru Urban",Anekal,Mugalur,Thindlu,Thindlu,0000373517,0007536057,250150656,"Deep Tubewell","Ground Water","Village limit","G Revival of  MWS Scheme at Thindlu habitation in Mugaluru GP.",2016-2017,8.00000,0.00000,"01 Sep 2016","03 May 2023",2024-06-07
Karnataka,"Bengaluru Urban",Anekal,Mugalur,"Pandithana Agrahara","Pandithana Agrahara",0000373525,0007539909,250154129,"Deep Tubewell","Ground Water",NA,"G Revival Of PWS Scheme of Pandithana Agrahara Village in Mugaluru G P in Anekal Taluk",2016-2017,6.00000,0.00000,"01 Sep 2016","03 May 2023",2024-06-07
Karnataka,"Bengaluru Urban",Anekal,Mayasandra,Harohalli,Harohalli,0000373491,0007573128,250170079,"Deep Tubewell","Ground Water","Colony limit","TFC221116 Drilling of Borewell at Harohalli Habitation, Mayasandra GP, Anekal Taluk",2016-2017,2.50000,2.49086,"15 Jan 2017","31 Mar 2018",2024-06-07
Karnataka,"Bengaluru Urban",Anekal,Bannerghatta,Shyanubhoganahalli,Shanubhoganahalli,0000373437,0007998793,250290075,"Deep Tubewell","Ground Water","Village Limit","CAP2 Drilling of Borewell at Shanubhoganahalli Habitation Bannerughatta Gp Anekal Taluk",2020-2021,2.30000,2.29499,"28 May 2020","31 Jul 2020",2024-06-07
Karnataka,"Bengaluru Urban",Anekal,Mantapa,Ramasandra,Ramasandra,0000373411,0007998794,250290076,"Deep Tubewell","Ground Water","Village Limit","CAP2 Drilling of Borewell at Ramasandra Habitation Mantapa Gp Anekal Taluk",2020-2021,2.30000,2.29052,"28 May 2020","31 Jul 2020",2024-06-07
Karnataka,"Bengaluru Urban",Anekal,Bannerghatta,Kulumepalya,Kulumepalya,0000373447,0007999113,250246572,"Deep Tubewell","Ground Water","Towards Main Road","10crore Revival of PWS scheme, Providing Pump Motor at Kulumepalya village, Bannerughatta GP, Anekal Taluk",2020-2021,5.00000,4.99264,"16 Jun 2020","03 May 2023",2024-06-07
Karnataka,"Bengaluru Urban",Anekal,Haragadde,Haragadde,Haragadde,0001622881,0007999496,250290104,"Deep Tubewell","Ground Water","village limit","10crore Revival of PWS scheme, Providing Pump Motor at Haragadde village, Haragadde GP, Anekal Taluk",2020-2021,5.00000,4.97512,"16 Jun 2020","03 May 2023",2024-06-07
Karnataka,"Bengaluru Urban",Anekal,Hennagara,Hennagara,Hennagara,0000373394,0007999536,250290107,"Deep Tubewell","Ground Water","village limit","10crore Revival of PWS scheme, Providing Pump Motor at Hennagara village, Hennagara GP, Anekal Taluk",2020-2021,5.00000,4.99599,"16 Jun 2020","03 May 2023",2024-06-07
Karnataka,"Bengaluru Urban",Anekal,Huskuru,Kaggalipura,Kaggalipura,0000373574,0008009267,250149193,"Deep Tubewell","Ground Water","Village limit","10 Crore 22052020 Drilling of Borewell at Kaggalipura Habitation Huskuru Grama Panchayath Anekal Taluk",2020-2021,3.40000,3.07147,"16 Jun 2020","03 May 2023",2024-06-07
Karnataka,"Bengaluru Urban",Anekal,Muthanallur,Narayanaghatta,Narayanaghatta,0000373561,0008009275,250283649,"Deep Tubewell","Ground Water","village limit","10 Crore 22052020 Drilling of Borewell at Narayanaghatta Habitation Muthanalluru Grama Panchayath Anekal Taluk",2020-2021,4.00000,3.61095,"16 Jun 2020","03 May 2023",2024-06-07
Karnataka,"Bengaluru Urban",Anekal,Neriga,"Halsahalli Thippasandra","Halsahalli Thippasandra",0000373571,0008027567,250150752,"Deep Tubewell","Ground Water","Village limit","CAP1 Drilling of borewell at Halasahalli village Neriga GP Anekal taluk",2020-2021,3.10000,3.09895,"27 May 2020","31 Aug 2020",2024-06-07
Karnataka,"Bengaluru Urban",Anekal,Muthanallur,"Singena Agrahara","Singena Agrahara",0000373562,0008032821,250283896,"Deep Tubewell","Ground Water","Village limit","10 Crore 22052020 Drilling of Borewell at Singena Agrahara Habitation Muttanalluru Grama Panchayath Anekal Taluk",2020-2021,3.85000,3.47345,"16 Jun 2020","03 May 2023",2024-06-07
Karnataka,"Bengaluru Urban",Anekal,Muthanallur,Narayanaghatta,Narayanaghatta,0000373561,0008032827,250283649,"Deep Tubewell","Ground Water","village limit","10 Crore 22052020 Drilling of Borewell at Narayanaghatta Habitation Muttanalluru Grama Panchayath Anekal Taluk",2020-2021,3.85000,3.47345,"16 Jun 2020","03 May 2023",2024-06-07
Karnataka,"Bengaluru Urban",Anekal,Mugalur,"Dodda Thimmasandra","Dodda Thimmasandra",0000373520,0008032904,250148857,"Deep Tubewell","Ground Water","Towards main road","CAP3 Drilling of  Borewell at Doddathimmasandra  village Mugaluru GP Anekal taluk",2020-2021,3.47500,3.47438,"27 May 2020","03 May 2023",2024-06-07
Karnataka,"Bengaluru Urban",Anekal,Sarjapura,Sarjapura,Sarjapura,0000373516,0008064219,250247929,"Deep Tubewell","Ground Water","Sompura Gate","CAP1 Drilling of borewell near Chikkere Sarjapura village Sarjapura GP Anekal taluk",2020-2021,3.10000,3.09481,"27 May 2020","03 May 2023",2024-06-07
Karnataka,"Bengaluru Urban",Anekal,Muthanallur,Samanahalli,Samanahalli,0000373554,0008215338,250283643,"Deep Tubewell","Ground Water","Village Limit","Providing Water Supply to  Anganawadi fitting of Taps to Kitchen and Toilets at Samanahalli Habitation Muthanaluru GP Anekal Taluk",2020-2021,0.15000,0.09558,"17 Dec 2020","03 May 2023",2024-06-07
Karnataka,"Bengaluru Urban",Anekal,Muthanallur,"Chikka Thimmasandra","Chikka Thimmasandra",0000373555,0008215346,250283932,"Deep Tubewell","Ground Water","village limit","Providing Water Supply to  Anganawadi fitting of Taps to Kichen and Toilets at Alibommasandra Habitation Muthanaluru GP Anekal Taluk",2020-2021,0.15000,0.00000,"17 Dec 2020","03 May 2023",2024-06-07
Karnataka,"Bengaluru Urban",Anekal,Muthanallur,"Ali Bommasandra","Ali Bommasandra",0000373557,0008215359,250154173,"Deep Tubewell","Ground Water","Village Limit","Providing Water Supply to  Anganawadi fitting of Taps to Kitchen and Toilets at Alibommasandra Habitation Muthanaluru GP Anekal Taluk",2020-2021,0.15000,0.09558,"17 Dec 2020","03 May 2023",2024-06-07
Karnataka,"Bengaluru Urban",Anekal,Muthanallur,Narayanaghatta,Narayanaghatta,0000373561,0008215402,250283649,"Deep Tubewell","Ground Water","village limit","Providing Water Supply to  Anganawadi fitting of Taps to Kitchen and Toilets at Narayanaghatta habitation Muthanalur GP Anekal Taluk",2020-2021,0.15000,0.09558,"17 Dec 2020","03 May 2023",2024-06-07
Karnataka,"Bengaluru Urban",Anekal,Neralur,Neralur,Neralur,0000373479,0008215407,250154155,"Deep Tubewell","Ground Water","Near Private Lands","Providing Water Supply to  Anganawadi fitting of Taps to Kitchen and Toilets at Neraluru A Habitation Neraluru GP Anekal Taluk",2020-2021,0.15000,0.13674,"17 Dec 2020","03 May 2023",2024-06-07
Karnataka,"Bengaluru Urban",Anekal,Neralur,Balagaranahalli,Balagaranahalli,0000373476,0008215410,250149588,"Deep Tubewell","Ground Water","Main road","Providing Water Supply to  Anganawadi fitting of Taps to Kitchen and Toilet at Balagaranahalli A Habitation Neraluru GP Anekal Taluk",2020-2021,0.15000,0.00000,"17 Dec 2020","03 May 2023",2024-06-07
Karnataka,"Bengaluru Urban",Anekal,Mugalur,"Pandithana Agrahara","Pandithana Agrahara",0000373525,0008215437,250154128,"Deep Tubewell","Ground Water","Main road","Providing Water Supply to  Anganawadi fitting of Taps to Kitchen and Toilet at Panditana Agrahara Habitation Mugaluru GP Anekal Taluk",2020-2021,0.15000,0.15000,"17 Dec 2020","03 May 2023",2024-06-07
Karnataka,"Bengaluru Urban",Anekal,Mugalur,Mugalur,Mugalur,0000373524,0008215439,250150649,"Deep Tubewell","Ground Water","Village limit","Providing Water Supply to  Anganawadi fitting of Taps to Kitchen and Toilet at Mugaluru B Habitation Anekal taluk",2020-2021,0.15000,0.14337,"17 Dec 2020","03 May 2023",2024-06-07
Karnataka,"Bengaluru Urban",Anekal,Mugalur,Mattanahalli,Mattanahalli,0000373521,0008215441,250150624,"Deep Tubewell","Ground Water","Village Limits","Providing Water Supply to  Anganawadi fitting of Taps to Kitchen and Toilet at Mattanhalli Habitation Mugaluru GP Anekal Taluk",2020-2021,0.15000,0.09558,"17 Dec 2020","03 May 2023",2024-06-07
Karnataka,"Bengaluru Urban",Anekal,Handenahalli,"S. Medihalli",Thyavakanahalli,0000373540,0008215451,250301324,"Deep Tubewell","Ground Water","S Medihalli Village Thayavakanahalli Habitation Handenahalli GP","Providing Water Supply to  Anganawadi fitting of Taps to Kitchen and Toilet at Tyavakanahalli Habitation Handenahalli GP Anekal Taluk",2020-2021,0.15000,0.00000,"17 Dec 2020","03 May 2023",2024-06-07
Karnataka,"Bengaluru Urban",Anekal,Billapura,Adigarakallahalli,Adigarakallahalli,0000373538,0008215462,250148916,"Deep Tubewell","Ground Water","Village limit","Providing Water Supply to  Anganawadi fitting of Taps to Kitchen and Toilet at Adigarakalahalli B Habitation Billapura GP Anekal Taluk",2020-2021,0.15000,0.09558,"17 Dec 2020","03 May 2023",2024-06-07
Karnataka,"Bengaluru Urban",Anekal,Bannerghatta,Bannerughatta,Bannerghatta,0000373430,0008222928,250246580,"Deep Tubewell","Ground Water","Extension Areas","15 Crore 12102020 Revival of PWS Scheme Drilling of Borewell at Hakki Pikki Colony Village  Bannerughatta GP Anekal  Taluk",2020-2021,2.90000,2.45748,"25 Feb 2021","03 May 2023",2024-06-07
Karnataka,"Bengaluru Urban",Anekal,Hennagara,Rajapura,Rajapura,0000373396,0008223063,250149622,"Deep Tubewell","Ground Water","Village limit","15 Crore 12102020 Revival of PWS Scheme Drilling of Borewell at Rajapura Village  Hennagara GP Anekal  Taluk",2020-2021,2.50000,2.25487,"25 Feb 2021","03 May 2023",2024-06-07
Karnataka,"Bengaluru Urban",Anekal,Shantipura,Shantipura,Shantipura,0001622895,0008229916,250150878,"Deep Tubewell","Ground Water","Village limit","Providing water supply to Anganwadi fitting of taps to kitchen and toilet at Shantipura Village Shantipura GP Anekal Taluk",2020-2021,0.15000,0.06668,"17 Dec 2020","03 May 2023",2024-06-07
Karnataka,"Bengaluru Urban",Anekal,Mugalur,Kugur,Kugur,0000373527,0008234783,250150561,"Deep Tubewell","Ground Water","Village limit","15 crore 04022021 Revival of PWS Scheme Drlling of BW 1 at  Kuguru  Village Mugaluru GP Anekal Taluk",2020-2021,3.80000,3.32360,"06 Feb 2021","03 May 2023",2024-06-07
Karnataka,"Bengaluru Urban",Anekal,Mugalur,Kugur,Kugur,0000373527,0008234790,250150561,"Deep Tubewell","Ground Water","Village limit","15 crore 04022021 Revival of PWS Scheme Errection of Pumpset Electrification and Laying of Pipeline at  Kuguru  Village Mugaluru GP Anekal Taluk",2020-2021,5.00000,4.66015,"06 Feb 2021","03 May 2023",2024-06-07
Karnataka,"Bengaluru Urban",Anekal,Ballur,Ballur,Ballur,0000373484,0008234840,250150810,"Deep Tubewell","Ground Water","Tank Bed","15 crore 04022021 Drilling of Borewell Halehalli Village Balluru GP Anekal Taluk",2020-2021,3.97000,3.41880,"06 Feb 2021","03 May 2023",2024-06-07
Karnataka,"Bengaluru Urban",Anekal,Neralur,Thirumagondanahalli,Thirumagondanahalli,0000373478,0008234853,250254045,"Deep Tubewell","Ground Water","village limit","15 crore 04022021 Revival of PWS Scheme Errection of Pumpset and Laying of Pipeline at Thirumagondanahalli Village Neraluru GP Anekal Taluk",2020-2021,4.95000,4.60768,"06 Feb 2021","03 May 2023",2024-06-07
Karnataka,"Bengaluru Urban",Anekal,Mugalur,"Dodda Thimmasandra","Dodda Thimmasandra",0000373520,0008235497,250148857,"Deep Tubewell","Ground Water","Towards main road","15 crore 04022021 Revival of PWS Scheme Providing and Laying Pipeline at Doddathimmasandra Village Mugaluru GP Anekal Taluk",2020-2021,5.00000,4.99947,"06 Feb 2021","03 May 2023",2024-06-07
Karnataka,"Bengaluru Urban",Anekal,Shantipura,Choodasandra,Choodasandra,0000373591,0008235534,250248236,"Deep Tubewell","Ground Water","Towards main road","15 crore 04022021 Revival of PWS Scheme Drlling of BW 2 at Choodasandra Village Shantipura GP Anekal Taluk",2020-2021,3.75000,3.37924,"06 Feb 2021","03 May 2023",2024-06-07
Karnataka,"Bengaluru Urban",Anekal,Neriga,"Nekundi Dommasandra","Nekundi Dommasandra",0000373572,0008235664,250259881,"Deep Tubewell","Ground Water","Village limit road","15 crore 04022021 Revival of PWS Scheme Drlling of BW 3 at Village Limit at Dommasandra Village Dommasandra GP Anekal taluk",2020-2021,3.85000,3.42578,"06 Feb 2021","03 May 2023",2024-06-07
Karnataka,"Bengaluru Urban",Anekal,Dommasandra,Dommasandra,Dommasandra,0000373592,0008235680,250170332,"Deep Tubewell","Ground Water","Village limit","15 crore 04022021 Revival of PWS Scheme Errection of Pumpset  Energization and Laying of Pipeline at Dommasandra Village Dommasandra GP Anekal taluk",2020-2021,5.00000,4.65765,"06 Feb 2021","03 May 2023",2024-06-07
Karnataka,"Bengaluru Urban",Anekal,Neriga,Heggondahalli,Heggondahalli,0000373570,0008237474,250152903,"Deep Tubewell","Ground Water","Village Limits","15 crore 04022021 Drilling of Borewell at Heggondanahalli Village Neriga GP Anekal Taluk",2020-2021,4.00000,3.60594,"06 Feb 2021","03 May 2023",2024-06-07
Karnataka,"Bengaluru Urban",Anekal,Dommasandra,Dommasandra,Dommasandra,0000373592,0008238748,250170332,"Deep Tubewell","Ground Water","Village limit","15 crore 04022021  Providing Water Supply to  Veterinary Hospital fitting of Taps at Dommasandra Village Dommasandra GP Anekal taluk",2020-2021,2.00000,1.98948,"06 Feb 2021","03 May 2023",2024-06-07
Karnataka,"Bengaluru Urban",Anekal,Bannerghatta,Sampigehalli,Sampigehalli,0000373433,0008240149,250149329,"Deep Tubewell","Ground Water","Village limit","One time Settlement of energisation charges bill in BESCOM   Sub Division Pertaing to Jigani hobli  Anekal  Taluk",2020-2021,24.50918,26.08989,"25 Feb 2021","03 May 2023",2024-06-07
Karnataka,"Bengaluru Urban",Anekal,Neriga,Chikkavaderapura,Chikkavaderapura,0001852905,0008313203,250302049,"Deep Tubewell","Ground Water","village limit","Providing pipe line to   Chikkavaderapura village Neriga GP Scheme",2018-2019,2.00000,1.95000,"01 Nov 2018","31 Mar 2019",2024-06-07
Karnataka,"Bengaluru Urban",Anekal,Hulimangala,Vabbasandra,Vabbasandra,0000373386,0007908145,250278770,"Deep Tubewell","Ground Water","Colony limit","SDP Revival of MWS  Scheme at Vabasandra at  Habitation, Hulimangala GP Anekal Taluk",2019-2020,7.00000,6.11557,"19 Sep 2019","03 May 2023",2024-06-07
Karnataka,"Bengaluru Urban",Anekal,Handenahalli,"S. Medihalli",Thyavakanahalli,0000373540,0007912122,250282816,"Deep Tubewell","Ground Water","village limit","G Revival of PWS Drilling of BW,Errection of Pumpset  at Thyavakanahalli Habitaion, Thyavakanahalli village, Handenhalli GP, Anekal Taluk.",2019-2020,5.60000,0.00000,"27 Sep 2019","03 May 2023",2024-06-07
Karnataka,"Bengaluru Urban",Anekal,Neralur,Guddahatti,Guddahatti,0000373480,0007913153,250283497,"Deep Tubewell","Ground Water","Village limit","SDP Providing Piped water supply scheme (Construction of OHT of 1 Lakh ltr Capasity) at Guddahatti Habitaion, Guddahatti village, Neraluru GP, Anekal Taluk.",2019-2020,18.00000,4.99346,"30 Sep 2019","03 May 2023",2024-06-07
Karnataka,"Bengaluru Urban",Anekal,Neriga,Neriga,Neriga,0000373564,0007913290,250283614,"Deep Tubewell","Ground Water","Village limit","SCP Revival of PWS Drilling of Borewell at Neriga Habitation, Neriga Village, Neriga GP, Anekal Taluk",2019-2020,3.00000,2.99574,"30 Sep 2019","31 Jan 2020",2024-06-07
Karnataka,"Bengaluru Urban",Anekal,Muthanallur,"Singena Agrahara","Singena Agrahara",0000373562,0007913668,250283896,"Deep Tubewell","Ground Water","Village limit","G Revival of PWS Drilling of Borewell at Singenaagharaha  Habitaion, Singenaagharaha  village, MUTHANALLUR GP, Anekal Taluk.",2019-2020,2.80000,2.79211,"01 Oct 2019","31 Jan 2020",2024-06-07
Karnataka,"Bengaluru Urban",Anekal,Muthanallur,"Chikka Thimmasandra","Chikka Thimmasandra",0000373555,0007913711,250283932,"Deep Tubewell","Ground Water","village limit","G Revival of PWS Drilling of BW,Errection of Pumpset at CHIKKA THIMMASANDRA  Habitaion, CHIKKA THIMMASANDRA  village, MUTHANALLUR GP, Anekal Taluk.",2019-2020,2.80000,2.79211,"01 Oct 2019","31 Jan 2020",2024-06-07
Karnataka,"Bengaluru Urban",Anekal,Ballur,Dasanapura,Dasanapura,0001622876,0007913781,250284002,"Deep Tubewell","Ground Water","Village Limits","SC and ST Revival of PWS  Drilling of Bore Well at Dasanapura Habitation, Dasanapura Gate Village, Balluru GP, Anekal Taluk",2019-2020,2.80000,2.79528,"01 Oct 2019","31 Jan 2020",2024-06-07
Karnataka,"Bengaluru Urban",Anekal,Mugalur,"Chikkanahalli Kamanahalli","Chikkanahalli Kamanahalli",0000373526,0007913915,250284109,"Deep Tubewell","Ground Water","Village limit","G Revival of PWS Drilling of BW,Errection of Pumpset with Pipeline at KAMANAHALLI Habitation, KAMANAHALLI Village, MUGALUR GP, Anekal Taluk",2019-2020,10.00000,9.36098,"01 Oct 2019","03 May 2023",2024-06-07
Karnataka,"Bengaluru Urban",Anekal,Neralur,Thirumagondanahalli,Thirumagondanahalli,0000373478,0007917480,250285704,"Deep Tubewell","Ground Water","village limit","G Revival of PWS Drilling of BW,Errection of Pumpset with Pipeline  at Thirumagondanahalli Habitaion, Thirumagondanahalli village, Neraluru GP, Anekal Taluk.",2019-2020,10.00000,9.94804,"11 Oct 2019","03 May 2023",2024-06-07
Karnataka,"Bengaluru Urban",Anekal,Mantapa,"Jangal Palya",Jangalapalya,0000373407,0007951917,250149267,"Deep Tubewell","Ground Water","Village limit","TFC CEO 080319 Drilling of borewell  at jagalpaya  village Mantap G.p in Anekal taluk",2019-2020,2.40000,2.34120,"16 Mar 2019","03 May 2023",2024-06-07
Karnataka,"Bengaluru Urban",Anekal,Mayasandra,"M. Medihalli","M. Medihalli",0000373494,0007952253,250152928,"Deep Tubewell","Ground Water","Village limit","TFC 231019 Drilling of Borewell at Medarahalli Habitation Mayasandra GP Anekal Taluk",2019-2020,4.00000,3.99772,"29 Oct 2019","03 May 2023",2024-06-07
Karnataka,"Bengaluru Urban",Anekal,Neriga,Chikkanekundi,Chikkanekundi,0000373573,0007952382,250259884,"Deep Tubewell","Ground Water","village limit","TFC CEO080319 Drilling of Borewell at Chikka Nekkundi Badavane Habitation Neriga GP Anekal Taluk",2019-2020,2.80000,2.79496,"16 Mar 2019","03 May 2023",2024-06-07
Karnataka,"Bengaluru Urban",Anekal,Bidaraguppe,Bidaraguppe,"Silk Farm",0001622878,0007981447,250290015,"Deep Tubewell","Ground Water","village limit","Water Purification Plant in Silkfarm Habitation Bidaraguppe GP  Anekal Taluk Bangalore Urban District",2019-2020,12.00000,5.48027,"18 Jan 2020","03 May 2023",2024-06-07
Karnataka,"Bengaluru Urban",Anekal,Haragadde,"Nosenur Gollahalli","Nosenur Gollahalli",0000373353,0007739591,250205298,"Deep Tubewell","Ground Water","village limit","WPP KRIDL(3000 Series)  at Gollahalli Habitation, Haragadde G.P, Anekal Taluk, Bangalore Urban District",2017-2018,12.00000,9.85000,"25 Nov 2017","31 Mar 2019",2024-06-07
Karnataka,"Bengaluru Urban",Anekal,Samandur,"Chennana Agrahara","Chennana Agrahara",0000373268,0007739598,250205302,"Deep Tubewell","Ground Water","village limit","WPP44 SCP (3000 Series) Channena Agrahara Habitation, Samanduru G.P, Anekal Taluk, Bangalore Urban District",2017-2018,12.00000,9.57460,"25 Nov 2017","31 Jan 2019",2024-06-07
Karnataka,"Bengaluru Urban",Anekal,Indlawadi,Nagaiahadoddi,Nagaiahabadoddi,0000373332,0007739632,250205323,"Deep Tubewell","Ground Water","village limit","WPP63 SCP (3000 Series) Nagaiahanadoddi Habitation, Indlawadi G.P, Anekal Taluk, Bangalore Urban District",2017-2018,12.00000,9.60041,"25 Nov 2017","31 Jan 2019",2024-06-07
Karnataka,"Bengaluru Urban",Anekal,Indlawadi,Indlawadipura,Indlawadipura,0000373327,0007739646,250205329,"Deep Tubewell","Ground Water","village limit","WPP69 Gen (3000 Series) Indlawadipura Habitation, Indlawadi G.P, Anekal Taluk, Bangalore Urban District",2017-2018,12.00000,9.62626,"25 Nov 2017","31 Jan 2019",2024-06-07
Karnataka,"Bengaluru Urban",Anekal,Indlawadi,Laxmipura,Laxmipura,0000373323,0007739666,250205338,"Deep Tubewell","Ground Water","village limit","WPP65 SCP (3000 Series) Laxmipura Habitation, Indlawadi G.P, Anekal Taluk, Bangalore Urban District",2017-2018,12.00000,8.82460,"25 Nov 2017","03 May 2023",2024-06-07
Karnataka,"Bengaluru Urban",Anekal,Indlawadi,Basavanapura,Basavanapura,0000373322,0007739667,250205339,"Deep Tubewell","Ground Water","village limit","WPP64 SCP (3000 Series) Basavanapura Habitation, Indlawadi G.P, Anekal Taluk, Bangalore Urban District",2017-2018,12.00000,9.63227,"25 Nov 2017","31 Jan 2019",2024-06-07
Karnataka,"Bengaluru Urban",Anekal,Haragadde,Kumbarahalli,Kumbarahalli,0000373347,0007739669,250205341,"Deep Tubewell","Ground Water","village limit","WPP74 Gen (3000 Series) Kumbaranahalli Habitation, Haraggade G.P, Anekal Taluk, Bangalore Urban District",2017-2018,12.00000,9.62645,"25 Nov 2017","31 Mar 2019",2024-06-07
Karnataka,"Bengaluru Urban",Anekal,Haragadde,Nosenur,Nosenur,0000373352,0007852434,250246309,"Deep Tubewell","Ground Water","Village Limit","G Revival of PWS Scheme at Nosenuru Habitation Haragadde GP Anekal Taluk",2018-2019,7.00000,4.83364,"12 Oct 2018","03 May 2023",2024-06-07
Karnataka,"Bengaluru Urban",Anekal,Haragadde,Seethanayakanahalli,Seethanayakanahalli,0000373350,0007852858,250246719,"Deep Tubewell","Ground Water","Village limit","TFC NAC 2018 G  Drilling of Borewell(1 No) for Revival of Water Supply Scheme Seethanayakanahalli Habitation Haragadde   GP Anekal Taluk",2018-2019,2.74000,2.73955,"12 Oct 2018","31 Mar 2019",2024-06-07
Karnataka,"Bengaluru Urban",Anekal,Indlawadi,Mysoorammanadoddi,Mysooramanadoddi,0000373331,0007854005,250247581,"Deep Tubewell","Ground Water","village limit","TFC NAC 2018 G Drilling of Borewell 1 No  for Revival of Water Supply Scheme in Mysoorammanadoddi habitation Indlawadi GP Anekal Taluk",2018-2019,2.64000,2.63608,"05 Sep 2018","31 Mar 2019",2024-06-07
Karnataka,"Bengaluru Urban",Anekal,Samandur,"Chennana Agrahara","Chennana Agrahara",0000373268,0007854203,250247767,"Deep Tubewell","Ground Water","village limit","TFC NAC 2018 SCP Drilling of Borewell 1 No for Revival of Water Supply Scheme in Channena Agrahara habitation Samanduru GP Anekal Taluk",2018-2019,2.75000,2.49404,"05 Sep 2018","31 Mar 2019",2024-06-07
Karnataka,"Bengaluru Urban",Anekal,Samandur,Samandur,Samandur,0000373270,0007854212,250247776,"Deep Tubewell","Ground Water","Thimmasandra Tank Bed","TFC NAC 2018 SCP Drilling of Borewells 7 Nos for Revival of Water Supply Scheme in Samanduru habitation Samanduru GP Anekal Taluk",2018-2019,16.99500,16.87806,"05 Sep 2018","31 Mar 2019",2024-06-07
Karnataka,"Bengaluru Urban",Anekal,Surgajakanahalli,Surgajakanahalli,Surgajakanahalli,0000373297,0007854234,250247797,"Deep Tubewell","Ground Water","Village limit","TFC NAC 2018 G Drilling of Borewell 1 No for Revival of Water Supply Scheme in Suragajakkanahalli habitation Suragajakkanahalli GP Anekal Taluk",2018-2019,2.25500,2.25071,"05 Sep 2018","31 Mar 2019",2024-06-07
Karnataka,"Bengaluru Urban",Anekal,Vannakanahalli,Singasandra,Singasandra,0000373300,0007854368,250247931,"Deep Tubewell","Ground Water","main road","TFC NAC 2018 G Drilling of Borewell 1 No for Revival of Water Supply Scheme in Singasandra habitation Vanakanahalli GP Anekal Taluk",2018-2019,2.50000,2.49871,"05 Sep 2018","31 Mar 2019",2024-06-07
Karnataka,"Bengaluru Urban",Anekal,Surgajakanahalli,Surgajakanahalli,Surgajakanahalli,0000373297,0007854375,250247938,"Deep Tubewell","Ground Water","Village limit","TFC NAC 2018 G Drilling of Borewell 1 No for Revival of Water Supply Scheme in Surgajakanahalli habitation Surgajakanahalli GP Anekal Taluk",2018-2019,2.50000,2.49999,"05 Sep 2018","31 Mar 2019",2024-06-07
Karnataka,"Bengaluru Urban",Anekal,Byagadadevanahalli,Kempavaderahalli,Kempavaderahalli,0000373336,0007534786,250149619,"Deep Tubewell","Ground Water","Colony limit","SDP Revival Of PWS Scheme at Kempuvderahalli habitation in Byagadadenahalli GP.",2016-2017,5.50000,5.41068,"01 Sep 2016","31 Mar 2019",2024-06-07
Karnataka,"Bengaluru Urban",Anekal,Marsoor,Marsoor,Marsoor,0000373309,0007536192,250150781,"Deep Tubewell","Ground Water","Tank Bed","G Revival Of PWS Scheme at Marasuru habitation in Marasuru GP",2016-2017,8.00000,7.84204,"01 Sep 2016","31 Mar 2018",2024-06-07
Karnataka,"Bengaluru Urban",Anekal,Surgajakanahalli,Surgajakanahalli,Surgajakanahalli,0000373297,0007536333,250150927,"Deep Tubewell","Ground Water","Village limit","G Revival Of PWS Scheme. Drilling of Borewell at Suragajakkanahalli habitation in Suragajakkanahalli GP.",2016-2017,6.00000,8.21646,"01 Sep 2016","31 Mar 2018",2024-06-07
Karnataka,"Bengaluru Urban",Anekal,Indlawadi,Karakalaghatta,Karikalgatta,0000373318,0007537118,250151778,"Deep Tubewell","Ground Water","Village Limit","G Revival Of PWS Scheme  Drilling of Borewell in Karakalaghatta Village in Indlawadi G P in Anekal Taluk",2016-2017,6.00000,4.84691,"01 Sep 2016","31 Mar 2018",2024-06-07
Karnataka,"Bengaluru Urban",Anekal,Samandur,Muthagatti,Muthagatti,0000373263,0007538355,250152831,"Deep Tubewell","Ground Water","Village limit","G Revival Of PWS Scheme  of  Muttaghatti Village in Samnduru G P in Anekal Taluk",2016-2017,2.50000,2.25187,"01 Sep 2016","31 Mar 2018",2024-06-07
Karnataka,"Bengaluru Urban",Anekal,Karpoor,Haldenahalli,Haldenahalli,0000373275,0007538419,250152875,"Deep Tubewell","Ground Water","Village Limit","G Revival Of PWS Scheme BW os Haldenahalli Village in Karpuru G P in Anekal Taluk",2016-2017,2.50000,3.66590,"01 Sep 2016","31 Mar 2018",2024-06-07
Karnataka,"Bengaluru Urban",Anekal,Byagadadevanahalli,Soppahalli,Soppahalli,0000373340,0007539632,250153946,"Deep Tubewell","Ground Water","village limit","G Providing Piped water Supply Scheme Construction of OHT at Soppahalli Village in Byagadadenahalli G P in Anekal Taluk",2016-2017,26.00000,27.39697,"01 Sep 2016","31 Mar 2019",2024-06-07
Karnataka,"Bengaluru Urban",Anekal,Vannakanahalli,Telagarahalli,Telagarahalli,0000373301,0007544187,250156834,"Deep Tubewell","Ground Water","village limit","SCP Providing Water Supply to School at Telagarahalli habitation in Vanakanahalli GP, Anekal Taluk",2016-2017,1.00000,0.84850,"01 Sep 2016","31 Mar 2019",2024-06-07
Karnataka,"Bengaluru Urban",Anekal,Haragadde,"Nosenur Gollahalli","Nosenur Gollahalli",0000373353,0007573317,250170219,"Deep Tubewell","Ground Water","Village limit","TFC221116 ReDrilling of Borewell at Nosenuru Gollahalli habitation, Haragadde GP, Anekal Taluk",2016-2017,1.20000,1.19978,"15 Jan 2017","28 Feb 2018",2024-06-07
Karnataka,"Bengaluru Urban",Anekal,Marsoor,Madiwala,Madiwala,0000373311,0007573487,250170327,"Deep Tubewell","Ground Water","Near Tank bed","TFC221116 Drilling of Borewell at M.Madiwala Habitation, Marasuru GP, Anekal Taluk",2016-2017,2.50000,2.49879,"15 Jan 2017","31 Mar 2018",2024-06-07
Karnataka,"Bengaluru Urban",Anekal,Byagadadevanahalli,Chikkahagde,Chikkahagde,0000373337,0007573494,250170337,"Deep Tubewell","Ground Water","Near Tank bed","TFC221116 Drilling of Borewell and Erection of Pumpset at Chikkahagade Habitation, Byagadadenahalli GP, Ane",2016-2017,5.00000,4.98524,"15 Jan 2017","31 Mar 2018",2024-06-07
Karnataka,"Bengaluru Urban",Anekal,Kallabalu,Bukkasagara,Bukkasagara,0000373365,0007637553,250185506,"Deep Tubewell","Ground Water","Village limit","TFC220217 Drilling of borewell At Bukkasagara i Habitation, KAllubalu GP, Anekal Taluk",2016-2017,2.00000,1.99308,"05 May 2017","31 Mar 2018",2024-06-07
Karnataka,"Bengaluru Urban",Anekal,Kallabalu,Vaderamanchenahalli,Vaderamanchenahalli,0000373362,0007637572,250185510,"Deep Tubewell","Ground Water","Village limit","TFC220217 Drilling of borewell At Vaderamanchanahalli   Habitation, KAllubalu GP, Anekal Taluk",2016-2017,2.00000,1.95244,"05 May 2017","31 Mar 2018",2024-06-07
Karnataka,"Bengaluru Urban",Anekal,Samandur,Marnayakanahalli,Marnayakanahalli,0000373274,0007642088,250186381,"Deep Tubewell","Ground Water","Colony limit","TFC220217 Drilling of borewell At Maranayakanahalli Habitation, Samnduru GP, Anekal Taluk.",2016-2017,2.50000,2.48656,"05 May 2017","31 Mar 2019",2024-06-07
Karnataka,"Bengaluru Urban",Anekal,Vannakanahalli,Telagarahalli,Telagarahalli,0000373301,0007642095,250186385,"Deep Tubewell","Ground Water","Village Limit","TFC220217 Drilling of Borewell at Telagarahalli Habitation, Vanakanahalli GP, Anekal Taluk,",2016-2017,2.50000,2.48563,"05 May 2017","31 Mar 2018",2024-06-07
Karnataka,"Bengaluru Urban",Anekal,Haragadde,Kumbarahalli,Kumbarahalli,0000373347,0007642433,250186447,"Deep Tubewell","Ground Water","Village limit","TFC220217 Drilling of Borewell at Kumbarahalli habitation, Haragadde GP, Anekal Taluk",2016-2017,2.50000,2.48423,"05 May 2017","31 Mar 2018",2024-06-07
Karnataka,"Bengaluru Urban",Anekal,Vannakanahalli,Choodenahalli,Kalyanakanahalli,0000373306,0007647047,250187440,"Deep Tubewell","Ground Water","Village limit","TFCZP220217 Drilling of borewell At Kalanayakanahalli Habitation, Vanakanahalli  GP, Anekal Taluk.",2016-2017,1.74000,0.00000,"18 May 2017","03 May 2023",2024-06-07
Karnataka,"Bengaluru Urban",Anekal,Indlawadi,Laxmipura,Laxmipura,0000373323,0007651353,250188494,"Deep Tubewell","Ground Water","Colony limit","TFCZP220217 Drilling of borewell AtLakshmipura Habitation, Indlawadi GP, Anekal Taluk.",2016-2017,1.89000,1.88306,"18 May 2017","31 Mar 2018",2024-06-07
Karnataka,"Bengaluru Urban",Anekal,Surgajakanahalli,Chinnaiahnapalya,Chinnaiahanapalya,0000373290,0007651486,250188552,"Deep Tubewell","Ground Water","Village Limits","TFCZP220217 Drilling of borewell At Chinnaianapalya Habitation,  Indlawadi GP, Anekal Taluk.",2016-2017,2.25000,2.24533,"18 May 2017","31 Mar 2018",2024-06-07
Karnataka,"Bengaluru Urban",Anekal,Samandur,"Chennana Agrahara","Chennana Agrahara",0000373268,0007702566,250196364,"Deep Tubewell","Ground Water","Village limit","TFC170417 Drilling of Borewell at Chennena Agrahara Habitation, Samanduru GP, Anekal Taluk",2017-2018,2.50000,2.49750,"10 Jul 2017","31 Mar 2018",2024-06-07
Karnataka,"Bengaluru Urban",Anekal,Samandur,Gudnahalli,Gudnahalli,0000373267,0007702573,250196365,"Deep Tubewell","Ground Water","Village limit","TFC170417 Drilling of Borewell at Gudnahalli Habitation, Samanduru GP, Anekal Taluk",2017-2018,2.50000,2.49783,"10 Jul 2017","31 Mar 2018",2024-06-07
Karnataka,"Bengaluru Urban",Anekal,Samandur,Gudnahalli,Gudnahalli,0000373267,0007732537,250202364,"Deep Tubewell","Ground Water","Colony limit","TFC 140317/170417 Drilling of Borewell at Gudnahalli village Samanduru G.P.",2017-2018,2.50000,0.00000,"22 Sep 2017","03 May 2023",2024-06-07
Karnataka,"Bengaluru Urban",Anekal,Samandur,Gudnahalli,Gudnahalli,0000373267,0007732538,250202365,"Deep Tubewell","Ground Water","Colony limit","TFC 140317/170417 Drilling of Borewell at Gudnahalli village Samanduru G.P.",2017-2018,2.50000,0.00000,"22 Sep 2017","03 May 2023",2024-06-07
Karnataka,"Bengaluru Urban",Anekal,Samandur,"S Thammasandra (b)","S. Thimmasandra",0000373272,0007732540,250202367,"Deep Tubewell","Ground Water","Village limit","TFC 140317/170417 Drilling of Borewell at S.Thimmasandra village Samanduru G.P.",2017-2018,2.50000,2.47941,"22 Sep 2017","31 Jan 2019",2024-06-07
Karnataka,"Bengaluru Urban",Anekal,Ragihalli,Ragihalli,Ragihalli,0000373462,0005712453,250001690,"Deep Tubewell","Ground Water","Village limit","Drinking Water Facility to Anganawadi",2013-2014,1.00000,0.99841,"10 Sep 2013","07 Oct 2014",2024-06-07
Karnataka,"Bengaluru Urban",Anekal,Kallabalu,Harapanahalli,Harapanahalli,0000373368,0005712557,250001709,"Deep Tubewell","Ground Water","Village limit","Drinking Water Facility to Anganawadi",2013-2014,1.00000,0.00000,"10 Sep 2013","25 Feb 2014",2024-06-07
Karnataka,"Bengaluru Urban",Anekal,Bannerghatta,Bytarayanadoddi,"Byatarayana Doddi",0000373444,0005712801,250001763,"Deep Tubewell","Ground Water","Village limit","Drinking Water Facility to Anganawadi",2013-2014,1.00000,0.99841,"10 Sep 2013","06 Oct 2014",2024-06-07
Karnataka,"Bengaluru Urban",Anekal,Neriga,Chikkanekundi,Chikkanekundi,0000373573,0005714349,250002119,"Deep Tubewell","Ground Water","Village limit","Drinking Water Facility to Anganawadi",2013-2014,1.00000,0.99782,"10 Sep 2013","10 Mar 2014",2024-06-07
Karnataka,"Bengaluru Urban",Anekal,Neriga,Chikkadasarahalli,Chikkadasarahalli,0000373563,0005714382,250002127,"Deep Tubewell","Ground Water","Village limit","Drinking Water Facility to Anganawadi",2013-2014,1.00000,0.99440,"10 Sep 2013","20 Mar 2014",2024-06-07
Karnataka,"Bengaluru Urban",Anekal,Mugalur,Madappanahalli,Madappanahalli,0000373529,0005714565,250002170,"Deep Tubewell","Ground Water","Village limit","Drinking Water Facility to Anganawadi",2013-2014,1.00000,0.99354,"10 Sep 2013","01 Mar 2014",2024-06-07
Karnataka,"Bengaluru Urban",Anekal,Mugalur,"Dodda Thimmasandra","Dodda Thimmasandra",0000373520,0005714611,250002184,"Deep Tubewell","Ground Water","Village limit","Drinking Water Facility to Anganawadi",2013-2014,1.00000,0.99376,"10 Sep 2013","20 Mar 2014",2024-06-07
Karnataka,"Bengaluru Urban",Anekal,Mugalur,Mugalur,Mugalur,0000373524,0005714651,250002190,"Deep Tubewell","Ground Water","Village limit","Drinking Water Facility to Anganawadi",2013-2014,1.00000,0.99852,"10 Sep 2013","20 Mar 2014",2024-06-07
Karnataka,"Bengaluru Urban",Anekal,Kallabalu,Giddenahalli,Giddenahalli,0000373372,0005812258,250006702,"Deep Tubewell","Ground Water","Village limit","SCP Revival of MWS Scheme",2013-2014,6.00000,6.43913,"10 Sep 2013","31 Mar 2018",2024-06-07
Karnataka,"Bengaluru Urban",Anekal,Yamare,"Thigala Chowdadenahalli","Thigala Chowdadenahalli",0000373553,0006131260,250020470,"Deep Tubewell","Ground Water","Village limit","Drilling of Borewell",2013-2014,2.34000,2.33950,"09 Jun 2013","03 Mar 2014",2024-06-07
Karnataka,"Bengaluru Urban",Anekal,Bidaraguppe,Arenur,Arenur,0000373498,0006131264,250020473,"Deep Tubewell","Ground Water","Village limit","Drilling of Borewell",2013-2014,1.94000,1.93950,"12 Jun 2013","01 Mar 2014",2024-06-07
Karnataka,"Bengaluru Urban",Anekal,Vannakanahalli,Singasandra,Singasandra,0000373300,0006131268,250020475,"Deep Tubewell","Ground Water","Village limit","Drilling of Borewell",2013-2014,2.19000,2.18950,"18 Jun 2013","03 Mar 2014",2024-06-07
Karnataka,"Bengaluru Urban",Anekal,Ballur,Halehalli,Halehalli,0000373486,0006131270,250020476,"Deep Tubewell","Ground Water","Village limit","Drilling of Borewell",2013-2014,1.88000,1.87850,"13 Jun 2013","01 Mar 2014",2024-06-07
Karnataka,"Bengaluru Urban",Anekal,Mantapa,Laxmipura,Sampangiramanagara,0000373414,0006131308,250020492,"Deep Tubewell","Ground Water","Near Jallimission","Drilling of Borewell",2013-2014,1.90000,1.89950,"29 Jun 2013","01 Mar 2014",2024-06-07
Karnataka,"Bengaluru Urban",Anekal,Dommasandra,Dommasandra,Dommasandra,0000373592,0006133266,250020809,"Deep Tubewell","Ground Water","Main road","Drilling of Borewell",2013-2014,2.56000,2.55900,"23 May 2013","01 Mar 2014",2024-06-07
Karnataka,"Bengaluru Urban",Anekal,Neriga,"Nekundi Dommasandra","Nekundi Dommasandra",0000373572,0006133271,250020810,"Deep Tubewell","Ground Water","Village limit","Drilling of Borewell",2013-2014,2.24000,2.23950,"17 May 2013","10 Mar 2014",2024-06-07
Karnataka,"Bengaluru Urban",Anekal,Shantipura,Rayasandra,Rayasandra,0000373589,0006133283,250020812,"Deep Tubewell","Ground Water","Village limit","Drilling of Borewell",2013-2014,1.94000,1.93950,"10 Jul 2013","03 Mar 2014",2024-06-07
Karnataka,"Bengaluru Urban",Anekal,Hulimangala,Shikaripalya,Shikaripalya,0000373393,0006133550,250020828,"Deep Tubewell","Ground Water","Village limit","Drilling of Borewell",2013-2014,1.99000,1.98950,"22 Jul 2013","01 Mar 2014",2024-06-07
Karnataka,"Bengaluru Urban",Anekal,Hulimangala,"Koppa Gate","Koppa Gate",0000373384,0006133668,250020844,"Deep Tubewell","Ground Water","Near Gate","Drilling of Borewell",2013-2014,1.83000,1.82950,"18 Jul 2013","03 Mar 2014",2024-06-07
Karnataka,"Bengaluru Urban",Anekal,Kallabalu,Mahanthalingapura,Mahanthalingapura,0000373373,0007852936,250246759,"Deep Tubewell","Ground Water","Village limit","Drilling of Borewell (1 No) for Revival of Water Supply Scheme at  Mahathalingapura  Habitation Kalaballu  GP Bangalore Anekal Taluk",2018-2019,1.60000,0.00000,"12 Oct 2018","03 May 2023",2024-06-07
Karnataka,"Bengaluru Urban",Anekal,Kallabalu,Balarabande,Balarabande,0000373381,0007852940,250246761,"Deep Tubewell","Ground Water","Towards main road","TFC NAC 2018 SCP Drilling of Borewell(1 No) for Revival of Water Supply Scheme Balarabande  Habitation Kalaballu  GP Anekal Taluk",2018-2019,2.60000,2.49463,"12 Oct 2018","31 Mar 2019",2024-06-07
Karnataka,"Bengaluru Urban",Anekal,Mantapa,Laxmipura,Laxmipura,0000373413,0007852945,250246766,"Deep Tubewell","Ground Water","Village limit","TFC NAC 2018 G Drilling of Borewell(1 No) for Revival of Water Supply Scheme Lakshmipura Habitation Mantapa  GP Anekal Taluk",2018-2019,1.80000,1.79937,"12 Oct 2018","31 Mar 2019",2024-06-07
Karnataka,"Bengaluru Urban",Anekal,Mantapa,"Jangal Palya",Jangalapalya,0000373407,0007852949,250246770,"Deep Tubewell","Ground Water","Village limit","TFC NAC 2018 SCP Drilling of Borewell(1 No) for Revival of Water Supply Scheme Jangalapalya Habitation Mantapa  GP Anekal Taluk",2018-2019,2.50000,2.49897,"12 Oct 2018","31 Mar 2019",2024-06-07
Karnataka,"Bengaluru Urban",Anekal,Mantapa,Hullakasavanahalli,Hullakasavanahalli,0000373416,0007853418,250247055,"Deep Tubewell","Ground Water","Colony road","TFC NAC 2018 SCP Drilling of Borewell(1 No) for Revival of Water Supply Scheme Hullukasavanahalli Habitation Mantapa  GP Anekal Taluk",2018-2019,2.00000,1.99915,"12 Oct 2018","31 Mar 2019",2024-06-07
Karnataka,"Bengaluru Urban",Anekal,Bidaraguppe,Bidaraguppe,"Silk Farm",0001622878,0007853638,250247238,"Deep Tubewell","Ground Water","village limit","TFC NAC 2018 SCP Drilling of Borewells 1 No  for Revival of Water Supply Scheme in Bidaraguppe Silk Farm habitation Bidaraguppe GP Anekal Taluk",2018-2019,2.37600,2.36586,"05 Sep 2018","31 Mar 2019",2024-06-07
Karnataka,"Bengaluru Urban",Anekal,Haragadde,"Mada Pattana",Madapatna,0001622883,0007853693,250247296,"Deep Tubewell","Ground Water","Village limit","TFC NAC 2018 SCP Drilling of Borewell(1 No) for Revival of Water Supply Scheme at Madapatna Habitation, Chikkanahalli GP, Bangalore South Tq",2018-2019,1.71000,0.00000,"12 Oct 2018","03 May 2023",2024-06-07
Karnataka,"Bengaluru Urban",Anekal,Huskuru,Huskuru,Sanjeevanagara,0000373580,0007853735,250247354,"Deep Tubewell","Ground Water","village limit","TFC NAC 2018 SCP Drilling of Borewells 2 No for Revival of Water Supply Scheme in Sanjeevanagara habitation Huskur GP Anek",2018-2019,4.46600,4.44707,"05 Sep 2018","31 Mar 2019",2024-06-07
Karnataka,"Bengaluru Urban",Anekal,Haragadde,Nayanahalli,Nayanahalli,0001622885,0007853811,250247415,"Deep Tubewell","Ground Water","Colony Road","TFC NAC 2018 SCP Drilling of Borewells 1 No  for Revival of Water Supply Scheme in Nayanahalli habitation Haragadde GP Anekal Taluk",2018-2019,3.02500,2.74722,"05 Sep 2018","31 Jul 2019",2024-06-07
Karnataka,"Bengaluru Urban",Anekal,Huskuru,Avalahalli,Avalahalli,0000373582,0007853960,250247549,"Deep Tubewell","Ground Water","Vilklage limit","TFC NAC 2018 SCP Drilling of Borewell 1 No  for Revival of Water Supply Scheme in Avalahalli habitation Huskuru GP Anekal Taluk",2018-2019,2.27700,2.27612,"05 Sep 2018","31 Mar 2019",2024-06-07
Karnataka,"Bengaluru Urban",Anekal,Mayasandra,Bakthipura,Bakthipura,0000373489,0007854030,250247600,"Deep Tubewell","Ground Water","Village Limit","TFC NAC 2018 SCP Drilling of Borewells 2 Nos  for Revival of Water Supply Scheme in Bhaktipura habitation Mayasandra GP Anekal Taluk",2018-2019,5.15900,5.14514,"05 Sep 2018","31 Mar 2019",2024-06-07
Karnataka,"Bengaluru Urban",Anekal,Neriga,"Halsahalli Thippasandra","Halsahalli Thippasandra",0000373571,0007854077,250247647,"Deep Tubewell","Ground Water","Village limit","TFC NAC 2018 SCP Drilling of Borewells  6Nos for Revival of Water Supply Scheme in Halasalli Thippasandra habitation Neriga GP Anekal Taluk",2018-2019,13.22200,11.21783,"05 Sep 2018","31 Jul 2019",2024-06-07
Karnataka,"Bengaluru Urban",Anekal,Shantipura,Shantipura,Shantipura,0001622895,0007854218,250247781,"Deep Tubewell","Ground Water","Village limit","TFC NAC 2018 G Drilling of Borewells 3 Nos for Revival of Water Supply Scheme in Shantipura habitation Shantipura GP Anekal Taluk",2018-2019,6.75400,6.72266,"05 Sep 2018","31 Mar 2019",2024-06-07
Karnataka,"Bengaluru Urban",Anekal,Sarjapura,Sarjapura,Sarjapura,0000373516,0007854366,250247929,"Deep Tubewell","Ground Water","Sompura Gate","TFC NAC 2018 SCP Drilling of Borewell 1 No for Revival of Water Supply Scheme in Sarjapura habitation Sarjapura GP Anekal Taluk",2018-2019,1.90000,1.89755,"05 Sep 2018","31 Mar 2019",2024-06-07
Karnataka,"Bengaluru Urban",Anekal,Yamare,"Thigala Chowdadenahalli","Thigala Chowdadenahalli",0000373553,0007539516,250153832,"Deep Tubewell","Ground Water","village limit","G Revival Of PWS Scheme at Thigala Chowdadenahalli habitation,Vannakanahalli GP, Anekal Taluk",2016-2017,10.00000,10.37007,"01 Sep 2016","31 Mar 2018",2024-06-07
Karnataka,"Bengaluru Urban",Anekal,Mugalur,"Pandithana Agrahara","Pandithana Agrahara",0000373525,0007539909,250154130,"Deep Tubewell","Ground Water","Main road","G Revival Of PWS Scheme of Pandithana Agrahara Village in Mugaluru G P in Anekal Taluk",2016-2017,6.00000,0.00000,"01 Sep 2016","03 May 2023",2024-06-07
Karnataka,"Bengaluru Urban",Anekal,Muthanallur,"Ali Bommasandra","Ali Bommasandra",0000373557,0007539964,250154174,"Deep Tubewell","Ground Water","Towards school road","SDP Revival Of PWS Scheme of Alibommasandra Village in Muthanalluru G P in Anekal Taluk",2016-2017,5.50000,5.20066,"01 Sep 2016","31 Mar 2018",2024-06-07
Karnataka,"Bengaluru Urban",Anekal,Kallabalu,Yallammanadoddi,"Yallammana Doddi",0000373376,0007573279,250170189,"Deep Tubewell","Ground Water","Village limit","TFC221116 Drilling of Borewell at Yallammanadoddi habitation, Kallubalu GP, Anekal Taluk",2016-2017,2.50000,2.40076,"15 Jan 2017","28 Feb 2018",2024-06-07
Karnataka,"Bengaluru Urban",Anekal,Bannerghatta,Bannerughatta,Bannerghatta,0000373430,0006135760,250021165,"Deep Tubewell","Ground Water","Village Limit","Drilling of Borewell",2013-2014,1.65000,1.64980,"16 Jul 2013","01 Mar 2014",2024-06-07
Karnataka,"Bengaluru Urban",Anekal,Indlawadi,Mysoorammanadoddi,Mysooramanadoddi,0000373331,0006137940,250021645,"Deep Tubewell","Ground Water",NA,"Providing shelter to pure drinking water plant at Mysooranabadoddi habitation",2013-2014,5.33000,4.00000,"08 Nov 2013","15 Mar 2014",2024-06-07
Karnataka,"Bengaluru Urban",Anekal,Bannerghatta,Shileendradoddi,"Shylendra Doddi",0000373442,0006367379,250034231,"Deep Tubewell","Ground Water","Village limit","Revival of MWS Scheme",2013-2014,6.00000,6.07444,"21 Mar 2014","17 Mar 2015",2024-06-07
Karnataka,"Bengaluru Urban",Anekal,Byagadadevanahalli,Chikkahagde,Chikkahagde,0000373337,0006367895,250034285,"Deep Tubewell","Ground Water","Village limit","Revival of MWS Scheme",2013-2014,6.00000,6.74714,"29 Mar 2014","06 Mar 2015",2024-06-07
Karnataka,"Bengaluru Urban",Anekal,Haragadde,Dyavasandra,Dyavasandra,0001622880,0006368930,250034368,"Deep Tubewell","Ground Water","Village limit","Revival of MWS Scheme",2013-2014,6.00000,5.08207,"15 Apr 2014","14 Jan 2015",2024-06-07
Karnataka,"Bengaluru Urban",Anekal,Hulimangala,"S. Bingipura","S. Bingipura",0000373389,0006368937,250065270,"Deep Tubewell","Ground Water","Colony Limit","Revival of PWS Scheme",2013-2014,10.00000,10.07705,"25 Apr 2014","08 Jan 2015",2024-06-07
Karnataka,"Bengaluru Urban",Anekal,Huskuru,Avalahalli,Avalahalli,0000373582,0006368943,250034372,"Deep Tubewell","Ground Water","Vilklage limit","Revival of MWS  Scheme",2013-2014,6.00000,6.01873,"25 Apr 2014","09 Jan 2015",2024-06-07
Karnataka,"Bengaluru Urban",Anekal,Huskuru,"Chinnthala Madiwala",Gottamaranahalli,0000373577,0006368971,250034377,"Deep Tubewell","Ground Water","Village limit","Revival of MWS Scheme",2013-2014,6.00000,5.95386,"20 Apr 2014","31 Oct 2014",2024-06-07
Karnataka,"Bengaluru Urban",Anekal,Huskuru,Huskuru,"Lakshmi Narayanapura",0000373581,0006372207,250034419,"Deep Tubewell","Ground Water","Village limit","Revival of MWS Scheme",2013-2014,6.00000,5.99452,"20 Apr 2014","29 Jan 2015",2024-06-07
Karnataka,"Bengaluru Urban",Anekal,Indlawadi,Thimmasandra,Thimmasandra,0000373320,0006372261,250065130,"Deep Tubewell","Ground Water","Colony Limit","TSP Revival of MWS Scheme",2013-2014,6.00000,5.71871,"22 Apr 2014","31 Mar 2015",2024-06-07
Karnataka,"Bengaluru Urban",Anekal,Indlawadi,Tammanayakanahalli,Tammanayakanahalli,0000373321,0006372264,250065122,"Deep Tubewell","Ground Water","Colony Limit","Revival of MWS Scheme",2013-2014,6.00000,6.00000,"22 Apr 2014","31 Mar 2015",2024-06-07
Karnataka,"Bengaluru Urban",Anekal,Kallabalu,Kasavanakunte,Kasavanakunte,0000373366,0006372278,250065279,"Deep Tubewell","Ground Water","Colony Limit","Revival of MWS Scheme",2013-2014,6.00000,6.09819,"22 Apr 2014","31 Mar 2015",2024-06-07
Karnataka,"Bengaluru Urban",Anekal,Kallabalu,"Kuppusiddegowdana Doddi","Kuppasiddana Doddi",0000373379,0006373346,250065140,"Deep Tubewell","Ground Water","Colony Limit","Revival of MWS Scheme",2013-2014,6.00000,5.92963,"22 Apr 2014","30 Mar 2015",2024-06-07
Karnataka,"Bengaluru Urban",Anekal,Marsoor,Bandapura,Bandapura,0000373313,0006373358,250034471,"Deep Tubewell","Ground Water","Village limit","SCP Revival of  PWS  Scheme",2013-2014,10.00000,8.50680,"25 Apr 2014","18 Mar 2015",2024-06-07
Karnataka,"Bengaluru Urban",Anekal,Mugalur,"Deshpande Guttahalli","Deshpande Guttahalli",0000373530,0006373363,250034474,"Deep Tubewell","Ground Water","Village limit","Revival of MWS Scheme",2013-2014,6.00000,0.29667,"22 Apr 2014","30 Mar 2015",2024-06-07
Karnataka,"Bengaluru Urban",Anekal,Mugalur,Seeganaikanahalli,Seeganaikanahalli,0000373531,0006373367,250034477,"Deep Tubewell","Ground Water","Village  limit","Revival of MWS Scheme",2013-2014,6.00000,2.58000,"28 Apr 2014","30 Mar 2015",2024-06-07
Karnataka,"Bengaluru Urban",Anekal,Ragihalli,"Muninanjappana Doddi",Muninanjappaanadoddi,0000373454,0006373433,250065165,"Deep Tubewell","Ground Water","Colony Limit","G Revival of MWS Scheme",2013-2014,6.00000,3.84785,"25 Apr 2014","31 Mar 2018",2024-06-07
Karnataka,"Bengaluru Urban",Anekal,Ragihalli,Shivanahalli,Rangappanadoddi,0000373459,0006373436,250065169,"Deep Tubewell","Ground Water","Colony Limit","G Revival of MWS Scheme",2013-2014,6.00000,5.80400,"22 Apr 2014","31 Mar 2018",2024-06-07
Karnataka,"Bengaluru Urban",Anekal,Dommasandra,Dommasandra,Govindapura,0000373593,0006665398,250064424,"Deep Tubewell","Ground Water","Village limit","G Drilling of BW,Errection of Pumpset with Pipe line and Energisation",2014-2015,9.60000,7.53940,"25 Sep 2014","31 Dec 2015",2024-06-07
Karnataka,"Bengaluru Urban",Anekal,Hennagara,Kachanayakanahalli,Kachanayakanahalli,0000373402,0006665460,250064463,"Deep Tubewell","Ground Water","Village limit","G Revival of PWS Scheme",2014-2015,8.00000,7.10565,"15 Sep 2014","02 Oct 2015",2024-06-07
Karnataka,"Bengaluru Urban",Anekal,Neralur,Thirumagondanahalli,Thirumagondanahalli,0000373478,0006665462,250064465,"Deep Tubewell","Ground Water","Village limit","G Drilling of BW,Errection of Pumpset with Pipe line and Energisation",2014-2015,10.00000,10.07174,"15 Sep 2014","31 Mar 2018",2024-06-07
Karnataka,"Bengaluru Urban",Anekal,Mantapa,Vaddarapalya,Vaddarapalya,0000373405,0006669879,250067815,"Deep Tubewell","Ground Water","Village limit","G Drilling of BW,Errection of Pumpset with Pipe line and Energisation",2014-2015,7.50000,5.54662,"20 Sep 2014","18 Mar 2016",2024-06-07
Karnataka,"Bengaluru Urban",Anekal,Muthanallur,Muthanallur,Muthanallur,0000373559,0007739620,250205318,"Deep Tubewell","Ground Water","village limit","WPP58 SCP (3000 Series) Muthanalluru Habitation, Muthanalluru G.P, Anekal Taluk, Bangalore Urban District",2017-2018,12.00000,9.60925,"25 Nov 2017","31 Mar 2019",2024-06-07
Karnataka,"Bengaluru Urban",Anekal,Dommasandra,Dommasandra,Dommasandra,0000373592,0007739676,250205347,"Deep Tubewell","Ground Water","village limit","WPP79 SCP (3000 Series) Dommasandra Habitation, Dommasandra G.P, Anekal Taluk, Bangalore Urban District",2017-2018,12.00000,9.56777,"25 Nov 2017","31 Mar 2019",2024-06-07
Karnataka,"Bengaluru Urban",Anekal,Shantipura,Rayasandra,Rayasandra,0000373589,0007765993,250215619,"Deep Tubewell","Ground Water","village limit","SDP WPP  Providing  Water Purification Plant at   Rayasandra Habitation,Shanthipura i GP, Anekal Taluk",2017-2018,12.00000,11.10682,"05 Apr 2018","03 May 2023",2024-06-07
Karnataka,"Bengaluru Urban",Anekal,Neriga,Thippasandra,Thippasandra,0001852903,0007807496,250221262,"Deep Tubewell","Ground Water","village limit","Revival of MWS at Thippasandra",2017-2018,0.10000,0.00000,"05 May 2017","03 May 2023",2024-06-07
Karnataka,"Bengaluru Urban",Anekal,Neralur,Balagaranahalli,Balagaranahalli,0000373476,0007849910,250243926,"Deep Tubewell","Ground Water","Village limit","G  Construction of GLSR in Neraluru at Balagaranahalli village, Anekal Taluk",2018-2019,25.00000,22.25093,"10 Oct 2018","03 May 2023",2024-06-07
Karnataka,"Bengaluru Urban",Anekal,Sarjapura,Sarjapura,Sarjapura,0000373516,0007849922,250243938,"Deep Tubewell","Ground Water","Village limit","G Providing Piped water Supply Scheme in Sarjapura at Sarjapura village, Anekal Taluk",2018-2019,70.00000,29.06432,"10 Oct 2018","03 May 2023",2024-06-07
Karnataka,"Bengaluru Urban",Anekal,Neriga,Heggondahalli,Heggondahalli,0000373570,0007851033,250245085,"Deep Tubewell","Ground Water","village limit","G Revival of MWS Scheme in Neriga GP at Heggondahalli village.",2018-2019,12.00000,11.94945,"12 Oct 2018","03 May 2023",2024-06-07
Karnataka,"Bengaluru Urban",Anekal,Neriga,Gonigattapura,Gonigattapura,0000373565,0007851118,250245178,"Deep Tubewell","Ground Water","village limit","G Revival of MWS Scheme in Neriga GP at Gonighattapura village.",2018-2019,25.00000,0.00000,"12 Oct 2018","03 May 2023",2024-06-07
Karnataka,"Bengaluru Urban",Anekal,Yamare,"Kada Agrahara","Kada Agrahara",0000373548,0007851135,250245201,"Deep Tubewell","Ground Water","Village limit","G Revival of MWS Scheme in Yamare GP at Kadaagrahara village,  Anekal Taluk",2018-2019,2.50000,2.48117,"12 Oct 2018","31 Mar 2019",2024-06-07
Karnataka,"Bengaluru Urban",Anekal,Neriga,Gonigattapura,Gonigattapura,0000373565,0007851140,250245207,"Deep Tubewell","Ground Water","village limit","G Revival of MWS Scheme in Neriga GP at Gonighattapura village.",2018-2019,2.50000,2.48831,"12 Oct 2018","31 Mar 2019",2024-06-07
Karnataka,"Bengaluru Urban",Anekal,Yamare,Ittangur,Ittangur,0000373546,0007851142,250245210,"Deep Tubewell","Ground Water","village limit","G Revival of MWS Scheme in Yamare GP at Ittanguru village.",2018-2019,2.50000,2.48750,"12 Oct 2018","31 Mar 2019",2024-06-07
Karnataka,"Bengaluru Urban",Anekal,Neriga,Chikkadasarahalli,Chikkadasarahalli,0000373563,0007851246,250245318,"Deep Tubewell","Ground Water","village limit","G Providing Piped water Supply Scheme(Construction of OHT of 1 Lakh Ltr capacity) in Neriga GP at Chikkadasarahalli village.",2018-2019,24.88000,17.05595,"12 Oct 2018","03 May 2023",2024-06-07
Karnataka,"Bengaluru Urban",Anekal,Bannerghatta,Bannerughatta,Bannerghatta,0000373430,0007852168,250246068,"Deep Tubewell","Ground Water","Extension Areas","G Revival of MWS Scheme at Bannerughatta Habitation Bannerughatta GP Anekal Taluk",2018-2019,10.00000,9.24484,"12 Oct 2018","03 May 2023",2024-06-07
Karnataka,"Bengaluru Urban",Anekal,Hennagara,Kachanayakanahalli,Kachanayakanahalli,0000373402,0007852436,250246311,"Deep Tubewell","Ground Water",NA,"G Revival of MWS Scheme at Kachanayakanahalli Habitation Hennagara GP Anekal Taluk",2018-2019,2.50000,2.01352,"12 Oct 2018","31 Mar 2019",2024-06-07
Karnataka,"Bengaluru Urban",Anekal,Hulimangala,Maragondanahalli,Maragondanahalli,0000373392,0007852442,250246317,"Deep Tubewell","Ground Water","Village limit","G Revival of MWS Scheme at Maragondanahalli Habitation Hulimangala GP Anekal Taluk",2018-2019,5.00000,3.99174,"12 Oct 2018","03 May 2023",2024-06-07
Karnataka,"Bengaluru Urban",Anekal,Mayasandra,Kamblipura,Kamblipura,0000373492,0007852606,250246464,"Deep Tubewell","Ground Water","Village limit","G  Revival of MWS Scheme in Mayasandra GP at Kamblipura village",2018-2019,3.00000,2.99660,"05 Sep 2018","31 Mar 2019",2024-06-07
Karnataka,"Bengaluru Urban",Anekal,Bidaraguppe,Narasapura,Narsapura,0000373501,0007852616,250246474,"Deep Tubewell","Ground Water","village limit","G  Revival of MWS Scheme in Bidaraguppe GP at Narasapura village",2018-2019,5.00000,4.99243,"05 Sep 2018","03 May 2023",2024-06-07
Karnataka,"Bengaluru Urban",Anekal,Ballur,Halehalli,Halehalli,0000373486,0007852623,250246481,"Deep Tubewell","Ground Water","village limit","G Revival of MWS Scheme in Balluru Gp at Halehalli Village",2018-2019,5.00000,4.98378,"05 Sep 2018","31 Mar 2019",2024-06-07
Karnataka,"Bengaluru Urban",Anekal,Bannerghatta,Sampigehalli,Sampigehalli,0000373433,0007852714,250246577,"Deep Tubewell","Ground Water","Village limit","TFC NAC 2018 G  Drilling of Borewell(1 No) for Revival of Water Supply Scheme Sampigehalli Habitation Bannerughatta GP Anekal Taluk",2018-2019,2.40000,2.39983,"12 Oct 2018","31 Mar 2019",2024-06-07
Karnataka,"Bengaluru Urban",Anekal,Bannerghatta,Bannerughatta,Bannerghatta,0000373430,0007852720,250246582,"Deep Tubewell","Ground Water","Extension Areas","TFC NAC 2018 G  Drilling of Borewell(1 No) for Revival of Water Supply Scheme Bannerughatta Bannerughatta (Muneshwara Badavane) Habitation Bannerughatta GP Anekal Taluk",2018-2019,1.50000,1.49480,"12 Oct 2018","31 Mar 2019",2024-06-07
Karnataka,"Bengaluru Urban",Anekal,Hulimangala,Koppa,Koppa,0000373383,0007852726,250246589,"Deep Tubewell","Ground Water","Near Road Side","TFC NAC 2018 SCP Drilling of Borewell(1 No) for Revival of Water Supply Scheme Koppa 1  Habitation Hulimangala  GP Anekal Taluk",2018-2019,2.25000,2.14616,"12 Oct 2018","31 Mar 2019",2024-06-07
Karnataka,"Bengaluru Urban",Anekal,Hulimangala,Podu,Podu,0000373390,0007852753,250246612,"Deep Tubewell","Ground Water","Near Road Side","TFC NAC 2018 SCP  Drilling of Borewell(1 No) for Revival of Water Supply Scheme Podu (Borewell 2) Habitation Hulimangala  GP Anekal Taluk",2018-2019,2.40000,2.35908,"12 Oct 2018","31 Mar 2019",2024-06-07
Karnataka,"Bengaluru Urban",Anekal,Hulimangala,Shikaripalya,Shikaripalya,0000373393,0007852801,250246661,"Deep Tubewell","Ground Water","Towards village","TFC NAC 2018 SCP  Drilling of Borewell(1 No) for Revival of Water Supply Scheme Shikaripalya (Borewell 5) Habitation Hulimangala  GP Anekal Taluk",2018-2019,2.40000,2.35908,"12 Oct 2018","31 Mar 2019",2024-06-07
Karnataka,"Bengaluru Urban",Anekal,Hulimangala,Hulimangala,Hulimangala,0000373388,0007852845,250246706,"Deep Tubewell","Ground Water","Village Limit","TFC NAC 2018 SCP  Drilling of Borewell(1 No) for Revival of Water Supply Scheme Hulimangala 2 Habitation Hulimangala  GP Anekal Taluk",2018-2019,2.70000,2.69423,"12 Oct 2018","31 Mar 2019",2024-06-07
Karnataka,"Bengaluru Urban",Anekal,Bannerghatta,Sampigehalli,Sampigehalli,0000373433,0007573536,250170381,"Deep Tubewell","Ground Water","Village limit","TFC221116 Drilling of Borewell at Sampigehalli habitation, Bannerughatta GP, Anekal Taluk",2016-2017,1.80000,1.79566,"15 Jan 2017","28 Feb 2018",2024-06-07
Karnataka,"Bengaluru Urban",Anekal,Huskuru,Huskuru,Huskuru,0000373579,0007573551,250170396,"Deep Tubewell","Ground Water","Near MI tank","TFC221116 Drilling of Borewell at Huskuru Habitation  in Huskuru G.P. Anekal Taluk.",2016-2017,2.50000,2.39485,"15 Jan 2017","31 Mar 2018",2024-06-07
Karnataka,"Bengaluru Urban",Anekal,Hulimangala,Shikaripalya,Shikaripalya,0000373393,0007573579,250170423,"Deep Tubewell","Ground Water","Village limit","TFC221116 Drilling of Borewell at 3 Shikaripalya habitation, Hulimangala GP, Anekal Taluk",2016-2017,2.00000,1.99514,"15 Jan 2017","28 Feb 2018",2024-06-07
Karnataka,"Bengaluru Urban",Anekal,Mantapa,Chathekerepalya,Chathekerepalya,0000373423,0007573606,250170449,"Deep Tubewell","Ground Water","Village limit","TFC221116 Drilling of Borewell at C K Palya habitation, Mantapa GP, Anekal Taluk",2016-2017,2.20000,2.19840,"15 Jan 2017","28 Feb 2018",2024-06-07
Karnataka,"Bengaluru Urban",Anekal,Mantapa,Laxmipura,Laxmipura,0000373413,0007573627,250170470,"Deep Tubewell","Ground Water","Village Limits","TFC221116 Drilling of Borewell at Laxmipura habitation, Mantapa GP, Anekal Taluk",2016-2017,2.00000,1.99599,"15 Jan 2017","28 Feb 2018",2024-06-07
Karnataka,"Bengaluru Urban",Anekal,Mantapa,Ramasandra,Ramasandra,0000373411,0007573635,250170477,"Deep Tubewell","Ground Water","Village limit","TFC221116 Drilling of Borewell at Ramasandra habitation, Mantapa GP, Anekal Taluk",2016-2017,2.00000,1.99769,"15 Jan 2017","28 Feb 2018",2024-06-07
Karnataka,"Bengaluru Urban",Anekal,Shantipura,Choodasandra,Choodasandra,0000373591,0007574025,250170788,"Deep Tubewell","Ground Water","Colony limit","TFC221116 Drilling of Borewell and Erection of Pumpset at Choodasandra Habitation, Shanthipura GP, Ane",2016-2017,5.00000,4.97036,"15 Jan 2017","31 Mar 2018",2024-06-07
Karnataka,"Bengaluru Urban",Anekal,Hulimangala,Shikaripalya,Shikaripalya,0000373393,0007637107,250185442,"Deep Tubewell","Ground Water","Village limit","TFC220217 Drilling of borewell at Shikaripalya Habitation,Hulimangala GP,Anekal Taluk",2016-2017,2.00000,1.99518,"05 May 2017","31 Mar 2018",2024-06-07
Karnataka,"Bengaluru Urban",Anekal,Hulimangala,Nanjapura,Nanjapura,0000373385,0007637126,250185443,"Deep Tubewell","Ground Water","Village limit","TFC220217 Drilling of borewell at Nanjapura Habitation,Hulimangala GP,Anekal Taluk",2016-2017,2.00000,1.99000,"05 May 2017","31 Mar 2018",2024-06-07
Karnataka,"Bengaluru Urban",Anekal,Yamare,"Volagere Kallahalli","Volagere Kallahalli",0000373550,0007651435,250188528,"Deep Tubewell","Ground Water","Village limit","TFCZP220217 Drilling of borewell At V Kallahalli Habitation, Yamare GP, Anekal Taluk.",2016-2017,2.20000,2.19377,"18 May 2017","31 Mar 2018",2024-06-07
Karnataka,"Bengaluru Urban",Anekal,Ballur,Dasanapura,Dasanapura,0001622876,0007702522,250196360,"Deep Tubewell","Ground Water","village limit","TFC170417 Drilling of Borewell at Dasanapura Habitation, Balluru GP, Anekal Taluk",2017-2018,2.50000,0.00000,"10 Jul 2017","03 May 2023",2024-06-07
Karnataka,"Bengaluru Urban",Anekal,Ballur,Arehalli,Arehalli,0000373483,0007702673,250196368,"Deep Tubewell","Ground Water","village limit","TFC170417 Drilling of Borewell at Arehalli Habitation, Mayasandra GP, Anekal Taluk",2017-2018,2.50000,2.49689,"10 Jul 2017","31 Mar 2018",2024-06-07
Karnataka,"Bengaluru Urban",Anekal,Bannerghatta,Bannerughatta,Bannerghatta,0000373430,0007705311,250196462,"Deep Tubewell","Ground Water","Extension Areas","TFC170417 Drilling of Borewell 1at Bannerghatta Habitation, Bannerghatta GP, Anekal Taluk.",2017-2018,1.90000,1.88539,"10 Jul 2017","30 Nov 2017",2024-06-07
Karnataka,"Bengaluru Urban",Anekal,Bannerghatta,Kariyappanahalli,Kariyappanahalli,0000373432,0007705566,250196484,"Deep Tubewell","Ground Water","Village Limits","TFC170417 Drilling of Borewell at Kariyappanahalli Habitation,  GP, Anekal Taluk.",2017-2018,2.00000,1.99648,"10 Jul 2017","15 Feb 2018",2024-06-07
Karnataka,"Bengaluru Urban",Anekal,Hulimangala,Shikaripalya,Shikaripalya,0000373393,0007711006,250197234,"Deep Tubewell","Ground Water","Village limit","TFCZP170417 Drilling of Borewell at Shikaripalya Habitation, Hulimangala GP, Anekal Taluk",2017-2018,1.35000,1.34940,"20 Jul 2017","30 Nov 2017",2024-06-07
Karnataka,"Bengaluru Urban",Anekal,Huskuru,Chookasandra,Chookasandra,0000373576,0007711155,250197258,"Deep Tubewell","Ground Water","Village limit","TFCZP170417 Drilling of Borewell at Chokkasandra Habitation, Huskuru GP, Anekal Taluk",2017-2018,2.30000,2.29689,"20 Jul 2017","31 Mar 2018",2024-06-07
Karnataka,"Bengaluru Urban",Anekal,Mugalur,Mugalur,Mugalur,0000373524,0007711211,250197274,"Deep Tubewell","Ground Water","Village limit","TFCZP170417 Drilling of Borewell at Mugaluru Habitation, Mugaluru GP, Anekal Taluk",2017-2018,2.10000,2.09746,"20 Jul 2017","31 Mar 2018",2024-06-07
Karnataka,"Bengaluru Urban",Anekal,Dommasandra,Dommasandra,Dommasandra,0000373592,0007854417,250247979,"Deep Tubewell","Ground Water","Village limit","TFC NAC 2018 G Drilling of Borewell 1 No for Revival of Water Supply Scheme in Dommasandra (Near Mariyamma Temple) habitation Dommasandra GP Anekal Taluk",2018-2019,2.50000,2.49462,"05 Sep 2018","31 Mar 2019",2024-06-07
Karnataka,"Bengaluru Urban",Anekal,Yamare,"Thigala Chowdadenahalli","Thigala Chowdadenahalli",0000373553,0007854845,250248234,"Deep Tubewell","Ground Water","village limit","G Revival of MWS Scheme in Yamare GP at T.C Halli village anekal taluk",2018-2019,2.50000,2.49788,"05 Sep 2018","31 Mar 2019",2024-06-07
Karnataka,"Bengaluru Urban",Anekal,Shantipura,Choodasandra,Choodasandra,0000373591,0007854847,250248236,"Deep Tubewell","Ground Water","Towards main road","G Revival of MWS Scheme in Shanthipura GP at Choodasandra village anekal taluk",2018-2019,8.50000,8.49716,"05 Sep 2018","30 Nov 2019",2024-06-07
Karnataka,"Bengaluru Urban",Anekal,Mantapa,Hullahalli,Hullahalli,0000373422,0007854851,250248240,"Deep Tubewell","Ground Water","Village Limits","SCP Revival of MWS Scheme at  Hullahalli Habitation Mantapa GP Anekal Taluk",2018-2019,6.50000,4.75205,"12 Oct 2018","03 May 2023",2024-06-07
Karnataka,"Bengaluru Urban",Anekal,Mantapa,Malenallasandra,Malenallasandra,0000373410,0007859341,250254044,"Deep Tubewell","Ground Water","Village limit","TFC NAC 2018 SCP Drilling of Borewell 1 No for Revival of Water Supply Scheme at Mallenallasandra ((Near Chairman Naveen House)Habitation Mantapa  GP Anekal Taluk",2018-2019,2.30000,2.29705,"12 Oct 2018","31 Mar 2019",2024-06-07
Karnataka,"Bengaluru Urban",Anekal,Neralur,Guddahatti,Guddahatti,0000373480,0007867140,250259850,"Deep Tubewell","Ground Water","Village limit","TFC 251018 Drilling of Borewell at Guddahatti Habitation, Neraluru G.P, Anekal Taluk",2018-2019,2.50000,2.49754,"19 Jan 2019","31 Mar 2019",2024-06-07
Karnataka,"Bengaluru Urban",Anekal,Bannerghatta,Sampigehalli,Sampigehalli,0000373433,0007867733,250260060,"Deep Tubewell","Ground Water","Village limit","TFCS Providing PVC Pipeline at Sompigehalli janta colony Village, Bannerghatta GP,  Anekal Taluk",2018-2019,1.44000,0.00000,"24 Jan 2019","03 May 2023",2024-06-07
Karnataka,"Bengaluru Urban",Anekal,Ballur,Ballur,Ballur,0000373484,0007868453,250260372,"Deep Tubewell","Ground Water","Tank Bed","TFC 251018 Drilling of Borewell  at  Halehalli Habitation, Balluru G.P, Anekal Taluk",2018-2019,2.50000,2.49502,"29 Jan 2019","31 Mar 2019",2024-06-07
Karnataka,"Bengaluru Urban",Anekal,Haragadde,Haragadde,Haragadde,0001622881,0007873667,250263405,"Deep Tubewell","Ground Water","Village limit","TFC24122018 Drilling of Borewell at Haragadde GP  Haragadde  Habitation Anekal  Taluk",2018-2019,2.50000,2.49999,"23 Feb 2019","31 Oct 2019",2024-06-07
Karnataka,"Bengaluru Urban",Anekal,Hulimangala,Hulimangala,Hulimangala,0000373388,0007873678,250263413,"Deep Tubewell","Ground Water","Village Main Road","TFC24122018 Drilling of Borewell at Hulimangala  GP  Hulimangala  Jagajeevanram Nagar  Habitation Anekal  Taluk",2018-2019,2.50000,2.49694,"23 Feb 2019","31 May 2019",2024-06-07
Karnataka,"Bengaluru Urban",Anekal,Neralur,Neralur,Neralur,0000373479,0007878038,250265171,"Deep Tubewell","Ground Water","Near Private Lands","TFC241218 Drilling of Borewell at Thirumagondanahalli Habitation Neraluru GP Anekal Taluk",2018-2019,2.50000,2.49475,"05 Mar 2019","31 May 2019",2024-06-07
Karnataka,"Bengaluru Urban",Anekal,Huskuru,Huskuru,Huskuru,0000373579,0007878092,250265207,"Deep Tubewell","Ground Water","Village Limits","TFC241218 Drilling of Borewell at Huskuru Habitation Huskuru  GP Anekal Taluk",2018-2019,2.50000,2.49563,"05 Mar 2019","31 Mar 2019",2024-06-07
Karnataka,"Bengaluru Urban",Anekal,Shantipura,Shantipura,Shantipura,0001622895,0007881100,250266213,"Deep Tubewell","Ground Water","Village limit","TFC241218 Drilling of Borewells at Shantipura 2 Habitation  Shanthipura  GP Anekal Taluk",2018-2019,2.50000,2.49504,"05 Mar 2019","30 Jun 2019",2024-06-07
Karnataka,"Bengaluru Urban",Anekal,Mayasandra,Manchanahalli,Manchanahalli,0000373488,0007889199,250268656,"Deep Tubewell","Ground Water","Village Limit","GOI shifted to GOK G Revival of MWS Scheme at Vaderamanchenahalli Habitation Kallubalu GP Anekal Taluk",2018-2019,5.00000,4.52878,"01 Mar 2019","31 Jul 2019",2024-06-07
Karnataka,"Bengaluru Urban",Anekal,Bannerghatta,Bannerughatta,Bannerghatta,0000373430,0007898026,250271246,"Treated Surface Water","Surface Water","near village","MVS WSS to Bannerughatta, Haragadde, Hennagara and Mantapa panchayat surrounding 45 habitations aligning with Suryanagara",2018-2019,9000.00000,4200.00000,"25 Feb 2019","31 May 2025",2024-06-07
Karnataka,"Bengaluru Urban",Anekal,Bannerghatta,Gollahalli,Gollahalli,0000373434,0007905036,250275436,"Deep Tubewell","Ground Water","Village limit","G Revival of  MWS Drilling of Bore well, Erection of Pump motor  at  Gollahalli Habitation, Bannerughatta GP, Anekal  Taluk.",2019-2020,6.00000,5.24960,"18 Sep 2019","03 May 2023",2024-06-07
Karnataka,"Bengaluru Urban",Anekal,Bannerghatta,"Kannayaka Agrahara","Kannayaka Agrahara",0000373446,0007905044,250275444,"Deep Tubewell","Ground Water",NA,"SDP Revival of  MWS Providing pipeline at  Kannayakana agrahara  Habitation, Bannerughatta GP, Anekal  Taluk",2019-2020,5.00000,4.99560,"18 Sep 2019","29 Feb 2020",2024-06-07
Karnataka,"Bengaluru Urban",Anekal,Mantapa,Laxmipura,Laxmipura,0000373413,0007905359,250275801,"Deep Tubewell","Ground Water","Village Limits","G Revival of  MWS Scheme  at  Lakshmipura Habitation, Mantapa  GP, Anekal  Taluk.",2019-2020,5.00000,4.97970,"18 Sep 2019","29 Feb 2020",2024-06-07
Karnataka,"Bengaluru Urban",Anekal,Ragihalli,Shivanahalli,Shivanahalli,0000373451,0007905370,250275817,"Deep Tubewell","Ground Water","vILLAGE LIMIT","G Revival of  MWS Drilling of Bore well  at Shivanahalli  Habitation, Ragihalli GP, Anekal  Taluk",2019-2020,2.70000,2.68967,"18 Sep 2019","29 Feb 2020",2024-06-07
Karnataka,"Bengaluru Urban",Anekal,Haragadde,"Mada Pattana",Madapatna,0001622883,0007907939,250278535,"Deep Tubewell","Ground Water","Towards Main Road","G Drilling of Bore well,with pipeline  at  Madapatna  Habitation Haragadde  GP, Anekal  Taluk",2019-2020,5.00000,4.97559,"19 Sep 2019","03 May 2023",2024-06-07
Karnataka,"Bengaluru Urban",Anekal,Hennagara,Rajapura,Rajapura,0000373396,0007907983,250278587,"Deep Tubewell","Ground Water","Village limit","SCST Providing and Installing RO  Plant at  Rajapura  Habitation Hennagara  GP, Anekal  Taluk.",2019-2020,9.00000,8.90604,"19 Sep 2019","03 May 2023",2024-06-07
Karnataka,"Bengaluru Urban",Anekal,Hennagara,Ramakrishnapura,Ramakrishnapura,0001622888,0007908028,250278637,"Deep Tubewell","Ground Water","Village limit","SCST Drilling of Borewell at Ramakrishnapura Habitation,Hennagara GP Anekal Taluk",2019-2020,3.00000,2.99068,"18 Sep 2019","29 Feb 2020",2024-06-07
Karnataka,"Bengaluru Urban",Anekal,Samandur,Gudnahalli,Gudnahalli,0000373267,0007867242,250259886,"Deep Tubewell","Ground Water","village limit","TFC 251018 Drilling of Borewell at Gudnahalli Habitation, Samanduru G.P, Anekal Taluk",2018-2019,2.50000,2.49933,"19 Jan 2019","31 Mar 2019",2024-06-07
Karnataka,"Bengaluru Urban",Anekal,Vannakanahalli,Telagarahalli,Telagarahalli,0000373301,0007868790,250260606,"Deep Tubewell","Ground Water","village limit","TFC CEO 060418 Electrification in Telagarahalli habitation Vanakanahalli GP Anekal Taluk",2018-2019,1.12000,0.00000,"28 Jan 2019","03 May 2023",2024-06-07
Karnataka,"Bengaluru Urban",Anekal,Marsoor,Adisonnahatti,Adisonnahatti,0000373315,0007878005,250265140,"Deep Tubewell","Ground Water","Village limit","TFC241218 Drilling of Borewell at Adisonnahatti Habitation Marasuru GP Anekal Taluk",2018-2019,2.50000,2.49505,"05 Mar 2019","30 Jun 2019",2024-06-07
Karnataka,"Bengaluru Urban",Anekal,Kallabalu,Kallabalu,Kallabalu,0000373363,0007905694,250276167,"Deep Tubewell","Ground Water","Village Limit","G Revival of  MWS Drilling of Bore well, at Kallubalu  Habitation,Kallubalu   GP, Anekal  Taluk.",2019-2020,2.65000,2.64821,"18 Sep 2019","29 Feb 2020",2024-06-07
Karnataka,"Bengaluru Urban",Anekal,Surgajakanahalli,Surgajakanahalli,Surgajakanahalli,0000373297,0007913808,250284025,"Deep Tubewell","Ground Water","Village limit","G Revival of PWS Drilling of BW,Errection of Pumpset with Pipeline at Surajakkanahalli  Habitaion, Surajakkanahalli  village, Surajakkanahalli GP, Anekal Taluk.",2019-2020,7.00000,6.81637,"01 Oct 2019","03 May 2023",2024-06-07
Karnataka,"Bengaluru Urban",Anekal,Samandur,Madiwala,"S. Madiwala",0000373271,0007913813,250284029,"Deep Tubewell","Ground Water","Tank Bed","G Revival of PWS  Errection of Pumpset with Pipeline at Madivala  Habitaion, Madivala  village, Samanduru GP, Anekal Taluk.",2019-2020,4.90000,4.88911,"01 Oct 2019","31 Jan 2020",2024-06-07
Karnataka,"Bengaluru Urban",Anekal,Marsoor,Madiwala,Madiwala,0000373311,0007916499,250285390,"Deep Tubewell","Ground Water","village limit","SCP revival of PWS Drilling of Borewell at Madiwala Habitation, Madiwala village, Marasuru Grama panchayath, Anekal taluk",2019-2020,3.50000,3.49490,"10 Oct 2019","31 Jan 2020",2024-06-07
Karnataka,"Bengaluru Urban",Anekal,Marsoor,Adisonnahatti,Adisonnahatti,0000373315,0007917570,250285742,"Deep Tubewell","Ground Water","Village limit","SCP Revival of PWS Drilling of Borewell at Aadisonahatti Habitation, Aadisonahatti Village, Marasuru GP, Anekal Taluk",2019-2020,3.50000,3.49490,"11 Oct 2019","31 Jan 2020",2024-06-07
Karnataka,"Bengaluru Urban",Anekal,Vannakanahalli,Menaseganahalli,Menaseganahalli,0000373303,0007952286,250186388,"Deep Tubewell","Ground Water","Village limit","TFC 231019 Drilling of Borewell 2 at Menasiganahalli Habitation Vanakanahalli GP Anekal Taluk",2019-2020,4.00000,0.00000,"29 Oct 2019","03 May 2023",2024-06-07
Karnataka,"Bengaluru Urban",Anekal,Marsoor,Naganaikanahalli,Naganayakanahalli,0000373310,0007952301,250247595,"Deep Tubewell","Ground Water","village limit","TFC 231019 Drilling of Borewell  at Naganayakanahalli Habitation Marasooru GP Anekal Taluk",2019-2020,4.00000,3.98670,"29 Oct 2019","03 May 2023",2024-06-07
Karnataka,"Bengaluru Urban",Anekal,Samandur,Gudnahalli,Gudnahalli,0000373267,0007952358,250153532,"Deep Tubewell","Ground Water","village limit","TFC CEO080319 Drilling of Borewell at Gudnalli Habitation Samanduru GP Anekal Taluk",2019-2020,2.85000,2.84853,"16 Mar 2019","03 May 2023",2024-06-07
Karnataka,"Bengaluru Urban",Anekal,Mantapa,Begihalli,Begihalli,0000373404,0007999408,250143872,"Deep Tubewell","Ground Water","Towards Main Road","10crore Revival of PWS scheme, Drilling of borewell at Begihalli village, Mantapa GP, Anekal Taluk",2020-2021,2.50000,2.12439,"16 Jun 2020","03 May 2023",2024-06-07
Karnataka,"Bengaluru Urban",Anekal,Kallabalu,Kallabalu,Kallabalu,0000373363,0007999442,250290097,"Deep Tubewell","Ground Water","village limit","10crore Revival of PWS scheme, Drilling of Borewell  at Kallubalu village, Kallubalu GP, Anekal Taluk",2020-2021,2.50000,0.00000,"16 Jun 2020","03 May 2023",2024-06-07
Karnataka,"Bengaluru Urban",Anekal,Kallabalu,Kallabalu,Kallabalu,0000373363,0007999467,250290099,"Deep Tubewell","Ground Water","village limit","10crore Revival of PWS scheme, Providing Pump Motor at Kallubalu village, Kallubalu GP, Anekal Taluk",2020-2021,5.00000,4.96839,"16 Jun 2020","03 May 2023",2024-06-07
Karnataka,"Bengaluru Urban",Anekal,Hulimangala,"S. Bingipura","S. Bingipura",0000373389,0007999546,250083699,"Deep Tubewell","Ground Water","Near Main Road","10crore Revival of PWS scheme, Providing Pump Motor at Bingipura village, Hulimangala GP, Anekal Taluk",2020-2021,5.00000,4.97517,"16 Jun 2020","03 May 2023",2024-06-07
Karnataka,"Bengaluru Urban",Anekal,Mayasandra,Harohalli,Harohalli,0000373491,0008009230,250148649,"Deep Tubewell","Ground Water","village limit","10 Crore 22052020 Drilling of Borewell at Harohalli Habitation Mayasandra Grama Panchayath Anekal Taluk",2020-2021,3.75000,3.38798,"16 Jun 2020","03 May 2023",2024-06-07
Karnataka,"Bengaluru Urban",Anekal,Indlawadi,Indlawadi,Indlawadi,0000373330,0008009236,250153833,"Deep Tubewell","Ground Water","village limit","10 Crore 22052020 Drilling of Borewell at Indlawadi Habitation Indlawadi Grama Panchayath Anekal Taluk",2020-2021,3.75000,3.38233,"16 Jun 2020","03 May 2023",2024-06-07
Karnataka,"Bengaluru Urban",Anekal,Yamare,"Kada Agrahara","Kada Agrahara",0000373548,0008009281,250147829,"Deep Tubewell","Ground Water","Village limit","10 Crore 22052020 Drilling of Borewell at Kada Agrahara Habitation Yamare Grama Panchayath Anekal Taluk",2020-2021,4.00000,3.61095,"16 Jun 2020","03 May 2023",2024-06-07
Karnataka,"Bengaluru Urban",Anekal,Ragihalli,Shivanahalli,Kateridoddi,0000373461,0008223022,250147671,"Deep Tubewell","Ground Water","Main Road","15 Crore 12102020 Revival of PWS Scheme Providing Pump Motor   Laying of Pipeline  and  Providing water supply to Ragihalli Ayurvedic  Hospital at Jaipuradoddi  Village  Ragihalli  GP Anekal  Taluk",2020-2021,5.00000,4.97852,"25 Feb 2021","03 May 2023",2024-06-07
Karnataka,"Bengaluru Urban",Anekal,Ragihalli,Ragihalli,Ragihalli,0000373462,0008223027,250080140,"Deep Tubewell","Ground Water","Near Main Road","15 Crore 12102020 Revival of PWS Scheme Providing Pump Motor   Laying of Pipeline  at Ontimaranadoddi  Village  Ragihalli  GP Anekal  Taluk",2020-2021,5.00000,0.00000,"25 Feb 2021","03 May 2023",2024-06-07
Karnataka,"Bengaluru Urban",Anekal,Kallabalu,Vaderamanchenahalli,Vaderamanchenahalli,0000373362,0008223034,250121168,"Deep Tubewell","Ground Water","village limit","15 Crore 12102020 Revival of PWS Scheme Providing Pump Motor   Laying of Pipeline  at Vaderamanchanahalli Village  Kallabalu  GP Anekal  Taluk",2020-2021,5.00000,0.00000,"25 Feb 2021","03 May 2023",2024-06-07
Karnataka,"Bengaluru Urban",Anekal,Hennagara,Hennagara,Hennagara,0000373394,0008223062,250144454,"Deep Tubewell","Ground Water","Village limit","15 Crore 12102020 Revival of PWS Scheme Drilling of Borewell at Hennagara Village  Hennagara GP Anekal  Taluk",2020-2021,2.50000,2.24983,"25 Feb 2021","03 May 2023",2024-06-07
Karnataka,"Bengaluru Urban",Anekal,Vannakanahalli,Vannakanahalli,Vannakanahalli,0000373305,0008226778,250147881,"Deep Tubewell","Ground Water","M.I. Tank Bed","15 crore 04022021 Revival of PWS Scheme Drlling of BW 1 and Laying of Pipeline at  Vanakanhalli Village Vanakanhalli GP Anekal Taluk",2020-2021,4.95000,4.39232,"06 Feb 2021","03 May 2023",2024-06-07
Karnataka,"Bengaluru Urban",Anekal,Mayasandra,Manchanahalli,Manchanahalli,0000373488,0008230045,250147680,"Deep Tubewell","Ground Water","village limit","15 crore 04022021 Revival of PWS Scheme Drlling of BW  at  Manchahalli  Village Mayasandra GP Anekal Taluk",2020-2021,3.99000,3.40200,"06 Feb 2021","03 May 2023",2024-06-07
Karnataka,"Bengaluru Urban",Anekal,Samandur,Madiwala,"S. Madiwala",0000373271,0008230064,250149561,"Deep Tubewell","Ground Water","Tank Bed","15 crore 04022021 Revival of PWS Scheme Drlling of BW 2 at  S Madiwala  Village Samandur GP Anekal Taluk",2020-2021,3.85000,3.32808,"06 Feb 2021","03 May 2023",2024-06-07
Karnataka,"Bengaluru Urban",Anekal,Karpoor,Haldenahalli,Dinnuru,0000373276,0008230123,250152834,"Deep Tubewell","Ground Water","Village Limit","15 crore 04022021 Drilling of Borewell at  Dinnuru  Village Karpoor GP Anekal Taluk",2020-2021,4.00000,3.43448,"06 Feb 2021","03 May 2023",2024-06-07
Karnataka,"Bengaluru Urban",Anekal,Sarjapura,Sarjapura,Sarjapura,0000373516,0008234795,250120512,"Deep Tubewell","Ground Water","vilage limit","15 crore 04022021 Revival of PWS Scheme Providing and Laying Pipeline near Panchayath Road at  Sarjapura Ward No 2  Village Sarjapura GP Anekal Taluk",2020-2021,4.55000,4.54580,"06 Feb 2021","03 May 2023",2024-06-07
Karnataka,"Bengaluru Urban",Anekal,Sarjapura,Sarjapura,Sarjapura,0000373516,0008234815,250120512,"Deep Tubewell","Ground Water","vilage limit","15 crore 04022021 Revival of PWS Scheme Drlling of BW 3 at Sarjapura Village Sarjapura GP Anekal taluk",2020-2021,3.85000,3.29560,"06 Feb 2021","03 May 2023",2024-06-07
Karnataka,"Bengaluru Urban",Anekal,Mayasandra,Kamblipura,Kamblipura,0000373492,0008234845,250148631,"Deep Tubewell","Ground Water","Village limit","15 crore 04022021 Drilling of Borewell at Kamblipura Village Mayasandra GP Anekal Taluk",2020-2021,4.00000,3.42216,"06 Feb 2021","03 May 2023",2024-06-07
Karnataka,"Bengaluru Urban",Anekal,Mayasandra,Manchanahalli,Manchanahalli,0000373488,0008235466,250147680,"Deep Tubewell","Ground Water","village limit","15 crore 04022021 Errection of Pump motor Providing and Laying Pipeline at Manchahalli Village Mayasandra GP Anekal Taluk",2020-2021,5.00000,4.65976,"06 Feb 2021","03 May 2023",2024-06-07
Karnataka,"Bengaluru Urban",Anekal,Dommasandra,Dommasandra,Dommasandra,0000373592,0008235569,250120556,"Deep Tubewell","Ground Water","In the village limit","15 crore 04022021 Revival of PWS Scheme Drlling of BW 1 near Yamare Tank at Dommasandra Village Dommasandra GP Anekal taluk",2020-2021,3.70000,3.33493,"06 Feb 2021","03 May 2023",2024-06-07
Karnataka,"Bengaluru Urban",Anekal,Bidaraguppe,Indlabele,Indlabele,0000373495,0008238226,250147852,"Deep Tubewell","Ground Water","Village limit","15 crore 04022021 Errection of Pump motor Providing and Laying Pipeline at Indlabele 1 Village Bidaraguppe GP Anekal Taluk",2020-2021,5.00000,4.65765,"06 Feb 2021","03 May 2023",2024-06-07
Karnataka,"Bengaluru Urban",Anekal,Surgajakanahalli,Gowrenahalli,Gowrenahalli,0000373284,0008238545,250170322,"Deep Tubewell","Ground Water","Village Limits","15 crore 04022021 Drilling of Borewell at Gowrenahalli Village Surajakkanahalli GP Anekal taluk",2020-2021,3.50000,3.15915,"06 Feb 2021","03 May 2023",2024-06-07
Karnataka,"Bengaluru Urban",Anekal,Vannakanahalli,Choodenahalli,Kalyanakanahalli,0000373306,0008238624,250147895,"Deep Tubewell","Ground Water","Revival of  Mini Water Supply Scheme at Kalanayakanahalli Village","15 crore 04022021 Errection of Pump motor Providing and Laying Pipeline at Kalanayakanahalli Village Vanakanahalli GP Anekal taluk",2020-2021,4.97000,4.62573,"06 Feb 2021","03 May 2023",2024-06-07
Karnataka,"Bengaluru Urban",Anekal,Neralur,Guddahatti,Guddahatti,0000373480,0008238853,250001347,"Deep Tubewell","Ground Water","Village limit","10crore saving 15122020 Providing and Errection PumpMotor and Laying PipiLine Scheme at Guddahatti Village Neraluru GP Anekal taluk",2020-2021,4.50000,4.13662,"25 Dec 2020","03 May 2023",2024-06-07
Karnataka,"Bengaluru Urban",Anekal,Handenahalli,"S. Medihalli",Thyavakanahalli,0000373540,0008243064,4795914,"Deep Tubewell","Ground Water","Village Limit","Providing water supply to Anganwadi fitting of taps to kitchen and toilet at Tyavakanahalli Habitation S Medihalli Village Anekal Taluk",2020-2021,0.15000,0.15000,"17 Dec 2020","03 May 2023",2024-06-07
Karnataka,"Bengaluru Urban",Anekal,Muthanallur,Muthanallur,Muthanallur,0000373559,0003617038,3481810,"Deep Tubewell","Ground Water","Construction of Over Head Tank","Construction of Over Head Tank",2011-2012,13.00000,13.02636,"05 Dec 2011","10 Feb 2014",2024-06-07
Karnataka,"Bengaluru Urban",Anekal,Vannakanahalli,Vannakanahalli,Vannakanahalli,0000373305,0003617422,3482190,"Deep Tubewell","Ground Water","Village Limits","Additonal Pipe Line",2011-2012,4.00000,0.00000,"15 Jun 2011","15 Mar 2012",2024-06-07
Karnataka,"Bengaluru Urban",Anekal,Vannakanahalli,Soluru,Soluru,0000373307,0003617462,3482229,"Deep Tubewell","Ground Water","Village Limits","Additonal Pipe Line",2011-2012,2.00000,0.00000,"15 Jun 2011","15 Mar 2012",2024-06-07
Karnataka,"Bengaluru Urban",Anekal,Huskuru,Chookasandra,Chookasandra,0000373576,0003618196,3482960,"Deep Tubewell","Ground Water","Village Limits","Additonal Pipe Line",2011-2012,0.60000,0.00000,"15 Jun 2011","15 Mar 2012",2024-06-07
Karnataka,"Bengaluru Urban",Anekal,Vannakanahalli,Telagarahalli,Telagarahalli,0000373301,0003618590,3483355,"Deep Tubewell","Ground Water","Village Limits","Additional Pipe Line",2011-2012,4.00000,0.00000,"15 Jun 2011","15 Mar 2012",2024-06-07
Karnataka,"Bengaluru Urban",Anekal,Indlawadi,Tammanayakanahalli,Tammanayakanahalli,0000373321,0003618740,3483508,"Deep Tubewell","Ground Water","Near Road Side","Additional Pipe Line",2011-2012,4.00000,0.00000,"15 Jun 2011","15 Mar 2012",2024-06-07
Karnataka,"Bengaluru Urban",Anekal,Neriga,"Halsahalli Thippasandra","Halsahalli Thippasandra",0000373571,0003619441,3484214,"Deep Tubewell","Ground Water","Road side","Extension of pipe line",2011-2012,2.50000,0.00000,"15 Jul 2011","15 Mar 2012",2024-06-07
Karnataka,"Bengaluru Urban",Anekal,Neralur,Guddahatti,Guddahatti,0000373480,0003619642,3484411,"Deep Tubewell","Ground Water","Village limit","Extension of line",2011-2012,2.00000,0.00000,"15 Jul 2011","15 Mar 2012",2024-06-07
Karnataka,"Bengaluru Urban",Anekal,Neralur,Guddahatti,Guddahatti,0000373480,0007143218,3484411,"Deep Tubewell","Ground Water","Village limit","SCP Revival of  MWS Scheme",2015-2016,5.00000,0.00000,"25 Oct 2015","31 Mar 2016",2024-06-07
Karnataka,"Bengaluru Urban",Anekal,Neralur,Neralur,Neralur,0000373479,0003619920,3484695,"Deep Tubewell","Ground Water","village limit","Extension of pipe line",2011-2012,3.00000,0.00000,"20 Jul 2011","15 Mar 2012",2024-06-07
Karnataka,"Bengaluru Urban",Anekal,Byagadadevanahalli,Soppahalli,Soppahalli,0000373340,0003620278,3485055,"Deep Tubewell","Ground Water","Village Limits","Pipeline Extension",2011-2012,2.50000,0.00000,"15 Jul 2011","15 Mar 2012",2024-06-07
Karnataka,"Bengaluru Urban",Anekal,Mugalur,"Dodda Thimmasandra","Dodda Thimmasandra",0000373520,0003620743,3485532,"Deep Tubewell","Ground Water","Village Limits","Pipeline Extension",2011-2012,2.00000,0.00000,"15 Jul 2011","15 Mar 2012",2024-06-07
Karnataka,"Bengaluru Urban",Anekal,Neriga,"Nekundi Dommasandra","Nekundi Dommasandra",0000373572,0003650660,3515426,"Deep Tubewell","Ground Water","Village Limits","Pipeline Extension",2011-2012,3.00000,0.00000,"20 Jul 2011","15 Mar 2012",2024-06-07
Karnataka,"Bengaluru Urban",Anekal,Bannerghatta,Byladamaradadoddi,"Byaladamara Doddi",0000373443,0003676609,3541747,"Deep Tubewell","Ground Water",NA,Borewell,2008-2009,1.20000,0.00001,"15 May 2008","15 Jun 2008",2024-06-07
Karnataka,"Bengaluru Urban",Anekal,Bannerghatta,Shyanubhoganahalli,Shanubhoganahalli,0000373437,0003676779,3541920,"Deep Tubewell","Ground Water","Bore well (MWS) - Near Kulumepalya Main Road  (18)",Borewell,2008-2009,1.20000,0.00001,"15 May 2008","15 Jun 2008",2024-06-07
Karnataka,"Bengaluru Urban",Anekal,Vannakanahalli,Telagarahalli,Telagarahalli,0000373301,0001770235,1519663,"Deep Tubewell","Ground Water","Village Limits","Village Limits",2008-2009,2.40000,1.83000,"05 Nov 2008","05 Mar 2009",2024-06-07
Karnataka,"Bengaluru Urban",Anekal,Vannakanahalli,Soluru,Soluru,0000373307,0001770247,1519675,"Deep Tubewell","Ground Water","Village Limits","Village Limits",2008-2009,2.00000,1.30000,"15 Dec 2008","25 Mar 2009",2024-06-07
Karnataka,"Bengaluru Urban",Anekal,Neralur,Neralur,Neralur,0000373479,0001770254,1737607,"Deep Tubewell","Ground Water","M.I. Tank bund","(1) Near School (2) Temple (3) Colony",2008-2009,2.00000,1.00000,"05 Nov 2008","15 Jul 2009",2024-06-07
Karnataka,"Bengaluru Urban",Anekal,Mantapa,"Hale Sampigehalli","Hale Sampigehalli",0000373412,0002595297,2400488,"Deep Tubewell","Ground Water","Village Limits","Village Limits",2010-2011,4.80000,0.00000,"30 Jun 2010","31 Aug 2011",2024-06-07
Karnataka,"Bengaluru Urban",Anekal,Hennagara,Masthenahalli,Mastenahalli,0000373397,0002595629,2400837,"Deep Tubewell","Ground Water","Village Limits","Village Limits",2010-2011,4.00000,0.00000,"30 Jun 2010","31 Oct 2011",2024-06-07
Karnataka,"Bengaluru Urban",Anekal,Hulimangala,Vabbasandra,Vabbasandra,0000373386,0002595663,2400873,"Deep Tubewell","Ground Water","Village Limits","Village Limits",2010-2011,4.50000,0.00000,"30 Jun 2010","31 Mar 2011",2024-06-07
Karnataka,"Bengaluru Urban",Anekal,Huskuru,Avalahalli,Avalahalli,0000373582,0002595674,2400885,"Deep Tubewell","Ground Water","Village Limits","Village Limits",2010-2011,4.50000,0.00000,"30 Jun 2010","31 Mar 2011",2024-06-07
Karnataka,"Bengaluru Urban",Anekal,Mantapa,Vaddarapalya,Vaddarapalya,0000373405,0002596028,2401289,"Deep Tubewell","Ground Water","Village Limits","Village Limits",2010-2011,4.00000,0.00000,"30 Jun 2010","31 Aug 2011",2024-06-07
Karnataka,"Bengaluru Urban",Anekal,Mayasandra,Harohalli,Harohalli,0000373491,0002596108,2401370,"Deep Tubewell","Ground Water","Village Limits","Village Limits",2010-2011,4.25000,0.00000,"30 Jun 2010","31 Mar 2011",2024-06-07
Karnataka,"Bengaluru Urban",Anekal,Mugalur,"Mahal Chowdadenahalli","Mahal Chowdadenahalli",0000373518,0002596126,2401390,"Deep Tubewell","Ground Water","Village Limits","Village Limits",2010-2011,4.50000,0.00000,"30 Jun 2010","31 Mar 2011",2024-06-07
Karnataka,"Bengaluru Urban",Anekal,Samandur,"Chennana Agrahara","Chennana Agrahara",0000373268,0007145939,2401524,"Deep Tubewell","Ground Water","Village Limits","SCP Revival of PWS Scheme",2015-2016,7.00000,0.00000,"25 Oct 2015","31 Mar 2016",2024-06-07
Karnataka,"Bengaluru Urban",Anekal,Haragadde,Vaddarapalya,Vaddarapalya,0001622882,0002596903,2402214,"Deep Tubewell","Ground Water","Village Limit","Community Terrafil Units",2010-2011,1.10000,0.00000,"10 Dec 2010","28 Feb 2011",2024-06-07
Karnataka,"Bengaluru Urban",Anekal,Huskuru,"Chinnthala Madiwala","Chinnthala Madiwala",0000373578,0007154588,2402521,"Deep Tubewell","Ground Water","Village Limit","ST COLONY Drilling of BW and Energisation",2015-2016,2.60000,0.00000,"25 Oct 2015","31 Mar 2016",2024-06-07
Karnataka,"Bengaluru Urban",Anekal,Indlawadi,Baggandoddi,Baggandoddi,0000373333,0002605199,2410924,"Deep Tubewell","Ground Water","Village Limits","Village Limits",2010-2011,4.00000,0.00000,"30 Jun 2010","31 Mar 2011",2024-06-07
Karnataka,"Bengaluru Urban",Anekal,Vannakanahalli,Sunavara,Sunavara,0000373299,0002605658,2411356,"Deep Tubewell","Ground Water","Village Limits","Village Limits",2010-2011,4.25000,0.00000,"30 Jun 2010","31 Mar 2011",2024-06-07
Karnataka,"Bengaluru Urban",Anekal,Huskuru,Kaggalipura,Kaggalipura,0000373574,0002609543,2415339,"Deep Tubewell","Ground Water","Village Limit","Community Terrafil Units",2010-2011,0.55000,0.63000,"10 Dec 2010","16 Jan 2013",2024-06-07
Karnataka,"Bengaluru Urban",Anekal,Indlawadi,Tammanayakanahalli,Tammanayakanahalli,0000373321,0007145658,2422335,"Deep Tubewell","Ground Water","Village Limit","SC COLONY Revival of  MWS Scheme",2015-2016,6.64000,0.00000,"25 Oct 2015","31 Mar 2016",2024-06-07
Karnataka,"Bengaluru Urban",Anekal,Mugalur,Mugalur,Mugalur,0000373524,0002616308,2422414,"Deep Tubewell","Ground Water","Village Limit","G Community Terrafil Units",2010-2011,2.75000,6.30000,"10 Dec 2010","31 Dec 2015",2024-06-07
Karnataka,"Bengaluru Urban",Anekal,Haragadde,Nosenur,Nosenur,0000373352,0002620019,2424895,"Deep Tubewell","Ground Water",NA,"Primary with Upper Primary School",2010-2011,0.90000,0.00000,"30 Jun 2010","31 Dec 2010",2024-06-07
Karnataka,"Bengaluru Urban",Anekal,Samandur,Gudnahalli,Gudnahalli,0000373267,0002624586,2428080,"Deep Tubewell","Ground Water","village limit","community terrafil units",2010-2011,1.65000,0.00000,"10 Dec 2010","15 Mar 2011",2024-06-07
Karnataka,"Bengaluru Urban",Anekal,Samandur,Madiwala,"S. Madiwala",0000373271,0002624604,2428096,"Deep Tubewell","Ground Water","villge limit","community terrafil units",2010-2011,0.55000,0.00000,"10 Dec 2010","15 Sep 2012",2024-06-07
Karnataka,"Bengaluru Urban",Anekal,Vannakanahalli,"Kempudommasandra (b)",Kempadommasandra,0000373304,0002624660,2428149,"Deep Tubewell","Ground Water","village limit","community terrafil units",2010-2011,0.55000,0.00000,"10 Dec 2010","15 Sep 2012",2024-06-07
Karnataka,"Bengaluru Urban",Anekal,Bannerghatta,Bytarayanadoddi,"Byatarayana Doddi",0000373444,0002626380,2429560,"Deep Tubewell","Ground Water",NA,"Primary with Upper Primary School",2010-2011,0.50000,0.00000,"30 Jun 2010","31 Dec 2010",2024-06-07
Karnataka,"Bengaluru Urban",Anekal,Indlawadi,Chikkanahalli,Chikkanahalli,0000373319,0002866033,2689459,"Deep Tubewell","Ground Water","Revival of  Mini Water Supply Scheme at Chikkanahalli Village","Revival of  Mini Water Supply Scheme at Chikkanahalli Village",2010-2011,2.50000,0.00000,"15 Jan 2010","31 Mar 2011",2024-06-07
Karnataka,"Bengaluru Urban",Anekal,Karpoor,Rachamanahalli,Rachamanahalli,0000373280,0002866085,2689511,"Deep Tubewell","Ground Water","Revival of  Mini Water Supply Scheme at Rachamanahalli  Village","Revival of  Mini Water Supply Scheme at Rachamanahalli  Village",2010-2011,3.00000,0.00000,"28 Nov 2010","31 Mar 2011",2024-06-07
Karnataka,"Bengaluru Urban",Anekal,Vannakanahalli,Vannakanahalli,Vannakanahalli,0000373305,0003587806,3452400,"Deep Tubewell","Ground Water","Near Road Side","Construction of OHT",2011-2012,13.00000,2.94460,"03 Jun 2011","20 Mar 2013",2024-06-07
Karnataka,"Bengaluru Urban",Anekal,Mayasandra,Mayasandra,Mayasandra,0000373490,0003598056,3462930,"Deep Tubewell","Ground Water","Village Limit","Additional Pipe Line",2011-2012,4.00000,0.00000,"15 Jun 2011","15 Mar 2012",2024-06-07
Karnataka,"Bengaluru Urban",Anekal,Hulimangala,Hulimangala,Hulimangala,0000373388,0003598184,3463056,"Deep Tubewell","Ground Water","Village Limit","Additional Pipe Line",2011-2012,4.00000,0.00000,"15 Jun 2011","15 Mar 2012",2024-06-07
Karnataka,"Bengaluru Urban",Anekal,Hulimangala,Maragondanahalli,Maragondanahalli,0000373392,0003598218,3463089,"Deep Tubewell","Ground Water","Near Road Side","Additional Pipe Line",2011-2012,1.50000,0.00000,"15 Jun 2011","15 Mar 2012",2024-06-07
Karnataka,"Bengaluru Urban",Anekal,Hulimangala,Podu,Podu,0000373390,0003598525,3463391,"Deep Tubewell","Ground Water","Near Road Side","Additional Pipe Line",2011-2012,1.00000,0.00000,"15 Jun 2011","15 Mar 2012",2024-06-07
Karnataka,"Bengaluru Urban",Anekal,Hulimangala,Koppa,Koppa,0000373383,0003598581,3463445,"Deep Tubewell","Ground Water","Village Limit","Additional Pipe Line",2011-2012,2.00000,0.00000,"15 Jun 2011","15 Mar 2012",2024-06-07
Karnataka,"Bengaluru Urban",Anekal,Samandur,Geritiganabele,Geritiganabele,0000373269,0000549450,129696,"Deep Tubewell","Ground Water",NA,"Revival of MWS",2007-2008,4.50000,0.80000,"25 Apr 2008","24 Jul 2008",2024-06-07
Karnataka,"Bengaluru Urban",Anekal,Vannakanahalli,Vannakanahalli,Vannakanahalli,0000373305,0000014024,129833,"Deep Tubewell","Ground Water","village limit",Vanakanahalli,2005-2006,3.00000,3.00000,"01 Jan 2005","01 Jan 2006",2024-06-07
Karnataka,"Bengaluru Urban",Anekal,Indlawadi,Kadajakanahalli,Kadajakanahalli,0000373334,0000420108,130704,"Deep Tubewell","Ground Water",NA,"village limit",2006-2007,3.00000,2.24000,"27 Dec 2006","23 May 2007",2024-06-07
Karnataka,"Bengaluru Urban",Anekal,Ballur,Ballur,Ballur,0000373484,0000774778,135896,"Deep Tubewell","Ground Water",NA,"Village Limit",2001-2002,0.60000,0.59500,"11 Mar 2002","12 Jan 2004",2024-06-07
Karnataka,"Bengaluru Urban",Anekal,Handenahalli,Handenahalli,Handenahalli,0000373542,0001746943,1493856,"Deep Tubewell","Ground Water","Tank bund","Near School",2008-2009,4.00000,0.00001,"30 Mar 2009","28 Jul 2009",2024-06-07
Karnataka,"Bengaluru Urban",Anekal,Byagadadevanahalli,Kunimadiwala,Kunimadiwala,0000373345,0001747015,1493933,"Deep Tubewell","Ground Water","Tank Bund","Near Village Main Road",2008-2009,3.70000,0.72000,"20 Oct 2008","02 Jul 2009",2024-06-07
Karnataka,"Bengaluru Urban",Anekal,Handenahalli,"S. Medihalli","S. Medihalli",0000373539,0001767440,1516766,"Deep Tubewell","Ground Water","Village Limits","Village Limits",2007-2008,3.70000,0.59000,"05 Jan 2009","30 May 2010",2024-06-07
Karnataka,"Bengaluru Urban",Anekal,Samandur,Geritiganabele,Geritiganabele,0000373269,0001767521,1516846,"Deep Tubewell","Ground Water","Village Limits","Village Limits",2007-2008,3.70000,2.89000,"25 Dec 2008","30 May 2010",2024-06-07
Karnataka,"Bengaluru Urban",Anekal,Bidaraguppe,Arenur,Arenur,0000373498,0001768784,1518205,"Deep Tubewell","Ground Water","Handenahalli Road","Handenahalli road",2008-2009,15.00000,10.29000,"10 Aug 2009","10 Aug 2010",2024-06-07
Karnataka,"Bengaluru Urban",Anekal,Hennagara,Yarandahalli,Yarandahalli,0000373399,0001769154,1518597,"Deep Tubewell","Ground Water","Village Limits","colony (2) Main road (3) Temple",2008-2009,2.50000,0.32000,"25 Jan 2009","30 May 2010",2024-06-07
Karnataka,"Bengaluru Urban",Anekal,Hennagara,Hinnakki,Hinnakki,0000373401,0001769278,1518723,"Deep Tubewell","Ground Water","Village Limits","Village Limits",2008-2009,2.50000,0.00001,"25 Dec 2008","15 Mar 2009",2024-06-07
Karnataka,"Bengaluru Urban",Anekal,Byagadadevanahalli,Soppahalli,Soppahalli,0000373340,0007145493,1519157,"Deep Tubewell","Ground Water","Village Limits","SCP Revival of PWS Scheme",2015-2016,8.60000,0.00000,"25 Oct 2015","31 Mar 2016",2024-06-07
Karnataka,"Bengaluru Urban",Anekal,Haragadde,Nosenur,Nosenur,0000373352,0001769994,1519436,"Deep Tubewell","Ground Water","Village Limits","Village Limits",2008-2009,16.00000,0.00000,"10 Oct 2009","31 Oct 2011",2024-06-07
Karnataka,"Bengaluru Urban",Anekal,Karpoor,Bestamanahalli,Bestamanahalli,0000373279,0001770036,1519475,"Deep Tubewell","Ground Water","Village Limits","Village Limits",2008-2009,4.00000,0.00001,"10 Dec 2008","25 Feb 2009",2024-06-07
Karnataka,"Bengaluru Urban",Anekal,Neriga,"Halsahalli Thippasandra","Halsahalli Thippasandra",0000373571,0001770075,1519511,"Deep Tubewell","Ground Water",NearThippasandra,"Village Limits",2008-2009,3.40000,0.00001,"04 Aug 2008","08 Jan 2009",2024-06-07
Karnataka,"Bengaluru Urban",Anekal,Ballur,Ballur,Ballur,0000373484,0001770193,1519621,"Deep Tubewell","Ground Water","at Ashraya Colony","Village Limits",2008-2009,1.50000,0.44000,"10 Sep 2008","03 Mar 2009",2024-06-07
Karnataka,"Bengaluru Urban",Anekal,Handenahalli,"S. Medihalli","S. Medihalli",0000373539,0008215448,3732177,"Deep Tubewell","Ground Water","Towards main road","Providing Water Supply to  Anganawadi fitting of Taps to Kitchen and Toilet at S Medihalli Habitation Handenahalli GP Anekal Taluk",2020-2021,0.15000,0.09558,"17 Dec 2020","03 May 2023",2024-06-07
Karnataka,"Bengaluru Urban",Anekal,Samandur,Hompalgatta,Hompalgatta,0000373265,0005361479,5298129,"Deep Tubewell","Ground Water","Colony limit","Drilling of BW",2012-2013,1.55000,1.87787,"07 Mar 2013","31 Jan 2014",2024-06-07
Karnataka,"Bengaluru Urban",Anekal,Samandur,Gudnahalli,Gudnahalli,0000373267,0004873207,4800005,"Deep Tubewell","Ground Water","Muthagatti road","Providing Piped Water Supply Scheme",2012-2013,20.00000,19.98821,"15 Sep 2012","20 Jan 2014",2024-06-07
Karnataka,"Bengaluru Urban",Anekal,Samandur,Gudnahalli,Gudnahalli,0000373267,0006849882,250076163,"Deep Tubewell","Ground Water","1) Near Anjaneya Temple 2)Near Shiradi Temple Hosuru main 3)Hosuru Main Road","SDP TFC 20.10.2014 Drilling of Borewell in Gudnahalli habitation",2014-2015,6.00000,5.92524,"10 Dec 2014","31 Mar 2017",2024-06-07
Karnataka,"Bengaluru Urban",Anekal,Samandur,"Chennana Agrahara","Chennana Agrahara",0000373268,0007532592,250147736,"Deep Tubewell","Ground Water","village limit","SCP Revival  of PWS scheme (Drilling of borewell) at Channenaagrahara  Habitation Samanduru GP Anekal Taluk",2016-2017,2.50000,2.49495,"01 Sep 2016","31 Mar 2018",2024-06-07
Karnataka,"Bengaluru Urban",Anekal,Samandur,"Chennana Agrahara","Chennana Agrahara",0000373268,0008216015,250147736,"Deep Tubewell","Ground Water","village limit","Providing water supply to anganwadi fitting of taps to kitchen and toilet at chennenaagarahara habitation Samanduru GP Anekal Taluk",2020-2021,0.15000,0.15000,"17 Dec 2020","03 May 2023",2024-06-07
Karnataka,"Bengaluru Urban",Anekal,Samandur,Geritiganabele,Geritiganabele,0000373269,0006849790,250076134,"Deep Tubewell","Ground Water","Near road","SDP TFC 20.10.2014 Drilling of Borewell,in Geritiganabele habitation.",2014-2015,2.03000,1.98862,"10 Dec 2014","31 Mar 2017",2024-06-07
Karnataka,"Bengaluru Urban",Anekal,Samandur,Madiwala,"S. Madiwala",0000373271,0005628448,5593814,"Deep Tubewell","Ground Water","Village limit","G Drinking Water Facility to Anganawadi",2013-2014,1.00000,0.96638,"15 Sep 2013","31 Mar 2016",2024-06-07
Karnataka,"Bengaluru Urban",Anekal,Samandur,"S Thammasandra (b)","S. Thimmasandra",0000373272,0006849856,250076157,"Deep Tubewell","Ground Water","Near Anganawadi","G TFC 20.10.2014 Drilling of Borewell S Thimmasandra habitation.",2014-2015,2.00000,1.98870,"10 Dec 2014","01 Sep 2015",2024-06-07
Karnataka,"Bengaluru Urban",Anekal,Samandur,Gandhinagara,"S. Gandhinagara",0000373273,0007406651,250120830,"Deep Tubewell","Ground Water","Village limit","TFC190316 Drilling of Borewell at Gandhinagara Habitation, Samanduru GP, Anekal Taluk",2016-2017,1.30000,1.29000,"12 Apr 2016","31 Mar 2018",2024-06-07
Karnataka,"Bengaluru Urban",Anekal,Samandur,Marnayakanahalli,Marnayakanahalli,0000373274,0008216006,250064318,"Deep Tubewell","Ground Water","Colony limit","Providing water supply to Anganwadi fitting of taps to kitchen and toilet at Maranayakanahalli Village Samanduru GP Anekal Taluk",2020-2021,0.15000,0.15000,"17 Dec 2020","03 May 2023",2024-06-07
Karnataka,"Bengaluru Urban",Anekal,Samandur,Marnayakanahalli,Marnayakanahalli,0000373274,0006669682,250067694,"Deep Tubewell","Ground Water","Village limit","G Providing installing Commissioning of Pure Drinking Water Plant 500lph Capacity and O and M for 7 years",2014-2015,12.00000,10.33000,"29 Jan 2014","31 Jan 2019",2024-06-07
Karnataka,"Bengaluru Urban",Anekal,Samandur,Marnayakanahalli,Marnayakanahalli,0000373274,0005580476,5539819,"Deep Tubewell","Ground Water","Village limit","Revival of PWS Scheme",2013-2014,8.00000,6.43759,"15 Sep 2013","10 Mar 2014",2024-06-07
Karnataka,"Bengaluru Urban",Anekal,Karpoor,Bidaragere,Bidaragere,0000373277,0005223498,5166969,"Deep Tubewell","Ground Water","Village Limits","Revival of PWS",2012-2013,7.29000,7.45474,"28 Dec 2012","03 Mar 2014",2024-06-07
Karnataka,"Bengaluru Urban",Anekal,Karpoor,Karpoor,Karpoor,0000373278,0004874361,4801039,"Deep Tubewell","Ground Water","Tank Bed","Providing PWS Scheme",2012-2013,7.00000,7.32481,"20 Sep 2012","30 Nov 2012",2024-06-07
Karnataka,"Bengaluru Urban",Anekal,Karpoor,Karpoor,Karpoor,0000373278,0006373349,250034464,"Deep Tubewell","Ground Water","Village limit","Revival of PWS Scheme",2013-2014,6.00000,6.00400,"22 Apr 2014","14 Jan 2015",2024-06-07
Karnataka,"Bengaluru Urban",Anekal,Karpoor,Karpoor,Karpoor,0000373278,0008216112,250034464,"Deep Tubewell","Ground Water","Village limit","Providing water supply to Anganwadi fitting of taps to kitchen and toilet at Karpoor Habitation Karpoor GP Anekal Taluk",2020-2021,0.15000,0.15000,"17 Dec 2020","03 May 2023",2024-06-07
Karnataka,"Bengaluru Urban",Anekal,Karpoor,Rachamanahalli,Rachamanahalli,0000373280,0005523410,5464405,"Deep Tubewell","Ground Water","Village limit","Revival of PWS Scheme",2013-2014,7.00000,6.99317,"15 Sep 2013","25 Mar 2014",2024-06-07
Karnataka,"Bengaluru Urban",Anekal,Karpoor,Arvantigepura,Arvantigepura,0000373281,0005523437,250064282,"Deep Tubewell","Ground Water","Main road","Revival of PWS Scheme",2013-2014,7.00000,5.66600,"15 Sep 2013","01 Mar 2015",2024-06-07
Karnataka,"Bengaluru Urban",Anekal,Karpoor,Arvantigepura,Arvantigepura,0000373281,0007145665,3775893,"Deep Tubewell","Ground Water","Towards village limit","SCP Revival of  MWS Scheme",2015-2016,6.00000,0.00000,"25 Oct 2015","31 Mar 2016",2024-06-07
Karnataka,"Bengaluru Urban",Anekal,Surgajakanahalli,"A. Medihalli","A. Medihalli",0000373283,0005523191,5463983,"Deep Tubewell","Ground Water","Village limit","Revival of PWS Scheme",2013-2014,7.00000,6.72767,"10 Sep 2013","03 Mar 2014",2024-06-07
Karnataka,"Bengaluru Urban",Anekal,Surgajakanahalli,"A. Medihalli","A. Medihalli",0000373283,0005628400,5593763,"Deep Tubewell","Ground Water","Village limit","Drinking Water Facility to Anganawadi",2013-2014,1.00000,0.99881,"22 Sep 2013","02 Dec 2013",2024-06-07
Karnataka,"Bengaluru Urban",Anekal,Surgajakanahalli,Gowrenahalli,Gowrenahalli,0000373284,0005628388,5593749,"Deep Tubewell","Ground Water","Village limit","Drinking Water Facility to Anganawadi",2013-2014,1.00000,0.99881,"10 Sep 2013","03 Mar 2014",2024-06-07
Karnataka,"Bengaluru Urban",Anekal,Surgajakanahalli,Honnakalaspura,Honnakalaspura,0000373285,0007001674,250084304,"Deep Tubewell","Ground Water","Near Gravyard","G TFC050515 Drilling of Borewell at Honnakalasapura Habitation, Suragajakkanahalli G.P",2015-2016,1.50000,1.49625,"21 Jul 2015","31 Dec 2015",2024-06-07
Karnataka,"Bengaluru Urban",Anekal,Surgajakanahalli,Agasthimmanahalli,Agasthimmanahalli,0000373287,0005522650,5463249,"Deep Tubewell","Ground Water","Village limit","Revival of MWS Scheme",2013-2014,5.00000,0.00000,"10 Sep 2013","05 Mar 2014",2024-06-07
Karnataka,"Bengaluru Urban",Anekal,Surgajakanahalli,Sonnayakanapura,Sonnayakanapura,0000373288,0003916289,3784806,"Deep Tubewell","Ground Water","Towards school road","Revival of MWS",2011-2012,5.50000,0.00000,"20 Aug 2011","15 Sep 2012",2024-06-07
Karnataka,"Bengaluru Urban",Anekal,Surgajakanahalli,Sonnayakanapura,Sonnayakanapura,0000373288,0007532434,250147583,"Deep Tubewell","Ground Water",Sonnayakanapura-Chinnaiahnapalya,"SCP Revival Of PWS Scheme and House Hold Connection HH 52 at Sonnanayakanapura habitation, Suragajakkanahalli GP.",2016-2017,11.00000,10.39076,"01 Sep 2016","31 Dec 2018",2024-06-07
Karnataka,"Bengaluru Urban",Anekal,Surgajakanahalli,Siddanapalya,Siddanapalya,0000373289,0006373470,250065267,"Deep Tubewell","Ground Water","Colony Limit","Revival of MWS Scheme",2013-2014,6.00000,5.96363,"22 Apr 2014","08 Jan 2015",2024-06-07
Karnataka,"Bengaluru Urban",Anekal,Surgajakanahalli,Chinnaiahnapalya,Chinnaiahanapalya,0000373290,0006373465,250065266,"Deep Tubewell","Ground Water","Colony Limit","Revival of MWS Scheme",2013-2014,6.00000,6.08370,"25 Apr 2014","06 Jan 2015",2024-06-07
Karnataka,"Bengaluru Urban",Anekal,Surgajakanahalli,Aduru,"Aduru Palya",0000373296,0003916278,3784795,"Deep Tubewell","Ground Water","Towards village limit road","Revival of MWS",2011-2012,6.00000,0.00000,"19 Aug 2011","25 Feb 2012",2024-06-07
Karnataka,"Bengaluru Urban",Anekal,Haragadde,Seethanayakanahalli,Seethanayakanahalli,0000373350,0003866214,3732669,"Deep Tubewell","Ground Water","Towards MI tank","Providing Piped Water Supply",2011-2012,20.00000,0.00000,"05 Aug 2011","25 Feb 2012",2024-06-07
Karnataka,"Bengaluru Urban",Anekal,Indlawadi,"Chikka Hosahalli","Chikka Hosahalli",0000373317,0003880827,3747576,"Deep Tubewell","Ground Water","Towards main road","Revival of MWS",2011-2012,6.00000,0.00000,"10 Aug 2011","15 Feb 2012",2024-06-07
Karnataka,"Bengaluru Urban",Anekal,Mantapa,Hullahalli,Hullahalli,0000373422,0003908504,3776856,"Deep Tubewell","Ground Water","Village main road","Revival of PWS",2011-2012,6.50000,0.00000,"10 Aug 2011","15 Mar 2012",2024-06-07
Karnataka,"Bengaluru Urban",Anekal,Mantapa,Malenallasandra,Malenallasandra,0000373410,0003908516,3776868,"Deep Tubewell","Ground Water","Village main road","Revival of MWS",2011-2012,5.50000,0.00000,"10 Aug 2011","20 Feb 2012",2024-06-07
Karnataka,"Bengaluru Urban",Anekal,Huskuru,"Chinnthala Madiwala","Chinnthala Madiwala",0000373578,0000558204,123628,"Deep Tubewell","Ground Water",NA,"Near MI Tank",2007-2008,4.70000,3.51000,"17 Mar 2008","27 Aug 2008",2024-06-07
Karnataka,"Bengaluru Urban",Anekal,Ballur,Halehalli,Halehalli,0000373486,0000558288,123633,"Deep Tubewell","Ground Water",NA,"Near Samandur Road",2007-2008,3.70000,0.00000,"28 Mar 2008","26 Sep 2008",2024-06-07
Karnataka,"Bengaluru Urban",Anekal,Samandur,Hompalgatta,Hompalgatta,0000373265,0000547275,123765,"Deep Tubewell","Ground Water",NA,villagelimit,2006-2007,12.95000,6.50166,"19 Jun 2007","12 Mar 2008",2024-06-07
Karnataka,"Bengaluru Urban",Anekal,Marsoor,Shettihalli,Shettihalli,0000373314,0000558295,124148,"Deep Tubewell","Ground Water",NA,"Near Village",2007-2008,3.00000,0.67700,"12 Mar 2008","14 Aug 2008",2024-06-07
Karnataka,"Bengaluru Urban",Anekal,Ballur,Ballur,Ballur,0000373484,0000774904,124212,"Deep Tubewell","Ground Water",NA,"Village Limits",2001-2002,2.85000,2.81000,"10 May 2001","05 Dec 2002",2024-06-07
Karnataka,"Bengaluru Urban",Anekal,Bannerghatta,Kenchagaiahnadoddi,"Kenchagaina Doddi",0000373439,0000549296,124510,"Deep Tubewell","Ground Water",NA,MWSS,2006-2007,3.30000,3.30000,"12 Jun 2007","19 Sep 2007",2024-06-07
Karnataka,"Bengaluru Urban",Anekal,Byagadadevanahalli,Chikkahagde,Vadderahalli,0000373338,0000549409,124523,"Deep Tubewell","Ground Water",NA,MWSS,2006-2007,2.93000,1.60000,"25 Jul 2007","24 Oct 2007",2024-06-07
Karnataka,"Bengaluru Urban",Anekal,Haragadde,Seethanayakanahalli,Seethanayakanahalli,0000373350,0000549456,124768,"Deep Tubewell","Ground Water","M.I. Tank Bund","Near School, Near Ashwath Katte and Colony",2007-2008,3.70000,1.50000,"15 Nov 2008","30 May 2010",2024-06-07
Karnataka,"Bengaluru Urban",Anekal,Ballur,Kodlipura,Kodlipura,0000373485,0000549417,124963,"Deep Tubewell","Ground Water",NA,"Revival of MWS",2006-2007,2.00000,1.43000,"08 May 2007","08 Aug 2007",2024-06-07
Karnataka,"Bengaluru Urban",Anekal,Mugalur,Kuthaganahalli,Kuthaganahalli,0000373522,0000549039,125349,"Deep Tubewell","Ground Water",NA,PWSS,2006-2007,12.00000,13.30000,"15 Aug 2007","14 Mar 2008",2024-06-07
Karnataka,"Bengaluru Urban",Anekal,Ragihalli,Ragihalli,Koratageredoddi,0000373468,0000558212,125361,"Deep Tubewell","Ground Water",NA,"Near Village",2007-2008,4.70000,2.54000,"20 Mar 2008","18 Sep 2008",2024-06-07
Karnataka,"Bengaluru Urban",Anekal,Sarjapura,Sarjapura,Sarjapura,0000373516,0000774729,125424,"Deep Tubewell","Ground Water",NA,"Near Boys Hostel",2001-2002,1.00000,0.99000,"16 Jun 2002","03 Mar 2003",2024-06-07
Karnataka,"Bengaluru Urban",Anekal,Kallabalu,Vaderamanchenahalli,Vaderamanchenahalli,0000373362,0000549102,125774,"Deep Tubewell","Ground Water",NA,PWS,2006-2007,12.00000,12.00000,"16 Aug 2007","15 Feb 2008",2024-06-07
Karnataka,"Bengaluru Urban",Anekal,Kallabalu,Konnasandra,Konnasandra,0000373369,0000558189,125843,"Deep Tubewell","Ground Water",NA,villagelimit,2007-2008,3.70000,2.12000,"14 Mar 2008","22 Aug 2008",2024-06-07
Karnataka,"Bengaluru Urban",Anekal,Mantapa,Kaleshwari,Kaleswari,0000373409,0000558450,125884,"Deep Tubewell","Ground Water",NA,"Near Ragihalli Road",2005-2006,2.10000,2.09500,"18 May 2005","21 Mar 2006",2024-06-07
Karnataka,"Bengaluru Urban",Anekal,Vannakanahalli,Sunavara,Sunavara,0000373299,0000420104,126192,"Deep Tubewell","Ground Water",NA,"village limit",2006-2007,3.75000,2.96000,"07 Dec 2006","02 Apr 2007",2024-06-07
Karnataka,"Bengaluru Urban",Anekal,Byagadadevanahalli,Avadedenahalli,Avadedenahalli,0000373343,0000774695,126225,"Deep Tubewell","Ground Water",NA,"Near Thattanahalli Road",2001-2002,0.50000,0.55000,"05 Jan 2002","12 Dec 2003",2024-06-07
Karnataka,"Bengaluru Urban",Anekal,Karpoor,Bidaragere,Bidaragere,0000373277,0000771172,126649,"Deep Tubewell","Ground Water",NA,"village limit",2007-2008,3.50000,3.00000,"22 Feb 2008","25 Sep 2008",2024-06-07
Karnataka,"Bengaluru Urban",Anekal,Indlawadi,Kadajakanahalli,Kadajakanahalli,0000373334,0000558249,127991,"Deep Tubewell","Ground Water",NA,"Mysorammanadoddi Road",2007-2008,4.20000,0.70000,"10 Mar 2008","18 Sep 2008",2024-06-07
Karnataka,"Bengaluru Urban",Anekal,Hulimangala,Maragondanahalli,Maragondanahalli,0000373392,0000558243,128556,"Deep Tubewell","Ground Water",NA,"Near Village",2007-2008,4.70000,3.95000,"13 Mar 2008","23 Jan 2009",2024-06-07
Karnataka,"Bengaluru Urban",Anekal,Karpoor,Rachamanahalli,Rachamanahalli,0000373280,0000420112,129550,"Deep Tubewell","Ground Water",NA,"village limit",2006-2007,3.00000,1.56000,"21 Dec 2006","22 May 2007",2024-06-07
Karnataka,"Bengaluru Urban",Anekal,Ballur,Ballur,Ballur,0000373484,0003678680,3543857,"Deep Tubewell","Ground Water","Bore well - Ashraya ayout  (04)",Borewell,2008-2009,1.20000,1.20000,"15 May 2008","15 Jun 2008",2024-06-07
Karnataka,"Bengaluru Urban",Anekal,Ballur,Kodlipura,Kodlipura,0000373485,0003678900,3544078,"Deep Tubewell","Ground Water","Bore well - Near Tank waste weir (Kere Kodi)  (14)",Borewell,2008-2009,1.20000,1.20000,"15 May 2008","15 Jun 2008",2024-06-07
Karnataka,"Bengaluru Urban",Anekal,Ballur,Halehalli,Halehalli,0000373486,0003678945,3544124,"Deep Tubewell","Ground Water","Bore well - Near Near Over Tank  (15)",Borewell,2008-2009,1.20000,1.20000,"15 May 2008","15 Jun 2008",2024-06-07
Karnataka,"Bengaluru Urban",Anekal,Ballur,Halehalli,Halehalli,0000373486,0003679500,3544681,"Deep Tubewell","Ground Water","Bore well - Near Muneshwara Temple  (16)",Borewell,2008-2009,1.20000,1.20000,"15 May 2008","15 Jun 2008",2024-06-07
Karnataka,"Bengaluru Urban",Anekal,Bidaraguppe,Arenur,Arenur,0000373498,0003680062,3545242,"Deep Tubewell","Ground Water","Bore well - Near Muniyappas House in Colony (09)",Borewell,2009-2010,1.20000,1.20000,"15 Apr 2009","15 May 2009",2024-06-07
Karnataka,"Bengaluru Urban",Anekal,Bidaraguppe,Jigala,Jigala,0000373496,0003680229,3545408,"Deep Tubewell","Ground Water","Bore well - Down to Munireddy farm, road side (13)",Borewell,2009-2010,1.20000,1.20000,"15 Apr 2009","15 May 2009",2024-06-07
Karnataka,"Bengaluru Urban",Anekal,Byagadadevanahalli,Doddahagde,Doddahagde,0000373341,0003681084,3546269,"Deep Tubewell","Ground Water","Bore well - Side of Ashwath Katte  (09)",Borewell,2008-2009,1.20000,1.20000,"14 Jan 2010","14 Feb 2010",2024-06-07
Karnataka,"Bengaluru Urban",Anekal,Dommasandra,Dommasandra,Dommasandra,0000373592,0003693988,3558200,"Deep Tubewell","Ground Water","5th and 6th Ward Sum - Near Government School (12)",Borewell,2008-2009,1.20000,1.20000,"15 May 2008","15 Jun 2008",2024-06-07
Karnataka,"Bengaluru Urban",Anekal,Haragadde,Nosenur,Nosenur,0000373352,0003695723,3559991,"Deep Tubewell","Ground Water","Bore well - Near Kateramma Temple, Dyavasandra Grama (13)",Borewell,2008-2009,1.20000,1.20000,"15 May 2008","15 Jun 2008",2024-06-07
Karnataka,"Bengaluru Urban",Anekal,Haragadde,Kumbarahalli,Kumbarahalli,0000373347,0003699235,3563539,"Deep Tubewell","Ground Water","Bore well - Near Janatha sites (Niveshana) (19)",Borewell,2008-2009,1.20000,1.20000,"15 May 2008","15 Jun 2008",2024-06-07
Karnataka,"Bengaluru Urban",Anekal,Hennagara,Hennagara,Hennagara,0000373394,0003708065,3572496,"Deep Tubewell","Ground Water","MWS - Near Gopis House  (16)","Bore well",2009-2010,1.20000,0.12000,"15 May 2009","15 Jun 2009",2024-06-07
Karnataka,"Bengaluru Urban",Anekal,Hennagara,Rajapura,Rajapura,0000373396,0003708462,3572899,"Deep Tubewell","Ground Water","MWS - On the road to Hinnakki, side of Somannas house (23)","Bore well",2009-2010,1.20000,1.20000,"15 May 2009","15 Jun 2009",2024-06-07
Karnataka,"Bengaluru Urban",Anekal,Neralur,Neralur,Neralur,0000373479,0003709933,3574385,"Deep Tubewell","Ground Water","Bore well : MWS - Near Nirmalammas House (03)","Bore well",2007-2008,1.20000,1.20000,"18 Jun 2007","18 Jul 2007",2024-06-07
Karnataka,"Bengaluru Urban",Anekal,Huskuru,Harohalli,Harohalli,0000373575,0003727257,3591868,"Deep Tubewell","Ground Water","village limit","pipeline extension",2011-2012,3.00000,0.00000,"20 Jul 2011","15 Mar 2012",2024-06-07
Karnataka,"Bengaluru Urban",Anekal,Indlawadi,Kadajakanahalli,Kadajakanahalli,0000373334,0003618740,3592146,"Deep Tubewell","Ground Water","Village limit","Additional Pipe Line",2011-2012,4.00000,0.00000,"15 Jun 2011","15 Mar 2012",2024-06-07
Karnataka,"Bengaluru Urban",Anekal,Byagadadevanahalli,"Kavala Hosahalli","Kavala Hosahalli",0001622879,0003728183,3592815,"Deep Tubewell","Ground Water","villae limit","pipeline extension",2011-2012,3.00000,0.00000,"28 Jul 2011","28 Feb 2012",2024-06-07
Karnataka,"Bengaluru Urban",Anekal,Byagadadevanahalli,Chikkahagde,Chikkahagde,0000373337,0003728875,3593522,"Deep Tubewell","Ground Water","Govt. Primary School","School Water Supply",2011-2012,1.00000,0.00000,"15 Aug 2011","15 Feb 2012",2024-06-07
Karnataka,"Bengaluru Urban",Anekal,Neriga,Ramanayakanahalli,Ramanayakanahalli,0000373566,0003729116,3593768,"Deep Tubewell","Ground Water","Govt. Primary School","School Water Supply",2011-2012,1.00000,0.00000,"15 Aug 2011","15 Feb 2012",2024-06-07
Karnataka,"Bengaluru Urban",Anekal,Samandur,Sabmangala,Sabmangala,0000373266,0003729240,3593889,"Deep Tubewell","Ground Water","Govt. High School","School Water Supply",2011-2012,1.00000,0.00000,"15 Aug 2011","15 Feb 2012",2024-06-07
Karnataka,"Bengaluru Urban",Anekal,Ballur,Halehalli,Halehalli,0000373486,0003864789,3731231,"Deep Tubewell","Ground Water","Road side","Revival of MWS",2011-2012,5.50000,0.00000,"12 Aug 2011","30 Jan 2012",2024-06-07
Karnataka,"Bengaluru Urban",Anekal,Bidaraguppe,Mallenahallli,Malenahalli,0000373500,0003865099,3731542,"Deep Tubewell","Ground Water","Road Side","Revival of MWS",2011-2012,6.00000,0.00000,"28 Aug 2011","17 Jan 2012",2024-06-07
Karnataka,"Bengaluru Urban",Anekal,Bidaraguppe,Bidaraguppe,"Silk Farm",0001622878,0003865142,3731587,"Deep Tubewell","Ground Water","Road Side","Revival of MWS",2011-2012,6.00000,0.00000,"21 Aug 2011","25 Jan 2012",2024-06-07
Karnataka,"Bengaluru Urban",Anekal,Byagadadevanahalli,Avadedenahalli,Avadedenahalli,0000373343,0007145481,3731859,"Deep Tubewell","Ground Water","Road side","SCP Drilling of BW and Energisation",2015-2016,2.60000,0.00000,"25 Oct 2015","31 Mar 2016",2024-06-07
Karnataka,"Bengaluru Urban",Anekal,Mayasandra,Mayasandra,Mayasandra,0000373490,0005222256,5165692,"Deep Tubewell","Ground Water","At Janatha Colony","Revival of MWS",2012-2013,1.55000,1.75276,"16 Jan 2013","15 Feb 2013",2024-06-07
Karnataka,"Bengaluru Urban",Anekal,Mayasandra,"M. Medihalli","M. Medihalli",0000373494,0005222290,5165726,"Deep Tubewell","Ground Water","Village Limits",Borewell,2012-2013,1.50000,1.99773,"16 Jan 2013","15 Feb 2013",2024-06-07
Karnataka,"Bengaluru Urban",Anekal,Byagadadevanahalli,"Kammasandra Agrahara","Kammasandra Agrahara",0000373339,0005222520,5165963,"Deep Tubewell","Ground Water","Village Limits",Borewell,2012-2013,1.50000,0.00000,"16 Jan 2013","15 Feb 2013",2024-06-07
Karnataka,"Bengaluru Urban",Anekal,Byagadadevanahalli,"Kavala Hosahalli","Kavala Hosahalli",0001622879,0005222534,5165979,"Deep Tubewell","Ground Water","At Kavalahosahalli JHC","Revival of MWS",2012-2013,3.10000,0.00000,"28 Dec 2012","20 Mar 2013",2024-06-07
Karnataka,"Bengaluru Urban",Anekal,Marsoor,Marsoor,Marsoor,0000373309,0005223502,5166973,"Deep Tubewell","Ground Water","Village Limits","Revival of PWS",2012-2013,7.00000,3.44077,"28 Dec 2012","20 Mar 2013",2024-06-07
Karnataka,"Bengaluru Urban",Anekal,Marsoor,"Marsoor Agrahara","Marsoor Agrahara",0000373316,0005223503,5166974,"Deep Tubewell","Ground Water","Village Limits",Borewell,2012-2013,1.45000,1.49936,"16 Jan 2013","15 Feb 2013",2024-06-07
Karnataka,"Bengaluru Urban",Anekal,Marsoor,Madiwala,Madiwala,0000373311,0005223510,5166981,"Deep Tubewell","Ground Water","Village Limits",Borewell,2012-2013,1.50000,1.89000,"16 Jan 2013","20 Mar 2013",2024-06-07
Karnataka,"Bengaluru Urban",Anekal,Neriga,Kathriguppe,Kathriguppe,0000373567,0005223520,5166991,"Deep Tubewell","Ground Water","Village Limits","Revival of MWS",2012-2013,0.36000,0.35800,"16 Jan 2013","20 Jan 2014",2024-06-07
Karnataka,"Bengaluru Urban",Anekal,Handenahalli,Handenahalli,Handenahalli,0000373542,0005223538,5167009,"Deep Tubewell","Ground Water","Village Limits","Revival of PWS",2012-2013,0.68000,1.01000,"16 Jan 2013","20 Mar 2013",2024-06-07
Karnataka,"Bengaluru Urban",Anekal,Handenahalli,"S. Medihalli",Sultanpalya,0000373541,0005223545,5167016,"Deep Tubewell","Ground Water","Village Limits",Borewell,2012-2013,1.50000,1.89000,"16 Jan 2013","20 Mar 2013",2024-06-07
Karnataka,"Bengaluru Urban",Anekal,Mugalur,Mugalur,Mugalur,0000373524,0005223659,5167141,"Deep Tubewell","Ground Water","Village Limits","Revival of PWS",2012-2013,3.95000,0.00000,"28 Dec 2012","20 Mar 2013",2024-06-07
Karnataka,"Bengaluru Urban",Anekal,Mugalur,Mattanahalli,Mattanahalli,0000373521,0005223662,5167144,"Deep Tubewell","Ground Water","Village Limits","Revival of PWS",2012-2013,3.87000,3.86598,"28 Dec 2012","20 Mar 2014",2024-06-07
Karnataka,"Bengaluru Urban",Anekal,Huskuru,Huskuru,"Lakshmi Narayanapura",0000373581,0005223991,5167497,"Deep Tubewell","Ground Water","Village Limits",Borewell,2012-2013,1.50000,1.88932,"16 Jan 2013","20 Mar 2013",2024-06-07
Karnataka,"Bengaluru Urban",Anekal,Hulimangala,Hulimangala,Hulimangala,0000373388,0005225232,5168717,"Deep Tubewell","Ground Water","Village Limits",Borewell,2012-2013,1.50000,0.00000,"16 Jan 2013","15 Feb 2013",2024-06-07
Karnataka,"Bengaluru Urban",Anekal,Hulimangala,Vabbasandra,Vabbasandra,0000373386,0005225236,5168721,"Deep Tubewell","Ground Water","Village Limits",Borewell,2012-2013,1.50000,1.53850,"16 Jan 2013","15 Feb 2013",2024-06-07
Karnataka,"Bengaluru Urban",Anekal,Mantapa,Kaleshwari,Kaleswari,0000373409,0005225255,5168740,"Deep Tubewell","Ground Water","Village Limits","Revival of MWS",2012-2013,5.50000,5.49566,"28 Dec 2012","31 Jan 2014",2024-06-07
Karnataka,"Bengaluru Urban",Anekal,Mantapa,Sakalavara,Sakalavara,0000373419,0005225260,5168745,"Deep Tubewell","Ground Water","Village Limits","Revival of MWS",2012-2013,5.50000,5.48645,"28 Dec 2012","29 Jan 2014",2024-06-07
Karnataka,"Bengaluru Urban",Anekal,Kallabalu,Poojiganapalya,Pujiganapalya,0000373375,0005225328,5168814,"Deep Tubewell","Ground Water","Village Limits","Revival of MWS",2012-2013,5.50000,6.23254,"28 Dec 2012","31 Jan 2014",2024-06-07
Karnataka,"Bengaluru Urban",Anekal,Haragadde,Nosenur,Nosenur,0000373352,0005225357,5168844,"Deep Tubewell","Ground Water","Village Limits","Revival of PWS",2012-2013,5.50000,7.04392,"28 Dec 2012","20 Mar 2014",2024-06-07
Karnataka,"Bengaluru Urban",Anekal,Bannerghatta,Byrappanahalli,Byrappanahalli,0000373429,0005225367,5168854,"Deep Tubewell","Ground Water","Village Limits",Borewell,2012-2013,1.50000,1.74617,"16 Jan 2013","15 Feb 2013",2024-06-07
Karnataka,"Bengaluru Urban",Anekal,Bannerghatta,Bannerughatta,Bannerghatta,0000373430,0005225399,5168886,"Deep Tubewell","Ground Water","At Bannerghatta JHC","Revival of MWS",2012-2013,6.50000,3.22072,"28 Dec 2012","20 Mar 2013",2024-06-07
Karnataka,"Bengaluru Urban",Anekal,Ragihalli,Kariyappanadoddi,Kariyappanadoddi,0000373458,0005235527,5179821,"Deep Tubewell","Ground Water","Village limit","Revival of MWS",2012-2013,5.50000,2.78000,"07 Jan 2013","20 Mar 2013",2024-06-07
Karnataka,"Bengaluru Urban",Anekal,Ragihalli,Ontemaranadoddi,Ontemaranadoddi,0000373452,0005589832,5550057,"Deep Tubewell","Ground Water","Village limit","Revival of MWS Scheme",2013-2014,5.00000,3.34882,"15 Sep 2013","03 Mar 2014",2024-06-07
Karnataka,"Bengaluru Urban",Anekal,Bannerghatta,Bytarayanadoddi,"Byatarayana Doddi",0000373444,0005595351,5555317,"Deep Tubewell","Ground Water","School limit","Drinking Water Facility to Schools",2013-2014,10.00000,0.00000,"20 Oct 2013","20 Jan 2014",2024-06-07
Karnataka,"Bengaluru Urban",Anekal,Hennagara,Kachanayakanahalli,Kachanayakanahalli,0000373402,0005595382,5555348,"Deep Tubewell","Ground Water","School limit","Drinking Water Facility to School",2013-2014,10.00000,0.00000,"15 Oct 2013","20 Jan 2014",2024-06-07
Karnataka,"Bengaluru Urban",Anekal,Kallabalu,Konnasandra,Konnasandra,0000373369,0005595400,5555366,"Deep Tubewell","Ground Water","School limit","Drinking Water Facility to School",2013-2014,10.00000,0.00000,"10 Oct 2013","16 Jan 2014",2024-06-07
Karnataka,"Bengaluru Urban",Anekal,Bannerghatta,Bytarayanadoddi,"Byatarayana Doddi",0000373444,0005613996,5576650,"Deep Tubewell","Ground Water","School limit","Drinking Water Facility to School",2013-2014,1.00000,0.99841,"15 Sep 2013","31 Oct 2014",2024-06-07
Karnataka,"Bengaluru Urban",Anekal,Byagadadevanahalli,Kunimadiwala,Kunimadiwala,0000373345,0005628524,5593892,"Deep Tubewell","Ground Water","Village limit","Drinking Water Facility to Anganawadi",2013-2014,1.00000,0.99852,"22 Sep 2013","01 Mar 2014",2024-06-07
Karnataka,"Bengaluru Urban",Anekal,Haragadde,Seethanayakanahalli,Seethanayakanahalli,0000373350,0005629904,5595352,"Deep Tubewell","Ground Water","Village limit","Drinking Water Facility to Anganawadi",2013-2014,1.00000,0.95212,"10 Sep 2013","14 Jan 2015",2024-06-07
Karnataka,"Bengaluru Urban",Anekal,Mayasandra,Mutsandra,Mutsandra,0000373493,0005641492,5601628,"Deep Tubewell","Ground Water","Village limit","Revival of MWS Scheme",2013-2014,8.00000,5.83643,"15 Sep 2013","20 Mar 2014",2024-06-07
Karnataka,"Bengaluru Urban",Anekal,Huskuru,"Chinnthala Madiwala","Chinnthala Madiwala",0000373578,0005691431,5671054,"Deep Tubewell","Ground Water","Village limit","Drinking Water Facility to Anganawadi",2013-2014,1.00000,0.00000,"19 Sep 2013","10 Mar 2014",2024-06-07
Karnataka,"Bengaluru Urban",Anekal,Haragadde,Kumbarahalli,Kumbarahalli,0000373347,0005691495,5671128,"Deep Tubewell","Ground Water","Village limit","Drinking Water Facility to Anganawadi",2013-2014,1.00000,0.00000,"15 Sep 2013","10 Feb 2014",2024-06-07
Karnataka,"Bengaluru Urban",Anekal,Neriga,Chikkadasarahalli,Chikkadasarahalli,0000373563,0005701691,6739610,"Deep Tubewell","Ground Water","Village limit","Revival of MWS Scheme",2013-2014,5.00000,4.37220,"15 Sep 2013","03 Mar 2014",2024-06-07
Karnataka,"Bengaluru Urban",Anekal,Neralur,Balagaranahalli,Balagaranahalli,0000373476,0005709951,250001350,"Deep Tubewell","Ground Water","Village limit","Drinking Water Facility to Anganawadi",2013-2014,1.00000,0.00000,"15 Sep 2013","08 Oct 2013",2024-06-07
Karnataka,"Bengaluru Urban",Anekal,Neralur,Adigondanahalli,Adigondanahalli,0000373481,0005710044,250001369,"Deep Tubewell","Ground Water","Village limit","Drinking Water Facility to Anganawadi",2013-2014,1.00000,0.99853,"15 Sep 2013","20 Mar 2014",2024-06-07
Karnataka,"Bengaluru Urban",Anekal,Hulimangala,Shikaripalya,Shikaripalya,0000373393,0005712075,250001630,"Deep Tubewell","Ground Water","Village limit","Drinking Water Facility to Anganawadi",2013-2014,1.00000,0.99740,"10 Sep 2013","02 Dec 2013",2024-06-07
Karnataka,"Bengaluru Urban",Anekal,Mantapa,Laxmipura,Sampangiramanagara,0000373414,0005712163,250001645,"Deep Tubewell","Ground Water","Village limit","Drinking Water Facility to Anganawadi",2013-2014,1.00000,0.99156,"10 Sep 2013","20 Jan 2014",2024-06-07
Karnataka,"Bengaluru Urban",Anekal,Kallabalu,Bommandahalli,Bommandahalli,0000373370,0005712519,250001702,"Deep Tubewell","Ground Water","Village limit","Drinking Water Facility to Anganawadi",2013-2014,1.00000,0.00000,"10 Sep 2013","31 Oct 2014",2024-06-07
Karnataka,"Bengaluru Urban",Anekal,Kallabalu,Bukkasagara,Bukkasagara,0000373365,0005712539,250001706,"Deep Tubewell","Ground Water","Village limit","Drinking Water Facility to Anganawadi",2013-2014,1.00000,0.95695,"10 Sep 2013","20 Mar 2014",2024-06-07
Karnataka,"Bengaluru Urban",Anekal,Kallabalu,Harapanahalli,Harapanahalli,0000373368,0005712555,250001707,"Deep Tubewell","Ground Water","Village limit","Drinking Water Facility to Anganawadi",2013-2014,1.00000,0.96463,"10 Sep 2013","20 Mar 2014",2024-06-07
Karnataka,"Bengaluru Urban",Anekal,Bannerghatta,Sampigehalli,Sampigehalli,0000373433,0005712687,250001737,"Deep Tubewell","Ground Water","Village limit","Drinking Water Facility to Anganawadi",2013-2014,1.00000,0.99841,"10 Sep 2013","13 Oct 2014",2024-06-07
Karnataka,"Bengaluru Urban",Anekal,Bannerghatta,Boothanahalli,Boothanahalli,0000373440,0005712785,250001759,"Deep Tubewell","Ground Water","Village limit","Drinking Water Facility to Anganawadi",2013-2014,1.00000,0.99841,"10 Sep 2013","07 Oct 2014",2024-06-07
Karnataka,"Bengaluru Urban",Anekal,Bannerghatta,"Hakkipikki Colony","Akki Pikki Colony",0000373441,0005712912,250001791,"Deep Tubewell","Ground Water","Village limit","Drinking Water Facility to Anganawadi",2013-2014,1.00000,0.99841,"10 Sep 2013","06 Oct 2014",2024-06-07
Karnataka,"Bengaluru Urban",Anekal,Yamare,Chambenahalli,Chambenahalli,0000373552,0005713279,250001875,"Deep Tubewell","Ground Water","Village limit","Drinking Water Facility to Anganawadi",2013-2014,1.00000,0.99435,"10 Sep 2013","03 Mar 2014",2024-06-07
Karnataka,"Bengaluru Urban",Anekal,Yamare,Yamare,Yamare,0000373549,0005713400,250001911,"Deep Tubewell","Ground Water","Village limit","Drinking Water Facility to Anganawadi",2013-2014,1.00000,0.99881,"10 Sep 2013","02 Dec 2013",2024-06-07
Karnataka,"Bengaluru Urban",Anekal,Sarjapura,Sarjapura,Sarjapura,0000373516,0005713531,250001940,"Deep Tubewell","Ground Water","Village limit","Drinking Water Facility to Anganawadi",2013-2014,1.00000,0.96792,"10 Sep 2013","20 Mar 2014",2024-06-07
Karnataka,"Bengaluru Urban",Anekal,Muthanallur,"Chikka Thimmasandra","Chikka Thimmasandra",0000373555,0005713589,250001953,"Deep Tubewell","Ground Water","Village limit","Drinking Water Facility to Anganawadi",2013-2014,1.00000,0.97223,"10 Sep 2013","31 Jan 2014",2024-06-07
Karnataka,"Bengaluru Urban",Anekal,Muthanallur,Narayanaghatta,Narayanaghatta,0000373561,0005713663,250001966,"Deep Tubewell","Ground Water","Village limit","Drinking Water Facility to Anganawadi",2013-2014,1.00000,0.95944,"15 Sep 2013","28 Jan 2014",2024-06-07
Karnataka,"Bengaluru Urban",Anekal,Muthanallur,"Ali Bommasandra","Ali Bommasandra",0000373557,0005713694,250001974,"Deep Tubewell","Ground Water","Village limit","Drinking Water Facility to Anganawadi",2013-2014,1.00000,0.96571,"10 Sep 2013","20 Jan 2014",2024-06-07
Karnataka,"Bengaluru Urban",Anekal,Muthanallur,"Singena Agrahara","Singena Agrahara",0000373562,0005713750,250001986,"Deep Tubewell","Ground Water","Village limit","Drinking Water Facility to Anganawadi",2013-2014,1.00000,0.97045,"10 Sep 2013","25 Mar 2014",2024-06-07
Karnataka,"Bengaluru Urban",Anekal,Yamare,Ittangur,Ittangur,0000373546,0005713775,250001993,"Deep Tubewell","Ground Water","Village limit","Drinking Water Facility to Anganawadi",2013-2014,1.00000,0.99881,"10 Sep 2013","03 Mar 2014",2024-06-07
Karnataka,"Bengaluru Urban",Anekal,Handenahalli,Sollepura,Bikkanahalli,0000373537,0005713835,250002006,"Deep Tubewell","Ground Water","Village limit","Drinking Water Facility to Anganawadi",2013-2014,1.00000,0.99982,"10 Sep 2013","31 Jan 2014",2024-06-07
Karnataka,"Bengaluru Urban",Anekal,Bidaraguppe,Arenur,Arenur,0000373498,0005713869,250002014,"Deep Tubewell","Ground Water","Village limit","Drinking Water Facility to Anganawadi",2013-2014,1.00000,0.96261,"10 Sep 2013","20 Jan 2014",2024-06-07
Karnataka,"Bengaluru Urban",Anekal,Mugalur,Kuthaganahalli,Kuthaganahalli,0000373522,0005714478,250002150,"Deep Tubewell","Ground Water","Village limit","Drinking Water Facility to Anganawadi",2013-2014,1.00000,0.97336,"10 Sep 2013","20 Mar 2014",2024-06-07
Karnataka,"Bengaluru Urban",Anekal,Mugalur,Kugur,Kugur,0000373527,0005714847,250002225,"Deep Tubewell","Ground Water","Village limit","Drinking Water Facility to Anganawadi",2013-2014,1.00000,0.99304,"10 Sep 2013","10 Mar 2014",2024-06-07
Karnataka,"Bengaluru Urban",Anekal,Neriga,Heggondahalli,Heggondahalli,0000373570,0005714886,250002233,"Deep Tubewell","Ground Water","Village limit","Drinking Water Facility to Anganawadi",2013-2014,1.00000,0.99582,"10 Sep 2013","20 Mar 2014",2024-06-07
Karnataka,"Bengaluru Urban",Anekal,Handenahalli,"S. Medihalli",Sultanpalya,0000373541,0005360375,5297024,"Deep Tubewell","Ground Water","Village limit","Drilling of BW",2012-2013,1.55000,1.89592,"07 Mar 2013","20 Mar 2013",2024-06-07
Karnataka,"Bengaluru Urban",Anekal,Shantipura,Shantipura,Shantipura,0001622895,0005360477,5297132,"Deep Tubewell","Ground Water","GPR Badavane opp to Foot Market","Drilling of BW",2012-2013,1.55000,1.75498,"07 Mar 2013","20 Mar 2013",2024-06-07
Karnataka,"Bengaluru Urban",Anekal,Byagadadevanahalli,Byagadadenahalli,Byagadadenahalli,0000373346,0005361464,5298114,"Deep Tubewell","Ground Water","Village limit","Drilling of BW",2012-2013,1.55000,1.77085,"07 Mar 2013","31 Mar 2013",2024-06-07
Karnataka,"Bengaluru Urban",Anekal,Hulimangala,Hulimangala,Hulimangala,0000373388,0005362456,5299329,"Deep Tubewell","Ground Water","Village limit","Drilling of BW",2012-2013,1.00000,1.67256,"07 Mar 2013","05 Feb 2014",2024-06-07
Karnataka,"Bengaluru Urban",Anekal,Hulimangala,"S. Bingipura","S. Bingipura",0000373389,0005362484,5299359,"Deep Tubewell","Ground Water","Village limit","Drilling of BW",2012-2013,1.00000,1.79340,"07 Mar 2013","31 Mar 2013",2024-06-07
Karnataka,"Bengaluru Urban",Anekal,Hulimangala,Koppa,Koppa,0000373383,0005362509,5299384,"Deep Tubewell","Ground Water","Village limit","Drilling of BW",2012-2013,1.00000,1.13568,"07 Mar 2013","01 Mar 2014",2024-06-07
Karnataka,"Bengaluru Urban",Anekal,Kallabalu,"Sattarsab Dinne","Satharsab Dinne",0000373367,0005362585,5299497,"Deep Tubewell","Ground Water","Village limit","Drilling of BW",2012-2013,1.00000,1.81860,"07 Mar 2013","18 Mar 2014",2024-06-07
Karnataka,"Bengaluru Urban",Anekal,Hennagara,Kachanayakanahalli,Kachanayakanahalli,0000373402,0005364314,5301325,"Deep Tubewell","Ground Water","Village limit","Drilling of BW",2012-2013,1.62000,1.62000,"18 Oct 2012","31 Mar 2013",2024-06-07
Karnataka,"Bengaluru Urban",Anekal,Bannerghatta,"Kannayaka Agrahara",Doddabeedu,0000373450,0005467774,5400216,"Deep Tubewell","Ground Water","Village limit","Drilling of BW",2012-2013,1.00000,0.00000,"10 Mar 2013","15 May 2013",2024-06-07
Karnataka,"Bengaluru Urban",Anekal,Neralur,Bendiganahalli,Bendiganahalli,0000373482,0005522237,5462760,"Deep Tubewell","Ground Water","Village limit","Revival of PWS Scheme",2013-2014,10.00000,10.01657,"15 Sep 2013","10 Mar 2014",2024-06-07
Karnataka,"Bengaluru Urban",Anekal,Indlawadi,Indlawadi,Indlawadi,0000373330,0005522383,5462931,"Deep Tubewell","Ground Water","Village limit,JHC","Improvements to Water Supply Scheme",2013-2014,16.00000,0.00000,"10 Sep 2013","15 Nov 2014",2024-06-07
Karnataka,"Bengaluru Urban",Anekal,Indlawadi,Indlawadipura,Indlawadipura,0000373327,0005522413,5462970,"Deep Tubewell","Ground Water","Colony Limit","Revival of MWS Scheme",2013-2014,7.00000,7.12402,"10 Sep 2013","01 Mar 2014",2024-06-07
Karnataka,"Bengaluru Urban",Anekal,Indlawadi,Nallaiahnadoddi,Nallaiahanadoddi,0000373328,0005522425,5462982,"Deep Tubewell","Ground Water","Village limit","Revival of MWS Scheme",2013-2014,5.00000,0.00000,"10 Sep 2013","15 Mar 2014",2024-06-07
Karnataka,"Bengaluru Urban",Anekal,Indlawadi,Nallaiahnadoddi,Nallaiahanadoddi,0000373328,0005522426,5462983,"Deep Tubewell","Ground Water","Village limit","Revival of MWS Scheme",2013-2014,5.00000,0.00000,"10 Sep 2013","15 Mar 2014",2024-06-07
Karnataka,"Bengaluru Urban",Anekal,Byagadadevanahalli,Chikkahagde,Vadderahalli,0000373338,0005523258,5464145,"Deep Tubewell","Ground Water","Village limit","Revival of MWS Scheme",2013-2014,5.00000,0.00000,"20 Sep 2013","15 Feb 2014",2024-06-07
Karnataka,"Bengaluru Urban",Anekal,Marsoor,Bandapura,Bandapura,0000373313,0005523361,5464325,"Deep Tubewell","Ground Water","Village limit","Revival of PWS Scheme",2013-2014,5.00000,0.00000,"15 Sep 2013","20 Feb 2014",2024-06-07
Karnataka,"Bengaluru Urban",Anekal,Bannerghatta,"Bannerughatta Kaval","Bannerghatta Kaval",0000373435,0005525666,5467417,"Deep Tubewell","Ground Water","Janatha colony","Revival of MWS Scheme",2013-2014,5.00000,0.00000,"10 Sep 2013","25 Feb 2014",2024-06-07
Karnataka,"Bengaluru Urban",Anekal,Bannerghatta,"Kannayaka Agrahara","Kannayaka Agrahara",0000373446,0005525674,250064343,"Deep Tubewell","Ground Water","Colony  limit","Revival of MWS Scheme",2013-2014,5.00000,4.38412,"10 Sep 2013","02 Jan 2014",2024-06-07
Karnataka,"Bengaluru Urban",Anekal,Bannerghatta,Amruthanagara,Amruthanagara,0000373449,0005525680,5467448,"Deep Tubewell","Ground Water","Village limit","Revival of MWS Scheme",2013-2014,5.00000,5.01464,"15 Sep 2013","20 Mar 2014",2024-06-07
Karnataka,"Bengaluru Urban",Anekal,Neriga,"Nekundi Dommasandra","Nekundi Dommasandra",0000373572,0005528067,5470570,"Deep Tubewell","Ground Water","Village limit","Revival of MWS Scheme",2013-2014,5.00000,3.01669,"15 Sep 2013","20 Mar 2014",2024-06-07
Karnataka,"Bengaluru Urban",Anekal,Kallabalu,Harapanahalli,Harapanahalli,0000373368,0005534414,5478727,"Deep Tubewell","Ground Water","Village limit","G Providing Piped Water Supply Scheme",2013-2014,25.00000,22.76568,"12 Sep 2013","31 Dec 2015",2024-06-07
Karnataka,"Bengaluru Urban",Anekal,Haragadde,Haragadde,Haragadde,0001622881,0005534514,5478813,"Deep Tubewell","Ground Water","Village limit","Revival of PWS Scheme",2013-2014,10.00000,9.36094,"15 Sep 2013","20 Mar 2014",2024-06-07
Karnataka,"Bengaluru Urban",Anekal,Kallabalu,Bukkasagara,Bukkasagara,0000373365,0005544450,250064278,"Deep Tubewell","Ground Water","Main road","G Revival of PWS Scheme",2013-2014,8.00000,7.96244,"15 Sep 2013","31 Dec 2015",2024-06-07
Karnataka,"Bengaluru Urban",Anekal,Hulimangala,Vabbasandra,Vabbasandra,0000373386,0005544693,5497355,"Deep Tubewell","Ground Water","Colony limit","Revival of MWS Scheme",2013-2014,9.00000,8.80433,"10 Sep 2013","31 Mar 2014",2024-06-07
Karnataka,"Bengaluru Urban",Anekal,Hulimangala,Maragondanahalli,Maragondanahalli,0000373392,0005544706,5497367,"Deep Tubewell","Ground Water","Village limit","Revival of PWS Scheme",2013-2014,8.00000,8.13311,"10 Sep 2013","17 Mar 2014",2024-06-07
Karnataka,"Bengaluru Urban",Anekal,Mantapa,Vaddarapalya,Vaddarapalya,0000373405,0005544796,5497511,"Deep Tubewell","Ground Water","Village limit","Revival of MWS Scheme",2013-2014,7.00000,7.16069,"15 Sep 2013","20 Mar 2014",2024-06-07
Karnataka,"Bengaluru Urban",Anekal,Mantapa,Laxmipura,Sanjeevanagar,0000373415,0005544831,5497545,"Deep Tubewell","Ground Water","Village limit","Revival of MWS Scheme",2013-2014,7.00000,6.62119,"10 Sep 2013","20 Jan 2014",2024-06-07
Karnataka,"Bengaluru Urban",Anekal,Ballur,Dasanapura,Dasanapura,0001622876,0005567620,5524045,"Deep Tubewell","Ground Water","Village limit","Revival of PWS Scheme",2013-2014,7.00000,5.74501,"22 Aug 2013","03 Mar 2014",2024-06-07
Karnataka,"Bengaluru Urban",Anekal,Huskuru,Huskuru,Huskuru,0000373579,0005577146,5536415,"Deep Tubewell","Ground Water","Village limit","Revival of PWS Scheme",2013-2014,10.00000,10.33874,"15 Sep 2013","10 Mar 2014",2024-06-07
Karnataka,"Bengaluru Urban",Anekal,Muthanallur,Muthanallur,Muthanallur,0000373559,0005580463,5539800,"Deep Tubewell","Ground Water","Village limit","Revival of PWS Scheme",2013-2014,10.00000,10.03460,"20 Sep 2013","25 Mar 2014",2024-06-07
Karnataka,"Bengaluru Urban",Anekal,Vannakanahalli,"Kempudommasandra (b)",Kempadommasandra,0000373304,0005580527,5540027,"Deep Tubewell","Ground Water","Village limit","Revival of MWS Scheme",2013-2014,7.00000,7.15739,"15 Sep 2013","20 Mar 2014",2024-06-07
Karnataka,"Bengaluru Urban",Anekal,Bannerghatta,Byladamaradadoddi,"Byaladamara Doddi",0000373443,0006367370,250034228,"Deep Tubewell","Ground Water","Village limit","Revival of MWS Scheme",2013-2014,6.00000,0.93695,"21 Mar 2014","31 Oct 2014",2024-06-07
Karnataka,"Bengaluru Urban",Anekal,Bannerghatta,Kempanayakanahalli,Kempanayakanahalli,0000373431,0006367413,250034237,"Deep Tubewell","Ground Water","Villge limit","G Revival of MWS Scheme",2013-2014,6.00000,6.15638,"22 Mar 2014","31 Dec 2015",2024-06-07
Karnataka,"Bengaluru Urban",Anekal,Byagadadevanahalli,"Kammasandra Agrahara","Kammasandra Agrahara",0000373339,0006367848,250034277,"Deep Tubewell","Ground Water","Colony limit","Revival of MWS Scheme",2013-2014,6.00000,5.97340,"22 Mar 2014","07 Jan 2015",2024-06-07
Karnataka,"Bengaluru Urban",Anekal,Hennagara,Hennagara,Hennagara,0000373394,0006368931,250034369,"Deep Tubewell","Ground Water","Village limit","Revival of PWS Scheme",2013-2014,10.00000,9.09182,"18 Apr 2014","02 Jan 2015",2024-06-07
Karnataka,"Bengaluru Urban",Anekal,Huskuru,"Chinnthala Madiwala","Chinnthala Madiwala",0000373578,0006368953,250034375,"Deep Tubewell","Ground Water","Village limit","Revival of MWS Scheme",2013-2014,6.00000,5.63848,"20 Apr 2014","21 Jan 2015",2024-06-07
Karnataka,"Bengaluru Urban",Anekal,Indlawadi,Bangladoddi,Bangaladoddi,0000373329,0006372231,250065275,"Deep Tubewell","Ground Water","Colony Limit","G Revival of MWS Scheme",2013-2014,6.00000,4.02190,"22 Apr 2014","31 Dec 2015",2024-06-07
Karnataka,"Bengaluru Urban",Anekal,Indlawadi,Thimmasandra,Thimmasandra,0000373320,0006372261,250034424,"Deep Tubewell","Ground Water","Village limit","TSP Revival of MWS Scheme",2013-2014,6.00000,5.71871,"22 Apr 2014","31 Mar 2015",2024-06-07
Karnataka,"Bengaluru Urban",Anekal,Kallabalu,"J. Bingipura","J. Bingipura",0000373371,0006373338,250034457,"Deep Tubewell","Ground Water","Village limit","Revival of MWS Scheme",2013-2014,6.00000,5.30457,"19 Apr 2014","30 Mar 2015",2024-06-07
Karnataka,"Bengaluru Urban",Anekal,Kallabalu,Basappanadoddi,"Basappana Doddi",0000373382,0006373341,250034460,"Deep Tubewell","Ground Water","Village  limit","Revival of MWS Scheme",2013-2014,6.00000,6.04936,"25 Apr 2014","19 Jan 2015",2024-06-07
Karnataka,"Bengaluru Urban",Anekal,Mugalur,Banahalli,Banahalli,0000373528,0006373360,250034472,"Deep Tubewell","Ground Water","Village limit","Revival of  PWS  Scheme",2013-2014,8.00000,0.00000,"28 Apr 2014","30 Mar 2015",2024-06-07
Karnataka,"Bengaluru Urban",Anekal,Ragihalli,Shivanahalli,Guddaiahanadoddi,0000373456,0006373420,250065158,"Deep Tubewell","Ground Water","Colony Limit","G Revival of MWS Scheme",2013-2014,6.00000,5.84785,"25 Apr 2014","31 Mar 2017",2024-06-07
Karnataka,"Bengaluru Urban",Anekal,Ragihalli,Shivanahalli,Koramaradoddi,0000373455,0006373429,250065162,"Deep Tubewell","Ground Water","Colony Limit","G Revival of MWS Scheme",2013-2014,6.00000,5.87762,"25 Apr 2014","31 Mar 2017",2024-06-07
Karnataka,"Bengaluru Urban",Anekal,Bannerghatta,Kenchagaiahnadoddi,"Kenchagaina Doddi",0000373439,0006665376,250064401,"Deep Tubewell","Ground Water","Village limit","G Drilling of BW,Errection of Pumpset with Pipe line and Energisation",2014-2015,7.30000,8.02277,"20 Sep 2014","31 Mar 2018",2024-06-07
Karnataka,"Bengaluru Urban",Anekal,Dommasandra,Dommasandra,Dommasandra,0000373592,0006665447,250064456,"Deep Tubewell","Ground Water","Village limit","G Drilling of BW,Errection of Pumpset with Pipe line and Energisation",2014-2015,50.00000,44.33871,"15 Oct 2014","31 Mar 2017",2024-06-07
Karnataka,"Bengaluru Urban",Anekal,Ballur,Arehalli,Arehalli,0000373483,0006669792,250067772,"Deep Tubewell","Ground Water","Village limit","SCP Providing Piped  Water Supply Scheme",2014-2015,25.00000,24.34231,"20 Oct 2014","18 Mar 2016",2024-06-07
Karnataka,"Bengaluru Urban",Anekal,Byagadadevanahalli,Thatnahalli,Thatnahalli,0000373344,0006669801,250067779,"Deep Tubewell","Ground Water","Village limit","SCP Providing Piped Water Supply Scheme",2014-2015,25.00000,21.56515,"15 Oct 2014","26 Mar 2015",2024-06-07
Karnataka,"Bengaluru Urban",Anekal,Byagadadevanahalli,Doddahagde,Doddahagde,0000373341,0006669824,250067791,"Deep Tubewell","Ground Water","Village limit","SCP Drilling of BW,Errection of Pumpset with Pipe line and Energisation",2014-2015,10.00000,10.95781,"30 Sep 2014","31 Dec 2015",2024-06-07
Karnataka,"Bengaluru Urban",Anekal,Billapura,Billapura,Billapura,0000373532,0006669835,250067796,"Deep Tubewell","Ground Water","Village limit","Drilling of BW,Errection of Pumpset with Pipe line and Energisation",2014-2015,9.00000,9.00000,"25 Sep 2014","31 Mar 2015",2024-06-07
Karnataka,"Bengaluru Urban",Anekal,Haragadde,Lingapura,Lingapura,0000373348,0006669866,250067810,"Deep Tubewell","Ground Water","Village limit","G Drilling of BW,Errection of Pumpset with Pipe line and Energisation",2014-2015,8.00000,7.72862,"25 Sep 2014","28 Feb 2017",2024-06-07
Karnataka,"Bengaluru Urban",Anekal,Neriga,Gonigattapura,Gonigattapura,0000373565,0006669904,250067823,"Deep Tubewell","Ground Water","Colony limit","SCP Drilling of BW,Errection of Pumpset with Pipe line and Energisation",2014-2015,8.00000,8.00000,"15 Sep 2014","31 Mar 2016",2024-06-07
Karnataka,"Bengaluru Urban",Anekal,Marsoor,Madiwala,Madiwala,0000373311,0003908716,3777071,"Deep Tubewell","Ground Water","Village limit road","Revival of PWS",2011-2012,6.50000,0.00000,"10 Aug 2011","20 Feb 2012",2024-06-07
Karnataka,"Bengaluru Urban",Anekal,Muthanallur,Narayanaghatta,Narayanaghatta,0000373561,0003912478,3780872,"Deep Tubewell","Ground Water","Village limit road","Revival of PWS",2011-2012,6.00000,3.04467,"20 Aug 2011","20 Mar 2013",2024-06-07
Karnataka,"Bengaluru Urban",Anekal,Neralur,Balagaranahalli,Balagaranahalli,0000373476,0003912496,3780891,"Deep Tubewell","Ground Water","School main road","Revival of PWS",2011-2012,6.00000,3.82811,"10 Aug 2011","20 Mar 2013",2024-06-07
Karnataka,"Bengaluru Urban",Anekal,Neralur,Itchangur,Itchangur,0000373474,0003912505,3780902,"Deep Tubewell","Ground Water","School main road","Revival of PWS",2011-2012,6.00000,1.68413,"20 Aug 2011","31 Oct 2012",2024-06-07
Karnataka,"Bengaluru Urban",Anekal,Neriga,Chikkadasarahalli,Chikkadasarahalli,0000373563,0003912524,3780921,"Deep Tubewell","Ground Water","Colony main road","Revival of MWS",2011-2012,5.50000,3.27706,"10 Aug 2011","20 Dec 2012",2024-06-07
Karnataka,"Bengaluru Urban",Anekal,Vannakanahalli,Choodenahalli,Kalyanakanahalli,0000373306,0003917056,3785576,"Deep Tubewell","Ground Water","Village main road","Revival of MWS",2011-2012,5.50000,0.00000,"20 Aug 2011","25 Feb 2012",2024-06-07
Karnataka,"Bengaluru Urban",Anekal,Vannakanahalli,Vannakanahalli,Vannakanahalli,0000373305,0003917075,3785595,"Deep Tubewell","Ground Water","School main road","Revival of PWS",2011-2012,6.50000,0.00000,"20 Aug 2011","25 Feb 2012",2024-06-07
Karnataka,"Bengaluru Urban",Anekal,Ragihalli,Ujjinappanadoddi,Ujjappanadoddi,0000373460,0004863140,4790137,"Deep Tubewell","Ground Water","Towards Main Road","Revival of MWS Scheme",2012-2013,5.00000,4.99942,"12 Sep 2012","20 Mar 2013",2024-06-07
Karnataka,"Bengaluru Urban",Anekal,Hennagara,Kachanayakanahalli,Kachanayakanahalli,0000373402,0004863223,4790220,"Deep Tubewell","Ground Water","Towards Main Road","Revival of PWS Scheme",2012-2013,7.00000,0.00000,"13 Sep 2012","21 Feb 2013",2024-06-07
Karnataka,"Bengaluru Urban",Anekal,Dommasandra,Dommasandra,Dommasandra,0000373592,0004864878,4791742,"Deep Tubewell","Ground Water","Near Tank Bed","Revival of PWS Scheme",2012-2013,20.00000,20.00669,"24 Sep 2012","20 Mar 2013",2024-06-07
Karnataka,"Bengaluru Urban",Anekal,Yamare,Ittangur,Ittangur,0000373546,0004864909,4791775,"Deep Tubewell","Ground Water","Near Burial Ground","Revival of PWS Scheme",2012-2013,5.00000,0.00000,"15 Sep 2012","20 Feb 2013",2024-06-07
Karnataka,"Bengaluru Urban",Anekal,Yamare,"B. Hosahalli","B. Hosahalli",0000373547,0004864919,4791783,"Deep Tubewell","Ground Water","Near Tank Bed","Revival of PWS Scheme",2012-2013,5.00000,0.00000,"12 Sep 2012","25 Feb 2013",2024-06-07
Karnataka,"Bengaluru Urban",Anekal,Yamare,"Thigala Chowdadenahalli","Thigala Chowdadenahalli",0000373553,0004864963,4791824,"Deep Tubewell","Ground Water","Near Tank Bed","Providing Piped Water Supply Scheme",2012-2013,25.00000,24.91160,"20 Sep 2012","20 Jan 2014",2024-06-07
Karnataka,"Bengaluru Urban",Anekal,Handenahalli,"S. Medihalli",Thyavakanahalli,0000373540,0004868811,4795914,"Deep Tubewell","Ground Water","Village Limit","Revival of MWS Scheme",2012-2013,6.00000,5.80310,"15 Sep 2012","04 Dec 2012",2024-06-07
Karnataka,"Bengaluru Urban",Anekal,Muthanallur,Gopasandra,Gopasandra,0000373560,0004868848,4795959,"Deep Tubewell","Ground Water","Towards Main road","Revival of PWS Scheme",2012-2013,6.00000,6.52975,"20 Sep 2012","20 Mar 2013",2024-06-07
Karnataka,"Bengaluru Urban",Anekal,Vannakanahalli,Sunavara,Sunavara,0000373299,0004873337,4800138,"Deep Tubewell","Ground Water","Tank Bed","Revival of MWS Scheme",2012-2013,6.00000,5.83844,"15 Sep 2012","03 Dec 2012",2024-06-07
Karnataka,"Bengaluru Urban",Anekal,Indlawadi,Indlawadi,Indlawadi,0000373330,0004873542,4800308,"Deep Tubewell","Ground Water","Tank Bed","Providing Piped Water Supply Scheme",2012-2013,20.00000,0.00000,"15 Sep 2012","20 Feb 2014",2024-06-07
Karnataka,"Bengaluru Urban",Anekal,Byagadadevanahalli,Doddahagde,Doddahagde,0000373341,0004873763,4800547,"Deep Tubewell","Ground Water","Kempodarahally Road","Providing Piped Water Supply Scheme",2012-2013,20.00000,0.00000,"15 Sep 2012","20 Feb 2014",2024-06-07
Karnataka,"Bengaluru Urban",Anekal,Marsoor,Marsoor,Marsoor,0000373309,0004873913,4800654,"Deep Tubewell","Ground Water","Tank Bed","Providing Piped Water Supply Scheme",2012-2013,20.00000,0.00000,"20 Sep 2012","20 Jan 2014",2024-06-07
Karnataka,"Bengaluru Urban",Anekal,Mantapa,Hullakasavanahalli,Hullakasavanahalli,0000373416,0004879300,4805745,"Deep Tubewell","Ground Water","Colony road","Revival of MWS Scheme",2012-2013,5.00000,4.99997,"10 Sep 2012","23 Mar 2013",2024-06-07
Karnataka,"Bengaluru Urban",Anekal,Neriga,Chikkanekundi,Chikkanekundi,0000373573,0004881391,4807752,"Deep Tubewell","Ground Water","Towards Main Road","Revival of MWS Scheme",2012-2013,6.50000,6.44438,"15 Sep 2012","31 Jan 2013",2024-06-07
Karnataka,"Bengaluru Urban",Anekal,Mugalur,Kuthaganahalli,Kuthaganahalli,0000373522,0004886513,4812533,"Deep Tubewell","Ground Water","Colony Road","Revival of MWS Scheme",2012-2013,5.00000,4.99585,"15 Sep 2012","20 Mar 2014",2024-06-07
Karnataka,"Bengaluru Urban",Anekal,Kallabalu,Bukkasagara,Bukkasagara,0000373365,0004891547,4817397,"Deep Tubewell","Ground Water","Village limit","Revival of MWS Scheme",2012-2013,5.00000,4.99598,"15 Sep 2012","25 Mar 2013",2024-06-07
Karnataka,"Bengaluru Urban",Anekal,Handenahalli,Sollepura,Bikkanahalli,0000373537,0004897580,4822659,"Deep Tubewell","Ground Water","Village limit","Revival of MWS Scheme",2012-2013,6.00000,5.99991,"20 Sep 2012","28 Feb 2013",2024-06-07
Karnataka,"Bengaluru Urban",Anekal,Huskuru,Harohalli,Harohalli,0000373575,0004899570,4824462,"Deep Tubewell","Ground Water","Village limit","Revival of MWS Scheme",2012-2013,6.00000,4.32519,"15 Sep 2012","31 Mar 2013",2024-06-07
Karnataka,"Bengaluru Urban",Anekal,Mayasandra,Mutsandra,Mutsandra,0000373493,0004899832,4824686,"Deep Tubewell","Ground Water","Village Limit","Revival of MWS Scheme",2012-2013,6.00000,5.08682,"15 Sep 2012","25 Mar 2014",2024-06-07
Karnataka,"Bengaluru Urban",Anekal,Dommasandra,Dommasandra,Govindapura,0000373593,0004902436,4826817,"Deep Tubewell","Ground Water","Towards Main road","Revival of MWS Scheme",2012-2013,6.00000,5.69995,"20 Sep 2012","20 Mar 2013",2024-06-07
Karnataka,"Bengaluru Urban",Anekal,Hennagara,Hosahalli,Hosahalli,0000373400,0004902451,4826831,"Deep Tubewell","Ground Water","Colony limit","Revival of MWS Scheme",2012-2013,6.00000,6.01537,"15 Sep 2012","31 Mar 2013",2024-06-07
Karnataka,"Bengaluru Urban",Anekal,Kallabalu,"Krishna Doddi","Krishna Doddi",0000373374,0004902458,4826835,"Deep Tubewell","Ground Water","Village limit","Revival of MWS Scheme",2012-2013,6.00000,5.99995,"15 Sep 2012","04 Feb 2013",2024-06-07
Karnataka,"Bengaluru Urban",Anekal,Indlawadi,Indlawadipura,Indlawadipura,0000373327,0005222172,5165597,"Deep Tubewell","Ground Water","Village Limits","Revival of MWS",2012-2013,4.05000,3.98222,"28 Dec 2012","20 Mar 2013",2024-06-07
Karnataka,"Bengaluru Urban",Anekal,Indlawadi,Nallaiahnadoddi,Nallaiahanadoddi,0000373328,0005222225,5165661,"Deep Tubewell","Ground Water","Village Limits",Borewell,2012-2013,1.50000,0.00000,"16 Jan 2013","15 Feb 2013",2024-06-07
Karnataka,"Bengaluru Urban",Anekal,Haragadde,"Mada Pattana",Madapatna,0001622883,0007573502,250170346,"Deep Tubewell","Ground Water","Village Limits","TFC221116 Drilling of Borewell at Madapatna habitation, Haragadde GP, Anekal Taluk",2016-2017,1.80000,1.79886,"15 Jan 2017","28 Feb 2018",2024-06-07
Karnataka,"Bengaluru Urban",Anekal,Hennagara,Kachanayakanahalli,Kachanayakanahalli,0000373402,0007573553,250170399,"Deep Tubewell","Ground Water","Village limit","TFC221116 Drilling of Borewell at Kachanayakanahalli habitation, Hennagara GP, Anekal Taluk",2016-2017,1.50000,1.49821,"15 Jan 2017","31 Mar 2018",2024-06-07
Karnataka,"Bengaluru Urban",Anekal,Huskuru,Gulimangala,Gulimangala,0000373583,0007573687,250170527,"Deep Tubewell","Ground Water","Near MI tank","TFC221116 Drilling of Borewell and Errection of Pumpset  at Gulimangala Habitation  in Huskuru G.P. Anekal Taluk.",2016-2017,5.00000,4.98389,"15 Jan 2017","31 Mar 2018",2024-06-07
Karnataka,"Bengaluru Urban",Anekal,Neralur,Itchangur,Itchangur,0000373474,0007574026,250170790,"Deep Tubewell","Ground Water","Village limit","TFC221116 Drilling of Borewell and Erection of Pumpset at Itchanguru Habitation, Neraluru GP, Ane",2016-2017,5.00000,4.98496,"15 Jan 2017","31 Mar 2018",2024-06-07
Karnataka,"Bengaluru Urban",Anekal,Neralur,Yadavanahalli,Yadavanahalli,0000373477,0007574027,250170791,"Deep Tubewell","Ground Water","Near Tank bed","TFC221116 Drilling of Borewell at Yadavanahalli Habitation, Neraluru GP, Ane",2016-2017,2.50000,2.49168,"15 Jan 2017","31 Mar 2018",2024-06-07
Karnataka,"Bengaluru Urban",Anekal,Bannerghatta,Munimaranadoddi,Munimaranadoddi,0001622877,0007637628,250185518,"Deep Tubewell","Ground Water",tankbed,"TFC220217 Drilling of borewell At Munimaranadoddi  Habitation, Bannerughatta  GP, Anekal Taluk",2016-2017,1.60000,1.59591,"05 May 2017","31 Mar 2018",2024-06-07
Karnataka,"Bengaluru Urban",Anekal,Bannerghatta,Bilwardahalli,Bilwardahalli,0000373436,0007639200,250185825,"Deep Tubewell","Ground Water","Village Limits","TFC220217 Drilling of borewell At Bilwaradahallii Habitation, Bannerughatta GP, Anekal Taluk",2016-2017,1.60000,1.59774,"05 May 2017","31 Mar 2018",2024-06-07
Karnataka,"Bengaluru Urban",Anekal,Bannerghatta,Byrappanahalli,Byrappanahalli,0000373429,0007639218,250185829,"Deep Tubewell","Ground Water","Village limit","TFC220217 Drilling of borewell At byrappanahalli  Habitation, Bannerughatta GP, Anekal Taluk",2016-2017,1.60000,0.00000,"05 May 2017","03 May 2023",2024-06-07
Karnataka,"Bengaluru Urban",Anekal,Bannerghatta,Byrappanahalli,Byrappanahalli,0000373429,0007639250,250185837,"Deep Tubewell","Ground Water","Village limit","TFC220217 Drilling of Byrappanahalli Habitation, Bannerughatta GP, Anekal Taluk.",2016-2017,1.80000,1.79000,"05 May 2017","31 Mar 2018",2024-06-07
Karnataka,"Bengaluru Urban",Anekal,Haragadde,Haragadde,Haragadde,0001622881,0007641994,250186329,"Deep Tubewell","Ground Water","Village Limits","TFC220217 Drilling of borewell At Nayanahalli   Habitation, Haragadde GP, Anekal Taluk.",2016-2017,2.50000,2.48504,"05 May 2017","31 Mar 2018",2024-06-07
Karnataka,"Bengaluru Urban",Anekal,Handenahalli,"S. Medihalli",Sultanpalya,0000373541,0007642113,250186390,"Deep Tubewell","Ground Water","village limit","TFC220217 Drilling of Borewell at Sultanpalya Habitation, Handenahalli GP, Anekal Taluk,",2016-2017,2.50000,2.48563,"05 May 2017","31 Mar 2018",2024-06-07
Karnataka,"Bengaluru Urban",Anekal,Kallabalu,Konnasandra,Konnasandra,0000373369,0007705273,250196458,"Deep Tubewell","Ground Water","Village limit","TFC170417 Drilling of Borewell at Konnasandra Habitation, Kallubalu GP, Anekal Taluk.",2017-2018,2.20000,2.19548,"10 Jul 2017","30 Nov 2017",2024-06-07
Karnataka,"Bengaluru Urban",Anekal,Hulimangala,Podu,Podu,0000373390,0007710980,250197229,"Deep Tubewell","Ground Water","Road side","TFCZP170417 Drilling of Borewell at Podu Habitation, Hulimangala GP, Anekal Taluk",2017-2018,2.40000,2.39732,"20 Jul 2017","30 Nov 2017",2024-06-07
Karnataka,"Bengaluru Urban",Anekal,Hulimangala,"S. Bingipura","S. Bingipura",0000373389,0007710982,250197230,"Deep Tubewell","Ground Water","Main road","TFCZP170417 Drilling of Borewell at S. Bingipura Habitation, Hulimangala GP, Anekal Taluk",2017-2018,2.15000,2.14439,"20 Jul 2017","30 Nov 2017",2024-06-07
Karnataka,"Bengaluru Urban",Anekal,Mayasandra,Mayasandra,Mayasandra,0000373490,0007711198,250197269,"Deep Tubewell","Ground Water","Village limit","TFCZP170417 Drilling of Borewell at Mayasandra Habitation, Mayasandra  GP, Anekal Taluk",2017-2018,2.35000,2.34868,"20 Jul 2017","31 Mar 2018",2024-06-07
Karnataka,"Bengaluru Urban",Anekal,Yamare,"Volagere Kallahalli","Volagere Kallahalli",0000373550,0007711204,250197272,"Deep Tubewell","Ground Water","Village limit","TFCZP170417 Drilling of Borewell at V Kallahalli Habitation, Yamare  GP, Anekal Taluk",2017-2018,2.35000,2.34863,"20 Jul 2017","31 Mar 2018",2024-06-07
Karnataka,"Bengaluru Urban",Anekal,Sarjapura,Sarjapura,Sarjapura,0000373516,0007711207,250197273,"Deep Tubewell","Ground Water","Sompura Gate","TFCZP170417 Drilling of Borewell at Sarjapura near rama temple Habitation, Sarjapura  GP, Anekal Taluk",2017-2018,2.60000,2.59795,"20 Jul 2017","31 Mar 2018",2024-06-07
Karnataka,"Bengaluru Urban",Anekal,Handenahalli,"S. Medihalli",Thyavakanahalli,0000373540,0007732655,250202379,"Deep Tubewell","Ground Water","Village Limit","TFC 140317/170417 Drilling of Borewell at Tyavakanahalli Village Handenahalli G.P. Anekal Taluk",2017-2018,2.50000,2.48735,"22 Sep 2017","31 Jan 2019",2024-06-07
Karnataka,"Bengaluru Urban",Anekal,Haragadde,Dyavasandra,Dyavasandra,0001622880,0007739553,250205286,"Deep Tubewell","Ground Water","village limit","WPP KRIDL(3000 Series) at DyavasandraHabitation, Haragadde G.P, Anekal Taluk, Bangalore Urban District",2017-2018,12.00000,9.85000,"25 Nov 2017","31 Mar 2019",2024-06-07
Karnataka,"Bengaluru Urban",Anekal,Neriga,Neriga,Neriga,0000373564,0007739605,250205308,"Deep Tubewell","Ground Water","village limit","WPP46 Gen (3000 Series) Halasahalli Habitation, Neriga G.P, Anekal Taluk, Bangalore Urban District",2017-2018,12.00000,9.60921,"25 Nov 2017","31 Mar 2019",2024-06-07
Karnataka,"Bengaluru Urban",Anekal,Ballur,Dasanapura,Dasanapura,0001622876,0007739610,250205312,"Deep Tubewell","Ground Water","village limit","WPP50 SCP (3000 Series) Dasanapura Habitation, Balluru G.P, Anekal Taluk, Bangalore Urban District",2017-2018,12.00000,9.62317,"25 Nov 2017","31 Jan 2019",2024-06-07
Karnataka,"Bengaluru Urban",Anekal,Neriga,Neriga,Neriga,0000373564,0007739616,250205316,"Deep Tubewell","Ground Water","village limit","WPP55 Gen (3000 Series) Neriga Habitation, Neriga G.P, Anekal Taluk, Bangalore Urban District",2017-2018,12.00000,0.00000,"25 Nov 2017","03 May 2023",2024-06-07
Karnataka,"Bengaluru Urban",Anekal,Hennagara,Kachanayakanahalli,Kachanayakanahalli,0000373402,0007533735,250148882,"Deep Tubewell","Ground Water",NA,"G Revival Of MWS Scheme at kachanayakanahalli habitation,Hennagara GP, Anekal Taluk",2016-2017,8.00000,8.80780,"01 Sep 2016","31 Dec 2018",2024-06-07
Karnataka,"Bengaluru Urban",Anekal,Billapura,Adigarakallahalli,Adigarakallahalli,0000373538,0007533797,250148916,"Deep Tubewell","Ground Water","Village limit","SDP Revival Of PWS Scheme at Adigarakallahalli habitation in Billapura GP.",2016-2017,5.50000,5.45168,"01 Sep 2016","31 Mar 2018",2024-06-07
Karnataka,"Bengaluru Urban",Anekal,Mantapa,"Jangal Palya",Jangalapalya,0000373407,0007534249,250149267,"Deep Tubewell","Ground Water","Village limit","G  Revival of MWS Scheme at Jangal Palya Habitation, Mantapa G.P. Anekal Taluk",2016-2017,8.00000,7.09498,"01 Sep 2016","31 Dec 2018",2024-06-07
Karnataka,"Bengaluru Urban",Anekal,Mantapa,Laxmipura,Laxmipura,0000373413,0007534425,250149387,"Deep Tubewell","Ground Water","Village Limits","G Revival of MWS Scheme at Lakshmipura Habitation, Mantapa G.P. Anekal Taluk",2016-2017,6.00000,0.00000,"01 Sep 2016","03 May 2023",2024-06-07
Karnataka,"Bengaluru Urban",Anekal,Byagadadevanahalli,"Kavala Hosahalli","Kavala Hosahalli",0001622879,0007535838,250150443,"Deep Tubewell","Ground Water","Village Limits","SCP Providing Water Supply To Anganawadi at KavalHosahalli JHC habitation in Byagaderahalli GP.",2016-2017,1.00000,0.00000,"01 Sep 2016","03 May 2023",2024-06-07
Karnataka,"Bengaluru Urban",Anekal,Ballur,Dasanapura,Dasanapura,0001622876,0007535945,250150550,"Deep Tubewell","Ground Water","Village Limits","TSP Revival Of PWS Scheme and House Hold Connection HH 18 at Dasanapura habitation in Balluru GP.",2016-2017,7.00000,6.25751,"01 Sep 2016","31 Mar 2018",2024-06-07
Karnataka,"Bengaluru Urban",Anekal,Huskuru,"Chinnthala Madiwala","Chinnthala Madiwala",0000373578,0007535951,250150557,"Deep Tubewell","Ground Water",NA,"TSP Revival Of PWS Scheme and House Hold Connection HH 10 at Chinthalamadiwala habitation in Huskuru GP.",2016-2017,6.00000,0.00000,"01 Sep 2016","03 May 2023",2024-06-07
Karnataka,"Bengaluru Urban",Anekal,Mugalur,Mugalur,Mugalur,0000373524,0007536047,250150649,"Deep Tubewell","Ground Water","Village limit","G Revival of  PWS Scheme at Mugaluru habitation in Mugaluru GP.",2016-2017,6.00000,5.62653,"01 Sep 2016","31 Mar 2018",2024-06-07
Karnataka,"Bengaluru Urban",Anekal,Mugalur,Thindlu,Thindlu,0000373517,0007536058,250150657,"Deep Tubewell","Ground Water","Village limit","G Revival of  PWS Scheme at Thindlu habitation in Mugaluru GP.",2016-2017,8.00000,7.35481,"01 Sep 2016","31 Mar 2018",2024-06-07
Karnataka,"Bengaluru Urban",Anekal,Neriga,"Halsahalli Thippasandra","Halsahalli Thippasandra",0000373571,0007536164,250150752,"Deep Tubewell","Ground Water","Village limit","G Revival Of PWS Scheme and House Hold Connection HH 20 at Halasahalli Thippasandra habitation in Neriga GP.",2016-2017,6.00000,6.29015,"01 Sep 2016","31 Mar 2018",2024-06-07
Karnataka,"Bengaluru Urban",Anekal,Neriga,"Nekundi Dommasandra","Nekundi Dommasandra",0000373572,0007536251,250150836,"Deep Tubewell","Ground Water","Village limit road","G Revival Of PWS Scheme at Nekkundi Dommasandra habitation in Neriga GP.",2016-2017,6.00000,6.29038,"01 Sep 2016","31 Mar 2018",2024-06-07
Karnataka,"Bengaluru Urban",Anekal,Yamare,"Volagere Kallahalli","Volagere Kallahalli",0000373550,0007536299,250150891,"Deep Tubewell","Ground Water","Village limit","G Revival of  PWS Scheme at Valagerekallahalli habitation in Yamare GP.",2016-2017,6.00000,5.07379,"01 Sep 2016","31 Mar 2018",2024-06-07
Karnataka,"Bengaluru Urban",Anekal,Bidaraguppe,Mallenahallli,Malenahalli,0000373500,0007538353,250152827,"Deep Tubewell","Ground Water","Village Limit","G Revival Of PWS Scheme of Mallenahalli Village in Bidaraguppe G P in Anekal Taluk",2016-2017,6.00000,4.98617,"01 Sep 2016","31 Mar 2018",2024-06-07
Karnataka,"Bengaluru Urban",Anekal,Neriga,Heggondahalli,Heggondahalli,0000373570,0007538446,250152902,"Deep Tubewell","Ground Water","Village Limit","G Revival Of PWS Scheme  of Heggondanahalli Village in Neriga G.P. in Anekal Taluk",2016-2017,10.00000,9.16982,"01 Sep 2016","31 Mar 2018",2024-06-07
Karnataka,"Bengaluru Urban",Anekal,Mugalur,Mugalur,Mugalur,0000373524,0007544189,250156837,"Deep Tubewell","Ground Water","village limit","G Providing Water Supply to Anganawadi at Mugaluru Village in Mugaluru G P in Anekal Taluk",2016-2017,1.00000,0.96218,"01 Sep 2016","31 Mar 2018",2024-06-07
Karnataka,"Bengaluru Urban",Anekal,Mayasandra,Mayasandra,Mayasandra,0000373490,0007573096,250170044,"Deep Tubewell","Ground Water","Outskerts of Mayasandra","TFC221116 Drilling of Borewell and Erection of Pumpset at Mayasandra Habitation, Mayasandra GP, Anekal Taluk",2016-2017,5.00000,4.98625,"15 Jan 2017","31 Mar 2018",2024-06-07
Karnataka,"Bengaluru Urban",Anekal,Mayasandra,Bakthipura,Bakthipura,0000373489,0007573126,250170075,"Deep Tubewell","Ground Water","Village Limit","TFC221116 Drilling of Borewell at Bakthipura Habitation, Mayasandra GP, Anekal Taluk",2016-2017,2.50000,2.49905,"15 Jan 2017","31 Mar 2018",2024-06-07
Karnataka,"Bengaluru Urban",Anekal,Mayasandra,Harohalli,Harohalli,0000373491,0007573128,250170078,"Deep Tubewell","Ground Water","Village limit","TFC221116 Drilling of Borewell at Harohalli Habitation, Mayasandra GP, Anekal Taluk",2016-2017,2.50000,2.49086,"15 Jan 2017","31 Mar 2018",2024-06-07
Karnataka,"Bengaluru Urban",Anekal,Ragihalli,Mudlaiahnadoddi,Mudlaiahnadoddi,0000373469,0007573286,250170195,"Deep Tubewell","Ground Water","Village limit","TFC221116 Drilling of Borewell at Mudlaiahnadoddi habitation, Ragihalli GP, Anekal Taluk",2016-2017,2.00000,1.99783,"15 Jan 2017","30 Nov 2017",2024-06-07
Karnataka,"Bengaluru Urban",Anekal,Indlawadi,Indlawadi,Indlawadi,0000373330,0008031793,250153833,"Deep Tubewell","Ground Water","village limit","CAP3 Drilling of  at Indlawadi  village Indlawadi GP Anekal taluk",2020-2021,3.47500,0.00000,"27 May 2020","03 May 2023",2024-06-07
Karnataka,"Bengaluru Urban",Anekal,Byagadadevanahalli,Yellammanapalya,Yellamanapalya,0000373342,0008032412,250293157,"Deep Tubewell","Ground Water","village limit","10 Crore 22052020 Drilling of Borewell at Yellammanapalya Habitation Byagadadenahalli Grama Panchayath Anekal Taluk",2020-2021,3.90000,3.51720,"16 Jun 2020","03 May 2023",2024-06-07
Karnataka,"Bengaluru Urban",Anekal,Marsoor,Marsoor,Marsoor,0000373309,0008032420,250150781,"Deep Tubewell","Ground Water","Tank Bed","10 Crore 22052020 Drilling of Borewell at Marsuru Habitation Marsuru Grama Panchayath Anekal Taluk",2020-2021,3.90000,3.51720,"16 Jun 2020","03 May 2023",2024-06-07
Karnataka,"Bengaluru Urban",Anekal,Byagadadevanahalli,Byagadadenahalli,Byagadadenahalli,0000373346,0008032477,250293160,"Deep Tubewell","Ground Water","village limit","10 Crore 22052020 Drilling of Borewell at Byagadadenahalli Habitation Byagadadenahalli Grama Panchayath Anekal Taluk",2020-2021,3.90000,3.52204,"16 Jun 2020","03 May 2023",2024-06-07
Karnataka,"Bengaluru Urban",Anekal,Marsoor,Shettihalli,Shettihalli,0000373314,0008032896,250147748,"Deep Tubewell","Ground Water","village limit","CAP3 Drilling of Borewell  at Shettihalli  village Marasuru GP Anekal taluk",2020-2021,3.47500,3.46596,"27 May 2020","03 May 2023",2024-06-07
Karnataka,"Bengaluru Urban",Anekal,Indlawadi,Indlawadi,Indlawadi,0000373330,0008032901,250153833,"Deep Tubewell","Ground Water","village limit","CAP3 Drilling of  Borewell at Indlawadi  village Indlawadi GP Anekal taluk",2020-2021,3.47500,3.46576,"27 May 2020","03 May 2023",2024-06-07
Karnataka,"Bengaluru Urban",Anekal,Neralur,Bendiganahalli,Bendiganahalli,0000373482,0008215425,5462760,"Deep Tubewell","Ground Water","Village limit","Providing Water Supply to  Anganawadi fitting of Taps to Kitchen and Toilet at Bendiganahalli Habitation Neraluru GP Anekal Taluk",2020-2021,0.15000,0.14337,"17 Dec 2020","03 May 2023",2024-06-07
Karnataka,"Bengaluru Urban",Anekal,Dommasandra,Dommasandra,Dommasandra,0000373592,0008215429,4791742,"Deep Tubewell","Ground Water","Near Tank Bed","Providing Water Supply to  Anganawadi fitting of Taps to Kitchen and Toilet at Dommasandra Habitation Dommasandra GP Anekal Taluk",2020-2021,0.15000,0.14337,"17 Dec 2020","03 May 2023",2024-06-07
Karnataka,"Bengaluru Urban",Anekal,Mugalur,Kuthaganahalli,Kuthaganahalli,0000373522,0008215436,250141637,"Deep Tubewell","Ground Water","Colony limit","Providing Water Supply to  Anganawadi fitting of Taps to Kitchen and Toilet at Kuthuganahalli Habitation Mugaluru GP Anekal Taluk",2020-2021,0.15000,0.09558,"17 Dec 2020","03 May 2023",2024-06-07
Karnataka,"Bengaluru Urban",Anekal,Handenahalli,Sollepura,Sollepura,0000373543,0008215454,250064382,"Deep Tubewell","Ground Water","Colony limit","Providing Water Supply to  Anganawadi fitting of Taps to Kitchen and Toilet at Sollepura Habitation Handenahalli GP Anekal Taluk",2020-2021,0.15000,0.09558,"17 Dec 2020","03 May 2023",2024-06-07
Karnataka,"Bengaluru Urban",Anekal,Bidaraguppe,Arenur,Arenur,0000373498,0008215467,4816874,"Deep Tubewell","Ground Water","Village limit","Providing Water Supply to  Anganawadi fitting of Taps to Kitchen and Toilet at Arenur Habitation Biddaraguppe GP Anekal Taluk",2020-2021,0.15000,0.09558,"17 Dec 2020","03 May 2023",2024-06-07
Karnataka,"Bengaluru Urban",Anekal,Sarjapura,Sarjapura,Sarjapura,0000373516,0008215547,4800278,"Deep Tubewell","Ground Water","Sompura Gate","Providing Water Supply to GHPS (Boys) fitting of Taps to Kitchen and Toilet at Sarjapura Habitation Sarjapura GP Anekal TP",2020-2021,0.20000,0.09558,"17 Dec 2020","03 May 2023",2024-06-07
Karnataka,"Bengaluru Urban",Anekal,Vannakanahalli,"Kempudommasandra (b)",Kempadommasandra,0000373304,0008215794,250148501,"Deep Tubewell","Ground Water","Village limit","Providing water supply to GLPS fitting of taps to kitchen and toilet at Kempadommasandra Habitation Vanakanahalli GP Anekal Taluk",2020-2021,0.20000,0.00000,"17 Dec 2020","03 May 2023",2024-06-07
Karnataka,"Bengaluru Urban",Anekal,Byagadadevanahalli,Byagadadenahalli,Byagadadenahalli,0000373346,0008215986,250034273,"Deep Tubewell","Ground Water","Village limit","Providing water supply to Anganwadi fitting of taps to kitchen and toilet at Kavalhosahalli A Habitation Byagadadenahalli GP Anekal Taluk",2020-2021,0.15000,0.06668,"11 Dec 2020","03 May 2023",2024-06-07
Karnataka,"Bengaluru Urban",Anekal,Samandur,Gudnahalli,Gudnahalli,0000373267,0008216004,250153532,"Deep Tubewell","Ground Water","village limit","Providing water supply to anganwadi fitting of taps to kitchen and toilet at Guddanahatti Habitation Samanduru GP Anekal Taluk",2020-2021,0.15000,0.15000,"17 Dec 2020","03 May 2023",2024-06-07
Karnataka,"Bengaluru Urban",Anekal,Samandur,Samandur,Samandur,0000373270,0008216017,250149568,"Deep Tubewell","Ground Water","Thimmasandra Tank Bed","Providing water supply to Anganwadi fitting of taps to kitchen and toilet at Samanduru Habitation Samanduru GP Anekal Taluk",2020-2021,0.15000,0.00000,"17 Dec 2020","03 May 2023",2024-06-07
Karnataka,"Bengaluru Urban",Anekal,Indlawadi,Tammanayakanahalli,Tammanayakanahalli,0000373321,0008216019,250147622,"Deep Tubewell","Ground Water","village limit","Providing Water supply to Anganwadi fitting of taps to kitchen and toilet at thamanayakanahalli Habitation Indalwadi GP Anekal Taluk",2020-2021,0.15000,0.00000,"17 Dec 2020","03 May 2023",2024-06-07
Karnataka,"Bengaluru Urban",Anekal,Vannakanahalli,Telagarahalli,Telagarahalli,0000373301,0008216056,250148482,"Deep Tubewell","Ground Water","Tank Bed","Providing water supply to Anganwadi fitting of taps to kitchen and toilet at Telagarahalli Habitation Vanakanahalli GP Anekal Taluk",2020-2021,0.13000,0.06668,"17 Dec 2020","03 May 2023",2024-06-07
Karnataka,"Bengaluru Urban",Anekal,Vannakanahalli,Choodenahalli,"Patnagere Gollhalli",0000373302,0008216059,250153531,"Deep Tubewell","Ground Water","village limit","Providing water supply to Anganwadi fitting of taps to kitchen and toilet at P Gollahalli Habitation Vanakanahalli GP Anekal Taluk",2020-2021,0.15000,0.00000,"17 Dec 2020","03 May 2023",2024-06-07
Karnataka,"Bengaluru Urban",Anekal,Vannakanahalli,Singasandra,Singasandra,0000373300,0008216060,250147870,"Deep Tubewell","Ground Water","main road","Providing water supply to anganwadi fitting of taps to kitchen and toilet at singasandra habitation Vanakanahalli GP Anekal Taluk",2020-2021,0.15000,0.15000,"17 Dec 2020","03 May 2023",2024-06-07
Karnataka,"Bengaluru Urban",Anekal,Vannakanahalli,Choodenahalli,Kalyanakanahalli,0000373306,0008216064,250147895,"Deep Tubewell","Ground Water","Revival of  Mini Water Supply Scheme at Kalanayakanahalli Village","Providing water supply to Anganwadi fitting to taps to kitchen and toilet at Kalanayakanahalli Habitation Vanakanahalli GP Anekal Taluk",2020-2021,0.15000,0.15000,"17 Dec 2020","03 May 2023",2024-06-07
Karnataka,"Bengaluru Urban",Anekal,Ballur,Dasanapura,Dasanapura,0001622876,0008216078,5524045,"Deep Tubewell","Ground Water","Village limit","Providing water supply to Anganwadi fitting of taps to kitchen and toilet at Dasanapura A Habitation Balluru GP Anekal Taluk",2020-2021,0.15000,0.15000,"17 Dec 2020","03 May 2023",2024-06-07
Karnataka,"Bengaluru Urban",Anekal,Mayasandra,Mayasandra,Mayasandra,0000373490,0008216092,250148603,"Deep Tubewell","Ground Water","Village limit","Providing water supply to Anganwadi fitting of taps to kitchen and toilet at Mayasandra D Habitation Mayasandra GP Anekal Taluk",2020-2021,0.13500,0.00000,"17 Dec 2020","03 May 2023",2024-06-07
Karnataka,"Bengaluru Urban",Anekal,Mayasandra,Harohalli,Harohalli,0000373491,0008216100,250148649,"Deep Tubewell","Ground Water","village limit","Providing water supply to Anganwadi fitting of taps to Kitchen and toilet at Harohalli Habitation Mayasandra GP Anekal Taluk",2020-2021,0.15000,0.15000,"17 Dec 2020","03 May 2023",2024-06-07
Karnataka,"Bengaluru Urban",Anekal,Karpoor,Haldenahalli,Dinnuru,0000373276,0008216117,250152834,"Deep Tubewell","Ground Water","Village Limit","Providing water supply to Anganwadi fitting of taps to kitchen and toilet at Dinnuru Habitation Karpoor GP Anekal Taluk",2020-2021,0.14000,0.14000,"17 Dec 2020","03 May 2023",2024-06-07
Karnataka,"Bengaluru Urban",Anekal,Haragadde,Lingapura,Lingapura,0000373348,0008220762,250064276,"Deep Tubewell","Ground Water","Colony limit","Providing water supply to Anganwadi fitting of taps to kitchen and toilet at Lingapura Habitation Haragadde GP Anekal taluk",2020-2021,0.13000,0.00000,"17 Dec 2020","03 May 2023",2024-06-07
Karnataka,"Bengaluru Urban",Anekal,Indlawadi,Kadajakanahalli,Kadajakanahalli,0000373334,0007739592,250205299,"Deep Tubewell","Ground Water","village limit","WPP KRIDL(3000 Series)  at Kadajakkanahalli Habitation,Indlawadi  G.P, Anekal Taluk, Bangalore Urban District",2017-2018,12.00000,9.85000,"25 Nov 2017","31 Mar 2019",2024-06-07
Karnataka,"Bengaluru Urban",Anekal,Indlawadi,Baggandoddi,Baggandoddi,0000373333,0007739641,250205327,"Deep Tubewell","Ground Water","village limit","WPP67 Gen (3000 Series) Bagganadoddi Habitation, Indlawadi G.P, Anekal Taluk, Bangalore Urban District",2017-2018,12.00000,9.60650,"25 Nov 2017","31 Jan 2019",2024-06-07
Karnataka,"Bengaluru Urban",Anekal,Haragadde,"Nosenur Gollahalli","Nosenur Gollahalli",0000373353,0007852431,250246307,"Deep Tubewell","Ground Water","Village limit","TSP Revival of MWS Scheme at Nosenuru Gollahalli Habitation Haragadde GP Anekal Taluk",2018-2019,6.50000,4.84577,"12 Oct 2018","03 May 2023",2024-06-07
Karnataka,"Bengaluru Urban",Anekal,Kallabalu,Kallabalu,Kallabalu,0000373363,0007852460,250246335,"Deep Tubewell","Ground Water","Village Limit","SDP Providing GI Pipe line and House Hold Connection Scheme at Kallubalu Habitation Kallubalu  GP Anekal Taluk",2018-2019,6.00000,5.76184,"12 Oct 2018","03 May 2023",2024-06-07
Karnataka,"Bengaluru Urban",Anekal,Kallabalu,Harapanahalli,Harapanahalli,0000373368,0007852931,250246756,"Deep Tubewell","Ground Water",NA,"TFC NAC 2018 Drilling of Borewell (1 No) for Revival of Water Supply Scheme at Harappanahalli 1 Habitation Kalaballu  GP Bangalore Anekal Taluk",2018-2019,2.60000,2.50818,"12 Oct 2018","31 Mar 2019",2024-06-07
Karnataka,"Bengaluru Urban",Anekal,Byagadadevanahalli,"Kammasandra Agrahara","Kammasandra Agrahara",0000373339,0007853650,250247252,"Deep Tubewell","Ground Water","village limit","TFC NAC 2018 SCP Drilling of Borewells 1 No  for Revival of Water Supply Scheme in Kammasandra Agrahara habitation Byagadadenahalli GP Anekal Taluk",2018-2019,2.86000,2.85544,"05 Sep 2018","31 Mar 2019",2024-06-07
Karnataka,"Bengaluru Urban",Anekal,Byagadadevanahalli,Kempavaderahalli,Kempavaderahalli,0000373336,0007853652,250247254,"Deep Tubewell","Ground Water","Colony limit","TFC NAC 2018 SCP Drilling of Borewells 1 No  for Revival of Water Supply Scheme in Kempavaderahalli habitation Byagadadenahalli GP Anekal Taluk",2018-2019,2.20000,2.19820,"05 Sep 2018","31 Mar 2019",2024-06-07
Karnataka,"Bengaluru Urban",Anekal,Indlawadi,Chikkanahalli,Chikkanahalli,0000373319,0007853701,250247304,"Deep Tubewell","Ground Water","Thimmasandra Tank","TFC NAC 2018 SCP Drilling of Borewell(1 No) for Revival of Water Supply Scheme  at Chikkanahalli Habitation, Chikkanahalli GP, Bangalore South Tq",2018-2019,1.99000,0.00000,"12 Oct 2018","03 May 2023",2024-06-07
Karnataka,"Bengaluru Urban",Anekal,Indlawadi,"Chikka Hosahalli","Chikka Hosahalli",0000373317,0007853985,250247566,"Deep Tubewell","Ground Water","village limit","TFC NAC 2018 SCP Drilling of Borewells 3 Nos  for Revival of Water Supply Scheme in Chikka Hosahalli habitation Indlawadi GP Anekal Taluk",2018-2019,8.15100,7.80195,"05 Sep 2018","31 Mar 2019",2024-06-07
Karnataka,"Bengaluru Urban",Anekal,Indlawadi,Karakalaghatta,Karikalgatta,0000373318,0007853991,250247570,"Deep Tubewell","Ground Water","Village Limit","TFC NAC 2018 SCP Drilling of Borewells 2 Nos  for Revival of Water Supply Scheme in Karakalaghatta habitation Indlawadi GP Anekal Taluk",2018-2019,2.81600,2.81195,"05 Sep 2018","31 Mar 2019",2024-06-07
Karnataka,"Bengaluru Urban",Anekal,Karpoor,Haldenahalli,Dinnuru,0000373276,0007854017,250247589,"Deep Tubewell","Ground Water","Village Limit","TFC NAC 2018 G Drilling of Borewell 1 No  for Revival of Water Supply Scheme in Dinnuru habitation Karpoor GP Anekal Taluk",2018-2019,2.75000,2.74822,"05 Sep 2018","31 Mar 2019",2024-06-07
Karnataka,"Bengaluru Urban",Anekal,Samandur,Geritiganabele,Geritiganabele,0000373269,0007854204,250247768,"Deep Tubewell","Ground Water","village limit","TFC NAC 2018 SCP Drilling of Borewell 1 No for Revival of Water Supply Scheme in Geratiganabele habitation Samanduru GP Anekal Taluk",2018-2019,1.85900,1.85519,"05 Sep 2018","31 Mar 2019",2024-06-07
Karnataka,"Bengaluru Urban",Anekal,Surgajakanahalli,Siddanapalya,Siddanapalya,0000373289,0007854231,250247795,"Deep Tubewell","Ground Water","village limit","TFC NAC 2018 SCP Drilling of Borewell 1 No for Revival of Water Supply Scheme in Siddanapalya habitation Suragajakkanahalli GP Anekal Taluk",2018-2019,2.64000,2.63608,"05 Sep 2018","31 Mar 2019",2024-06-07
Karnataka,"Bengaluru Urban",Anekal,Indlawadi,"Chikka Hosahalli","Chikka Hosahalli",0000373317,0007854361,250247923,"Deep Tubewell","Ground Water","village limit","TFC NAC 2018 SCP Drilling of Borewell 1 No for Revival of Water Supply Scheme in Chikkahosahalli habitation Indlwadi GP Anekal Taluk",2018-2019,1.80000,1.79594,"05 Sep 2018","31 Mar 2019",2024-06-07
Karnataka,"Bengaluru Urban",Anekal,Marsoor,Shettihalli,Shettihalli,0000373314,0007854365,250247928,"Deep Tubewell","Ground Water","village limit","TFC NAC 2018 SCP Drilling of Borewell 1 No for Revival of Water Supply Scheme in Shettihalli habitation Marsuru GP Anekal Taluk",2018-2019,2.50000,2.49563,"05 Sep 2018","31 Mar 2019",2024-06-07
Karnataka,"Bengaluru Urban",Anekal,Marsoor,Naganaikanahalli,Naganayakanahalli,0000373310,0007854427,250247989,"Deep Tubewell","Ground Water","village limit","TFC NAC 2018 SCP Drilling of Borewell 1 No for Revival of Water Supply Scheme in Naganayakanahalli (Near Muniyappa House)  habitation Marsuru GP Anekal Taluk",2018-2019,2.50000,2.49443,"05 Sep 2018","31 Mar 2019",2024-06-07
Karnataka,"Bengaluru Urban",Anekal,Marsoor,Adisonnahatti,Adisonnahatti,0000373315,0007854429,250247991,"Deep Tubewell","Ground Water","Village limit","TFC NAC 2018 SCP Drilling of Borewell 1 No for Revival of Water Supply Scheme in Adisonnahatti (Near Gowarammas  Land habitation Marsuru GP Anekal Taluk",2018-2019,0.90000,0.89959,"05 Sep 2018","31 Mar 2019",2024-06-07
Karnataka,"Bengaluru Urban",Anekal,Vannakanahalli,Vannakanahalli,Vannakanahalli,0000373305,0007854433,250247996,"Deep Tubewell","Ground Water","M.I. Tank Bed","TFC NAC 2018 SCP Drilling of Borewell 1 No for Revival of Water Supply Scheme in Vanakanahalli (Singasandra Road) habitation Vanakanahalli GP Anekal Taluk",2018-2019,2.20000,2.19648,"05 Sep 2018","31 Mar 2019",2024-06-07
Karnataka,"Bengaluru Urban",Anekal,Samandur,"S Thammasandra (b)","S. Thimmasandra",0000373272,0007854445,250248004,"Deep Tubewell","Ground Water","village limit","TFC CEO 060418 Installation of Pump motor for existing Borewell and Laying pipe line in S Thimasandra habitation Samanduru GP Anekal Taluk",2018-2019,4.50000,4.48718,"05 Sep 2018","31 Mar 2019",2024-06-07
Karnataka,"Bengaluru Urban",Anekal,Mugalur,Madappanahalli,Madappanahalli,0000373529,0007739618,250205317,"Deep Tubewell","Ground Water","village limit","WPP57 Gen (3000 Series) Madappanahalli Habitation, Mugaluru G.P, Anekal Taluk, Bangalore Urban District",2017-2018,12.00000,9.59939,"25 Nov 2017","31 Mar 2019",2024-06-07
Karnataka,"Bengaluru Urban",Anekal,Haragadde,Nayanahalli,Nayanahalli,0001622885,0007739668,250205340,"Deep Tubewell","Ground Water","village limit","WPP73 TSP (3000 Series)  Nayanahalli Habitation, Haragadde G.P, Anekal Taluk, Bangalore Urban District",2017-2018,12.00000,9.57960,"25 Nov 2017","31 Jan 2019",2024-06-07
Karnataka,"Bengaluru Urban",Anekal,Dommasandra,Dommasandra,Dommasandra,0000373592,0007739673,250205345,"Deep Tubewell","Ground Water","village limit","WPP77 Gen (3000 Series) Housing Board Habitation, Dommasandra G.P, Anekal Taluk, Bangalore Urban District",2017-2018,12.00000,9.58689,"25 Nov 2017","31 Mar 2019",2024-06-07
Karnataka,"Bengaluru Urban",Anekal,Yamare,"Thigala Chowdadenahalli","Thigala Chowdadenahalli",0000373553,0007851132,250245196,"Deep Tubewell","Ground Water","village limit","G Revival of MWS Scheme in Yamare GP at T.C Halli village.",2018-2019,25.00000,0.00000,"12 Oct 2018","03 May 2023",2024-06-07
Karnataka,"Bengaluru Urban",Anekal,Yamare,Yamare,Yamare,0000373549,0007851226,250245299,"Deep Tubewell","Ground Water","village limit","G Providing Piped water Supply Scheme(Construction of OHT of 1 Lakh Ltr capacity) in Yamare GP at Yamare village.",2018-2019,10.00000,0.00000,"12 Oct 2018","03 May 2023",2024-06-07
Karnataka,"Bengaluru Urban",Anekal,Byagadadevanahalli,"Kavala Hosahalli","Kavala Hosahalli",0001622879,0007851237,250245309,"Deep Tubewell","Ground Water","village limit","G Providing Piped water Supply Scheme(Construction of OHT of 1 Lakh Ltr capacity) in Byagadadenahalli at Kaval Hosahalli village",2018-2019,13.00000,13.53667,"12 Oct 2018","03 May 2023",2024-06-07
Karnataka,"Bengaluru Urban",Anekal,Hennagara,Ramakrishnapura,Ramakrishnapura,0001622888,0007852438,250246313,"Deep Tubewell","Ground Water","Village limit","G Providing RO Plant Ramakrishnapura Habitation Hennagara GP Anekal Taluk",2018-2019,7.50000,7.28981,"12 Oct 2018","03 May 2023",2024-06-07
Karnataka,"Bengaluru Urban",Anekal,Mantapa,Chathekerepalya,Chathekerepalya,0000373423,0007852439,250246314,"Deep Tubewell","Ground Water","Village limit","G Revival of PWS Scheme at C.K. Palya Habitation Mantapa GP Anekal Taluk",2018-2019,7.00000,5.14127,"12 Oct 2018","03 May 2023",2024-06-07
Karnataka,"Bengaluru Urban",Anekal,Kallabalu,Poojiganapalya,Pujiganapalya,0000373375,0007852440,250246315,"Deep Tubewell","Ground Water","Village Limits","G Revival of MWS Scheme at Poojiganapalya Habitation Kallubalau GP Anekal Taluk",2018-2019,7.00000,6.44283,"12 Oct 2018","03 May 2023",2024-06-07
Karnataka,"Bengaluru Urban",Anekal,Mantapa,Kalkere,Kalkere,0000373417,0007852452,250246327,"Deep Tubewell","Ground Water","Main road","SDP Providing and erecting Pumpset for Revival of PWS Scheme at Kalkere Habitation Mantapa GP Anekal Taluk",2018-2019,5.00000,5.72526,"12 Oct 2018","30 Jun 2019",2024-06-07
Karnataka,"Bengaluru Urban",Anekal,Muthanallur,Muthanallur,Muthanallur,0000373559,0007852620,250246478,"Deep Tubewell","Ground Water","village limit","G  Revival of MWS Scheme in Muthanalluru GP at Muthanalluru Circle/ Janatha Colony village",2018-2019,2.70000,2.69078,"05 Sep 2018","03 May 2023",2024-06-07
Karnataka,"Bengaluru Urban",Anekal,Hulimangala,"Koppa Gate","Koppa Gate",0000373384,0007852729,250246592,"Deep Tubewell","Ground Water","Village Limits","TFC NAC 2018 SCP  Drilling of Borewell(1 No) for Revival of Water Supply Scheme Koppa Gate 1 Habitation Hulimangala  GP Anekal Taluk",2018-2019,2.25000,2.03596,"12 Oct 2018","31 Mar 2019",2024-06-07
Karnataka,"Bengaluru Urban",Anekal,Hulimangala,"Koppa Gate","Koppa Gate",0000373384,0007852734,250246596,"Deep Tubewell","Ground Water","Village Limits","TFC NAC 2018 SCP  Drilling of Borewell(1 No) for Revival of Water Supply Scheme Koppa Gate 2 Habitation Hulimangala  GP Anekal Taluk",2018-2019,2.40000,2.27941,"12 Oct 2018","31 Mar 2019",2024-06-07
Karnataka,"Bengaluru Urban",Anekal,Hulimangala,Shikaripalya,Shikaripalya,0000373393,0007852746,250246607,"Deep Tubewell","Ground Water","Village Limit","TFC NAC 2018 SCP  Drilling of Borewell(1 No) for Revival of Water Supply Scheme Shikaripalya Habitation Hulimangala  GP Anekal Taluk",2018-2019,2.60000,2.58017,"12 Oct 2018","31 Mar 2019",2024-06-07
Karnataka,"Bengaluru Urban",Anekal,Hulimangala,Koppa,Koppa,0000373383,0007852749,250246609,"Deep Tubewell","Ground Water","Near Road Side","TFC NAC 2018 SCP  Drilling of Borewell(1 No) for Revival of Water Supply Scheme Koppa Habitation Hulimangala  GP Anekal Taluk",2018-2019,1.60000,1.58099,"12 Oct 2018","31 Mar 2019",2024-06-07
Karnataka,"Bengaluru Urban",Anekal,Hulimangala,Nanjapura,Nanjapura,0000373385,0007852768,250246627,"Deep Tubewell","Ground Water","Village Limits","TFC NAC 2018 SCP  Drilling of Borewell(1 No) for Revival of Water Supply Scheme Nanjapura (Borewell 1) Habitation Hulimangala  GP Anekal Taluk",2018-2019,1.00000,0.99757,"12 Oct 2018","31 Mar 2019",2024-06-07
Karnataka,"Bengaluru Urban",Anekal,Hulimangala,Koppa,Koppa,0000373383,0007852828,250246688,"Deep Tubewell","Ground Water","Near Road Side","TFC NAC 2018 SCP  Drilling of Borewell(1 No) for Revival of Water Supply Scheme Koppa (Borewell 2) Habitation Hulimangala  GP Anekal Taluk",2018-2019,2.35000,2.34680,"12 Oct 2018","31 Mar 2019",2024-06-07
Karnataka,"Bengaluru Urban",Anekal,Hulimangala,Koppa,Koppa,0000373383,0007852830,250246690,"Deep Tubewell","Ground Water","Near Road Side","TFC NAC 2018 SCP  Drilling of Borewell(1 No) for Revival of Water Supply Scheme Koppa (Borewell 3)Habitation Hulimangala  GP Anekal Taluk",2018-2019,2.10000,2.09919,"12 Oct 2018","31 Mar 2019",2024-06-07
Karnataka,"Bengaluru Urban",Anekal,Hulimangala,Hulimangala,Hulimangala,0000373388,0007852846,250246707,"Deep Tubewell","Ground Water","Village Limit","TFC NAC 2018 SCP  Drilling of Borewell(1 No) for Revival of Water Supply Scheme Hulimangala 3 Habitation Hulimangala  GP Anekal Taluk",2018-2019,3.00000,2.99720,"12 Oct 2018","31 Mar 2019",2024-06-07
Karnataka,"Bengaluru Urban",Anekal,Bannerghatta,Sampigehalli,Sampigehalli,0000373433,0008222983,250080157,"Deep Tubewell","Ground Water","Near to Ishwarya Layout","15 Crore 12102020 Revival of PWS Scheme  Laying of Pipeline at Sampigehalli   Village  Bannerughatta GP Anekal  Taluk",2020-2021,5.00000,0.00000,"25 Feb 2021","03 May 2023",2024-06-07
Karnataka,"Bengaluru Urban",Anekal,Mantapa,Hullahalli,Hullahalli,0000373422,0008223012,250145080,"Deep Tubewell","Ground Water","Village Limits","15 Crore 12102020 Revival of PWS Scheme  Laying of Pipeline at Hullahalli  Village  Mantapa GP Anekal  Taluk",2020-2021,3.00000,2.98911,"25 Feb 2021","03 May 2023",2024-06-07
Karnataka,"Bengaluru Urban",Anekal,Haragadde,Dyavasandra,Dyavasandra,0001622880,0008223045,250143597,"Deep Tubewell","Ground Water","Village limit","15 Crore 12102020 Revival of PWS Scheme Laying Pipeline at    Dyavasandra Village  Haragadde   GP Anekal  Taluk",2020-2021,5.00000,4.92314,"25 Feb 2021","03 May 2023",2024-06-07
Karnataka,"Bengaluru Urban",Anekal,Haragadde,Seethanayakanahalli,Seethanayakanahalli,0000373350,0008223047,250148777,"Deep Tubewell","Ground Water","Village limit","15 Crore 12102020 Revival of PWS Scheme Laying Pipeline at    Seethanayakanahalli Village  Haragadde   GP Anekal  Taluk",2020-2021,5.00000,4.96368,"25 Feb 2021","03 May 2023",2024-06-07
Karnataka,"Bengaluru Urban",Anekal,Haragadde,"Mada Pattana",Madapatna,0001622883,0008223050,250148630,"Deep Tubewell","Ground Water","Village limit","15 Crore 12102020 Revival of PWS Scheme Drilling of Borewell at Madapatna  Village  Haragadde GP Anekal  Taluk",2020-2021,3.00000,2.69809,"25 Feb 2021","03 May 2023",2024-06-07
Karnataka,"Bengaluru Urban",Anekal,Hennagara,Hennagara,Hennagara,0000373394,0008223064,250144454,"Deep Tubewell","Ground Water","Village limit","15 Crore 12102020 Revival of PWS Scheme Laying Pipeline at    Hennagara Village  Hennagara  GP Anekal  Taluk",2020-2021,5.00000,4.87125,"25 Feb 2021","03 May 2023",2024-06-07
Karnataka,"Bengaluru Urban",Anekal,Byagadadevanahalli,Byagadadenahalli,Byagadadenahalli,0000373346,0008224568,250076273,"Deep Tubewell","Ground Water","Nesr M.I.Tank","15crore 04022021 Revival of PWS Scheme Drlling of BW and Laying of Pipeline at Byagadadenahalli Village Byagadadenahalli GP Anekal Taluk",2020-2021,4.90000,4.30352,"06 Feb 2021","03 May 2023",2024-06-07
Karnataka,"Bengaluru Urban",Anekal,Byagadadevanahalli,Byagadadenahalli,Byagadadenahalli,0000373346,0008224583,250076275,"Deep Tubewell","Ground Water","Near Grama panchayath","15 crore 04022021 Revival of PWS Scheme Errection of Pumpset Electrification and Laying of Pipeline at Byagadadenahalli Village Byagadadenahalli GP Anekal Taluk",2020-2021,5.00000,4.65983,"06 Feb 2021","03 May 2023",2024-06-07
Karnataka,"Bengaluru Urban",Anekal,Vannakanahalli,Vannakanahalli,Vannakanahalli,0000373305,0008226780,250147881,"Deep Tubewell","Ground Water","M.I. Tank Bed","15 crore 04022021 Revival of PWS Scheme Drlling of BW 2 and Laying of Pipeline at  Vanakanhalli Village Vanakanhalli GP Anekal Taluk",2020-2021,5.00000,4.42655,"06 Feb 2021","03 May 2023",2024-06-07
Karnataka,"Bengaluru Urban",Anekal,Mayasandra,Mayasandra,Mayasandra,0000373490,0008230040,250148603,"Deep Tubewell","Ground Water","Village limit","15 crore 04022021 Revival of PWS Scheme Errection of Pumpset Electrification and Laying of Pipeline at  Mayasandra  Village Mayasandra GP Anekal Taluk",2020-2021,4.03000,3.68995,"06 Feb 2021","03 May 2023",2024-06-07
Karnataka,"Bengaluru Urban",Anekal,Samandur,Marnayakanahalli,Marnayakanahalli,0000373274,0008230053,250150120,"Deep Tubewell","Ground Water","Revival of  Mini Water Supply Scheme at Maranayakanahalli   Village","15 crore 04022021  Revival of PWS Scheme Errection of Pumpset Electrification and Laying of Pipeline at  Maranayakanahalli  Village Samandur GP Anekal Taluk",2020-2021,4.17000,3.74679,"06 Feb 2021","03 May 2023",2024-06-07
Karnataka,"Bengaluru Urban",Anekal,Sarjapura,Sarjapura,Sarjapura,0000373516,0008234827,250120512,"Deep Tubewell","Ground Water","vilage limit","15 crore 04022021 Revival of PWS Scheme Errection of Pumpset and Laying of Pipeline 2 at sarjapura Village Sarjapura GP Anekal taluk",2020-2021,5.00000,4.65765,"06 Feb 2021","03 May 2023",2024-06-07
Karnataka,"Bengaluru Urban",Anekal,Shantipura,Rayasandra,Rayasandra,0000373589,0008235518,250080098,"Deep Tubewell","Ground Water","Near Sadashivareddy House","15 crore 04022021 Revival of PWS Scheme Drlling of BW 1 at Rayasandra Village Shantipura GP Anekal Taluk",2020-2021,3.75000,3.25214,"06 Feb 2021","03 May 2023",2024-06-07
Karnataka,"Bengaluru Urban",Anekal,Ragihalli,Shivanahalli,Kateridoddi,0000373461,0008236824,4818305,"Deep Tubewell","Ground Water","Main Road","15 Crore 12102020 Revival of PWS Scheme Providing Pump Motor   Laying of Pipeline  at Ontimaranadoddi  Village  Ragihalli  GP Anekal  Taluk",2020-2021,5.00000,0.00000,"25 Feb 2021","03 May 2023",2024-06-07
Karnataka,"Bengaluru Urban",Anekal,Yamare,Sompura,Sompura,0000373545,0008238187,250142589,"Deep Tubewell","Ground Water","Village limit","15 crore 04022021 Drilling of Borewell at Sompura Village Yamare GP Anekal taluk",2020-2021,3.95000,3.55933,"06 Feb 2021","03 May 2023",2024-06-07
Karnataka,"Bengaluru Urban",Anekal,Mayasandra,Mayasandra,Mayasandra,0000373490,0008238289,250148603,"Deep Tubewell","Ground Water","Village limit","15 crore 04022021 Errection of Pump motor Providing and Laying Pipeline at Mayasandra Village Mayasandra GP Anekal taluk",2020-2021,4.85000,4.51171,"06 Feb 2021","03 May 2023",2024-06-07
Karnataka,"Bengaluru Urban",Anekal,Marsoor,Marsoor,Marsoor,0000373309,0008238343,250150781,"Deep Tubewell","Ground Water","Tank Bed","15 crore 04022021 Errection of Pump motor Providing and Laying Pipeline at Marasur Village Marasur GP Anekal taluk",2020-2021,4.95000,4.61237,"06 Feb 2021","03 May 2023",2024-06-07
Karnataka,"Bengaluru Urban",Anekal,Indlawadi,Indlawadipura,Indlawadipura,0000373327,0008238666,250150452,"Deep Tubewell","Ground Water","Near Nagaiahna doddi Main road","15 crore 04022021 Errection of Pump motor Providing and Laying Pipeline at Indlawadipura Village Indlawadi GP Anekal Taluk",2020-2021,4.85000,4.50669,"06 Feb 2021","03 May 2023",2024-06-07
Karnataka,"Bengaluru Urban",Anekal,Indlawadi,Indlawadi,Indlawadi,0000373330,0008238769,250153833,"Deep Tubewell","Ground Water","village limit","15 crore 04022021 Providing Water Supply to  Veterinary Hospital fitting of Taps at Indlawadi Village Indlawadi GP Anekal Taluk",2020-2021,2.00000,1.99764,"06 Feb 2021","03 May 2023",2024-06-07
Karnataka,"Bengaluru Urban",Anekal,Haragadde,Haragadde,Haragadde,0001622881,0000774873,250253551,"Deep Tubewell","Ground Water","Village Limits","Haragadde Extention",2001-2002,1.95000,1.90000,"01 Jun 2001","15 Feb 2002",2024-06-07
Karnataka,"Bengaluru Urban",Anekal,Mayasandra,Manchanahalli,Manchanahalli,0000373488,0006670118,250067946,"Deep Tubewell","Ground Water","Colony limit","SCP Individual House Connections",2014-2015,5.90000,5.81777,"25 Sep 2014","18 Mar 2016",2024-06-07
Karnataka,"Bengaluru Urban",Anekal,Indlawadi,Kadajakanahalli,Kadajakanahalli,0000373334,0006670187,250067998,"Deep Tubewell","Ground Water","Colony limit","G Individual House Connections",2014-2015,2.40000,2.31544,"20 Sep 2014","31 Mar 2016",2024-06-07
Karnataka,"Bengaluru Urban",Anekal,Hulimangala,Koppa,Koppa,0000373383,0006686111,250073551,"Deep Tubewell","Ground Water","Villagen limit","Drilling of Borewell",2014-2015,1.94000,1.93278,"19 Jul 2014","05 Aug 2014",2024-06-07
Karnataka,"Bengaluru Urban",Anekal,Vannakanahalli,Telagarahalli,Telagarahalli,0000373301,0007535587,250150251,"Deep Tubewell","Ground Water","Tank Bed","SCP Providing Water Supply to School at Telagarahalli habitation in Vanakanahalli GP.",2016-2017,1.00000,0.00000,"01 Sep 2016","03 May 2023",2024-06-07
Karnataka,"Bengaluru Urban",Anekal,Indlawadi,Nallaiahnadoddi,Nallaiahanadoddi,0000373328,0007536120,250150706,"Deep Tubewell","Ground Water","Village limit","G Revival Of PWS Scheme at Nallaiahnadoddi habitation in Indlawadi GP.",2016-2017,6.00000,6.11859,"01 Sep 2016","31 Mar 2018",2024-06-07
Karnataka,"Bengaluru Urban",Anekal,Samandur,Geritiganabele,Geritiganabele,0000373269,0007538563,250153011,"Deep Tubewell","Ground Water","Village limit","G.Revival of PWS scheme(pipeline)at Gertiginabele Habitation samanduru Gramapanchayat Anekal Taluk",2016-2017,6.00000,0.00000,"01 Sep 2016","03 May 2023",2024-06-07
Karnataka,"Bengaluru Urban",Anekal,Surgajakanahalli,Honnakalaspura,Honnakalaspura,0000373285,0007540571,250154669,"Deep Tubewell","Ground Water","village limit","SDP Revival Of PWS Scheme of Honnakalashapura Village in Surajakkanahalli G P in Anekal Taluk",2016-2017,5.50000,4.74802,"01 Sep 2016","31 Mar 2018",2024-06-07
Karnataka,"Bengaluru Urban",Anekal,Surgajakanahalli,Gowrenahalli,Gowrenahalli,0000373284,0007544188,250156836,"Deep Tubewell","Ground Water","village limit","G Providing Water Supply to School at Gourenahalli habitation in Suragajakkanahalli GP., Anekal Taluk",2016-2017,1.00000,0.97000,"01 Sep 2016","31 Mar 2018",2024-06-07
Karnataka,"Bengaluru Urban",Anekal,Karpoor,Haldenahalli,Haldenahalli,0000373275,0007573484,250170323,"Deep Tubewell","Ground Water","outskirt of Village","TFC221116 Drilling of Borewell at Haldenahalli Habitation, Karpuru GP, Anekal Taluk",2016-2017,2.50000,2.48000,"15 Jan 2017","31 Mar 2018",2024-06-07
Karnataka,"Bengaluru Urban",Anekal,Haragadde,Kumbarahalli,Kumbarahalli,0000373347,0007642432,250186446,"Deep Tubewell","Ground Water","Village limit","TFC221116 Drilling of Borewell at Kumbarahalli habitation, Haragadde GP, Anekal Taluk",2016-2017,2.50000,0.00010,"05 May 2017","31 Mar 2019",2024-06-07
Karnataka,"Bengaluru Urban",Anekal,Samandur,Muthagatti,Muthagatti,0000373263,0007702414,250196342,"Deep Tubewell","Ground Water","Village Limits","TFC170417 Drilling of Borewell at Muttaghatti  Habitation, Samandur  GP, Anekal Taluk",2017-2018,2.50000,2.49723,"10 Jul 2017","31 Mar 2018",2024-06-07
Karnataka,"Bengaluru Urban",Anekal,Samandur,Kuvempunagara,Kuvempunagara,0000373264,0007702417,250196343,"Deep Tubewell","Ground Water","Thimmarayaswamy temple road","TFC170417 Drilling of Borewell at Kuvempunagara Habitation, Samandur  GP, Anekal Taluk",2017-2018,2.50000,2.49738,"10 Jul 2017","31 Mar 2018",2024-06-07
Karnataka,"Bengaluru Urban",Anekal,Vannakanahalli,Vannakanahalli,Vannakanahalli,0000373305,0007702485,250196351,"Deep Tubewell","Ground Water","M.I. Tank Bed","TFC170417 Drilling of Borewell at Vanakanahalli Habitation, Vanakanahalli GP, Anekal Taluk",2017-2018,2.50000,2.49383,"10 Jul 2017","31 Mar 2018",2024-06-07
Karnataka,"Bengaluru Urban",Anekal,Indlawadi,Thimmasandra,Thimmasandra,0000373320,0007732536,250202363,"Deep Tubewell","Ground Water","Colony limit","TFC 140317/170417 Drilling of Borewell at Thimmasandra village Indlawadi G.P",2017-2018,2.50000,2.48364,"22 Sep 2017","31 Jan 2019",2024-06-07
Karnataka,"Bengaluru Urban",Anekal,Samandur,Gudnahalli,Gudnahalli,0000373267,0007732539,250202366,"Deep Tubewell","Ground Water","Colony limit","TFC 140317/170417 Drilling of Borewell at Gudnahalli village Samanduru G.P.",2017-2018,2.50000,0.00000,"22 Sep 2017","03 May 2023",2024-06-07
Karnataka,"Bengaluru Urban",Anekal,Vannakanahalli,Vannakanahalli,Vannakanahalli,0000373305,0007732612,250202368,"Deep Tubewell","Ground Water","Village limit","TFC 140317/170417 Drilling of Borewell at Vanakanahalli  village Vanakanahalli G.P.",2017-2018,2.50000,2.38618,"22 Sep 2017","31 Jan 2019",2024-06-07
Karnataka,"Bengaluru Urban",Anekal,Neralur,Guddahatti,Guddahatti,0000373480,0007525669,250001347,"Deep Tubewell","Ground Water","Village limit","SCP Providing Piped water Supply Scheme(Construction of OHT and House Hold Connection  HH 50 at Guddahatti Habitation Neraluru G.P. in Anekal Taluk",2016-2017,25.00000,24.41380,"01 Sep 2016","31 Mar 2019",2024-06-07
Karnataka,"Bengaluru Urban",Anekal,Mantapa,Malenallasandra,Malenallasandra,0000373410,0007526906,250142595,"Deep Tubewell","Ground Water","Village Limit","SCP Revival of MWS Scheme and House Hold Connection atMalenallasandra Habitation in Mantapa G P Anekal Taluk.",2016-2017,9.00000,9.27118,"01 Sep 2016","31 Dec 2018",2024-06-07
Karnataka,"Bengaluru Urban",Anekal,Hulimangala,Vabbasandra,Vabbasandra,0000373386,0007527018,250142711,"Deep Tubewell","Ground Water","Village Limit","SCP Revival Of MWS  at Vabasandra Habitation In Hulimangala G P Anekal Taluk",2016-2017,6.00000,5.82508,"01 Sep 2016","31 Dec 2018",2024-06-07
Karnataka,"Bengaluru Urban",Anekal,Haragadde,Dyavasandra,Dyavasandra,0001622880,0007528162,250143598,"Deep Tubewell","Ground Water",NA,"SCP Revival of MWS Scheme at Dyavasandra Habitation, Haragadde G.P.",2016-2017,6.00000,4.74950,"01 Sep 2016","31 Mar 2018",2024-06-07
Karnataka,"Bengaluru Urban",Anekal,Mantapa,Mantapa,Mantapa,0000373406,0007528481,250143846,"Deep Tubewell","Ground Water","Towards main road","SCP Revival of PWS Scheme at Mantapa Habitation,Mantapa GP, Anekal Taluk",2016-2017,6.00000,4.98562,"01 Sep 2016","31 Jan 2019",2024-06-07
Karnataka,"Bengaluru Urban",Anekal,Hennagara,Hennagara,Hennagara,0000373394,0007529136,250144454,"Deep Tubewell","Ground Water","Village limit","SCP Revival of MWS Scheme and HH 20 at Hennagara Habitation, Hennagara G.P. Anekal Taluk",2016-2017,6.00000,5.97452,"01 Sep 2016","31 Dec 2018",2024-06-07
Karnataka,"Bengaluru Urban",Anekal,Kallabalu,Bukkasagara,Bukkasagara,0000373365,0007529306,250144654,"Deep Tubewell","Ground Water","village limit","SCP Revival of MWS Scheme at Bukkasagara Habitation, Kallubalu G.P. Anekal Taluk",2016-2017,6.00000,5.34227,"01 Sep 2016","31 Dec 2018",2024-06-07
Karnataka,"Bengaluru Urban",Anekal,Ragihalli,Kariyappanadoddi,Kariyappanadoddi,0000373458,0007532550,250147689,"Deep Tubewell","Ground Water","Village limit","G  Revival of MWS Scheme(SAGY) at Kariyappanadoddi habitation,Ragihalli GP, Anekal Taluk",2016-2017,7.00000,5.82768,"01 Sep 2016","31 May 2018",2024-06-07
Karnataka,"Bengaluru Urban",Anekal,Mugalur,"Chikkanahalli Kamanahalli","Chikkanahalli Kamanahalli",0000373526,0007532668,250147814,"Deep Tubewell","Ground Water","Village limit","G Revival Of PWS Scheme at Chikkanahalli habitation in Mugaluru GP.",2016-2017,6.00000,6.20656,"01 Sep 2016","31 Dec 2018",2024-06-07
Karnataka,"Bengaluru Urban",Anekal,Kallabalu,Poojiganapalya,Pujiganapalya,0000373375,0007532674,250147820,"Deep Tubewell","Ground Water","Village Limits","G Revival of MWS Scheme at Pujiganapalya Habitation, kallaballu G.P, Anekal Taluk",2016-2017,6.00000,4.89500,"01 Sep 2016","31 Dec 2018",2024-06-07
Karnataka,"Bengaluru Urban",Anekal,Vannakanahalli,Choodenahalli,Kalyanakanahalli,0000373306,0007532742,250147893,"Deep Tubewell","Ground Water","Revival of  Mini Water Supply Scheme at Kalanayakanahalli Village","G Revival Of PWS Scheme at Kalanayakanahalli habitation in Vanakanahalli GP.",2016-2017,6.00000,0.00000,"01 Sep 2016","03 May 2023",2024-06-07
Karnataka,"Bengaluru Urban",Anekal,Vannakanahalli,Telagarahalli,Telagarahalli,0000373301,0007533244,250148482,"Deep Tubewell","Ground Water","Tank Bed","G Revival Of PWS Scheme at Telagarahalli habitation in Vanakanahalli GP.",2016-2017,7.00000,7.14904,"01 Sep 2016","31 Mar 2018",2024-06-07
Karnataka,"Bengaluru Urban",Anekal,Indlawadi,Bangladoddi,Bangaladoddi,0000373329,0007534640,250149509,"Deep Tubewell","Ground Water","Village Limits","SDP Revival Of PWS Scheme. Drilling of Borewell at Bangladoddi habitatioin in Indlawadi GP.",2016-2017,2.00000,1.99508,"01 Sep 2016","31 Mar 2019",2024-06-07
Karnataka,"Bengaluru Urban",Anekal,Ballur,Kodlipura,Kodlipura,0000373485,0007002088,250084309,"Deep Tubewell","Ground Water","Near Lake","G TFC050515 Drilling of Borewell with Electrification at Kodlipura Habitation, Ballur G.P",2015-2016,2.75000,2.38902,"21 Jul 2015","18 Mar 2016",2024-06-07
Karnataka,"Bengaluru Urban",Anekal,Marsoor,Haleuru,Haleuru,0000373312,0007002172,250084313,"Deep Tubewell","Ground Water","Near Bandapura Road","SCP TFC050515 Drilling of Borewell at Haleuru Habitation, Marasuru G.P",2015-2016,2.00000,1.96911,"21 Jul 2015","31 Mar 2016",2024-06-07
Karnataka,"Bengaluru Urban",Anekal,Marsoor,Madiwala,Madiwala,0000373311,0007143205,250090080,"Deep Tubewell","Ground Water","near road","SCP Revival of  MWS Scheme",2015-2016,15.00000,0.00000,"21 May 2015","31 Mar 2016",2024-06-07
Karnataka,"Bengaluru Urban",Anekal,Hennagara,Yarandahalli,Yarandahalli,0000373399,0007145819,250109425,"Deep Tubewell","Ground Water","village limits","G Revival of MWS Scheme",2015-2016,10.00000,0.00000,"25 Oct 2015","31 Mar 2016",2024-06-07
Karnataka,"Bengaluru Urban",Anekal,Indlawadi,"Chikka Hosahalli","Chikka Hosahalli",0000373317,0007145829,250090160,"Deep Tubewell","Ground Water","village limit","G Revival of MWS Scheme",2015-2016,10.00000,0.00000,"25 Oct 2015","31 Mar 2016",2024-06-07
Karnataka,"Bengaluru Urban",Anekal,Mantapa,Laxmipura,Laxmipura,0000373413,0007145903,250090178,"Deep Tubewell","Ground Water","near village","SCP Revival of  MWS Scheme",2015-2016,9.00000,0.00000,"25 Oct 2015","31 Mar 2016",2024-06-07
Karnataka,"Bengaluru Urban",Anekal,Marsoor,Adisonnahatti,Adisonnahatti,0000373315,0007145914,250090182,"Deep Tubewell","Ground Water","near village","SCP Revival of  MWS Scheme",2015-2016,10.00000,0.00000,"25 Oct 2015","31 Mar 2016",2024-06-07
Karnataka,"Bengaluru Urban",Anekal,Marsoor,Shettihalli,Shettihalli,0000373314,0007145921,250090185,"Deep Tubewell","Ground Water","near village","SCP Drilling of BW,Errection of Pumpset with Pipe line and Energisation",2015-2016,10.00000,0.00000,"25 Oct 2015","31 Mar 2016",2024-06-07
Karnataka,"Bengaluru Urban",Anekal,Neriga,Chikkadasarahalli,Chikkadasarahalli,0000373563,0007145928,3780921,"Deep Tubewell","Ground Water","Colony main road","SCP Revival of  MWS Scheme",2015-2016,3.00000,0.00000,"25 Oct 2015","31 Mar 2016",2024-06-07
Karnataka,"Bengaluru Urban",Anekal,Neralur,Yadavanahalli,Yadavanahalli,0000373477,0007151248,250090858,"Deep Tubewell","Ground Water","Village limit","ST COLONY Drilling of BW,Errection of Pumpset with Pipe line and Energisation",2015-2016,10.00000,0.00000,"25 Oct 2015","31 Mar 2016",2024-06-07
Karnataka,"Bengaluru Urban",Anekal,Kallabalu,Vaderamanchenahalli,Vaderamanchenahalli,0000373362,0007154630,4826821,"Deep Tubewell","Ground Water","Village limit","ST COLONY Drilling of BW and Energisation",2015-2016,3.50000,0.00000,"25 Oct 2015","31 Mar 2016",2024-06-07
Karnataka,"Bengaluru Urban",Anekal,Huskuru,Kaggalipura,Kaggalipura,0000373574,0007406431,250120603,"Deep Tubewell","Ground Water","In Village Limit","TFC190316 Drilling of Borewell at Kaggalipura Habitation in Huskuru GP, Anekal Taluk",2016-2017,2.30000,2.29000,"12 Apr 2016","28 Feb 2018",2024-06-07
Karnataka,"Bengaluru Urban",Anekal,Byagadadevanahalli,Chikkahagde,Chikkahagde,0000373337,0007406675,250120855,"Deep Tubewell","Ground Water","village limit","TFC190316 Drilling of Borewell at Chikkahagade Habitation, Byagadadevanahalli GP, Anekal Taluk",2016-2017,2.30000,2.28884,"12 Apr 2016","28 Feb 2018",2024-06-07
Karnataka,"Bengaluru Urban",Anekal,Muthanallur,"Singena Agrahara","Singena Agrahara",0000373562,0006670129,250067953,"Deep Tubewell","Ground Water","Colony limit","G Individual House Connections",2014-2015,8.20000,7.11734,"20 Sep 2014","31 Mar 2017",2024-06-07
Karnataka,"Bengaluru Urban",Anekal,Yamare,"B. Hosahalli","B. Hosahalli",0000373547,0006685920,250073457,"Deep Tubewell","Ground Water","Village limit","Drilling of Borewell",2014-2015,2.10000,2.09721,"19 Jul 2014","11 Aug 2014",2024-06-07
Karnataka,"Bengaluru Urban",Anekal,Billapura,Billapura,Billapura,0000373532,0006685927,250073464,"Deep Tubewell","Ground Water",Villagelimit,"Drilling of Borewell",2014-2015,1.99000,1.99812,"19 Jul 2014","11 Aug 2014",2024-06-07
Karnataka,"Bengaluru Urban",Anekal,Haragadde,Kumbarahalli,Kumbarahalli,0000373347,0006685928,250073465,"Deep Tubewell","Ground Water","Village limit","Drilling of Borewell",2014-2015,1.54000,1.53454,"19 Jul 2014","11 Aug 2014",2024-06-07
Karnataka,"Bengaluru Urban",Anekal,Bidaraguppe,Mallenahallli,Malenahalli,0000373500,0006685969,250073490,"Deep Tubewell","Ground Water","Village limit","Drilling of Borewell",2014-2015,2.00000,1.90117,"19 Jul 2014","06 Aug 2014",2024-06-07
Karnataka,"Bengaluru Urban",Anekal,Kallabalu,Giddenahalli,Giddenahalli,0000373372,0006686048,250073515,"Deep Tubewell","Ground Water","Village limit BW1","Drilling of Borewell",2014-2015,2.17000,2.16370,"19 Jul 2014","08 Aug 2014",2024-06-07
Karnataka,"Bengaluru Urban",Anekal,Haragadde,"Mada Pattana",Madapatna,0001622883,0006686059,250073520,"Deep Tubewell","Ground Water","Village limit","Drilling of Borewell",2014-2015,2.22000,2.22493,"19 Jul 2014","07 Aug 2014",2024-06-07
Karnataka,"Bengaluru Urban",Anekal,Kallabalu,"Muthurayaswamy Doddi","Muthurayaswamy Doddi",0001622893,0006849653,250076001,"Deep Tubewell","Ground Water","Near nala","G TFC 20.10.2014 Drilling of Borewell in Muthurayaswamydoddi habitation",2014-2015,1.50000,1.49852,"10 Dec 2014","31 Dec 2015",2024-06-07
Karnataka,"Bengaluru Urban",Anekal,Kallabalu,Giddenahalli,Giddenahalli,0000373372,0006849657,250076005,"Deep Tubewell","Ground Water","Near main road","TFC 20.10.2014 Drilling of Borewell-1in Giddenahalli habitation",2014-2015,1.80000,1.79941,"10 Dec 2014","30 Mar 2015",2024-06-07
Karnataka,"Bengaluru Urban",Anekal,Kallabalu,Mahanthalingapura,Mahanthalingapura,0000373373,0006849672,250076020,"Deep Tubewell","Ground Water","Near nala","TFC 20.10.2014 Drilling of Borewell in Mahanthalingapura habitation",2014-2015,1.65000,0.00000,"10 Dec 2014","10 May 2015",2024-06-07
Karnataka,"Bengaluru Urban",Anekal,Hulimangala,Koppa,Koppa,0000373383,0006849686,250076034,"Deep Tubewell","Ground Water","Near main road","TFC 20.10.2014 Drilling of Borewell-1in Koppa habitation",2014-2015,1.30000,1.20047,"10 Dec 2014","19 Feb 2015",2024-06-07
Karnataka,"Bengaluru Urban",Anekal,Huskuru,Avalahalli,Avalahalli,0000373582,0006850117,250076240,"Deep Tubewell","Ground Water",NA,"TFC 20.10.2014 Drilling of Borewell in Avalahalli habitation",2014-2015,2.00000,1.55793,"10 Dec 2014","20 Jan 2015",2024-06-07
Karnataka,"Bengaluru Urban",Anekal,Handenahalli,Handenahalli,Handenahalli,0000373542,0006850141,250076249,"Deep Tubewell","Ground Water",NA,"TFC 20.10.2014 Drilling of Borewell-3 Thyvakanahalli in Handenahalli habitation",2014-2015,5.00000,4.51927,"10 Dec 2014","21 Feb 2015",2024-06-07
Karnataka,"Bengaluru Urban",Anekal,Shantipura,Choodasandra,Choodasandra,0000373591,0006939863,250080096,"Deep Tubewell","Ground Water","Near K.R.Layout","SDP TFC130315 Drilling of Borewell at Choodasandra Habitation in Shanthipura G.P. Anekal Taluk.",2014-2015,2.70000,2.69797,"20 Apr 2015","01 Sep 2015",2024-06-07
Karnataka,"Bengaluru Urban",Anekal,Bidaraguppe,Indlabele,Indlabele,0000373495,0006940902,250080113,"Deep Tubewell","Ground Water","Indlabele Doctors Colony","SDP TFC130315 Drilling of Borewell  at Indlabele Habitation in Bidaraguppe G.P. Anekal Taluk.",2014-2015,2.12000,2.11613,"20 Apr 2015","01 Sep 2015",2024-06-07
Karnataka,"Bengaluru Urban",Anekal,Byagadadevanahalli,Chikkahagde,Chikkahagde,0000373337,0006940931,250080120,"Deep Tubewell","Ground Water","Chikkahagade Tank bed","SDP TFC130315 Drilling of Borewell at Chikkahagade Habitation in Byagadadenahalli G.P. Anekal Taluk.",2014-2015,2.52000,2.51078,"20 Apr 2015","01 Sep 2015",2024-06-07
Karnataka,"Bengaluru Urban",Anekal,Ragihalli,Mudlaiahnadoddi,Mudlaiahnadoddi,0000373469,0006942288,250080141,"Deep Tubewell","Ground Water","Near Koratageredoddi road","SDP TFC130315 Drilling of Borewell 1  at MUDLAIAHNADODDI Habitation, Ragihalli GP, Anekal Taluk.",2014-2015,1.16000,1.15101,"20 Apr 2015","31 Dec 2015",2024-06-07
Karnataka,"Bengaluru Urban",Anekal,Kallabalu,"Krishna Doddi","Krishna Doddi",0000373374,0006943998,250080228,"Deep Tubewell","Ground Water","near colony","SCP  TFC130315 Drilling of Borewell at Krishna Doddi Habitation, Kallubalu GP, Anekal Taluk",2014-2015,2.20000,2.18287,"20 Apr 2015","01 Sep 2015",2024-06-07
Karnataka,"Bengaluru Urban",Anekal,Haragadde,"Nosenur Gollahalli","Nosenur Gollahalli",0000373353,0006998451,250083623,"Deep Tubewell","Ground Water","Near Main Road","ST COLONY TFC050515 Drilling of Borewell with Electrificationnat Nosenuru Gollahalli Habitation, Haragadde G.P",2015-2016,2.49000,2.28322,"21 Jul 2015","31 Mar 2016",2024-06-07
Karnataka,"Bengaluru Urban",Anekal,Ragihalli,Jaipuradoddi,Jaipuradoddi,0000373457,0006998570,250083626,"Deep Tubewell","Ground Water","Near Shettara House","TFC050515 Erection of Pumpset and energisation to existing Borewell at Ragihalli Habitation, Jaipuradoddi  G.P",2015-2016,3.50000,0.00000,"07 Jun 2015","10 Oct 2015",2024-06-07
Karnataka,"Bengaluru Urban",Anekal,Mantapa,Chathekerepalya,Chathekerepalya,0000373423,0006999222,250083686,"Deep Tubewell","Ground Water","Near Over Head Tank Main Road","SCP TFC050515 Drilling of Borewell at C.K Palya Habitation, Mantapa G.P",2015-2016,2.05000,2.04732,"21 Jul 2015","31 Mar 2016",2024-06-07
Karnataka,"Bengaluru Urban",Anekal,Hulimangala,Maragondanahalli,Maragondanahalli,0000373392,0006999290,250083690,"Deep Tubewell","Ground Water","Near Main Road","G TFC050515 Drilling of Borewell with Electrification  at Maragondanahalli Habitation, Hulimangala G.P",2015-2016,2.34000,2.13103,"21 Jul 2015","18 Mar 2016",2024-06-07
Karnataka,"Bengaluru Urban",Anekal,Hulimangala,"S. Bingipura","S. Bingipura",0000373389,0006999386,250083699,"Deep Tubewell","Ground Water","Near Main Road","SC COLONY TFC050515 Erection of Pumpset with Pipe line and energisation to existing Borewell at S. Bingipura Habitation, Hulimangala G.P",2015-2016,3.83000,3.59877,"21 Jul 2015","31 Mar 2016",2024-06-07
Karnataka,"Bengaluru Urban",Anekal,Neriga,Heggondahalli,Heggondahalli,0000373570,0007000105,250083774,"Deep Tubewell","Ground Water","Near School","G TFC050515 Drilling of Borewell at Heggondanahalli Habitation, Neriga G.P",2015-2016,2.54000,2.53243,"21 Jul 2015","31 Dec 2015",2024-06-07
Karnataka,"Bengaluru Urban",Anekal,Mantapa,Kalkere,Kalkere,0000373417,0007853310,250246942,"Deep Tubewell","Ground Water","Main road","TFC NAC 2018 SCP ReDrilling of Borewell(1 No) for Revival of Water Supply Scheme Kalkere (Redrill) Habitation Mantapa  GP Anekal Taluk",2018-2019,1.80000,1.79983,"12 Oct 2018","31 Mar 2019",2024-06-07
Karnataka,"Bengaluru Urban",Anekal,Bidaraguppe,Mallenahallli,Malenahalli,0000373500,0007853640,250247240,"Deep Tubewell","Ground Water","Village Limit","TFC NAC 2018 SCP Drilling of Borewells 1 No  for Revival of Water Supply Scheme in Mallenahalli habitation Bidaraguppe GP Anekal Taluk",2018-2019,2.20000,2.18965,"05 Sep 2018","31 Mar 2019",2024-06-07
Karnataka,"Bengaluru Urban",Anekal,Bidaraguppe,Mallenahallli,Malenahalli,0000373500,0007853640,250247241,"Deep Tubewell","Ground Water","Colony Road","TFC NAC 2018 SCP Drilling of Borewells 1 No  for Revival of Water Supply Scheme in Mallenahalli habitation Bidaraguppe GP Anekal Taluk",2018-2019,2.20000,2.18965,"05 Sep 2018","31 Mar 2019",2024-06-07
Karnataka,"Bengaluru Urban",Anekal,Bidaraguppe,Bidaraguppe,Bidaraguppe,0000373499,0007853641,250247242,"Deep Tubewell","Ground Water","Village limit","TFC NAC 2018 SCP Drilling of Borewells 2 Nos  for Revival of Water Supply Scheme in Bidaraguppe habitation Bidaraguppe GP Anekal Taluk",2018-2019,2.95900,2.95379,"05 Sep 2018","31 Mar 2019",2024-06-07
Karnataka,"Bengaluru Urban",Anekal,Billapura,Billapura,Billapura,0000373532,0007853646,250247248,"Deep Tubewell","Ground Water","Village limit","TFC NAC 2018 G Drilling of Borewells 1 No  for Revival of Water Supply Scheme in Billapura habitation Billapura GP Anekal Taluk",2018-2019,2.43100,2.42008,"05 Sep 2018","31 Mar 2019",2024-06-07
Karnataka,"Bengaluru Urban",Anekal,Billapura,Adigarakallahalli,Adigarakallahalli,0000373538,0007853648,250247250,"Deep Tubewell","Ground Water","Village limit","TFC NAC 2018 G Drilling of Borewells 3 No  for Revival of Water Supply Scheme in Adigara Kallahalli habitation Billapura GP Anekal Taluk",2018-2019,7.77700,7.44400,"05 Sep 2018","31 Mar 2019",2024-06-07
Karnataka,"Bengaluru Urban",Anekal,Huskuru,Kaggalipura,Kaggalipura,0000373574,0007853724,250247337,"Deep Tubewell","Ground Water","Village limit","TFC NAC 2018 G Drilling of Borewells 1 No  for Revival of Water Supply Scheme in Kaggalipura habitation, Huskuru GP Anekal Taluk",2018-2019,2.89300,2.89031,"05 Sep 2018","31 Mar 2019",2024-06-07
Karnataka,"Bengaluru Urban",Anekal,Handenahalli,Handenahalli,Handenahalli,0000373542,0007853742,250247357,"Deep Tubewell","Ground Water","Sollepura Road","TFC NAC 2018 SCP Drilling of Borewells 4 Nos  for Revival of Water Supply Scheme in Handenahalli habitation Handenahalli GP Anekal Taluk",2018-2019,9.74600,9.72153,"05 Sep 2018","31 Mar 2019",2024-06-07
Karnataka,"Bengaluru Urban",Anekal,Handenahalli,Kotiganahalli,Kotiganahalli,0000373536,0007853779,250247392,"Deep Tubewell","Ground Water","village limit","TFC NAC 2018 SCP Drilling of Borewells 2 Nos  for Revival of Water Supply Scheme in Kottiganahalli habitation Handenahalli GP Anekal Taluk",2018-2019,4.74100,4.73012,"05 Sep 2018","31 Mar 2019",2024-06-07
Karnataka,"Bengaluru Urban",Anekal,Huskuru,"Chinnthala Madiwala","Chinnthala Madiwala",0000373578,0007853964,250247553,"Deep Tubewell","Ground Water",NA,"TFC NAC 2018 SCP Drilling of Borewells 2 Nos  for Revival of Water Supply Scheme in Chintala Madivala habitation Huskuru GP Anekal Taluk",2018-2019,3.67400,3.65609,"05 Sep 2018","31 Mar 2019",2024-06-07
Karnataka,"Bengaluru Urban",Anekal,Huskuru,Chookasandra,Chookasandra,0000373576,0007853966,250247555,"Deep Tubewell","Ground Water",NA,"TFC NAC 2018 SCP Drilling of Borewells 4 Nos  for Revival of Water Supply Scheme in Chokkasandra habitation Huskuru GP Anekal Taluk",2018-2019,8.01900,7.99777,"05 Sep 2018","31 Mar 2019",2024-06-07
Karnataka,"Bengaluru Urban",Anekal,Huskuru,Harohalli,Harohalli,0000373575,0007853972,250247560,"Deep Tubewell","Ground Water","Village limit","TFC NAC 2018 SCP Drilling of Borewells 4 Nos  for Revival of Water Supply Scheme in Harohalli habitation Huskuru GP Anekal Taluk",2018-2019,8.42600,8.39718,"05 Sep 2018","31 Mar 2019",2024-06-07
Karnataka,"Bengaluru Urban",Anekal,Mayasandra,"M. Medihalli","M. Medihalli",0000373494,0007854037,250247606,"Deep Tubewell","Ground Water","Village limit","TFC NAC 2018 SCP Drilling of Borewells 1 No for Revival of Water Supply Scheme in Kamblipura M. Medahalli Mayasandra GP Anekal Taluk",2018-2019,2.31000,2.09483,"05 Sep 2018","31 Mar 2019",2024-06-07
Karnataka,"Bengaluru Urban",Anekal,Mugalur,"Dodda Thimmasandra","Dodda Thimmasandra",0000373520,0007854048,250247615,"Deep Tubewell","Ground Water","Towards main road","TFC NAC 2018 SCP Drilling of Borewells 4 Nos for Revival of Water Supply Scheme in Doddathimmasandra habitation Mugaluru GP Anekal Taluk",2018-2019,9.36100,9.32699,"05 Sep 2018","31 Mar 2019",2024-06-07
Karnataka,"Bengaluru Urban",Anekal,Neralur,Thirumagondanahalli,Thirumagondanahalli,0000373478,0007854073,250247643,"Deep Tubewell","Ground Water","village limit","TFC NAC 2018 SCP Drilling of Borewells 2 Nos for Revival of Water Supply Scheme in Thirumagondanahalli habitation Neraluru GP Anekal Taluk",2018-2019,4.34500,4.33787,"05 Sep 2018","31 Mar 2019",2024-06-07
Karnataka,"Bengaluru Urban",Anekal,Neralur,Yadavanahalli,Yadavanahalli,0000373477,0007854075,250247645,"Deep Tubewell","Ground Water","Village limit","TFC NAC 2018 G Drilling of Borewells 5 Nos for Revival of Water Supply Scheme in Yadavanahalli habitation Neraluru GP Anekal Taluk",2018-2019,11.15400,10.61340,"05 Sep 2018","31 Mar 2019",2024-06-07
Karnataka,"Bengaluru Urban",Anekal,Yamare,"B. Hosahalli","B. Hosahalli",0000373547,0007854238,250247801,"Deep Tubewell","Ground Water","village limit","TFC NAC 2018 SCP Drilling of Borewells 2 Nos for Revival of Water Supply Scheme in B Hosahalli habitation Yamare GP Anekal Taluk",2018-2019,3.96000,3.95180,"05 Sep 2018","31 Mar 2019",2024-06-07
Karnataka,"Bengaluru Urban",Anekal,Hennagara,Kachanayakanahalli,Kachanayakanahalli,0000373402,0007908060,250278676,"Deep Tubewell","Ground Water",NA,"G Drilling of Borewell with pipeline at  Kachanayakanahalli  Habitation,Hennagara GP Anekal Taluk",2019-2020,5.00000,4.87936,"19 Sep 2019","03 May 2023",2024-06-07
Karnataka,"Bengaluru Urban",Anekal,Hulimangala,Hulimangala,Hulimangala,0000373388,0007908079,250278698,"Deep Tubewell","Ground Water","Village Main Road","SCST Drilling of Borewell  Errection  of Pumpset with pipeline at  Hulimangala Habitation, Hulimangala GP Anekal Taluk",2019-2020,15.00000,13.93070,"19 Sep 2019","03 May 2023",2024-06-07
Karnataka,"Bengaluru Urban",Anekal,Hulimangala,Shikaripalya,Shikaripalya,0000373393,0007908087,250278706,"Deep Tubewell","Ground Water","Towards village","SCST Drilling of Borewell  Errection  of Pumpset with pipeline at  Shikaripalya  Habitation, Hulimangala GP Anekal Taluk",2019-2020,15.00000,13.50716,"19 Sep 2019","03 May 2023",2024-06-07
Karnataka,"Bengaluru Urban",Anekal,Hulimangala,Koppa,Koppa,0000373383,0007908099,250278719,"Deep Tubewell","Ground Water","Towards village road","SCST Drilling of Borewell  Errection  of Pumpset Koppa Habitation, Hulimangala GP Anekal Taluk",2019-2020,4.50000,4.22220,"19 Sep 2019","03 May 2023",2024-06-07
Karnataka,"Bengaluru Urban",Anekal,Billapura,Billapura,Billapura,0000373532,0007912144,250282831,"Deep Tubewell","Ground Water","Village limit","G Revival of PWS Drilling of BW,Errection of Pumpset  at Billapura Habitaion, Billapura village, Billapura GP, Anekal Taluk.",2019-2020,4.80000,0.00000,"27 Sep 2019","03 May 2023",2024-06-07
Karnataka,"Bengaluru Urban",Anekal,Dommasandra,Dommasandra,Dommasandra,0000373592,0007912156,250282839,"Deep Tubewell","Ground Water","Near Muttanallur Ground","G Revival of PWS Drilling of  four BW,Errection of Pumpset with Pipeline  at Dommasandra Habitaion, Dommasandra village, Dommasandra GP, Anekal Taluk.",2019-2020,21.68000,0.00000,"27 Sep 2019","03 May 2023",2024-06-07
Karnataka,"Bengaluru Urban",Anekal,Mugalur,Mugalur,Mugalur,0000373524,0007912287,250282919,"Deep Tubewell","Ground Water","Village limit","G Revival of PWS  Drilling of BW,Errection of Pumpset with Pipeline at MUGALUR  Habitaion, MUGALUR  village, MUGALUR GP, Anekal Taluk.",2019-2020,15.00000,13.18003,"27 Sep 2019","03 May 2023",2024-06-07
Karnataka,"Bengaluru Urban",Anekal,Mugalur,Thindlu,Thindlu,0000373517,0007913198,250283537,"Deep Tubewell","Ground Water","village limit","SDP Providing Piped water supply scheme (Construction of OHT of 1 Lakh ltr Capacity) at Thindlu  Habitaion, Thindlu  village, Mugaluru GP, Anekal Taluk.",2019-2020,20.00000,2.86947,"30 Sep 2019","03 May 2023",2024-06-07
Karnataka,"Bengaluru Urban",Anekal,Neralur,Bendiganahalli,Bendiganahalli,0000373482,0007913200,250283540,"Deep Tubewell","Ground Water","Village limit","SC and ST Revival of PWS Drilling of BW,Errection of Pumpset at Bendiganahalli Habitaion, Bendiganahalli village, Neraluru GP, Anekal Taluk.",2019-2020,10.00000,8.82497,"30 Sep 2019","03 May 2023",2024-06-07
Karnataka,"Bengaluru Urban",Anekal,Muthanallur,Samanahalli,Samanahalli,0000373554,0007913325,250283643,"Deep Tubewell","Ground Water","Village Limit","SCP Revival of PWS Drilling of Borewell at Samanahalli Habitation, Samanahalli Village, Muthanallur GP, Anekal Taluk",2019-2020,3.50000,3.49430,"30 Sep 2019","31 Jan 2020",2024-06-07
Karnataka,"Bengaluru Urban",Anekal,Yamare,"Kada Agrahara","Kada Agrahara",0000373548,0007913348,250283662,"Deep Tubewell","Ground Water","Village limit","SC and ST Revival of PWS Drilling of Borewell at KADA AGRAHARA Habitation, KADA AGRAHARA Village, Yamare GP, Anekal Taluk",2019-2020,3.50000,3.49430,"30 Sep 2019","31 Jan 2020",2024-06-07
Karnataka,"Bengaluru Urban",Anekal,Neriga,"Halsahalli Thippasandra","Halsahalli Thippasandra",0000373571,0007913616,250283856,"Deep Tubewell","Ground Water","Village limit","G Revival of PWS  Drilling of BW,Errection of Pumpset at Thippasandra Habitaion, Thippasandra village, Neriga GP, Anekal Taluk.",2019-2020,5.00000,0.00000,"01 Oct 2019","03 May 2023",2024-06-07
Karnataka,"Bengaluru Urban",Anekal,Yamare,"Thigala Chowdadenahalli","Thigala Chowdadenahalli",0000373553,0007913628,250283866,"Deep Tubewell","Ground Water","village limit","G Augumentation  of PWS Drilling of Borewell at T.C Halli  Habitaion, T.C Halli  village, Yamare GP, Anekal Taluk.",2019-2020,6.00000,5.84798,"01 Oct 2019","03 May 2023",2024-06-07
Karnataka,"Bengaluru Urban",Anekal,Huskuru,Huskuru,Huskuru,0000373579,0007913684,250283910,"Deep Tubewell","Ground Water","village limit","G Revival of PWS Drilling of Borewell at Huskuru  Habitaion, Huskuru  village, Huskuru GP, Anekal Taluk.",2019-2020,5.00000,4.99310,"01 Oct 2019","31 Jan 2020",2024-06-07
Karnataka,"Bengaluru Urban",Anekal,Muthanallur,Muthanallur,Muthanallur,0000373559,0007913699,250283922,"Deep Tubewell","Ground Water","Village limit","G Revival of PWS Drilling of BW,Errection of Pumpset at MUTHANALLUR  Habitaion, MUTHANALLUR  village, MUTHANALLUR GP, Anekal Taluk.",2019-2020,5.20000,5.06965,"01 Oct 2019","03 May 2023",2024-06-07
Karnataka,"Bengaluru Urban",Anekal,Shantipura,Rayasandra,Rayasandra,0000373589,0007913882,250284082,"Deep Tubewell","Ground Water","village limit","G Revival of PWS Drilling of BW,Errection of Pumpset at Raysandra  Habitaion, Raysandra  village, Shantipura GP, Anekal Taluk.",2019-2020,8.00000,7.78990,"01 Oct 2019","03 May 2023",2024-06-07
Karnataka,"Bengaluru Urban",Anekal,Neralur,Yadavanahalli,Yadavanahalli,0000373477,0007917468,250285700,"Deep Tubewell","Ground Water","Village limit","G Revival of PWS  Drilling of BW,Errection of Pumpset with Pipeline  at Yadavanahalli Habitaion, Yadavanahalli village, Neraluru GP, Anekal Taluk.",2019-2020,10.00000,9.04894,"11 Oct 2019","03 May 2023",2024-06-07
Karnataka,"Bengaluru Urban",Anekal,Shantipura,Rayasandra,Rayasandra,0000373589,0007952278,250244993,"Deep Tubewell","Ground Water","village limit","TFC 231019 Drilling of Borewell 2 at Rayasandra Habitation Shantipura GP Anekal Taluk",2019-2020,4.00000,3.98898,"29 Oct 2019","03 May 2023",2024-06-07
Karnataka,"Bengaluru Urban",Anekal,Neriga,"Nekundi Dommasandra","Nekundi Dommasandra",0000373572,0007952305,250150836,"Deep Tubewell","Ground Water","Village limit road","TFC 231019 Drilling of Borewell  at Nekkundi Dommasandra Habitation Neriga GP Anekal Taluk",2019-2020,4.00000,0.00000,"29 Oct 2019","03 May 2023",2024-06-07
Karnataka,"Bengaluru Urban",Anekal,Billapura,Adigarakallahalli,Adigarakallahalli,0000373538,0007952745,250148916,"Deep Tubewell","Ground Water","Village limit","TFC CEO080319 Drilling of Borewell at Adigarakallahalli Habitation Billapura GP Anekal Taluk",2019-2020,2.80000,2.79179,"16 Mar 2019","03 May 2023",2024-06-07
Karnataka,"Bengaluru Urban",Anekal,Handenahalli,Handenahalli,Handenahalli,0000373542,0007968448,250289942,"Deep Tubewell","Ground Water","village limit","Construction of Ground Level Storage Reserveyer (GLSR) at Handenahalli Habitation in Handenahalli Anekal Tq.",2019-2020,12.41000,11.57681,"18 Sep 2019","03 May 2023",2024-06-07
Karnataka,"Bengaluru Urban",Anekal,Hulimangala,Maragondanahalli,Maragondanahalli,0000373392,0007977263,250290004,"Deep Tubewell","Ground Water","village limit","G Revival of  MWS Drilling of Bore well, at  Maragondanahalli Habitation, Hulimangala GP, Anekal  Taluk.",2019-2020,5.00000,4.97558,"18 Sep 2019","03 May 2023",2024-06-07
Karnataka,"Bengaluru Urban",Anekal,Kallabalu,Mahanthalingapura,Mahanthalingapura,0000373373,0007998787,250290069,"Deep Tubewell","Ground Water","VILLAGE LIMIT","CAP1 Drilling of Borewell at Mahanthalingapura Habitation Kallabalu Gp Anekal Taluk",2020-2021,2.50000,2.49133,"28 May 2020","31 Jul 2020",2024-06-07
Karnataka,"Bengaluru Urban",Anekal,Ragihalli,Shivanahalli,Shivanahalli,0000373451,0007998790,250290072,"Deep Tubewell","Ground Water","Village limit","CAP1 Drilling of Borewell at Shivanahalli Habitation Ragihalli Gp Anekal Taluk",2020-2021,2.50000,2.49459,"28 May 2020","31 Jul 2020",2024-06-07
Karnataka,"Bengaluru Urban",Anekal,Kallabalu,Balarabande,Balarabande,0000373381,0007998797,250278474,"Deep Tubewell","Ground Water","Colony Limit","CAP3 CEO Drilling of Borewell at Kasuvenakunte  Habitation Kallabalu   Gp Anekal Taluk",2020-2021,3.20000,3.14947,"28 May 2020","31 Jul 2020",2024-06-07
Karnataka,"Bengaluru Urban",Anekal,Bannerghatta,Bannerughatta,Bannerghatta,0000373430,0007999103,250246571,"Deep Tubewell","Ground Water","Extension Areas","10crore Revival of PWS scheme, Drilling of borewell at Bannerughatta village, Bannerughatta GP, Anekal Taluk",2020-2021,2.50000,2.20234,"16 Jun 2020","03 May 2023",2024-06-07
Karnataka,"Bengaluru Urban",Anekal,Bannerghatta,Kulumepalya,Kulumepalya,0000373447,0007999113,250290089,Openwell,"Ground Water","village limit","10crore Revival of PWS scheme, Providing Pump Motor at Kulumepalya village, Bannerughatta GP, Anekal Taluk",2020-2021,5.00000,4.99264,"16 Jun 2020","03 May 2023",2024-06-07
Karnataka,"Bengaluru Urban",Anekal,Bannerghatta,Bannerughatta,Bannerghatta,0000373430,0007999398,250246571,"Deep Tubewell","Ground Water","Extension Areas","10crore Revival of PWS scheme, Errection of Pump Motor at Bannerughatta village, Bannerughatta GP, Anekal Taluk",2020-2021,5.00000,4.99653,"16 Jun 2020","03 May 2023",2024-06-07
Karnataka,"Bengaluru Urban",Anekal,Mantapa,Begihalli,Begihalli,0000373404,0007999408,250290093,"Deep Tubewell","Ground Water","village limit","10crore Revival of PWS scheme, Drilling of borewell at Begihalli village, Mantapa GP, Anekal Taluk",2020-2021,2.50000,2.12439,"16 Jun 2020","03 May 2023",2024-06-07
Karnataka,"Bengaluru Urban",Anekal,Mantapa,Kalkere,Kalkere,0000373417,0007999414,250246327,"Deep Tubewell","Ground Water","Main road","10crore Revival of PWS scheme, Drilling of borewell at Kalkere village, Bannerughatta GP, Anekal Taluk",2020-2021,2.50000,2.19713,"16 Jun 2020","03 May 2023",2024-06-07
Karnataka,"Bengaluru Urban",Anekal,Mantapa,Begihalli,Begihalli,0000373404,0007999420,250290095,"Deep Tubewell","Ground Water","village limit","10crore Revival of PWS scheme, Providing Pump Motor at Begihalli village, Matapa GP, Anekal Taluk",2020-2021,5.00000,4.99876,"16 Jun 2020","03 May 2023",2024-06-07
Karnataka,"Bengaluru Urban",Anekal,Hulimangala,Maragondanahalli,Maragondanahalli,0000373392,0007999545,250290110,"Deep Tubewell","Ground Water","village limit","10crore Revival of PWS scheme, Providing Pump Motor at Maragondanahalli village, Hulimangala GP, Anekal Taluk",2020-2021,5.00000,4.93958,"16 Jun 2020","03 May 2023",2024-06-07
Karnataka,"Bengaluru Urban",Anekal,Hennagara,Kachanayakanahalli,Kachanayakanahalli,0000373402,0007999896,250246311,"Deep Tubewell","Ground Water",NA,"10crore Revival of PWS scheme, Providing Pump Motor at Kachanayakanahalli village, Hennagara GP, Anekal Taluk",2020-2021,2.50000,2.48405,"16 Jun 2020","03 May 2023",2024-06-07
Karnataka,"Bengaluru Urban",Anekal,Billapura,Booragunte,Booragunte,0000373533,0008009315,250148896,"Deep Tubewell","Ground Water","Village limit","10 Crore 22052020 Drilling of Borewell at Booragunte Habitation Billapura Grama Panchayath Anekal Taluk",2020-2021,3.75000,3.37991,"16 Jun 2020","03 May 2023",2024-06-07
Karnataka,"Bengaluru Urban",Anekal,Neriga,"Nekundi Dommasandra","Nekundi Dommasandra",0000373572,0008027708,250150836,"Deep Tubewell","Ground Water","Village limit road","CAP1 Drilling of borewell at Nekkundi Dommasandra village Neriga GP Anekal taluk",2020-2021,3.20000,3.19952,"27 May 2020","31 Aug 2020",2024-06-07
Karnataka,"Bengaluru Urban",Anekal,Mugalur,Thindlu,Thindlu,0000373517,0008031694,250150657,"Deep Tubewell","Ground Water","Village limit","CAP2 Drilling of borewell at Thindlu village Mgaluru GP Anekal taluk",2020-2021,3.40000,3.39749,"27 May 2020","03 May 2023",2024-06-07
Karnataka,"Bengaluru Urban",Anekal,Ballur,Halehalli,Halehalli,0000373486,0008031724,250246481,"Deep Tubewell","Ground Water","village limit","CAP2 Redrilling at Halehalli village Balluru GP Anekal taluk",2020-2021,1.40000,1.39615,"27 May 2020","03 May 2023",2024-06-07
Karnataka,"Bengaluru Urban",Anekal,Mayasandra,"M. Medihalli","M. Medihalli",0000373494,0008032569,250152927,"Deep Tubewell","Ground Water",NA,"10 Crore 22052020 Drilling of Borewell at M Medahalli Habitation Mayasandra Grama Panchayath Anekal Taluk",2020-2021,3.80000,3.43394,"16 Jun 2020","03 May 2023",2024-06-07
Karnataka,"Bengaluru Urban",Anekal,Neralur,Neralur,Neralur,0000373479,0008032891,250293171,"Deep Tubewell","Ground Water","village limit","CAP3 Drilling of  Borewell at Neralru (Ambedkarnagar)  village Neraluru GP Anekal taluk",2020-2021,3.20000,3.18775,"27 May 2020","03 May 2023",2024-06-07
Karnataka,"Bengaluru Urban",Anekal,Muthanallur,"Singena Agrahara","Singena Agrahara",0000373562,0008215401,250283896,"Deep Tubewell","Ground Water","Village limit","Providing Water Supply to  Anganawadi fitting of Taps to Kitchen and Toilets at Singenaagrahara habitation Narayanaghatta GP Anekal Taluk",2020-2021,0.14000,0.09558,"17 Dec 2020","03 May 2023",2024-06-07
Karnataka,"Bengaluru Urban",Anekal,Neralur,Thirumagondanahalli,Thirumagondanahalli,0000373478,0008215428,250254045,"Deep Tubewell","Ground Water","village limit","Providing Water Supply to  Anganawadi fitting of Taps to Kitchen and Toilet at Thirmagondanahalli B Habitation Neraluru GP Anekal Taluk",2020-2021,0.15000,0.14337,"17 Dec 2020","03 May 2023",2024-06-07
Karnataka,"Bengaluru Urban",Anekal,Mugalur,Madappanahalli,Madappanahalli,0000373529,0008215440,250152887,"Deep Tubewell","Ground Water","Village Limit","Providing Water Supply to  Anganawadi fitting of Taps to Kitchen and Toilet at Madapanahalli Habitation Mugaluru GP Anekal Taluk",2020-2021,0.15000,0.00000,"17 Dec 2020","03 May 2023",2024-06-07
Karnataka,"Bengaluru Urban",Anekal,Haragadde,Seethanayakanahalli,Seethanayakanahalli,0000373350,0007907918,250278512,"Deep Tubewell","Ground Water","Village Limit","G Providing piped water supply Scheme(Construction of GLSR) at Seethanayakanahalli,Haragadde GP Anekal Taluk.",2019-2020,20.00000,14.33319,"19 Sep 2019","03 May 2023",2024-06-07
Karnataka,"Bengaluru Urban",Anekal,Samandur,Samandur,Samandur,0000373270,0007913810,250284026,"Deep Tubewell","Ground Water","Thimmasandra Tank Bed","G Augumentation  of PWS Errection of Pumpset with Pipeline at Samanduru  Habitaion, Samanduru  village, Samanduru GP, Anekal Taluk.",2019-2020,4.90000,4.88911,"01 Oct 2019","31 Jan 2020",2024-06-07
Karnataka,"Bengaluru Urban",Anekal,Marsoor,Haleuru,Haleuru,0000373312,0007917583,250285748,"Deep Tubewell","Ground Water","village limit","SCP Revival of PWS Drilling of Borewell at Haleuru Habitation, Haleuru Village, Marasuru GP, Anekal Taluk",2019-2020,3.50000,3.49127,"11 Oct 2019","31 Jan 2020",2024-06-07
Karnataka,"Bengaluru Urban",Anekal,Mayasandra,Mayasandra,Mayasandra,0000373490,0007951871,250148603,"Deep Tubewell","Ground Water","Village limit","TFC 231019 Drilling of Borewell at Mayasandra Habitation Mayasandra GP Anekal Taluk",2019-2020,4.00000,3.99998,"29 Oct 2019","03 May 2023",2024-06-07
Karnataka,"Bengaluru Urban",Anekal,Vannakanahalli,Menaseganahalli,Menaseganahalli,0000373303,0007952291,250186388,"Deep Tubewell","Ground Water","Village limit","TFC 231019 Drilling of Borewell  at Menasiganahalli Habitation Vanakanahalli GP Anekal Taluk",2019-2020,4.00000,3.98741,"29 Oct 2019","03 May 2023",2024-06-07
Karnataka,"Bengaluru Urban",Anekal,Kallabalu,Balarabande,Balarabande,0000373381,0007998788,250147851,"Deep Tubewell","Ground Water","Colony Limit","CAP1 Drilling of Borewell at Balarabande Habitation Kallabalu Gp Anekal Taluk",2020-2021,2.50000,2.49568,"28 May 2020","31 Jul 2020",2024-06-07
Karnataka,"Bengaluru Urban",Anekal,Kallabalu,Poojiganapalya,Pujiganapalya,0000373375,0007999461,250147820,"Deep Tubewell","Ground Water","Village Limits","10crore Revival of PWS scheme, Drilling of Borewell  at Poojagaiahnapalya village, Kallubalu GP, Anekal Taluk",2020-2021,2.50000,2.09796,"16 Jun 2020","03 May 2023",2024-06-07
Karnataka,"Bengaluru Urban",Anekal,Hennagara,Masthenahalli,Mastenahalli,0000373397,0007999535,250121091,"Deep Tubewell","Ground Water","village limit","10crore Revival of PWS scheme, Drilling of Borewell  at Mastenahalli village, Hennagara GP, Anekal Taluk",2020-2021,2.50000,2.22945,"16 Jun 2020","03 May 2023",2024-06-07
Karnataka,"Bengaluru Urban",Anekal,Mayasandra,Mayasandra,Mayasandra,0000373490,0008009221,250148603,"Deep Tubewell","Ground Water","Village limit","10 crore 22052020 Drilling of Borewell at Mayasandra Habitation Mayasandra Grama Panchayath Anekal Taluk",2020-2021,3.75000,3.38233,"16 Jun 2020","03 May 2023",2024-06-07
Karnataka,"Bengaluru Urban",Anekal,Indlawadi,Karakalaghatta,Karikalgatta,0000373318,0008009239,250151779,"Deep Tubewell","Ground Water","Main road","10 Crore 22052020 Drilling of Borewell at Karikalgatta Habitation Indlawadi Grama Panchayath Anekal Taluk",2020-2021,3.75000,3.38717,"16 Jun 2020","03 May 2023",2024-06-07
Karnataka,"Bengaluru Urban",Anekal,Marsoor,Adisonnahatti,Adisonnahatti,0000373315,0008009246,250147701,"Deep Tubewell","Ground Water","Village limit","10 Crore 22052020 Drilling of Borewell at Adisonnahatti 2 (Jai Bhemmanagar) Habitation Marsoor Grama Panchayath Anekal Taluk",2020-2021,3.75000,3.38314,"16 Jun 2020","03 May 2023",2024-06-07
Karnataka,"Bengaluru Urban",Anekal,Vannakanahalli,Vannakanahalli,Vannakanahalli,0000373305,0008027540,250147881,"Deep Tubewell","Ground Water","M.I. Tank Bed","CAP1 Drilling of borewell at Vanakanahalli village Vanakanahalli GP Anekal taluk",2020-2021,3.10000,3.09896,"27 May 2020","31 Aug 2020",2024-06-07
Karnataka,"Bengaluru Urban",Anekal,Samandur,Samandur,Samandur,0000373270,0008031706,250284026,"Deep Tubewell","Ground Water","Thimmasandra Tank Bed","CAP2 Drilling of borewell at Kuvempunagara village Samanduru GP Anekal taluk",2020-2021,3.40000,3.39391,"27 May 2020","03 May 2023",2024-06-07
Karnataka,"Bengaluru Urban",Anekal,Vannakanahalli,Singasandra,Singasandra,0000373300,0008031715,250147870,"Deep Tubewell","Ground Water","main road","CAP2 Drilling of borewell at Singasandra village Vanakanahalli GP Anekal taluk",2020-2021,3.30000,3.29622,"27 May 2020","03 May 2023",2024-06-07
Karnataka,"Bengaluru Urban",Anekal,Neralur,Neralur,Neralur,0000373479,0007854432,250247994,"Deep Tubewell","Ground Water","Village Limit","TFC NAC 2018 G Drilling of Borewell 1 No for Revival of Water Supply Scheme in Neraluru (Near Shiva Temple) habitation Neraluru GP Anekal Taluk",2018-2019,2.30000,2.29544,"05 Sep 2018","31 Mar 2019",2024-06-07
Karnataka,"Bengaluru Urban",Anekal,Ballur,Halehalli,Halehalli,0000373486,0007854434,250247997,"Deep Tubewell","Ground Water","village limit","TFC NAC 2018 SCP Drilling of Borewells 1 No for Revival of Water Supply Scheme in Halehalli1 habitation Balluru GP Anekal Taluk",2018-2019,2.97000,2.96756,"05 Sep 2018","31 Mar 2019",2024-06-07
Karnataka,"Bengaluru Urban",Anekal,Shantipura,Rayasandra,Rayasandra,0000373589,0007854447,250248006,"Deep Tubewell","Ground Water","village limit","TFC CEO 060418 Installation of Pump motor for existing Borewell and Laying pipe line in Tyavakanahalli (Rayasandra) habitation Handenahalli (Shantipura) GP Anekal Taluk",2018-2019,4.50000,4.48649,"05 Sep 2018","31 Mar 2019",2024-06-07
Karnataka,"Bengaluru Urban",Anekal,Neralur,Thirumagondanahalli,Thirumagondanahalli,0000373478,0007859342,250254045,"Deep Tubewell","Ground Water","village limit","G  Revival of MWS Scheme at Thirumagondanahalli village, Neraluru Gp, Anekal Tq.",2018-2019,5.00000,4.99496,"03 Dec 2018","31 Aug 2019",2024-06-07
Karnataka,"Bengaluru Urban",Anekal,Neriga,Chikkanekundi,Chikkanekundi,0000373573,0007867239,250259884,"Deep Tubewell","Ground Water","village limit","TFC 251018 Drilling of Borewell at Chikka Nekkundi Habitation, Neriga G.P, Anekal Taluk",2018-2019,2.50000,2.49812,"19 Jan 2019","31 May 2019",2024-06-07
Karnataka,"Bengaluru Urban",Anekal,Ballur,Dasanapura,Dasanapura,0001622876,0007868452,250260371,"Deep Tubewell","Ground Water","Village Limits","TFC 251018 Drilling of Borewell  Dasanapura Habitation, Balluru G.P, Anekal Taluk",2018-2019,2.50000,2.49672,"29 Jan 2019","31 Mar 2019",2024-06-07
Karnataka,"Bengaluru Urban",Anekal,Shantipura,Choodasandra,Choodasandra,0000373591,0007868467,250260377,"Deep Tubewell","Ground Water","Towards main road","TFC 251018 Drilling of Borewell at Choodasandra Habitation, Shantipura G.P, Anekal Taluk",2018-2019,2.50000,2.49812,"29 Jan 2019","31 Mar 2019",2024-06-07
Karnataka,"Bengaluru Urban",Anekal,Shantipura,Shantipura,Shantipura,0001622895,0007877985,250265122,"Deep Tubewell","Ground Water","Village limit","TFC241218 Drilling of Borewells at Shantipura 1 Habitation  Shanthipura  GP Anekal Taluk",2018-2019,2.50000,2.49688,"05 Mar 2019","30 Jun 2019",2024-06-07
Karnataka,"Bengaluru Urban",Anekal,Bidaraguppe,Bidaraguppe,Bidaraguppe,0000373499,0007878019,250265153,"Deep Tubewell","Ground Water","Village limit","TFC241218 Drilling of Borewell at Narasapura Habitation Bidaraguppe GP Anekal Taluk",2018-2019,2.50000,2.49693,"05 Mar 2019","31 May 2019",2024-06-07
Karnataka,"Bengaluru Urban",Anekal,Neralur,Neralur,Neralur,0000373479,0007878038,250265170,"Deep Tubewell","Ground Water","Village Limit","TFC241218 Drilling of Borewell at Thirumagondanahalli Habitation Neraluru GP Anekal Taluk",2018-2019,2.50000,2.49475,"05 Mar 2019","31 May 2019",2024-06-07
Karnataka,"Bengaluru Urban",Anekal,Neralur,Neralur,Neralur,0000373479,0007878041,250265173,"Deep Tubewell","Ground Water","Village Limit","TFC241218 Drilling of Borewell at Neraluru Habitation Neraluru GP Anekal Taluk",2018-2019,2.50000,2.49630,"05 Mar 2019","30 Jun 2019",2024-06-07
Karnataka,"Bengaluru Urban",Anekal,Hennagara,Rajapura,Rajapura,0000373396,0007889144,250268617,"Deep Tubewell","Ground Water","Village limit","GOI shifted to GOK G Revival of MWS Scheme at Rajapura Habitation Hennagara GP Anekal Taluk",2018-2019,2.50000,2.34225,"01 Mar 2019","31 Jul 2019",2024-06-07
Karnataka,"Bengaluru Urban",Anekal,Mantapa,Laxmipura,Sampangiramanagara,0000373414,0007889180,250268641,"Deep Tubewell","Ground Water","Village limit","GOI shifted to GOK G Revival of MWS Scheme at Sampangiramanagara Habitation Mantapa GP Anekal Taluk",2018-2019,5.00000,4.79325,"01 Mar 2019","31 Mar 2019",2024-06-07
Karnataka,"Bengaluru Urban",Anekal,Kallabalu,"J. Bingipura","J. Bingipura",0000373371,0007889216,250268664,"Deep Tubewell","Ground Water","Village limit","GOI shifted to GOK G Revival of MWS Scheme at S Bingipura Habitation Hulimangala GP Anekal Taluk",2018-2019,5.00000,4.99393,"01 Mar 2019","31 Mar 2019",2024-06-07
Karnataka,"Bengaluru Urban",Anekal,Haragadde,Dyavasandra,Dyavasandra,0001622880,0007899494,250271379,"Deep Tubewell","Ground Water","Village limit","G Providing Piped water Supply Scheme(Construction of OHT) at Dyavasandra Habitation, Haragade GP, Anekal Taluk. (Scheme Id 7528162 Continuation)",2018-2019,25.00000,0.00000,"10 May 2019","03 May 2023",2024-06-07
Karnataka,"Bengaluru Urban",Anekal,Bannerghatta,Kariyappanahalli,Kariyappanahalli,0000373432,0007905030,250275430,"Deep Tubewell","Ground Water","Village limit","G Revival of  MWS Drilling of Bore well, Erection of Pump motor  at  Kariyappanahalli Habitation, Bannerughatta GP, Anekal  Taluk.",2019-2020,5.00000,4.93528,"18 Sep 2019","03 May 2023",2024-06-07
Karnataka,"Bengaluru Urban",Anekal,Bannerghatta,Byrappanahalli,Byrappanahalli,0000373429,0007905034,250275434,"Deep Tubewell","Ground Water","village limit","G Revival of  MWS Drilling of Bore well, Erection of Pump motor  at  Byrappanahalli Habitation, Bannerughatta GP, Anekal  Taluk.",2019-2020,5.00000,4.83216,"18 Sep 2019","03 May 2023",2024-06-07
Karnataka,"Bengaluru Urban",Anekal,Bannerghatta,Shyanubhoganahalli,Shanubhoganahalli,0000373437,0007905038,250275438,"Deep Tubewell","Ground Water","Near by Temple","G Revival of  MWS Drilling of Bore well, Erection of Pump motor  at  Shanubhoganahalli  Habitation, Bannerughatta GP, Anekal  Taluk.",2019-2020,6.00000,5.79576,"18 Sep 2019","03 May 2023",2024-06-07
Karnataka,"Bengaluru Urban",Anekal,Mantapa,Sakalavara,Sakalavara,0000373419,0007905328,250275762,"Deep Tubewell","Ground Water","Colony limit","G Revival of  MWS Drilling of Bore well with Pipeline  at Sakalvara Habitation, Mantapa  GP, Anekal  Taluk",2019-2020,4.39000,4.38991,"18 Sep 2019","29 Feb 2020",2024-06-07
Karnataka,"Bengaluru Urban",Anekal,Mantapa,Begihalli,Begihalli,0000373404,0007905343,250275781,"Deep Tubewell","Ground Water","Towards Main Road","G Revival of  MWS Drilling of Bore well, with pipeline at  Begihalli   Habitation, Mantapa  GP, Anekal  Taluk.",2019-2020,4.42000,4.40854,"18 Sep 2019","29 Feb 2020",2024-06-07
Karnataka,"Bengaluru Urban",Anekal,Haragadde,Haragadde,Haragadde,0001622881,0007907929,250278524,"Deep Tubewell","Ground Water","Village limit","G Drilling of Bore well,with pipeline  at  Haragadde  Habitation Haragadde  GP, Anekal  Taluk.",2019-2020,5.00000,4.94174,"19 Sep 2019","03 May 2023",2024-06-07
Karnataka,"Bengaluru Urban",Anekal,Haragadde,Vaddarapalya,Vaddarapalya,0001622882,0007907944,250278542,"Deep Tubewell","Ground Water","village limit","G Drilling of Bore well,with pipeline  at  Vaddarapalya  Habitation Haragadde  GP, Anekal  Taluk.",2019-2020,5.00000,4.98134,"19 Sep 2019","03 May 2023",2024-06-07
Karnataka,"Bengaluru Urban",Anekal,Bidaraguppe,Chikkanahalli,Chikkanahalli,0000373497,0008215532,250301323,"Deep Tubewell","Ground Water","Chikkanahalli Village Chikkanahalli Habitation Bidarguppe GP","Providing Water Supply to GHPS fitting of Taps to Kitchen and Toilet at Chikkanahalli Habitation Bidarguppe GP Anekal Taluk",2020-2021,0.20000,0.15000,"17 Dec 2020","03 May 2023",2024-06-07
Karnataka,"Bengaluru Urban",Anekal,Ballur,Kodlipura,Kodlipura,0000373485,0008216082,250149544,"Deep Tubewell","Ground Water","Village Limits","Providing water supply to Anganwadi fitting of taps to kitchen and toilet at Kodlipura Habitation Balluru GP Anekal Taluk",2020-2021,0.15000,0.06668,"17 Dec 2020","03 May 2023",2024-06-07
Karnataka,"Bengaluru Urban",Anekal,Mayasandra,"M. Medihalli","M. Medihalli",0000373494,0008216106,250152927,"Deep Tubewell","Ground Water",NA,"Providing water supply to Anganwadi fitting of taps to kitchen and toilet at M Medihalli Habitation Mayasandra GP Anekal Taluk",2020-2021,0.15000,0.15000,"17 Dec 2020","03 May 2023",2024-06-07
Karnataka,"Bengaluru Urban",Anekal,Mantapa,Laxmipura,Laxmipura,0000373413,0008222987,250149371,"Deep Tubewell","Ground Water","Village Limits","15 Crore 12102020 Revival of PWS Scheme Drilling of Borewell at Lakshmipura  near Lake  Village  Mantapa GP Anekal  Taluk",2020-2021,2.70000,2.52486,"25 Feb 2021","03 May 2023",2024-06-07
Karnataka,"Bengaluru Urban",Anekal,Hulimangala,Shikaripalya,Shikaripalya,0000373393,0008223087,250149610,"Deep Tubewell","Ground Water","village limit","15 Crore 12102020 Revival of PWS Scheme Providing Pump motor and Laying Pipeline at    Shikaripalya  Wipro gate Village  Hulimanagala GP Anekal  Taluk",2020-2021,5.00000,4.98664,"25 Feb 2021","03 May 2023",2024-06-07
Karnataka,"Bengaluru Urban",Anekal,Bidaraguppe,Mallenahallli,Malenahalli,0000373500,0008224594,250152827,"Deep Tubewell","Ground Water","Village Limit","15 crore 04022021 Revival of PWS Scheme Drlling of BW 1 and Laying of Pipeline at Mallenahalli  Village Bidaraguppe GP Anekal Taluk",2020-2021,4.87000,4.33196,"06 Feb 2021","03 May 2023",2024-06-07
Karnataka,"Bengaluru Urban",Anekal,Bidaraguppe,Mallenahallli,Malenahalli,0000373500,0008226774,250152827,"Deep Tubewell","Ground Water","Village Limit","15 crore 04022021 Revival of PWS Scheme Errection of Pumpset Electrification and Laying of Pipeline at  Mallenahalli Village Bidaraguppe GP Anekal Taluk",2020-2021,5.00000,4.65910,"06 Feb 2021","03 May 2023",2024-06-07
Karnataka,"Bengaluru Urban",Anekal,Ballur,Dasanapura,Dasanapura,0001622876,0008226854,250150550,"Deep Tubewell","Ground Water","Village Limits","15 crore 04022021 Revival of PWS Scheme ReDrlling of BW at  Dasanapura Gate Village Balluru GP Anekal Taluk",2020-2021,2.55000,2.18296,"06 Feb 2021","03 May 2023",2024-06-07
Karnataka,"Bengaluru Urban",Anekal,Huskuru,"Chinnthala Madiwala","Chinnthala Madiwala",0000373578,0008229930,250150556,"Deep Tubewell","Ground Water",NA,"Providing water supply to Anganwadi fitting of taps to kitchen and toilet at Chintala madivala village Huskuru GP Anekal Taluk",2020-2021,0.15000,0.06668,"17 Dec 2020","03 May 2023",2024-06-07
Karnataka,"Bengaluru Urban",Anekal,Mugalur,Kugur,Kugur,0000373527,0008234787,250150561,"Deep Tubewell","Ground Water","Village limit","15 crore 04022021 Revival of PWS Scheme Drlling of BW 2 at  Kuguru  Village Mugaluru GP Anekal Taluk",2020-2021,3.90000,3.38520,"06 Feb 2021","03 May 2023",2024-06-07
Karnataka,"Bengaluru Urban",Anekal,Mayasandra,"M. Medihalli","M. Medihalli",0000373494,0008235362,250152928,"Deep Tubewell","Ground Water","Village limit","15 crore 04022021 Errection of Pump motor Providing and Laying Pipeline at Medahalli Village Mayasandra GP Anekal Taluk",2020-2021,5.00000,4.65910,"06 Feb 2021","03 May 2023",2024-06-07
Karnataka,"Bengaluru Urban",Anekal,Neriga,Heggondahalli,Heggondahalli,0000373570,0008237474,250152902,"Deep Tubewell","Ground Water","Village Limit","15 crore 04022021 Drilling of Borewell at Heggondanahalli Village Neriga GP Anekal Taluk",2020-2021,4.00000,3.60594,"06 Feb 2021","03 May 2023",2024-06-07
Karnataka,"Bengaluru Urban",Anekal,Ballur,Halehalli,Halehalli,0000373486,0008238326,250246481,"Deep Tubewell","Ground Water","village limit","15 crore 04022021 Redrilling of Borewell at Halehalli Village Balluru GP Anekal Taluk",2020-2021,1.86000,1.43890,"06 Feb 2021","03 May 2023",2024-06-07
Karnataka,"Bengaluru Urban",Anekal,Byagadadevanahalli,"Kavala Hosahalli","Kavala Hosahalli",0001622879,0008238525,250149604,"Deep Tubewell","Ground Water","Village Limits","15 crore 04022021 Drilling of Borewell at Janatha calony village Byagadadenahalli GP Anekal taluk",2020-2021,3.93000,3.55186,"06 Feb 2021","03 May 2023",2024-06-07
Karnataka,"Bengaluru Urban",Anekal,Bidaraguppe,Bidaraguppe,Bidaraguppe,0000373499,0008238814,250150905,"Deep Tubewell","Ground Water","Village limit","15 crore 04022021 Revival of PWS Scheme Drlling of BW at Billapura Village Bidaraguppe GP Aekal taluk",2020-2021,4.00000,3.36336,"06 Feb 2021","03 May 2023",2024-06-07
Karnataka,"Bengaluru Urban",Anekal,Neriga,Chikkadasarahalli,Chikkadasarahalli,0000373563,0008238848,250148753,"Deep Tubewell","Ground Water","Village limit","10crore saving 15122020  Providing and Errection PumpMotor and Laying PipiLine Scheme at Chikkadasarahalli Village Neriga GP Anekal Taluk",2020-2021,4.50000,4.14010,"25 Dec 2020","03 May 2023",2024-06-07
Karnataka,"Bengaluru Urban",Anekal,Neriga,Heggondahalli,Heggondahalli,0000373570,0008240180,250152903,"Deep Tubewell","Ground Water","Village Limits","Providing and Installing WPP at Heggondanahalli Village Neriga  GP Anekal Taluk",2020-2021,12.00000,9.36270,"25 Aug 2020","03 May 2023",2024-06-07
Karnataka,"Bengaluru Urban",Anekal,Handenahalli,Bilchikkanahalli,Bilchikkanahalli,0000373535,0008313201,250302047,"Deep Tubewell","Ground Water","village limit","Providing pipe line to bilchikkanahalli village handenahlli GP Scheme",2018-2019,2.00000,1.95000,"01 Nov 2018","01 Mar 2019",2024-06-07
Karnataka,"Bengaluru Urban",Anekal,Mugalur,Gudighattanahalli,Gudighattanahalli,0000373519,0008313202,250302048,"Deep Tubewell","Ground Water","village limit","Providing pipe line to  Gudighattanahalli village Mugaluru GP Scheme",2018-2019,1.50000,1.45000,"15 Nov 2018","31 Mar 2019",2024-06-07
Karnataka,"Bengaluru Urban",Anekal,Haragadde,Haragadde,Haragadde,0001622881,0006135771,250021170,"Deep Tubewell","Ground Water","Village Limit","Drilling of Borewell",2013-2014,1.59000,1.58950,"18 Jul 2013","01 Mar 2014",2024-06-07
Karnataka,"Bengaluru Urban",Anekal,Vannakanahalli,Choodenahalli,Choodenahalli,0000373298,0006139411,250022322,"Deep Tubewell","Ground Water",NA,"Providing shelter to pure drinking water plant Choodenahalli  habitation",2013-2014,5.33000,4.00000,"08 Nov 2013","31 Dec 2013",2024-06-07
Karnataka,"Bengaluru Urban",Anekal,Handenahalli,Sollepura,Bikkanahalli,0000373537,0006368929,250034367,"Deep Tubewell","Ground Water","Colony limit","Revival of MWS Scheme",2013-2014,6.00000,5.15330,"20 Apr 2014","31 Mar 2015",2024-06-07
Karnataka,"Bengaluru Urban",Anekal,Huskuru,Gulimangala,Gulimangala,0000373583,0006368980,250034378,"Deep Tubewell","Ground Water","illage limit","Revival of MWS Scheme",2013-2014,6.00000,6.02227,"25 Apr 2014","12 Jan 2015",2024-06-07
Karnataka,"Bengaluru Urban",Anekal,Kallabalu,Balarabande,Balarabande,0000373381,0006373340,250065135,"Deep Tubewell","Ground Water","Colony Limit","Revival of MWS Scheme",2013-2014,6.00000,5.76615,"19 Apr 2014","30 Mar 2015",2024-06-07
Karnataka,"Bengaluru Urban",Anekal,Kallabalu,Javaregowdanadoddi,"Javaregowdana Doddi",0000373380,0006373345,250034461,"Deep Tubewell","Ground Water","Village limit","SCP Revival of MWS Scheme",2013-2014,6.00000,6.00000,"22 Apr 2014","31 Dec 2015",2024-06-07
Karnataka,"Bengaluru Urban",Anekal,Kallabalu,Madappanadoddi,"Madappana Doddi",0000373377,0006373348,250065146,"Deep Tubewell","Ground Water","Colony Limit","SCP Revival of MWS Scheme",2013-2014,6.00000,6.00122,"22 Apr 2014","31 Dec 2015",2024-06-07
Karnataka,"Bengaluru Urban",Anekal,Mantapa,"Hale Sampigehalli","Hale Sampigehalli",0000373412,0006373352,250034466,"Deep Tubewell","Ground Water",Villagelimit,"Revival of MWS Scheme",2013-2014,6.00000,6.23843,"22 Apr 2014","05 Jan 2015",2024-06-07
Karnataka,"Bengaluru Urban",Anekal,Marsoor,Haleuru,Haleuru,0000373312,0006373356,250034469,"Deep Tubewell","Ground Water","Village limit","SCP Revival of MWS Scheme",2013-2014,6.00000,6.00000,"25 Apr 2014","22 Oct 2015",2024-06-07
Karnataka,"Bengaluru Urban",Anekal,Neriga,Neriga,Neriga,0000373564,0006373374,250034479,"Deep Tubewell","Ground Water","Village limit","Revival of MWS Scheme",2013-2014,6.00000,5.68373,"25 Apr 2014","25 Aug 2014",2024-06-07
Karnataka,"Bengaluru Urban",Anekal,Ragihalli,Puttanayakanadoddi,Puttanayakanadoddi,0000373467,0006373417,250065155,"Deep Tubewell","Ground Water","Colony Limit","G Revival of MWS Scheme",2013-2014,6.00000,6.15606,"20 Apr 2014","31 Dec 2015",2024-06-07
Karnataka,"Bengaluru Urban",Anekal,Shantipura,"Chikka Nagamangala",Vaddarapalya,0000373586,0006373446,250034493,"Deep Tubewell","Ground Water","Village limit","Revival of MWS Scheme",2013-2014,6.00000,2.40028,"28 Apr 2014","17 Mar 2015",2024-06-07
Karnataka,"Bengaluru Urban",Anekal,Mugalur,Mugalur,Mugalur,0000373524,0006665456,250064461,"Deep Tubewell","Ground Water","Village limit","G Drilling of BW,Errection of Pumpset with Pipe line and Energisation",2014-2015,10.00000,9.92290,"15 Sep 2014","01 Oct 2015",2024-06-07
Karnataka,"Bengaluru Urban",Anekal,Indlawadi,Mysoorammanadoddi,Mysooramanadoddi,0000373331,0006669674,250067698,"Deep Tubewell","Ground Water","Village limit","G Providing InstallingCommissioning of Pure Drinking Water Plant 500lph Capacity and OandM for 7 years",2014-2015,12.00000,10.33000,"29 Jan 2014","31 Jan 2019",2024-06-07
Karnataka,"Bengaluru Urban",Anekal,Bidaraguppe,Bidaraguppe,"Silk Farm",0001622878,0006669812,250067784,"Deep Tubewell","Ground Water","Village limit","G Drilling of BW,Errection of Pumpset with Pipe line and Energisation",2014-2015,8.60000,7.14694,"30 Sep 2014","31 Dec 2015",2024-06-07
Karnataka,"Bengaluru Urban",Anekal,Indlawadi,Tammanayakanahalli,Tammanayakanahalli,0000373321,0006669870,250067811,"Deep Tubewell","Ground Water","Village limit","Drilling of BW,Errection of Pumpset with Pipe line and Energisation",2014-2015,9.00000,9.00000,"20 Sep 2014","31 Mar 2015",2024-06-07
Karnataka,"Bengaluru Urban",Anekal,Yamare,"Thigala Chowdadenahalli","Thigala Chowdadenahalli",0000373553,0005360433,5297084,"Deep Tubewell","Ground Water","Village limit","Drilling of BW",2012-2013,1.55000,1.95167,"07 Mar 2013","20 Mar 2013",2024-06-07
Karnataka,"Bengaluru Urban",Anekal,Huskuru,Huskuru,Huskuru,0000373579,0005360548,5297204,"Deep Tubewell","Ground Water","Village limit","Drilling of BW",2012-2013,1.55000,1.14222,"07 Mar 2013","20 Mar 2013",2024-06-07
Karnataka,"Bengaluru Urban",Anekal,Muthanallur,Narayanaghatta,Narayanaghatta,0000373561,0005361474,5298124,"Deep Tubewell","Ground Water","Village limit","Drilling of BW",2012-2013,1.55000,2.11339,"07 Mar 2013","31 Mar 2013",2024-06-07
Karnataka,"Bengaluru Urban",Anekal,Mantapa,Kalkere,Kalkere,0000373417,0005361785,5298517,"Deep Tubewell","Ground Water","Village limit","Drilling of BW",2012-2013,1.00000,2.14044,"07 Mar 2013","02 Aug 2013",2024-06-07
Karnataka,"Bengaluru Urban",Anekal,Hulimangala,"S. Bingipura","S. Bingipura",0000373389,0005362486,5299361,"Deep Tubewell","Ground Water","Village limit","Drilling of BW",2012-2013,1.00000,0.00000,"07 Mar 2013","10 May 2013",2024-06-07
Karnataka,"Bengaluru Urban",Anekal,Neriga,"Halsahalli Thippasandra","Halsahalli Thippasandra",0000373571,0005364302,5301313,"Deep Tubewell","Ground Water","Village limit","Drilling of BW",2012-2013,1.55000,1.55000,"08 Oct 2012","31 Mar 2013",2024-06-07
Karnataka,"Bengaluru Urban",Anekal,Bannerghatta,Kariyappanahalli,Kariyappanahalli,0000373432,0005364310,5301321,"Deep Tubewell","Ground Water","Village limit","Drilling of BW",2012-2013,3.16000,3.16000,"20 Oct 2012","31 Mar 2013",2024-06-07
Karnataka,"Bengaluru Urban",Anekal,Yamare,Yamare,Yamare,0000373549,0005364340,5301351,"Deep Tubewell","Ground Water",Hosabadavane,"Redrilling of BW",2012-2013,0.66000,0.66000,"25 Oct 2012","31 Mar 2013",2024-06-07
Karnataka,"Bengaluru Urban",Anekal,Bannerghatta,"Kannayaka Agrahara",Doddabeedu,0000373450,0005467796,5400236,"Deep Tubewell","Ground Water","Village limit","Drilling of BW",2013-2014,1.00000,0.00000,"01 Apr 2013","15 May 2013",2024-06-07
Karnataka,"Bengaluru Urban",Anekal,Hennagara,"Hennagara Amanikere","Hennagara Amanikere",0000373395,0005508962,5444919,"Deep Tubewell","Ground Water","Village limit","Revival of MWS Scheme",2013-2014,5.00000,5.01047,"15 Sep 2013","20 Mar 2014",2024-06-07
Karnataka,"Bengaluru Urban",Anekal,Neralur,Guddahatti,Guddahatti,0000373480,0005522242,250064316,"Deep Tubewell","Ground Water","Colony limit","Revival of PWS Scheme",2013-2014,10.00000,7.65698,"15 Sep 2013","01 Mar 2014",2024-06-07
Karnataka,"Bengaluru Urban",Anekal,Marsoor,Bandapura,Bandapura,0000373313,0005523364,5464326,"Deep Tubewell","Ground Water","Village limit","Revival of PWS Scheme",2013-2014,7.00000,7.03843,"15 Sep 2013","03 Mar 2014",2024-06-07
Karnataka,"Bengaluru Urban",Anekal,Yamare,"Volagere Kallahalli","Volagere Kallahalli",0000373550,0005523542,5464594,"Deep Tubewell","Ground Water","Village limit","Revival of PWS Scheme",2013-2014,8.00000,8.10730,"16 Sep 2013","12 Feb 2014",2024-06-07
Karnataka,"Bengaluru Urban",Anekal,Ragihalli,Basappanadoddi,Basavanadoddi,0000373466,0005525683,5467466,"Deep Tubewell","Ground Water","Village limit","Revival of MWS Scheme",2013-2014,5.00000,5.09002,"10 Sep 2013","07 Mar 2014",2024-06-07
Karnataka,"Bengaluru Urban",Anekal,Ragihalli,Ragihalli,Ragihalli,0000373462,0005525684,5467467,"Deep Tubewell","Ground Water","Village limit","Revival of MWS Scheme",2013-2014,5.00000,4.88800,"10 Sep 2013","03 Mar 2014",2024-06-07
Karnataka,"Bengaluru Urban",Anekal,Haragadde,"Mada Pattana",Madapatna,0001622883,0005534533,5478828,"Deep Tubewell","Ground Water","Village limit","Revival of PWS Scheme",2013-2014,7.00000,0.00000,"10 Sep 2013","15 Mar 2014",2024-06-07
Karnataka,"Bengaluru Urban",Anekal,Kallabalu,Kallabalu,Kallabalu,0000373363,0005544476,5497015,"Deep Tubewell","Ground Water","Village limit","Revival of PWS Scheme",2013-2014,8.00000,8.26366,"05 Sep 2013","20 Mar 2014",2024-06-07
Karnataka,"Bengaluru Urban",Anekal,Mantapa,"Jangal Palya",Jangalapalya,0000373407,0005544629,5497265,"Deep Tubewell","Ground Water","Village limit","Revival of PWS Scheme",2013-2014,7.00000,7.08098,"12 Sep 2013","03 Mar 2014",2024-06-07
Karnataka,"Bengaluru Urban",Anekal,Hennagara,Masthenahalli,Mastenahalli,0000373397,0005546668,5499545,"Deep Tubewell","Ground Water","Village limit","Revival of MWS Scheme",2013-2014,5.00000,0.00000,"10 Sep 2013","15 Feb 2014",2024-06-07
Karnataka,"Bengaluru Urban",Anekal,Mugalur,Kugur,Kugur,0000373527,0005553927,5507463,"Deep Tubewell","Ground Water","Village limit","Revival of PWS Scheme",2013-2014,6.00000,5.61707,"15 Sep 2013","26 Mar 2014",2024-06-07
Karnataka,"Bengaluru Urban",Anekal,Mugalur,Kugur,Kugur,0000373527,0005553929,5507464,"Deep Tubewell","Ground Water","Village limit","Revival of PWS Scheme",2013-2014,6.00000,0.00000,"15 Sep 2013","20 Feb 2014",2024-06-07
Karnataka,"Bengaluru Urban",Anekal,Ballur,Kodlipura,Kodlipura,0000373485,0005567816,5524177,"Deep Tubewell","Ground Water","Village limit","Revival of MWS Scheme",2013-2014,5.00000,5.07474,"10 Sep 2013","01 Mar 2014",2024-06-07
Karnataka,"Bengaluru Urban",Anekal,Handenahalli,Sollepura,Sollepura,0000373543,0005568858,250064382,"Deep Tubewell","Ground Water","Colony limit","Revival of MWS Scheme",2013-2014,8.00000,7.34183,"15 Sep 2013","01 Mar 2015",2024-06-07
Karnataka,"Bengaluru Urban",Anekal,Mayasandra,Harohalli,Harohalli,0000373491,0005580460,250064288,"Deep Tubewell","Ground Water","Colony limit","Revival of PWS Scheme",2013-2014,8.00000,4.97516,"10 Sep 2013","20 Jan 2014",2024-06-07
Karnataka,"Bengaluru Urban",Anekal,Shantipura,Choodasandra,Choodasandra,0000373591,0005580497,5539932,"Deep Tubewell","Ground Water","Colony limit","Providing Piped Water Supply Scheme",2013-2014,25.00000,25.43734,"15 Sep 2013","20 Mar 2014",2024-06-07
Karnataka,"Bengaluru Urban",Anekal,Shantipura,Shantipura,Shantipura,0001622895,0005580501,5539935,"Deep Tubewell","Ground Water","Village limit","Revival of PWS Scheme",2013-2014,8.00000,8.03618,"15 Sep 2013","03 Mar 2014",2024-06-07
Karnataka,"Bengaluru Urban",Anekal,Huskuru,Kaggalipura,Kaggalipura,0000373574,0005580505,5539956,"Deep Tubewell","Ground Water","Village limit","Revival of PWS Scheme",2013-2014,7.00000,7.00472,"12 Sep 2013","10 Mar 2014",2024-06-07
Karnataka,"Bengaluru Urban",Anekal,Vannakanahalli,Vannakanahalli,Vannakanahalli,0000373305,0005580513,5539965,"Deep Tubewell","Ground Water","Village limit","Revival of PWS Scheme",2013-2014,7.00000,0.00000,"15 Sep 2013","25 Feb 2014",2024-06-07
Karnataka,"Bengaluru Urban",Anekal,Vannakanahalli,Soluru,Soluru,0000373307,0005580523,5539989,"Deep Tubewell","Ground Water","Village limit","Revival of MWS Scheme",2013-2014,7.00000,6.77119,"15 Sep 2013","25 Mar 2014",2024-06-07
Karnataka,"Bengaluru Urban",Anekal,Ragihalli,Ontemaranadoddi,Ontemaranadoddi,0000373452,0005589835,5550060,"Deep Tubewell","Ground Water","Village limit","Revival of MWS Scheme",2013-2014,5.00000,0.00000,"15 Sep 2013","10 Mar 2014",2024-06-07
Karnataka,"Bengaluru Urban",Anekal,Hennagara,Hosahalli,Hosahalli,0000373400,0005614576,5577355,"Deep Tubewell","Ground Water","School limit","Drinking Water Facility to School",2013-2014,1.00000,0.99881,"15 Sep 2013","20 Mar 2014",2024-06-07
Karnataka,"Bengaluru Urban",Anekal,Vannakanahalli,"Kempudommasandra (b)",Kempadommasandra,0000373304,0005628587,5593957,"Deep Tubewell","Ground Water","Village limit","Drinking Water Facility to Anganawadi",2013-2014,1.00000,0.99881,"22 Sep 2013","02 Dec 2013",2024-06-07
Karnataka,"Bengaluru Urban",Anekal,Kallabalu,Bommandahalli,Bommandahalli,0000373370,0005640977,5601013,"Deep Tubewell","Ground Water","Village limit","G Providing Piped Water Supply Scheme",2013-2014,25.00000,22.94320,"15 Sep 2013","31 Dec 2015",2024-06-07
Karnataka,"Bengaluru Urban",Anekal,Kallabalu,Bommandahalli,Bommandahalli,0000373370,0005640977,250064273,"Deep Tubewell","Ground Water","Colony limit","G Providing Piped Water Supply Scheme",2013-2014,25.00000,22.94320,"15 Sep 2013","31 Dec 2015",2024-06-07
Karnataka,"Bengaluru Urban",Anekal,Marsoor,Marsoor,Marsoor,0000373309,0005691633,5671298,"Deep Tubewell","Ground Water","Village limit","Drinking Water Facility to Anganawadi",2013-2014,1.00000,0.99881,"15 Sep 2013","14 Jan 2014",2024-06-07
Karnataka,"Bengaluru Urban",Anekal,Hennagara,Hosahalli,Hosahalli,0000373400,0005702338,6740583,"Deep Tubewell","Ground Water","Village limit","Drinking Water Facility to Anganawadi",2013-2014,1.00000,0.99881,"15 Sep 2013","02 Dec 2013",2024-06-07
Karnataka,"Bengaluru Urban",Anekal,Ballur,Dasanapura,Dasanapura,0001622876,0005709297,250001227,"Deep Tubewell","Ground Water","Village limit","Drinking Water Facility to Anganawadi",2013-2014,1.00000,0.99830,"15 Sep 2013","10 Feb 2014",2024-06-07
Karnataka,"Bengaluru Urban",Anekal,Ballur,Halehalli,Halehalli,0000373486,0005709519,250001272,"Deep Tubewell","Ground Water","Village limit","Drinking Water Facility to Anganawadi",2013-2014,1.00000,0.99223,"15 Sep 2013","01 Mar 2014",2024-06-07
Karnataka,"Bengaluru Urban",Anekal,Mayasandra,Bakthipura,Bakthipura,0000373489,0005709595,250001284,"Deep Tubewell","Ground Water","Village limit","Drinking Water Facility to Anganawadi",2013-2014,1.00000,0.99489,"15 Sep 2013","03 Feb 2014",2024-06-07
Karnataka,"Bengaluru Urban",Anekal,Kallabalu,Kasavanakunte,Kasavanakunte,0000373366,0005712882,250001781,"Deep Tubewell","Ground Water","Village limit","Drinking Water Facility to Anganawadi",2013-2014,1.00000,1.00000,"10 Sep 2013","02 Jan 2015",2024-06-07
Karnataka,"Bengaluru Urban",Anekal,Yamare,Sompura,Sompura,0000373545,0005713303,250001883,"Deep Tubewell","Ground Water","Village limit","Drinking Water Facility to Anganawadi",2013-2014,1.00000,0.98964,"10 Sep 2013","02 Dec 2013",2024-06-07
Karnataka,"Bengaluru Urban",Anekal,Yamare,"B. Hosahalli","B. Hosahalli",0000373547,0005713347,250001898,"Deep Tubewell","Ground Water","Village limit","Drinking Water Facility to Anganawadi",2013-2014,1.00000,0.99870,"10 Sep 2013","02 Dec 2013",2024-06-07
Karnataka,"Bengaluru Urban",Anekal,Sarjapura,Sarjapura,Sarjapura,0000373516,0005713510,250001937,"Deep Tubewell","Ground Water","Village limit","Drinking Water Facility to Anganawadi",2013-2014,1.00000,0.99507,"10 Sep 2013","20 Mar 2014",2024-06-07
Karnataka,"Bengaluru Urban",Anekal,Muthanallur,Samanahalli,Samanahalli,0000373554,0005713717,250001979,"Deep Tubewell","Ground Water","Village limit","Drinking Water Facility to Anganawadi",2013-2014,1.00000,0.97045,"10 Sep 2013","20 Jan 2014",2024-06-07
Karnataka,"Bengaluru Urban",Anekal,Billapura,Adigarakallahalli,Adigarakallahalli,0000373538,0005713801,250001999,"Deep Tubewell","Ground Water","Village limit","Drinking Water Facility to Anganawadi",2013-2014,1.00000,0.98595,"10 Sep 2013","20 Jan 2014",2024-06-07
Karnataka,"Bengaluru Urban",Anekal,Handenahalli,"S. Medihalli","S. Medihalli",0000373539,0005714104,250002055,"Deep Tubewell","Ground Water","Village limit","Drinking Water Facility to Anganawadi",2013-2014,1.00000,0.99982,"10 Sep 2013","06 Jan 2014",2024-06-07
Karnataka,"Bengaluru Urban",Anekal,Bidaraguppe,Indlabele,Indlabele,0000373495,0005714208,250002081,"Deep Tubewell","Ground Water","Village limit","Drinking Water Facility to Anganawadi",2013-2014,1.00000,0.00000,"10 Sep 2013","20 Nov 2013",2024-06-07
Karnataka,"Bengaluru Urban",Anekal,Neriga,Neriga,Neriga,0000373564,0005714311,250002112,"Deep Tubewell","Ground Water","Village limit","Drinking Water Facility to Anganawadi",2013-2014,1.00000,0.99790,"10 Sep 2013","20 Mar 2014",2024-06-07
Karnataka,"Bengaluru Urban",Anekal,Neriga,Gonigattapura,Gonigattapura,0000373565,0005714394,250002131,"Deep Tubewell","Ground Water","Village limit","Drinking Water Facility to Anganawadi",2013-2014,1.00000,0.89490,"10 Sep 2013","10 Mar 2014",2024-06-07
Karnataka,"Bengaluru Urban",Anekal,Mantapa,Ramasandra,Ramasandra,0000373411,0005812282,250006705,"Deep Tubewell","Ground Water","Village limit","Revival of MWS Scheme",2013-2014,5.00000,4.96939,"10 Sep 2013","03 Mar 2014",2024-06-07
Karnataka,"Bengaluru Urban",Anekal,Ballur,Dasanapura,Dasanapura,0001622876,0006131272,250020477,"Deep Tubewell","Ground Water","Village limit","Drilling of Borewell",2013-2014,1.94000,1.93980,"29 Jun 2013","01 Mar 2014",2024-06-07
Karnataka,"Bengaluru Urban",Anekal,Shantipura,Choodasandra,Choodasandra,0000373591,0006131274,250020478,"Deep Tubewell","Ground Water","Village limit","Drilling of Borewell",2013-2014,1.98000,1.97950,"14 Jul 2013","03 Mar 2014",2024-06-07
Karnataka,"Bengaluru Urban",Anekal,Bannerghatta,Sampigehalli,Sampigehalli,0000373433,0006131304,250020490,"Deep Tubewell","Ground Water","Village limit","Drilling of Borewell",2013-2014,1.23000,1.22950,"21 Jul 2013","01 Mar 2014",2024-06-07
Karnataka,"Bengaluru Urban",Anekal,Kallabalu,Mahanthalingapura,Mahanthalingapura,0000373373,0006131316,250020495,"Deep Tubewell","Ground Water","Village limit","Drilling of Borewell",2013-2014,2.03000,2.02950,"08 Jul 2013","03 Mar 2014",2024-06-07
Karnataka,"Bengaluru Urban",Anekal,Neralur,Adigondanahalli,Adigondanahalli,0000373481,0006133439,250020814,"Deep Tubewell","Ground Water","Near Church","Drilling of Borewell",2013-2014,1.32000,1.31950,"04 Jul 2013","03 Mar 2014",2024-06-07
Karnataka,"Bengaluru Urban",Anekal,Huskuru,Kaggalipura,Kaggalipura,0000373574,0006133451,250020815,"Deep Tubewell","Ground Water","Village limit","Drilling of Borewell",2013-2014,1.90000,1.89950,"02 Jul 2013","01 Mar 2014",2024-06-07
Karnataka,"Bengaluru Urban",Anekal,Handenahalli,"S. Medihalli","S. Medihalli",0000373539,0006133493,250020821,"Deep Tubewell","Ground Water","Viswasanthi Mahabhodi Budda Vihara","Drilling of Borewell",2013-2014,1.57000,1.56980,"08 Jul 2013","01 Mar 2014",2024-06-07
Karnataka,"Bengaluru Urban",Anekal,Hennagara,Kachanayakanahalli,Kachanayakanahalli,0000373402,0006133521,250020825,"Deep Tubewell","Ground Water","Village limit","Drilling of Borewell",2013-2014,1.92000,1.91900,"07 Jul 2013","01 Mar 2014",2024-06-07
Karnataka,"Bengaluru Urban",Anekal,Byagadadevanahalli,Avadedenahalli,Avadedenahalli,0000373343,0006670044,250067892,"Deep Tubewell","Ground Water","Colony limit","SCP Individual House Connections",2014-2015,3.50000,3.32789,"20 Sep 2014","31 Mar 2016",2024-06-07
Karnataka,"Bengaluru Urban",Anekal,Handenahalli,Sollepura,Bikkanahalli,0000373537,0006670056,250067902,"Deep Tubewell","Ground Water","Colony limit","SCP Individual House Connections",2014-2015,5.35000,1.05212,"20 Sep 2014","01 Oct 2015",2024-06-07
Karnataka,"Bengaluru Urban",Anekal,Indlawadi,Tammanayakanahalli,Tammanayakanahalli,0000373321,0006670077,250067918,"Deep Tubewell","Ground Water","Colony limit","SCP Individual House Connections",2014-2015,3.50000,0.00000,"25 Sep 2014","20 Mar 2016",2024-06-07
Karnataka,"Bengaluru Urban",Anekal,Mugalur,Kuthaganahalli,Kuthaganahalli,0000373522,0006670123,250067949,"Deep Tubewell","Ground Water","Colony limit","SCP Individual House Connections",2014-2015,9.10000,8.96492,"20 Sep 2014","18 Mar 2016",2024-06-07
Karnataka,"Bengaluru Urban",Anekal,Neralur,Guddahatti,Guddahatti,0000373480,0006670132,250067955,"Deep Tubewell","Ground Water","Colony limit","SCP Individual House Connections",2014-2015,8.00000,7.15237,"20 Sep 2014","18 Mar 2016",2024-06-07
Karnataka,"Bengaluru Urban",Anekal,Shantipura,Choodasandra,Choodasandra,0000373591,0006670150,250067968,"Deep Tubewell","Ground Water","Colony limit","G Individual House Connections",2014-2015,4.90000,4.83662,"25 Sep 2014","31 Mar 2017",2024-06-07
Karnataka,"Bengaluru Urban",Anekal,Bannerghatta,Munimaranadoddi,Munimaranadoddi,0001622877,0006670180,250067993,"Deep Tubewell","Ground Water","Colony limit","G Individual House Connections",2014-2015,1.75000,0.00000,"25 Sep 2014","20 Mar 2016",2024-06-07
Karnataka,"Bengaluru Urban",Anekal,Neriga,Chikkanekundi,Chikkanekundi,0000373573,0006685926,250073463,"Deep Tubewell","Ground Water","Village limit","Drilling of Borewell",2014-2015,1.95000,1.94884,"19 Jul 2014","11 Aug 2014",2024-06-07
Karnataka,"Bengaluru Urban",Anekal,Mayasandra,Bakthipura,Bakthipura,0000373489,0006685934,250073471,"Deep Tubewell","Ground Water","Village limit","Drilling of Borewell",2014-2015,2.18000,2.18215,"19 Jul 2014","04 Aug 2014",2024-06-07
Karnataka,"Bengaluru Urban",Anekal,Mayasandra,Bakthipura,Bakthipura,0000373489,0006685950,250073483,"Deep Tubewell","Ground Water","Village limit BW2","Drilling of Borewell",2014-2015,1.38000,1.37507,"19 Jul 2014","07 Aug 2014",2024-06-07
Karnataka,"Bengaluru Urban",Anekal,Neralur,Neralur,Neralur,0000373479,0006686003,250073501,"Deep Tubewell","Ground Water","Village limit BW2","Drilling of Borewell",2014-2015,2.00000,1.99264,"19 Jul 2014","05 Aug 2014",2024-06-07
Karnataka,"Bengaluru Urban",Anekal,Mantapa,Kalkere,Kalkere,0000373417,0006686015,250073505,"Deep Tubewell","Ground Water","Village limit","Drilling of Borewell",2014-2015,1.70000,1.69686,"19 Jul 2014","08 Aug 2014",2024-06-07
Karnataka,"Bengaluru Urban",Anekal,Mantapa,"Chinnaiahna Palya",Chinnaiahanapalya,0000373424,0006686100,250073542,"Deep Tubewell","Ground Water","Colony limit","Drilling of Borewell",2014-2015,0.93000,0.92094,"19 Jul 2014","06 Aug 2014",2024-06-07
Karnataka,"Bengaluru Urban",Anekal,Hulimangala,Maragondanahalli,Maragondanahalli,0000373392,0006686118,250073557,"Deep Tubewell","Ground Water","Village limit","Drilling of Borewell",2014-2015,1.80000,2.70000,"19 Jul 2014","31 Mar 2015",2024-06-07
Karnataka,"Bengaluru Urban",Anekal,Kallabalu,"Krishna Doddi","Krishna Doddi",0000373374,0006849640,250075988,"Deep Tubewell","Ground Water","Near nala","TFC 20.10.2014 Drilling of Borewell-1in Krishnadoddi habitation",2014-2015,1.15000,1.14833,"10 Dec 2014","20 Jan 2015",2024-06-07
Karnataka,"Bengaluru Urban",Anekal,Kallabalu,Giddenahalli,Giddenahalli,0000373372,0006849659,250076007,"Deep Tubewell","Ground Water","Near nala","TFC 20.10.2014 Drilling of Borewell-2 in Giddenahalli habitation",2014-2015,1.70000,1.69538,"10 Dec 2014","30 Mar 2015",2024-06-07
Karnataka,"Bengaluru Urban",Anekal,Yamare,"Kada Agrahara","Kada Agrahara",0000373548,0005580547,5540057,"Deep Tubewell","Ground Water","Village limit","Revival of PWS Scheme",2013-2014,7.00000,5.80575,"10 Sep 2013","01 Mar 2015",2024-06-07
Karnataka,"Bengaluru Urban",Anekal,Ragihalli,Sevanayakanadoddi,Sevanayakanadoddi,0000373464,0005589812,5550049,"Deep Tubewell","Ground Water","Village limit","Revival of MWS Scheme",2013-2014,5.00000,5.03080,"15 Sep 2013","25 Mar 2014",2024-06-07
Karnataka,"Bengaluru Urban",Anekal,Ragihalli,Ontemaranadoddi,Ontemaranadoddi,0000373452,0005589836,5550061,"Deep Tubewell","Ground Water","Village limit","Revival of MWS Scheme",2013-2014,5.00000,0.00000,"15 Sep 2013","10 Mar 2014",2024-06-07
Karnataka,"Bengaluru Urban",Anekal,Indlawadi,Laxmipura,Laxmipura,0000373323,0005628559,5593927,"Deep Tubewell","Ground Water","Village limit","Drinking Water Facility to Anganawadi",2013-2014,1.00000,0.99881,"10 Sep 2013","18 Mar 2014",2024-06-07
Karnataka,"Bengaluru Urban",Anekal,Haragadde,Haragadde,Haragadde,0001622881,0005691539,5671190,"Deep Tubewell","Ground Water","Village limit","Drinking Water Facility to Anganawadi",2013-2014,1.00000,0.99954,"10 Sep 2013","31 Oct 2014",2024-06-07
Karnataka,"Bengaluru Urban",Anekal,Ballur,Kodlipura,Kodlipura,0000373485,0005709627,250001290,"Deep Tubewell","Ground Water","Village limit","Drinking Water Facility to Anganawadi",2013-2014,1.00000,0.98926,"15 Sep 2013","01 Mar 2014",2024-06-07
Karnataka,"Bengaluru Urban",Anekal,Ballur,Ballur,Ballur,0000373484,0005709796,250001315,"Deep Tubewell","Ground Water","Village limit","Drinking Water Facility to Anganawadi",2013-2014,1.00000,0.99423,"15 Sep 2013","01 Mar 2014",2024-06-07
Karnataka,"Bengaluru Urban",Anekal,Neralur,Guddahatti,Guddahatti,0000373480,0005709926,250001347,"Deep Tubewell","Ground Water","Village limit","Drinking Water Facility to Anganawadi",2013-2014,1.00000,0.99853,"15 Sep 2013","20 Mar 2014",2024-06-07
Karnataka,"Bengaluru Urban",Anekal,Neralur,Thirumagondanahalli,Thirumagondanahalli,0000373478,0005709982,250001358,"Deep Tubewell","Ground Water","Village limit","Drinking Water Facility to Anganawadi",2013-2014,1.00000,0.99880,"15 Sep 2013","01 Mar 2014",2024-06-07
Karnataka,"Bengaluru Urban",Anekal,Huskuru,"Chinnthala Madiwala","Chinnthala Madiwala",0000373578,0005710408,250001425,"Deep Tubewell","Ground Water","Village limit","Drinking Water Facility to Anganawadi",2013-2014,1.00000,0.99881,"15 Sep 2013","10 Feb 2014",2024-06-07
Karnataka,"Bengaluru Urban",Anekal,Shantipura,Shantipura,Shantipura,0001622895,0005710578,250001447,"Deep Tubewell","Ground Water","Village limit","Drinking Water Facility to Anganawadi",2013-2014,1.00000,0.98661,"15 Sep 2013","21 Jan 2014",2024-06-07
Karnataka,"Bengaluru Urban",Anekal,Shantipura,Choodasandra,Choodasandra,0000373591,0005710640,250001455,"Deep Tubewell","Ground Water","Village limit","Drinking Water Facility to Anganawadi",2013-2014,1.00000,0.99139,"15 Sep 2013","06 Jan 2014",2024-06-07
Karnataka,"Bengaluru Urban",Anekal,Shantipura,Rayasandra,Rayasandra,0000373589,0005710817,250001478,"Deep Tubewell","Ground Water","Village limit","Drinking Water Facility to Anganawadi",2013-2014,1.00000,0.99485,"15 Sep 2013","21 Jan 2014",2024-06-07
Karnataka,"Bengaluru Urban",Anekal,Hennagara,Rajapura,Rajapura,0000373396,0006849720,250076068,"Deep Tubewell","Ground Water","Near road side","TFC 20.10.2014 Drilling of Borewell-2 in Rajapura Habitation",2014-2015,1.70000,0.00000,"10 Dec 2014","10 May 2015",2024-06-07
Karnataka,"Bengaluru Urban",Anekal,Hennagara,Kachanayakanahalli,Kachanayakanahalli,0000373402,0006849721,250076069,"Deep Tubewell","Ground Water","Near main road","TFC 20.10.2014 Drilling of Borewell inKACHANAYAKANAHALLI Habitation",2014-2015,1.80000,1.79794,"10 Dec 2014","30 Jan 2015",2024-06-07
Karnataka,"Bengaluru Urban",Anekal,Surgajakanahalli,Surgajakanahalli,Surgajakanahalli,0000373297,0006850046,250076217,"Deep Tubewell","Ground Water","village limit","TFC 20.10.2014 Drilling of Borewell-2 in Sidihoskote habitation",2014-2015,4.00000,3.80176,"10 Dec 2014","31 Mar 2015",2024-06-07
Karnataka,"Bengaluru Urban",Anekal,Vannakanahalli,Singasandra,Singasandra,0000373300,0006850049,250076220,"Deep Tubewell","Ground Water",NA,"TFC 20.10.2014 Drilling of Borewell in Singasandra habitation.",2014-2015,2.03000,1.95259,"10 Dec 2014","20 Jan 2015",2024-06-07
Karnataka,"Bengaluru Urban",Anekal,Byagadadevanahalli,Soppahalli,Soppahalli,0000373340,0006850068,250076225,"Deep Tubewell","Ground Water","1)Near Soppahalli Tank 2)Near Muneswara Temple","SCP  TFC 20.10.2014 Drilling of Borewell in Soppahalli habitation.",2014-2015,4.00000,3.96485,"10 Dec 2014","01 Sep 2015",2024-06-07
Karnataka,"Bengaluru Urban",Anekal,Muthanallur,"Singena Agrahara","Singena Agrahara",0000373562,0006850109,250076237,"Deep Tubewell","Ground Water",NA,"TFC 20.10.2014 Drilling of Borewell in SingenAgrahara habitation",2014-2015,1.95000,1.61650,"10 Dec 2014","20 Jan 2015",2024-06-07
Karnataka,"Bengaluru Urban",Anekal,Huskuru,"Chinnthala Madiwala","Chinnthala Madiwala",0000373578,0006850119,250076241,"Deep Tubewell","Ground Water",NA,"TFC 20.10.2014 Drilling of Borewell in Chinthalamadiwala habitation",2014-2015,1.99000,1.98995,"10 Dec 2014","31 Mar 2015",2024-06-07
Karnataka,"Bengaluru Urban",Anekal,Muthanallur,"Singena Agrahara","Singena Agrahara",0000373562,0006850150,250076254,"Deep Tubewell","Ground Water",NA,"SDP TFC 20.10.2014 Drilling of Borewell ,errection of pump set for revival of MWS in SingenaAgrahara habitation",2014-2015,3.20000,3.16906,"10 Dec 2014","01 Sep 2015",2024-06-07
Karnataka,"Bengaluru Urban",Anekal,Billapura,Adigarakallahalli,Adigarakallahalli,0000373538,0006939804,250080092,"Deep Tubewell","Ground Water","Near M.I.Tank &amp;amp;amp;amp; Burrial Gruond","SDP TFC130315 Drilling of Borewell at Adigarakallahalli Habitation in Handenahalli G.P. Anekal Taluk.",2014-2015,2.57000,2.56346,"20 Apr 2015","01 Sep 2015",2024-06-07
Karnataka,"Bengaluru Urban",Anekal,Muthanallur,"Chikka Thimmasandra","Chikka Thimmasandra",0000373555,0006939892,250080097,"Deep Tubewell","Ground Water","Near Devarakere","SDP TFC130315 Drilling of Borewell at Chikkathimmasandra Habitation in Muthanalluru G.P. Anekal Taluk.",2014-2015,2.00000,1.99037,"20 Apr 2015","01 Sep 2015",2024-06-07
Karnataka,"Bengaluru Urban",Anekal,Byagadadevanahalli,Chikkahagde,Chikkahagde,0000373337,0006940949,250080123,"Deep Tubewell","Ground Water","Borewell-2 at Tank bed","SDP TFC130315 Drilling of Borewell at Chikkahagade Habitation in Byagadadenahalli G.P. Anekal Taluk.",2014-2015,2.30000,1.78300,"20 Apr 2015","31 Dec 2015",2024-06-07
Karnataka,"Bengaluru Urban",Anekal,Vannakanahalli,Vannakanahalli,Vannakanahalli,0000373305,0006941510,250080131,"Deep Tubewell","Ground Water","Redrilling of Borewell near Srinivasas House","G TFC130315 Re Drilling of Borewell 1 at Vanakanahalli  Habitation in Vanakanahalli G.P. Anekal Taluk.",2014-2015,1.25000,1.24441,"20 Apr 2015","31 Dec 2015",2024-06-07
Karnataka,"Bengaluru Urban",Anekal,Vannakanahalli,Vannakanahalli,Vannakanahalli,0000373305,0006941527,250080135,"Deep Tubewell","Ground Water","Near Siddappa,s House","G TFC130315 ReDrilling of Borewell 3 at Vanakanahalli Habitation in Vanakanahalli G.P. Anekal Taluk.",2014-2015,1.17000,1.11613,"20 Apr 2015","31 Dec 2015",2024-06-07
Karnataka,"Bengaluru Urban",Anekal,Bannerghatta,Bilwardahalli,Bilwardahalli,0000373436,0006942885,250080154,"Deep Tubewell","Ground Water","Near to Jayaram Layout","SDP TFC130315 Drilling of Borewell at Bilvaradahalli Habitation, Banneraghatta GP, Anekal Taluk.",2014-2015,2.00000,1.99310,"20 Apr 2015","31 Dec 2015",2024-06-07
Karnataka,"Bengaluru Urban",Anekal,Mantapa,Laxmipura,Laxmipura,0000373413,0006944022,250080231,"Deep Tubewell","Ground Water","Near kalkere road","SDP TFC130315 Drilling of Borewell 2  at Laxmipura Habitation, Mantapa GP, Anekal Taluk.",2014-2015,2.00000,1.99988,"20 Apr 2015","01 Sep 2015",2024-06-07
Karnataka,"Bengaluru Urban",Anekal,Mantapa,Chathekerepalya,Chathekerepalya,0000373423,0006944028,250080232,"Deep Tubewell","Ground Water","Near tank","SCP  TFC130315 Drilling of Borewell at  Chathekeripalya Habitation, Mantapa GP, Anekal Taluk.",2014-2015,2.00000,1.99310,"20 Apr 2015","31 Dec 2015",2024-06-07
Karnataka,"Bengaluru Urban",Anekal,Bannerghatta,Bannerughatta,Bannerghatta,0000373430,0006998341,250083617,"Deep Tubewell","Ground Water","Near Champakadhama Layout","ST COLONY TFC050515 Drilling of Borewell at Bannerghatta Habitation, Bannerghatta G.P",2015-2016,2.23000,2.22513,"21 Jul 2015","31 Mar 2016",2024-06-07
Karnataka,"Bengaluru Urban",Anekal,Mantapa,"Chinnaiahna Palya",Chinnaiahanapalya,0000373424,0006999249,250083688,"Deep Tubewell","Ground Water","Near Road","SCP TFC050515 Drilling of Borewell with Electrification at Chinnaiahnapalya Habitation, Mantapa G.P",2015-2016,1.53000,1.32709,"21 Jul 2015","31 Mar 2016",2024-06-07
Karnataka,"Bengaluru Urban",Anekal,Mantapa,Kalkere,Kalkere,0000373417,0006999342,250083696,"Deep Tubewell","Ground Water","Near Main Road","G TFC050515 Erection of Pumpset and energisation to existing Borewell at Kalkere Habitation, Mantapa G.P",2015-2016,3.50000,3.48788,"21 Jul 2015","31 Mar 2017",2024-06-07
Karnataka,"Bengaluru Urban",Anekal,Huskuru,Huskuru,Huskuru,0000373579,0007001255,250084295,"Deep Tubewell","Ground Water","Near Fruits Market","G TFC050515 Drilling of Borewell 5 at Huskur Habitation, Huskur G.P",2015-2016,1.45000,1.44253,"21 Jul 2015","31 Dec 2015",2024-06-07
Karnataka,"Bengaluru Urban",Anekal,Ballur,Ballur,Ballur,0000373484,0007001289,250084297,"Deep Tubewell","Ground Water","Near Shiff cot Area","G TFC050515 Re Drilling of Borewell 1 at Ballur Habitation, Ballur G.P",2015-2016,1.00000,0.99535,"21 Jul 2015","30 Oct 2015",2024-06-07
Karnataka,"Bengaluru Urban",Anekal,Bidaraguppe,Bidaraguppe,Bidaraguppe,0000373499,0007001300,250084298,"Deep Tubewell","Ground Water","Village limits","G TFC050515 Drilling of Borewell 2 with Electrification at Bidaraguppe Habitation, Bidaraguppe G.P",2015-2016,3.25000,2.24775,"21 Jul 2015","18 Mar 2016",2024-06-07
Karnataka,"Bengaluru Urban",Anekal,Vannakanahalli,Telagarahalli,Telagarahalli,0000373301,0007145517,5163750,"Deep Tubewell","Ground Water","Village Limit","G Revival of PWS Scheme",2015-2016,4.00000,0.00000,"25 Oct 2015","31 Mar 2016",2024-06-07
Karnataka,"Bengaluru Urban",Anekal,Mantapa,Hullahalli,Hullahalli,0000373422,0007145870,3776856,"Deep Tubewell","Ground Water","Village main road","SCP Revival of  MWS Scheme",2015-2016,6.00000,0.00000,"25 Oct 2015","31 Mar 2016",2024-06-07
Karnataka,"Bengaluru Urban",Anekal,Indlawadi,Indlawadipura,Indlawadipura,0000373327,0007147767,250090229,"Deep Tubewell","Ground Water","village limit","G Revival of PWS Scheme G.I.Pipe line",2015-2016,11.00000,0.00000,"25 Oct 2015","31 Mar 2016",2024-06-07
Karnataka,"Bengaluru Urban",Anekal,Neralur,Neralur,Neralur,0000373479,0007151204,250090832,"Deep Tubewell","Ground Water","Village limit","ST COLONY Drilling of BW,Errection of Pumpset with Pipe line and Energisation",2015-2016,8.00000,0.00000,"25 Oct 2015","31 Mar 2016",2024-06-07
Karnataka,"Bengaluru Urban",Anekal,Mugalur,Mattanahalli,Mattanahalli,0000373521,0007154643,4812468,"Deep Tubewell","Ground Water","Village limit","ST COLONY Drilling of BW and Energisation",2015-2016,3.00000,0.00000,"25 Oct 2015","31 Mar 2016",2024-06-07
Karnataka,"Bengaluru Urban",Anekal,Dommasandra,Dommasandra,Govindapura,0000373593,0007208708,250098158,"Deep Tubewell","Ground Water",village,"SDP Drilling of BW and Energisation",2015-2016,2.41000,0.00000,"25 Oct 2015","31 Mar 2016",2024-06-07
Karnataka,"Bengaluru Urban",Anekal,Bannerghatta,Kariyappanahalli,Kariyappanahalli,0000373432,0007218758,250099916,"Deep Tubewell","Ground Water",village,"G Revival of MWS Scheme",2015-2016,10.00000,0.00000,"25 Oct 2015","31 Mar 2016",2024-06-07
Karnataka,"Bengaluru Urban",Anekal,Mugalur,Thindlu,Thindlu,0000373517,0007406207,250120462,"Deep Tubewell","Ground Water",NA,"TFC190316 Drilling of Borewell at Thindlu Habitation, Mugulur GP, Anekal Taluk",2016-2017,2.30000,0.00000,"12 Apr 2016","03 May 2023",2024-06-07
Karnataka,"Bengaluru Urban",Anekal,Mugalur,Mugalur,Mugalur,0000373524,0007406207,250120463,"Deep Tubewell","Ground Water","Village limit","TFC190316 Drilling of Borewell at Thindlu Habitation, Mugulur GP, Anekal Taluk",2016-2017,2.30000,0.00000,"12 Apr 2016","03 May 2023",2024-06-07
Karnataka,"Bengaluru Urban",Anekal,Mugalur,Thindlu,Thindlu,0000373517,0007406210,250120466,"Deep Tubewell","Ground Water",NA,"TFC190316 Drilling of Borewell at Thindlu Habitation, Mugulur GP, Anekal Taluk",2016-2017,2.30000,0.00000,"12 Apr 2016","03 May 2023",2024-06-07
Karnataka,"Bengaluru Urban",Anekal,Mugalur,Thindlu,Thindlu,0000373517,0007406211,250120467,"Deep Tubewell","Ground Water",NA,"TFC190316 Drilling of Borewell at Thindlu Habitation, Mugulur GP, Anekal Taluk",2016-2017,2.30000,0.00000,"12 Apr 2016","03 May 2023",2024-06-07
Karnataka,"Bengaluru Urban",Anekal,Ballur,Halehalli,Halehalli,0000373486,0007406661,250120841,"Deep Tubewell","Ground Water","village limit","TFC190316 Drilling of Borewell at Halehalli Habitation,Balluru GP, Anekal Taluk",2016-2017,2.30000,2.29173,"12 Apr 2016","28 Feb 2018",2024-06-07
Karnataka,"Bengaluru Urban",Anekal,Hennagara,Yarandahalli,Yarandahalli,0000373399,0007406822,250120962,"Deep Tubewell","Ground Water","village limit","TFC190316 Drilling of Borewell at Yarandahalli Habitation, Hennagara GP, Anekal Taluk",2015-2016,2.16000,0.00000,"12 Apr 2016","03 May 2023",2024-06-07
Karnataka,"Bengaluru Urban",Anekal,Hennagara,Masthenahalli,Mastenahalli,0000373397,0007406982,250121091,"Deep Tubewell","Ground Water","village limit","TFC190316 Drilling of Borewell at Mathestenahalli Habitation, Hennagara GP, Anekal Taluk",2016-2017,2.35000,2.34000,"12 Apr 2016","28 Feb 2018",2024-06-07
Karnataka,"Bengaluru Urban",Anekal,Haragadde,"Mada Pattana",Madapatna,0001622883,0007407067,250121155,"Deep Tubewell","Ground Water","village limit","TFC 19032016 Drilling of Borewell and Erection of Pumpset at Madapatna Habitation Haragdde GP Anekal Taluk",2016-2017,2.90000,0.00000,"12 Apr 2016","03 May 2023",2024-06-07
Karnataka,"Bengaluru Urban",Anekal,Haragadde,Haragadde,Haragadde,0001622881,0007407080,250121163,"Deep Tubewell","Ground Water","village limit","TFC190316 Re Drilling of Borewell  at Hragadde Habitation Hargadde GP Anekal Taluk",2016-2017,1.50000,1.49469,"12 Apr 2016","28 Feb 2018",2024-06-07
Karnataka,"Bengaluru Urban",Anekal,Samandur,Samandur,Samandur,0000373270,0007534725,250149568,"Deep Tubewell","Ground Water","Thimmasandra Tank Bed","SDP Revival Of PWS Scheme. Drilling of Borewell at Samanduru habitatioin in Samanduru GP.",2016-2017,2.50000,2.49165,"01 Sep 2016","31 Mar 2018",2024-06-07
Karnataka,"Bengaluru Urban",Anekal,Surgajakanahalli,Surgajakanahalli,Surgajakanahalli,0000373297,0007536332,250150926,"Deep Tubewell","Ground Water","Village limit","G Revival Of PWS Scheme. Drilling of Borewell at Suragajakkanahalli habitation in Suragajakkanahalli GP.",2016-2017,6.00000,0.00000,"01 Sep 2016","03 May 2023",2024-06-07
Karnataka,"Bengaluru Urban",Anekal,Samandur,Geritiganabele,Geritiganabele,0000373269,0007538354,250152830,"Deep Tubewell","Ground Water","Towards Main Road","G Revival Of PWS Scheme.(Pipeline)of Geritiganabele in Samnduru G P in Anekal Taluk",2016-2017,7.00000,6.78946,"01 Sep 2016","31 Mar 2018",2024-06-07
Karnataka,"Bengaluru Urban",Anekal,Marsoor,Haleuru,Haleuru,0000373312,0007539176,250153520,"Deep Tubewell","Ground Water","village limit","G Revival Of PWS Scheme",2016-2017,12.00000,12.20767,"01 Sep 2016","31 Mar 2018",2024-06-07
Karnataka,"Bengaluru Urban",Anekal,Samandur,Gudnahalli,Gudnahalli,0000373267,0007539201,250153532,"Deep Tubewell","Ground Water","village limit","G Revival of MWS Scheme of Gudnahalli Village in Samanduru G P in Anekal Taluk",2016-2017,6.00000,5.90989,"01 Sep 2016","31 Mar 2018",2024-06-07
Karnataka,"Bengaluru Urban",Anekal,Indlawadi,"Chikka Hosahalli","Chikka Hosahalli",0000373317,0007539452,250153766,"Deep Tubewell","Ground Water","village limit","G Revival Of PWS Scheme(BW) at Chikkahosahalli habitation,Indlawadi GP, Anekal Taluk",2016-2017,6.00000,5.92612,"01 Sep 2016","31 Mar 2018",2024-06-07
Karnataka,"Bengaluru Urban",Anekal,Indlawadi,Indlawadi,Indlawadi,0000373330,0007539517,250153833,"Deep Tubewell","Ground Water","village limit","SCP Revival Of PWS Scheme at Indlawadi habitation,Indlawadi GP, Anekal Taluk",2016-2017,7.00000,0.00000,"01 Sep 2016","31 Dec 2018",2024-06-07
Karnataka,"Bengaluru Urban",Anekal,Surgajakanahalli,Gowrenahalli,Gowrenahalli,0000373284,0007573483,250170321,"Deep Tubewell","Ground Water","Village Limit","TFC221116 Drilling of Borewell at Gowrenahalli Habitation in Surajakkanahalli  GP, Ane",2016-2017,2.50000,2.20419,"15 Jan 2017","31 Mar 2018",2024-06-07
Karnataka,"Bengaluru Urban",Anekal,Byagadadevanahalli,Chikkahagde,Chikkahagde,0000373337,0007573494,250170338,"Deep Tubewell","Ground Water","Chikkahagade Tank bed","TFC221116 Drilling of Borewell and Erection of Pumpset at Chikkahagade Habitation, Byagadadenahalli GP, Ane",2016-2017,5.00000,4.98524,"15 Jan 2017","31 Mar 2018",2024-06-07
Karnataka,"Bengaluru Urban",Anekal,Samandur,Sabmangala,Sabmangala,0000373266,0007642090,250186383,"Deep Tubewell","Ground Water","At Kempegowdanagara","TFC220217 Drilling of borewell At Sabmangala Habitation, Samnduru GP, Anekal Taluk.",2016-2017,2.50000,2.48615,"05 May 2017","31 Mar 2018",2024-06-07
Karnataka,"Bengaluru Urban",Anekal,Vannakanahalli,"Kempudommasandra (b)",Kempadommasandra,0000373304,0007642100,250186386,"Deep Tubewell","Ground Water","Village limit","TFC220217 Drilling of Borewell at Kempadommasandra Habitation, Vanakanahalli GP, Anekal Taluk,",2016-2017,2.50000,2.39296,"05 May 2017","31 Mar 2018",2024-06-07
Karnataka,"Bengaluru Urban",Anekal,Karpoor,Haldenahalli,Haldenahalli,0000373275,0007642180,250186402,"Deep Tubewell","Ground Water","Towards main road","TFC220217 Drilling of Borewell at Handenahalli Habitation, Handenahalli GP, Anekal Taluk.",2016-2017,2.50000,2.48534,"05 May 2017","31 Mar 2018",2024-06-07
Karnataka,"Bengaluru Urban",Anekal,Kallabalu,Bukkasagara,Bukkasagara,0000373365,0007710969,250197228,"Deep Tubewell","Ground Water","Village limit","TFCZP170417 Drilling of Borewell at Bukkasagar Habitation, Kallubalu GP, Anekal Taluk",2017-2018,2.15000,2.14862,"20 Jul 2017","30 Nov 2017",2024-06-07
Karnataka,"Bengaluru Urban",Anekal,Indlawadi,Karakalaghatta,Karikalgatta,0000373318,0007711114,250197254,"Deep Tubewell","Ground Water","Village limit","TFCZP170417 Drilling of Borewell at Karakalaghatta Habitation, Indlawadi GP, Anekal Taluk",2017-2018,2.25000,2.24598,"20 Jul 2017","31 Mar 2018",2024-06-07
Karnataka,"Bengaluru Urban",Anekal,Vannakanahalli,Choodenahalli,Kalyanakanahalli,0000373306,0007732658,250202382,"Deep Tubewell","Ground Water","Village main road","TFC 140317/170417 Drilling of Borewell Kalanayakanahalli Village Vanakanahalli G.P. Anekal Taluk",2017-2018,2.50000,2.48674,"22 Sep 2017","31 Jan 2019",2024-06-07
Karnataka,"Bengaluru Urban",Anekal,Haragadde,Nosenur,Nosenur,0000373352,0007739574,250205293,"Deep Tubewell","Ground Water","village limit","WPP KRIDL(3000 Series)  at Nosenuru Habitation, Haragadde G.P, Anekal Taluk, Bangalore Urban District",2017-2018,12.00000,9.85000,"25 Nov 2017","31 Mar 2019",2024-06-07
Karnataka,"Bengaluru Urban",Anekal,Bannerghatta,Gollahalli,Gollahalli,0000373434,0007407212,250121235,"Deep Tubewell","Ground Water","village limit","TFC190316 Drilling of Borewell at Gollahalli Habitation,Bannerughatta GP, Anekal Taluk",2016-2017,4.45000,0.00000,"12 Apr 2016","03 May 2023",2024-06-07
Karnataka,"Bengaluru Urban",Anekal,Haragadde,"Mada Pattana",Madapatna,0001622883,0007407331,250121328,"Deep Tubewell","Ground Water","village limit","TFC190316 Drilling of Borewell at Madapatna Habitation Hargadde GP Anekal Taluk",2016-2017,2.90000,2.90000,"12 Apr 2016","28 Feb 2018",2024-06-07
Karnataka,"Bengaluru Urban",Anekal,Mayasandra,Mutsandra,Mutsandra,0000373493,0007526898,250142590,"Deep Tubewell","Ground Water","Village limit","SCP Revival Of PWS Scheme and House Hold Connection (HH 54)at Mutsandra Habitation in Mayasandra G P Anekal Taluk",2016-2017,2.50000,2.48252,"01 Sep 2016","31 Mar 2018",2024-06-07
Karnataka,"Bengaluru Urban",Anekal,Hulimangala,Kempapura,Kempapura,0000373391,0007526975,250142663,"Deep Tubewell","Ground Water","Village Limit","SCP Revival Of MWS Scheme at Kempapura Habitation In Hulimangala  G P Anekal Taluk",2016-2017,10.00000,9.58869,"01 Sep 2016","31 Dec 2018",2024-06-07
Karnataka,"Bengaluru Urban",Anekal,Mantapa,Begihalli,Begihalli,0000373404,0007528509,250143872,"Deep Tubewell","Ground Water","Towards Main Road","SCP Revival of MWS Scheme at Begihalli Habitation,Mantapa GP, Anekal Taluk",2016-2017,6.00000,5.75590,"01 Sep 2016","31 Dec 2018",2024-06-07
Karnataka,"Bengaluru Urban",Anekal,Haragadde,Vaddarapalya,Vaddarapalya,0001622882,0007529335,250144685,"Deep Tubewell","Ground Water","village limit","SCP Revival of MWS Schemeand HH 30 at Vaddarapalya Habitation, Haragadde G.P. Anekal Taluk",2016-2017,6.00000,5.65980,"01 Aug 2016","31 Dec 2018",2024-06-07
Karnataka,"Bengaluru Urban",Anekal,Ragihalli,Shivanahalli,Shivanahalli,0000373451,0007529883,250145250,"Deep Tubewell","Ground Water","vILLAGE LIMIT","TSP Revival of MWS Scheme(SAGY) at Shivanahalli Habitation,Ragihalli GP, Anekal Taluk",2016-2017,7.50000,6.47250,"01 Sep 2016","03 May 2023",2024-06-07
Karnataka,"Bengaluru Urban",Anekal,Kallabalu,Harapanahalli,Harapanahalli,0000373368,0007530255,250145609,"Deep Tubewell","Ground Water","Village limit","TSP Revival of MWS Scheme at Harapanahalli Habitation, Kallubalu G.P. Anekal Taluk",2016-2017,9.00000,8.64142,"01 Sep 2016","31 Dec 2018",2024-06-07
Karnataka,"Bengaluru Urban",Anekal,Huskuru,Avalahalli,Avalahalli,0000373582,0007532386,250147534,"Deep Tubewell","Ground Water","Vilklage limit","SCP Revival Of PWS Scheme and House Hold Connection HH 62 at Avalahalli habitation in Huskuru GP, Anekal taluk",2016-2017,10.00000,9.47812,"01 Sep 2016","31 Mar 2018",2024-06-07
Karnataka,"Bengaluru Urban",Anekal,Vannakanahalli,Soluru,Soluru,0000373307,0007532448,250147600,"Deep Tubewell","Ground Water","village limit","SCP Revival  of PWS scheme and House hold connection(HH 53) at solur Habitation Vanakanhalli  GP Anekal Taluk",2016-2017,10.00000,9.28507,"01 Sep 2016","31 Mar 2018",2024-06-07
Karnataka,"Bengaluru Urban",Anekal,Indlawadi,Tammanayakanahalli,Arehalli,0000373325,0007532490,250147691,"Deep Tubewell","Ground Water","village limit","SCP Revival Of PWS Scheme. Drilling of Borewell at Arehalli habitation, Indlawadi GP.",2016-2017,2.50000,2.35486,"01 Sep 2016","31 Mar 2018",2024-06-07
Karnataka,"Bengaluru Urban",Anekal,Vannakanahalli,Choodenahalli,Choodenahalli,0000373298,0007532555,250147696,"Deep Tubewell","Ground Water","village limit","SCP Revival  of PWS scheme at Chudenahalli Habitation Vanakanhalli  GP Anekal Taluk",2016-2017,2.00000,1.99852,"01 Sep 2016","31 Mar 2018",2024-06-07
Karnataka,"Bengaluru Urban",Anekal,Marsoor,Shettihalli,Shettihalli,0000373314,0007532606,250147749,"Deep Tubewell","Ground Water","village limit","SCP Revival  of PWS scheme (Drilling of borewell) at Shettihalli Habitation Marasuru GP Anekal Taluk",2016-2017,2.50000,0.00000,"01 Sep 2016","03 May 2023",2024-06-07
Karnataka,"Bengaluru Urban",Anekal,Hennagara,Ramakrishnapura,Ramakrishnapura,0001622888,0007532683,250147828,"Deep Tubewell","Ground Water","Village limit","G Revival of MWS Scheme at RamaKrishnapura Habitation, Hennagara G.P, Anekal Taluk",2016-2017,7.00000,6.68952,"01 Sep 2016","31 Dec 2018",2024-06-07
Karnataka,"Bengaluru Urban",Anekal,Bidaraguppe,Jigala,Jigala,0000373496,0007532694,250147841,"Deep Tubewell","Ground Water","Village LIimit","G Revival Of PWS Scheme at Jigala habitation in Bidaraguppe GP.",2016-2017,6.00000,5.64536,"01 Sep 2016","31 Mar 2018",2024-06-07
Karnataka,"Bengaluru Urban",Anekal,Bidaraguppe,Indlabele,Indlabele,0000373495,0007532703,250147852,"Deep Tubewell","Ground Water","Village limit","G Revival Of PWS Scheme at Indlabele habitation in Bidaraguppe GP.",2016-2017,12.00000,11.37496,"01 Sep 2016","31 Mar 2018",2024-06-07
Karnataka,"Bengaluru Urban",Anekal,Vannakanahalli,Vannakanahalli,Vannakanahalli,0000373305,0007532733,250147882,"Deep Tubewell","Ground Water","M.I. Tank Bed","G Revival Of PWS Scheme at Vanakanahalli habitation in VanakanahalliGP.",2016-2017,8.00000,0.00000,"01 Sep 2016","03 May 2023",2024-06-07
Karnataka,"Bengaluru Urban",Anekal,Mayasandra,Mayasandra,Mayasandra,0000373490,0007533387,250148603,"Deep Tubewell","Ground Water","Village limit","G Revival Of PWS Scheme at Mayasandra habitation in Mayasandra GP.",2016-2017,7.00000,6.86154,"01 Sep 2016","31 Mar 2018",2024-06-07
Karnataka,"Bengaluru Urban",Anekal,Indlawadi,Indlawadi,Indlawadi,0000373330,0007739638,250205326,"Deep Tubewell","Ground Water","village limit","WPP66 SCP (3000 Series) Muttur Habitation, Indlawadi G.P, Anekal Taluk, Bangalore Urban District",2017-2018,12.00000,0.00000,"25 Nov 2017","03 May 2023",2024-06-07
Karnataka,"Bengaluru Urban",Anekal,Indlawadi,Thimmasandra,Thimmasandra,0000373320,0007739647,250205330,"Deep Tubewell","Ground Water","village limit","WPP70 TSP (3000 Series) Thimmasandra Habitation, Indlawadi G.P, Anekal Taluk, Bangalore Urban District",2017-2018,12.00000,9.63227,"25 Nov 2017","31 Jan 2019",2024-06-07
Karnataka,"Bengaluru Urban",Anekal,Indlawadi,Tammanayakanahalli,Muthuru,0000373324,0007739665,250205337,"Deep Tubewell","Ground Water","village limit","WPP66 SCP (3000 Series) Muttur Habitation, Indlawadi G.P, Anekal Taluk, Bangalore Urban District",2017-2018,12.00000,9.92863,"25 Nov 2017","03 May 2023",2024-06-07
Karnataka,"Bengaluru Urban",Anekal,Samandur,Hompalgatta,Hompalgatta,0000373265,0007739865,250205410,"Deep Tubewell","Ground Water","village limit","WPP41 SCP (3000 Series) Hompalaghatta Habitation, Samanduru G.P, Anekal Taluk, Bangalore Urban District",2017-2018,12.00000,9.59413,"25 Nov 2017","31 Mar 2019",2024-06-07
Karnataka,"Bengaluru Urban",Anekal,Samandur,Muthagatti,Muthagatti,0000373263,0007852621,250246479,"Deep Tubewell","Ground Water","village limit","G  Revival of MWS Scheme in Samanduru GP at Muthagatti village",2018-2019,5.00000,4.99474,"05 Sep 2018","30 Jun 2019",2024-06-07
Karnataka,"Bengaluru Urban",Anekal,Indlawadi,Indlawadipura,Indlawadipura,0000373327,0007853748,250247363,"Deep Tubewell","Ground Water","Near Nagaiahna doddi Main road","TFC NAC 2018 SCP Drilling of Borewells 3 No  for Revival of Water Supply Scheme in Chikka Hosahalli habitation Indlawadi  GP Anekal Taluk",2018-2019,8.15100,0.00000,"05 Sep 2018","03 May 2023",2024-06-07
Karnataka,"Bengaluru Urban",Anekal,Karpoor,Karpoor,Karpoor,0000373278,0007854019,250247591,"Deep Tubewell","Ground Water","Outskirts of the village","TFC NAC 2018 G Drilling of Borewells 5Nos  for Revival of Water Supply Scheme in Karpoor habitation Karpoor GP Anekal Taluk",2018-2019,12.59500,12.55252,"05 Sep 2018","31 Mar 2019",2024-06-07
Karnataka,"Bengaluru Urban",Anekal,Surgajakanahalli,Aduru,Aduru,0000373295,0007854226,250247789,"Deep Tubewell","Ground Water","Village limit","TFC NAC 2018 SCP Drilling of Borewells 2 Nos for Revival of Water Supply Scheme in Aduru habitation Suragajakkanahalli GP Anekal Taluk",2018-2019,4.66400,4.36615,"05 Sep 2018","31 Mar 2019",2024-06-07
Karnataka,"Bengaluru Urban",Anekal,Indlawadi,Indlawadi,Indlawadi,0000373330,0007739634,250205324,"Deep Tubewell","Ground Water","village limit","WPP64 SCP (3000 Series) Basavanapura Habitation, Indlawadi G.P, Anekal Taluk, Bangalore Urban District",2017-2018,12.00000,0.00000,"25 Nov 2017","03 May 2023",2024-06-07
Karnataka,"Bengaluru Urban",Anekal,Byagadadevanahalli,Soppahalli,Soppahalli,0000373340,0007739856,250205403,"Deep Tubewell","Ground Water","village limit","WPP39 SCP (3000 Series) Soppahalli Habitation, Byagadadenahalli G.P, Anekal Taluk, Bangalore Urban District",2017-2018,12.00000,9.62024,"25 Nov 2017","31 Jan 2019",2024-06-07
Karnataka,"Bengaluru Urban",Anekal,Vannakanahalli,Soluru,Soluru,0000373307,0007852558,250246424,"Deep Tubewell","Ground Water","village limit","SDP Providing Piped  Water Supply at Soluru Habitation, Soluru Village in Vanakanahalli GP",2018-2019,12.00000,12.52032,"05 Sep 2018","03 May 2023",2024-06-07
Karnataka,"Bengaluru Urban",Anekal,Haragadde,Nosenur,Nosenur,0000373352,0007852853,250246714,"Deep Tubewell","Ground Water","Village limit","TFC NAC 2018 SCP  Drilling of Borewell(1 No) for Revival of Water Supply Scheme Nosenuru Habitation Haragadde   GP Anekal Taluk",2018-2019,2.45000,2.40652,"12 Oct 2018","31 Mar 2019",2024-06-07
Karnataka,"Bengaluru Urban",Anekal,Marsoor,Shettihalli,Shettihalli,0000373314,0007854026,250247598,"Deep Tubewell","Ground Water","village limit","TFC NAC 2018 SCP Drilling of Borewells  2Nos  for Revival of Water Supply Scheme in Shettihalli habitation Marsoor GP Anekal Taluk",2018-2019,5.17000,4.69807,"05 Sep 2018","31 Mar 2019",2024-06-07
Karnataka,"Bengaluru Urban",Anekal,Surgajakanahalli,Sonnayakanapura,Sonnayakanapura,0000373288,0007854233,250247796,"Deep Tubewell","Ground Water",Sonnayakanapura-Chinnaiahnapalya,"TFC NAC 2018 SCP Drilling of Borewells 3 Nos for Revival of Water Supply Scheme in Sonnanayakanapura habitation Suragajakkanahalli GP Anekal Taluk",2018-2019,7.92000,7.91571,"05 Sep 2018","31 Mar 2019",2024-06-07
Karnataka,"Bengaluru Urban",Anekal,Mayasandra,Manchanahalli,Manchanahalli,0000373488,0007739622,250205319,"Deep Tubewell","Ground Water","village limit","WPP59 SCP (3000 Series) Manchanahalli Habitation, Mayasandra G.P, Anekal Taluk, Bangalore Urban District",2017-2018,12.00000,9.62292,"25 Nov 2017","31 Jan 2019",2024-06-07
Karnataka,"Bengaluru Urban",Anekal,Handenahalli,"S. Medihalli",Thyavakanahalli,0000373540,0007739671,250205343,"Deep Tubewell","Ground Water","village limit","WPP76 Gen (3000 Series) Tyavakanahalli Habitation, Handenahalli G.P, Anekal Taluk, Bangalore Urban District",2017-2018,12.00000,9.56000,"25 Nov 2017","31 Mar 2019",2024-06-07
Karnataka,"Bengaluru Urban",Anekal,Neriga,Chikkavaderapura,Chikkavaderapura,0001852905,0007807494,250221261,"Deep Tubewell","Ground Water","village limit","Revival of MWS at Chikkavaderapura",2017-2018,0.10000,0.00000,"05 May 2017","03 May 2023",2024-06-07
Karnataka,"Bengaluru Urban",Anekal,Bidaraguppe,Jigala,Jigala,0000373496,0007851144,250245212,"Deep Tubewell","Ground Water","Village LIimit","G Revival of MWS Scheme in Bidaraguppe GP at Jigala village, Anekal Taluk",2018-2019,8.00000,7.53078,"12 Oct 2018","03 May 2023",2024-06-07
Karnataka,"Bengaluru Urban",Anekal,Mantapa,Hullahalli,Hullahalli,0000373422,0007852162,250246063,"Deep Tubewell","Ground Water","Colony Road","SCP Revival of MWS Scheme at Hullahalli Habitation Mantapa GP Anekal Taluk",2018-2019,7.00000,0.00000,"05 Sep 2018","03 May 2023",2024-06-07
Karnataka,"Bengaluru Urban",Anekal,Hulimangala,Shikaripalya,Shikaripalya,0000373393,0007852443,250246318,"Deep Tubewell","Ground Water","Towards village","G Revival of MWS Scheme at Shikaripalya Habitation Hulimangala GP Anekal Taluk",2018-2019,5.00000,4.35293,"12 Oct 2018","03 May 2023",2024-06-07
Karnataka,"Bengaluru Urban",Anekal,Handenahalli,Handenahalli,Handenahalli,0000373542,0007852551,250246413,"Deep Tubewell","Ground Water","village limit","SDP Construction of Ground level storage Reserveyer (GLSR) at Handenahalli Habitation in handenahalli GP.",2018-2019,12.41000,0.00000,"05 Sep 2018","03 May 2023",2024-06-07
Karnataka,"Bengaluru Urban",Anekal,Hulimangala,Nanjapura,Nanjapura,0000373385,0007852777,250246635,"Deep Tubewell","Ground Water","Village limit","TFC NAC 2018 SCP  Drilling of Borewell(1 No) for Revival of Water Supply Scheme Nanjapura (Borewell 2) Habitation Hulimangala  GP Anekal Taluk",2018-2019,2.40000,2.35908,"12 Oct 2018","31 Mar 2019",2024-06-07
Karnataka,"Bengaluru Urban",Anekal,Hulimangala,Shikaripalya,Shikaripalya,0000373393,0007852819,250246679,"Deep Tubewell","Ground Water","Village limit","TFC NAC 2018 SCP  Drilling of Borewell(1 No) for Revival of Water Supply Scheme Shikaripalya (Borewell 3) Habitation Hulimangala  GP Anekal Taluk",2018-2019,2.25000,2.24478,"12 Oct 2018","31 Mar 2019",2024-06-07
Karnataka,"Bengaluru Urban",Anekal,Hulimangala,Hulimangala,Hulimangala,0000373388,0007852847,250246708,"Deep Tubewell","Ground Water","Village Limit","TFC NAC 2018 SCP  Drilling of Borewell(1 No) for Revival of Water Supply Scheme Hulimangala 4 Habitation Hulimangala  GP Anekal Taluk",2018-2019,2.90000,2.86984,"12 Oct 2018","31 Mar 2019",2024-06-07
Karnataka,"Bengaluru Urban",Anekal,Hulimangala,Shikaripalya,Shikaripalya,0000373393,0007852848,250246709,"Deep Tubewell","Ground Water","Village Limit","TFC NAC 2018 SCP Drilling of Borewell for Revival of Water Supply Scheme Shikaripalya (Borewell 5)Habitation Hulimangala GP Anekal Taluk",2018-2019,2.40000,2.35908,"12 Oct 2018","31 Mar 2019",2024-06-07
Karnataka,"Bengaluru Urban",Anekal,Marsoor,Naganaikanahalli,Naganayakanahalli,0000373310,0007918329,250285874,"Deep Tubewell","Ground Water","village limit","TSP Revival of MWS Driling of borewell,pump motor scheme at  Naganayakanahalli Habitation, Nelaguli G.P",2019-2020,7.00000,6.68493,"14 Oct 2019","03 May 2023",2024-06-07
Karnataka,"Bengaluru Urban",Anekal,Mantapa,Kalkere,Kalkere,0000373417,0007951912,250121270,"Deep Tubewell","Ground Water","village limit","TFC CEO 080319 Drilling of borewell  at Kallakere village Mantap G.p in Anekal taluk",2019-2020,2.42000,2.41475,"15 Mar 2019","03 May 2023",2024-06-07
Karnataka,"Bengaluru Urban",Anekal,Mantapa,Begihalli,Begihalli,0000373404,0007999420,250143872,"Deep Tubewell","Ground Water","Towards Main Road","10crore Revival of PWS scheme, Providing Pump Motor at Begihalli village, Matapa GP, Anekal Taluk",2020-2021,5.00000,4.99876,"16 Jun 2020","03 May 2023",2024-06-07
Karnataka,"Bengaluru Urban",Anekal,Haragadde,Dyavasandra,Dyavasandra,0001622880,0007999533,250143598,"Deep Tubewell","Ground Water",NA,"10crore Revival of PWS scheme, Drilling of Borewell  at Dyavasandra village, Haragadde GP, Anekal Taluk",2020-2021,2.50000,2.26271,"16 Jun 2020","03 May 2023",2024-06-07
Karnataka,"Bengaluru Urban",Anekal,Indlawadi,Karakalaghatta,Karikalgatta,0000373318,0008009239,250151778,"Deep Tubewell","Ground Water","Village Limit","10 Crore 22052020 Drilling of Borewell at Karikalgatta Habitation Indlawadi Grama Panchayath Anekal Taluk",2020-2021,3.75000,3.38717,"16 Jun 2020","03 May 2023",2024-06-07
Karnataka,"Bengaluru Urban",Anekal,Vannakanahalli,Telagarahalli,Telagarahalli,0000373301,0008009242,250148482,"Deep Tubewell","Ground Water","Tank Bed","10 Crore 22052020 Drilling of Borewell at Telagarahalli Habitation Vanakanahalli Grama Panchayath Anekal Taluk",2020-2021,3.75000,3.37910,"16 Jun 2020","03 May 2023",2024-06-07
Karnataka,"Bengaluru Urban",Anekal,Vannakanahalli,"Kempudommasandra (b)",Kempadommasandra,0000373304,0008027544,250148501,"Deep Tubewell","Ground Water","Village limit","CAP1 Drilling of borewell at Kempudommasandra village Vanakanahalli GP Anekal taluk",2020-2021,3.10000,3.09896,"27 May 2020","31 Aug 2020",2024-06-07
Karnataka,"Bengaluru Urban",Anekal,Marsoor,Madiwala,Madiwala,0000373311,0008031719,250285390,"Deep Tubewell","Ground Water","village limit","CAP2 Drilling of borewell at Madiwala village Marasuru GP Anekal taluk",2020-2021,3.30000,3.29622,"27 May 2020","03 May 2023",2024-06-07
Karnataka,"Bengaluru Urban",Anekal,Marsoor,Shettihalli,Shettihalli,0000373314,0008031791,250147748,"Deep Tubewell","Ground Water","village limit","CAP3 Drilling of  at Shettihalli  village Marasuru GP Anekal taluk",2020-2021,3.47500,0.00000,"27 May 2020","03 May 2023",2024-06-07
Karnataka,"Bengaluru Urban",Anekal,Vannakanahalli,"Kempudommasandra (b)",Kempadommasandra,0000373304,0008032534,250148501,"Deep Tubewell","Ground Water","Village limit","10 Crore 22052020  Drilling of Borewell at Kempadommasandra Habitation Vanakanahalli Grama Panchayath Anekal Taluk",2020-2021,3.94000,3.55470,"16 Jun 2020","03 May 2023",2024-06-07
Karnataka,"Bengaluru Urban",Anekal,Samandur,Samandur,Samandur,0000373270,0008032545,250284026,"Deep Tubewell","Ground Water","Thimmasandra Tank Bed","10 Crore 22052020 Drilling of Borewell at  Near Gerataganabele Habitation Samanduru Grama Panchayath Anekal Taluk",2020-2021,3.93000,3.54845,"16 Jun 2020","03 May 2023",2024-06-07
Karnataka,"Bengaluru Urban",Anekal,Mayasandra,Mayasandra,Mayasandra,0000373490,0008032553,250148603,"Deep Tubewell","Ground Water","Village limit","10 Crore 22052020  Drilling of Borewell at Mayasandra Habitation Mayasandra Grama Panchayath Anekal Taluk",2020-2021,3.80000,3.43071,"16 Jun 2020","03 May 2023",2024-06-07
Karnataka,"Bengaluru Urban",Anekal,Byagadadevanahalli,Kunimadiwala,Kunimadiwala,0000373345,0008032848,250293170,"Deep Tubewell","Ground Water","village limit","10 Crore 22052020 Drilling of Borewell at Kunimadiwala Habitation Byagadadenahalli Grama Panchayath Anekal Taluk",2020-2021,3.85000,3.47749,"16 Jun 2020","03 May 2023",2024-06-07
Karnataka,"Bengaluru Urban",Anekal,Sarjapura,Sarjapura,Sarjapura,0000373516,0008064245,250120512,"Deep Tubewell","Ground Water","vilage limit","CAP1 Drilling of borewell near Chandrashekar reddy home N R badavane Sarjapura village Sarjapura GP Anekal taluk",2020-2021,3.20000,3.19596,"27 May 2020","03 May 2023",2024-06-07
Karnataka,"Bengaluru Urban",Anekal,Muthanallur,Gopasandra,Gopasandra,0000373560,0008215399,4795959,"Deep Tubewell","Ground Water","Towards Main road","Providing Water Supply to  Anganawadi fitting of Taps to Kitchen and Toilets at Goopasandra Habitation Muthanalur GP Anekal Taluk",2020-2021,0.15000,0.00000,"17 Dec 2020","03 May 2023",2024-06-07
Karnataka,"Bengaluru Urban",Anekal,Sarjapura,Sarjapura,Sarjapura,0000373516,0008215433,5167006,"Deep Tubewell","Ground Water","Village Limits","Providing Water Supply to  Anganawadi fitting of Taps to Kitchen and Toilet yellamma temple habitation Sarjapura GP Anekal Taluk",2020-2021,0.15000,0.09558,"17 Dec 2020","03 May 2023",2024-06-07
Karnataka,"Bengaluru Urban",Anekal,Handenahalli,Handenahalli,Handenahalli,0000373542,0008215446,5167009,"Deep Tubewell","Ground Water","Village Limits","Providing Water Supply to  Anganawadi fitting of Taps to Kitchen and Toilet at Handenahalli Habitation Handenahalli GP Anekal Taluk",2020-2021,0.15000,0.09558,"17 Dec 2020","03 May 2023",2024-06-07
Karnataka,"Bengaluru Urban",Anekal,Handenahalli,Sollepura,Sollepura,0000373543,0008215454,5525144,"Deep Tubewell","Ground Water","Village limit","Providing Water Supply to  Anganawadi fitting of Taps to Kitchen and Toilet at Sollepura Habitation Handenahalli GP Anekal Taluk",2020-2021,0.15000,0.09558,"17 Dec 2020","03 May 2023",2024-06-07
Karnataka,"Bengaluru Urban",Anekal,Bidaraguppe,Jigala,Jigala,0000373496,0008215472,250147841,"Deep Tubewell","Ground Water","Village LIimit","Providing Water Supply to  Anganawadi fitting of Taps to Kitchen and Toilet at Jigala Habitation Bidaraguppe GP Anekal Taluk",2020-2021,0.13500,0.00000,"17 Dec 2020","03 May 2023",2024-06-07
Karnataka,"Bengaluru Urban",Anekal,Samandur,Geritiganabele,Geritiganabele,0000373269,0008215995,250152829,"Deep Tubewell","Ground Water","Village Limit","Providing water supply to Anganwadi fitting of taps to kitchen and toilet at Geretiganabele Habitation Samanduru GP Anekal Taluk",2020-2021,0.15000,0.13336,"17 Dec 2020","03 May 2023",2024-06-07
Karnataka,"Bengaluru Urban",Anekal,Samandur,Hompalgatta,Hompalgatta,0000373265,0008215998,250284055,"Deep Tubewell","Ground Water","village limit","Providing water supply to Anganwadi fitting of taps to kitchen and toilet at Hompalaghatta Habitation Samanduru GP Anekal Taluk",2020-2021,0.15000,0.13336,"17 Dec 2020","03 May 2023",2024-06-07
Karnataka,"Bengaluru Urban",Anekal,Samandur,Madiwala,"S. Madiwala",0000373271,0008216002,250284029,"Deep Tubewell","Ground Water","Tank Bed","Providing water supply to Anganwadi fitting of taps to kitchen and toilet at S Madiwala Habitation Samanduru GP Anekal Taluk",2020-2021,0.14000,0.14000,"17 Dec 2020","03 May 2023",2024-06-07
Karnataka,"Bengaluru Urban",Anekal,Indlawadi,Laxmipura,Laxmipura,0000373323,0008216025,5463084,"Deep Tubewell","Ground Water","Colony limit","Providing water supply to Anganwadi fitting of taps to kitchen and toilet at Lakshmipura Habitation Lakshmipura GP Anekal Taluk",2020-2021,0.15000,0.06668,"17 Dec 2020","03 May 2023",2024-06-07
Karnataka,"Bengaluru Urban",Anekal,Indlawadi,Bangladoddi,Bangaladoddi,0000373329,0008216035,250149509,"Deep Tubewell","Ground Water","Village Limits","Providing water supply to Anganwadi fitting of taps to kitchen and toilet at Bangladoddi Habitation Indalwadi GP Anekal Taluk",2020-2021,0.15000,0.15000,"17 Dec 2020","03 May 2023",2024-06-07
Karnataka,"Bengaluru Urban",Anekal,Vannakanahalli,Soluru,Soluru,0000373307,0008216049,5539989,"Deep Tubewell","Ground Water","Village limit","Providing water supply to Anganwadi fitting of taps to kitchen and toilet at Soluru Habitation Vanakanahalli GP Anekal Taluk",2020-2021,0.15000,0.06668,"17 Dec 2020","03 May 2023",2024-06-07
Karnataka,"Bengaluru Urban",Anekal,Mayasandra,Mayasandra,Mayasandra,0000373490,0008216086,250148603,"Deep Tubewell","Ground Water","Village limit","Providing water supply to Anganwadi fitting of taps to kitchen and toilet at Mayasandra B Habitation Mayasandra GP Anekal Taluk",2020-2021,0.15000,0.15000,"17 Dec 2020","03 May 2023",2024-06-07
Karnataka,"Bengaluru Urban",Anekal,Ballur,Ballur,Ballur,0000373484,0008216945,5166957,"Deep Tubewell","Ground Water","Village Limits","Providing water supply to Anganwadi fitting of taps to kitchen and toilet at Balluru Om shakthi layout Habitation Balluru GP Anekal Taluk",2020-2021,0.15000,0.00000,"17 Dec 2020","03 May 2023",2024-06-07
Karnataka,"Bengaluru Urban",Anekal,Bannerghatta,Bannerughatta,Bannerghatta,0000373430,0008222933,250144594,"Deep Tubewell","Ground Water","At Bannerghatta JHC","15 Crore 12102020 Revival of PWS Scheme Drilling of Borewell at Bannerughatta Champakadhama badavane Village  Bannerughatta GP Anekal  Taluk",2020-2021,2.75000,2.44513,"25 Feb 2021","03 May 2023",2024-06-07
Karnataka,"Bengaluru Urban",Anekal,Hulimangala,Maragondanahalli,Maragondanahalli,0000373392,0007533891,250148995,"Deep Tubewell","Ground Water","Village limit","G Revival Of MWS Scheme at Maragondanahalli habitation,Hulimangala GP, Anekal Taluk",2016-2017,20.00000,16.85724,"01 Sep 2016","31 Dec 2018",2024-06-07
Karnataka,"Bengaluru Urban",Anekal,Muthanallur,Kommasandra,Kommasandra,0000373556,0007534072,250149145,"Deep Tubewell","Ground Water","Main village road","SDP Revival Of PWS Scheme at Kommasandra habitation in Muthanalluru GP.",2016-2017,5.50000,4.98660,"01 Sep 2016","31 Mar 2018",2024-06-07
Karnataka,"Bengaluru Urban",Anekal,Huskuru,Gulimangala,Gulimangala,0000373583,0007534482,250149421,"Deep Tubewell","Ground Water","illage limit","SDP Revival Of PWS Scheme at Gulimangala habitation in Husukur GP.",2016-2017,5.50000,5.27852,"01 Sep 2016","31 Mar 2018",2024-06-07
Karnataka,"Bengaluru Urban",Anekal,Ballur,Kodlipura,Kodlipura,0000373485,0007534685,250149544,"Deep Tubewell","Ground Water","Village Limits","SDP Revival Of PWS Scheme. Drilling of Borewell at Kodlipura habitatioin in Balluru GP.",2016-2017,2.50000,2.48192,"01 Sep 2016","31 Mar 2018",2024-06-07
Karnataka,"Bengaluru Urban",Anekal,Byagadadevanahalli,"Kavala Hosahalli","Kavala Hosahalli",0001622879,0007535300,250150096,"Deep Tubewell","Ground Water","Colony limit","SCP Revival Of PWS Scheme and House Hold Connection HH 85 at Kavalahosahalli in Byagadadenahalli ofAnekal Taluk.",2016-2017,7.00000,7.09607,"01 Sep 2016","31 Mar 2018",2024-06-07
Karnataka,"Bengaluru Urban",Anekal,Mayasandra,Bakthipura,Bakthipura,0000373489,0007535559,250150223,"Deep Tubewell","Ground Water","Village Limit","SCP Revival Of PWS Scheme and House Hold Connection HH 20 at Bakthipura habitation in Mayasandra GP.",2016-2017,3.00000,2.97950,"01 Sep 2016","31 Dec 2018",2024-06-07
Karnataka,"Bengaluru Urban",Anekal,Haragadde,Nayanahalli,Nayanahalli,0001622885,0007535970,250150572,"Deep Tubewell","Ground Water","Colony Road","TSP Revival Of MWS Scheme and House Hold Connection HH 12 at Nayanahalli habitation in Haragadde GP.",2016-2017,6.50000,6.04862,"01 Sep 2016","31 Mar 2018",2024-06-07
Karnataka,"Bengaluru Urban",Anekal,Sarjapura,Sarjapura,Sarjapura,0000373516,0007536182,250150768,"Deep Tubewell","Ground Water","Sompura Gate","G Improvements to water Supply at Sarjapura habitation in Sarjapura GP.",2016-2017,80.00000,78.03504,"01 Sep 2016","03 May 2023",2024-06-07
Karnataka,"Bengaluru Urban",Anekal,Neralur,Adigondanahalli,Adigondanahalli,0000373481,0007536512,250151130,"Deep Tubewell","Ground Water","Village Limit","G Providing Piped water Supply Scheme Construction of OHT at Adigondnahalli in Neraluru G P in Anekal Taluk",2016-2017,25.00000,0.00000,"01 Sep 2016","03 May 2023",2024-06-07
Karnataka,"Bengaluru Urban",Anekal,Bidaraguppe,Mallenahallli,Malenahalli,0000373500,0007538353,250152828,"Deep Tubewell","Ground Water","Colony Road","G Revival Of PWS Scheme of Mallenahalli Village in Bidaraguppe G P in Anekal Taluk",2016-2017,6.00000,4.98617,"01 Sep 2016","31 Mar 2018",2024-06-07
Karnataka,"Bengaluru Urban",Anekal,Mayasandra,"M. Medihalli","M. Medihalli",0000373494,0007538463,250152928,"Deep Tubewell","Ground Water","Village limit","G Revival Of PWS Scheme  Drilling of Borewell of Medahalli  Village in Mayasandra G P  in Anekal Taluk",2016-2017,2.50000,2.49378,"01 Sep 2016","31 Mar 2018",2024-06-07
Karnataka,"Bengaluru Urban",Anekal,Neriga,Chikkanekundi,Chikkanekundi,0000373573,0007539175,250153519,"Deep Tubewell","Ground Water","village limit","G Revival of MWS Scheme at Chikkanekundi  Habitation in Neriga GP, Anekal Taluk.",2016-2017,6.00000,5.18425,"01 Sep 2016","31 Mar 2018",2024-06-07
Karnataka,"Bengaluru Urban",Anekal,Neralur,Neralur,Neralur,0000373479,0007539934,250154155,"Deep Tubewell","Ground Water","Near Private Lands","G Revival Of PWS Scheme of Neraluru Raghavendra Nagara in Neraluru G P in Anekal Taluk",2016-2017,10.00000,9.91870,"01 Sep 2016","31 Mar 2018",2024-06-07
Karnataka,"Bengaluru Urban",Anekal,Byagadadevanahalli,"Kavala Hosahalli","Kavala Hosahalli",0001622879,0007544186,250156835,"Deep Tubewell","Ground Water","village limit","SCP Providing Water Supply To Anganawadi at KavalHosahalli JHC habitation in Byagadenahalli GP.",2016-2017,1.00000,1.00000,"01 Sep 2016","31 Mar 2017",2024-06-07
Karnataka,"Bengaluru Urban",Anekal,Mayasandra,Mayasandra,Mayasandra,0000373490,0007573123,250170070,"Deep Tubewell","Ground Water","Outskirt of Village","TFC221116 Drilling of Borewell at Mayasandra Colony Habitation, Mayasandra GP, Ane",2016-2017,2.50000,2.49644,"15 Jan 2017","31 Mar 2018",2024-06-07
Karnataka,"Bengaluru Urban",Anekal,Mayasandra,Mayasandra,Mayasandra,0000373490,0007573124,250170072,"Deep Tubewell","Ground Water","Outskirt of Village","TFC221116 Drilling of Borewell at Mayasandra Colony Habitation, Mayasandra GP, Ane",2016-2017,2.50000,0.00000,"15 Jan 2017","03 May 2023",2024-06-07
Karnataka,"Bengaluru Urban",Anekal,Mayasandra,Bakthipura,Bakthipura,0000373489,0007573126,250170076,"Deep Tubewell","Ground Water",&amp;nbsp;,"TFC221116 Drilling of Borewell at Bakthipura Habitation, Mayasandra GP, Anekal Taluk",2016-2017,2.50000,2.49905,"15 Jan 2017","31 Mar 2018",2024-06-07
Karnataka,"Bengaluru Urban",Anekal,Kallabalu,Harapanahalli,Harapanahalli,0000373368,0007573271,250170185,"Deep Tubewell","Ground Water","Village limit","TFC221116 Redrilling of Borewell at Harappanahalli habitation, Kallubalu GP, Anekal Taluk",2016-2017,1.00000,0.99975,"15 Jan 2017","28 Feb 2018",2024-06-07
Karnataka,"Bengaluru Urban",Anekal,Haragadde,Haragadde,Haragadde,0001622881,0007573501,250170345,"Deep Tubewell","Ground Water","Village limit","TFC221116 Drilling of Borewell at Haragadde habitation, Haragadde GP, Anekal Taluk",2016-2017,2.30000,2.29644,"15 Jan 2017","28 Feb 2018",2024-06-07
Karnataka,"Bengaluru Urban",Anekal,Huskuru,Huskuru,Huskuru,0000373579,0007573551,250170397,"Deep Tubewell","Ground Water","Village limit","TFC221116 Drilling of Borewell at Huskuru Habitation  in Huskuru G.P. Anekal Taluk.",2016-2017,2.50000,2.39485,"15 Jan 2017","31 Mar 2018",2024-06-07
Karnataka,"Bengaluru Urban",Anekal,Hulimangala,Maragondanahalli,Maragondanahalli,0000373392,0007573586,250170430,"Deep Tubewell","Ground Water","Village limit","TFC221116 Drilling of Borewell at Maragondanahalli habitation, Hulimangala GP, Anekal Taluk",2016-2017,2.00000,1.99508,"15 Jan 2017","28 Feb 2018",2024-06-07
Karnataka,"Bengaluru Urban",Anekal,Mantapa,Kalkere,Kalkere,0000373417,0007573639,250170481,"Deep Tubewell","Ground Water","Main road","TFC221116 Drilling of Borewell at Kalkere habitation, Mantapa GP, Anekal Taluk",2016-2017,2.00000,1.99721,"15 Jan 2017","28 Feb 2018",2024-06-07
Karnataka,"Bengaluru Urban",Anekal,Hulimangala,Hulimangala,Hulimangala,0000373388,0007637093,250185438,"Deep Tubewell","Ground Water","Village Main Road","TFC220217 Drilling of borewell at Hulimangala Habitation,Hulimangala GP,Anekal Taluk",2016-2017,2.00000,1.99103,"05 May 2017","31 Mar 2018",2024-06-07
Karnataka,"Bengaluru Urban",Anekal,Mantapa,Kalkere,Kalkere,0000373417,0007637186,250185459,"Deep Tubewell","Ground Water","Main road","TFC220217 ReDrilling of borewell at Kalkere Gollahalli Habitation,Mantapa GP,Anekal Taluk",2016-2017,2.00000,1.98185,"05 May 2017","31 Mar 2018",2024-06-07
Karnataka,"Bengaluru Urban",Anekal,Ballur,Ballur,Ballur,0000373484,0007642102,250186387,"Deep Tubewell","Ground Water","Tank Bed","TFC220217 Drilling of borewell At Balluru Habitation, Balluru GP, Anekal Taluk.",2016-2017,2.50000,2.37941,"05 May 2017","31 Mar 2018",2024-06-07
Karnataka,"Bengaluru Urban",Anekal,Mantapa,Ramasandra,Ramasandra,0000373411,0007705674,250196486,"Deep Tubewell","Ground Water","Village limit","TFC170417 Drilling of Borewell at Ramasandra Habitation,  Mantappa GP, Anekal Taluk.",2017-2018,2.50000,2.34725,"10 Jul 2017","30 Nov 2017",2024-06-07
Karnataka,"Bengaluru Urban",Anekal,Handenahalli,Kotiganahalli,Kotiganahalli,0000373536,0007711132,250197256,"Deep Tubewell","Ground Water","Village limit","TFCZP170417 Drilling of Borewell at Kottiganahalli Habitation, Handenahalli GP, Anekal Taluk",2017-2018,2.10000,2.09985,"20 Jul 2017","31 Mar 2018",2024-06-07
Karnataka,"Bengaluru Urban",Anekal,Huskuru,Chookasandra,Chookasandra,0000373576,0007711157,250197259,"Deep Tubewell","Ground Water","Village limit","TFCZP170417 Drilling of Borewell at Chokkasandra Habitation, Huskuru GP, Anekal Taluk",2017-2018,2.30000,0.00000,"20 Jul 2017","03 May 2023",2024-06-07
Karnataka,"Bengaluru Urban",Anekal,Handenahalli,"S. Medihalli",Thyavakanahalli,0000373540,0007711231,250197278,"Deep Tubewell","Ground Water","Village Limit","TFCZP170417 Drilling of Borewell at Tyavakanahalli Habitation, Handenahalli GP, Anekal Taluk",2017-2018,2.50000,2.48716,"20 Jul 2017","31 Mar 2018",2024-06-07
Karnataka,"Bengaluru Urban",Anekal,Mantapa,Kaleshwari,Kaleswari,0000373409,0007739573,250205292,"Deep Tubewell","Ground Water","village limit","WPP KRIDL(3000 Series)  at Kaleshwari Habitation, Mantapa G.P, Anekal Taluk, Bangalore Urban District",2017-2018,12.00000,9.85000,"25 Nov 2017","31 Mar 2019",2024-06-07
Karnataka,"Bengaluru Urban",Anekal,Mantapa,"Hale Sampigehalli","Hale Sampigehalli",0000373412,0008222993,250080233,"Deep Tubewell","Ground Water","Near main road","15 Crore 12102020 Revival of PWS Scheme Drilling of Borewell at Hale sampigehalli   Village  Mantapa GP Anekal  Taluk",2020-2021,2.80000,2.51589,"25 Feb 2021","03 May 2023",2024-06-07
Karnataka,"Bengaluru Urban",Anekal,Mantapa,Kalkere,Kalkere,0000373417,0008222997,250080153,"Deep Tubewell","Ground Water","Near by Stone crusher","15 Crore 12102020 Revival of PWS Scheme Drilling of Borewell at Kalkere   Village  Mantapa GP Anekal  Taluk",2020-2021,2.80000,2.52018,"25 Feb 2021","03 May 2023",2024-06-07
Karnataka,"Bengaluru Urban",Anekal,Kallabalu,Mahanthalingapura,Mahanthalingapura,0000373373,0008223039,5497053,"Deep Tubewell","Ground Water","Village limit","15 Crore 12102020 Revival of PWS Scheme Drilling of Borewell at Mahanthalingapura   Village  Kallabalu GP Anekal  Taluk",2020-2021,2.75000,2.48041,"25 Feb 2021","03 May 2023",2024-06-07
Karnataka,"Bengaluru Urban",Anekal,Haragadde,Dyavasandra,Dyavasandra,0001622880,0008223043,250143598,"Deep Tubewell","Ground Water",NA,"15 Crore 12102020 Revival of PWS Scheme Providing  and  Installing Pump Motor   Dyavasandra Village  Haragadde   GP Anekal  Taluk",2020-2021,5.00000,4.95098,"25 Feb 2021","03 May 2023",2024-06-07
Karnataka,"Bengaluru Urban",Anekal,Haragadde,Dyavasandra,Dyavasandra,0001622880,0008223045,250143598,"Deep Tubewell","Ground Water",NA,"15 Crore 12102020 Revival of PWS Scheme Laying Pipeline at    Dyavasandra Village  Haragadde   GP Anekal  Taluk",2020-2021,5.00000,4.92314,"25 Feb 2021","03 May 2023",2024-06-07
Karnataka,"Bengaluru Urban",Anekal,Haragadde,Haragadde,Haragadde,0001622881,0008223049,250147907,"Deep Tubewell","Ground Water","Village limit","15 Crore 12102020 Revival of PWS Scheme Drilling of Borewell at Haragadde  Village  Haragadde GP Anekal  Taluk",2020-2021,3.00000,2.69819,"25 Feb 2021","03 May 2023",2024-06-07
Karnataka,"Bengaluru Urban",Anekal,Haragadde,Haragadde,Haragadde,0001622881,0008223054,250147907,"Deep Tubewell","Ground Water","Village limit","15 Crore 12102020 Revival of PWS Scheme  Laying of Pipeline and Providing water supply to  GP Building RS Kendra veterinary hospital GHP School and GLP School at Haragadde  Village  Haragadde GP Anekal  Taluk",2020-2021,4.00000,3.98264,"25 Feb 2021","03 May 2023",2024-06-07
Karnataka,"Bengaluru Urban",Anekal,Haragadde,"Nosenur Gollahalli","Nosenur Gollahalli",0000373353,0008223059,250149423,"Deep Tubewell","Ground Water","Village limit","15 Crore 12102020 Revival of PWS Scheme Drilling of Borewell at Nosenuru  Gollahalli Village  Haragadde GP Anekal  Taluk",2020-2021,2.75000,2.43974,"25 Feb 2021","03 May 2023",2024-06-07
Karnataka,"Bengaluru Urban",Anekal,Vannakanahalli,Vannakanahalli,Vannakanahalli,0000373305,0008226789,250147881,"Deep Tubewell","Ground Water","M.I. Tank Bed","15 crore 04022021 Revival of PWS Scheme Errection of Pumpset Electrification and Laying of Pipeline at  Vanakanhalli Village Vanakanhalli GP Anekal Taluk",2020-2021,5.00000,4.65983,"06 Feb 2021","03 May 2023",2024-06-07
Karnataka,"Bengaluru Urban",Anekal,Shantipura,"Chikka Nagamangala",Vaddarapalya,0000373586,0008229920,250034493,"Deep Tubewell","Ground Water","Village limit","Providing water supply to Anganwadi 1 fitting of taps to  kitchen and toilet at Chikkanagamangala Village Shantipura GP Anekal Taluk",2020-2021,0.13000,0.00000,"17 Dec 2020","03 May 2023",2024-06-07
Karnataka,"Bengaluru Urban",Anekal,Sarjapura,Sarjapura,Sarjapura,0000373516,0008234797,250120512,"Deep Tubewell","Ground Water","vilage limit","15 crore 04022021 Revival of PWS Scheme Providing and Laying Pipeline near Candramouleshwara temple at  Sarjapura Ward No 2  Village Sarjapura GP Anekal Taluk",2020-2021,4.49000,4.48815,"06 Feb 2021","03 May 2023",2024-06-07
Karnataka,"Bengaluru Urban",Anekal,Sarjapura,Sarjapura,Sarjapura,0000373516,0008234809,250120512,"Deep Tubewell","Ground Water","vilage limit","15 crore 04022021 Revival of PWS Scheme Drlling of BW 1 at Sarjapura Village Sarjapura GP Anekal taluk",2020-2021,3.80000,3.30344,"06 Feb 2021","03 May 2023",2024-06-07
Karnataka,"Bengaluru Urban",Anekal,Sarjapura,Sarjapura,Sarjapura,0000373516,0008234813,250120512,"Deep Tubewell","Ground Water","vilage limit","15 crore 04022021 Revival of PWS Scheme Drlling of BW 2 at Sarjapura Village Sarjapura GP Anekal taluk",2020-2021,3.90000,3.35944,"06 Feb 2021","03 May 2023",2024-06-07
Karnataka,"Bengaluru Urban",Anekal,Mayasandra,Kamblipura,Kamblipura,0000373492,0008235503,250148631,"Deep Tubewell","Ground Water","Village limit","15 crore 04022021 Revival of PWS Scheme Drlling of BW Errection of Pumpset  and Laying of Pipeline at Kamblipura Village Mayasandra GP Anekal Taluk",2020-2021,5.00000,4.76264,"06 Feb 2021","03 May 2023",2024-06-07
Karnataka,"Bengaluru Urban",Anekal,Marsoor,Adisonnahatti,Adisonnahatti,0000373315,0008238423,250147701,"Deep Tubewell","Ground Water","Village limit","15 crore 04022021 Errection of Pump motor Providing and Laying Pipeline at Adisonnahatti village Byagadadenahalli GP Anekal Taluk",2020-2021,4.92000,4.58181,"06 Feb 2021","03 May 2023",2024-06-07
Karnataka,"Bengaluru Urban",Anekal,Mayasandra,Manchanahalli,Manchanahalli,0000373488,0008230046,250147680,"Deep Tubewell","Ground Water","village limit","15 crore 04022021 Revival of PWS Scheme ReDrlling of BW at  Manchahalli  Village Mayasandra GP Anekal Taluk",2020-2021,2.00000,1.55558,"06 Feb 2021","03 May 2023",2024-06-07
Karnataka,"Bengaluru Urban",Anekal,Sarjapura,Sarjapura,Sarjapura,0000373516,0008234794,250120512,"Deep Tubewell","Ground Water","vilage limit","15 crore 04022021 Revival of PWS Scheme Providing and Laying Pipeline at Abbayya Circle at  Sarjapura Ward No 1  Village Sarjapura GP Anekal Taluk",2020-2021,4.50000,4.49606,"06 Feb 2021","03 May 2023",2024-06-07
Karnataka,"Bengaluru Urban",Anekal,Sarjapura,Sarjapura,Sarjapura,0000373516,0008234798,250120512,"Deep Tubewell","Ground Water","vilage limit","15 crore 04022021 Revival of PWS Scheme Providing and Laying Pipeline near WPP Plant at  Sarjapura Ward No1  Village Sarjapura GP Anekal Taluk",2020-2021,4.50000,4.49607,"06 Feb 2021","03 May 2023",2024-06-07
Karnataka,"Bengaluru Urban",Anekal,Sarjapura,Sarjapura,Sarjapura,0000373516,0008234820,250120512,"Deep Tubewell","Ground Water","vilage limit","15 crore 04022021 Revival of PWS Scheme ReDrlling of BW 1 at sarjapura Village Sarjapura GP Anekal taluk",2020-2021,1.80000,1.39952,"06 Feb 2021","03 May 2023",2024-06-07
Karnataka,"Bengaluru Urban",Anekal,Shantipura,Rayasandra,Rayasandra,0000373589,0008235524,250080098,"Deep Tubewell","Ground Water","Near Sadashivareddy House","15 crore 04022021 Revival of PWS Scheme Drlling of BW 2 at Rayasandra Village Shantipura GP Anekal Taluk",2020-2021,3.75000,3.25976,"06 Feb 2021","03 May 2023",2024-06-07
Karnataka,"Bengaluru Urban",Anekal,Surgajakanahalli,Gowrenahalli,Gowrenahalli,0000373284,0008238545,250170321,"Deep Tubewell","Ground Water","Village Limit","15 crore 04022021 Drilling of Borewell at Gowrenahalli Village Surajakkanahalli GP Anekal taluk",2020-2021,3.50000,3.15915,"06 Feb 2021","03 May 2023",2024-06-07
Karnataka,"Bengaluru Urban",Anekal,Surgajakanahalli,Surgajakanahalli,Surgajakanahalli,0000373297,0008238613,250187452,"Deep Tubewell","Ground Water","Village limit","15 crore 04022021 Drilling of Borewell Sonnanayakanapura Village Surajakkanahalli GP Anekal taluk",2020-2021,3.50000,3.15477,"06 Feb 2021","03 May 2023",2024-06-07
Karnataka,"Bengaluru Urban",Anekal,Sarjapura,Sarjapura,Sarjapura,0000373516,0008238743,250120512,"Deep Tubewell","Ground Water","vilage limit","15 crore 04022021 Providing Water Supply to  Veterinary Hospital fitting of Taps at Sarjapura Village Srajapura GP Anekal taluk",2020-2021,2.00000,1.98948,"06 Feb 2021","03 May 2023",2024-06-07
Karnataka,"Bengaluru Urban",Anekal,Huskuru,Huskuru,Huskuru,0000373579,0008238762,250084292,"Deep Tubewell","Ground Water","Near M I Lake","15 crore 04022021 Providing Water Supply to  Veterinary Hospital fitting of Taps at Huskur Village Huskur GP Anekal taluk",2020-2021,2.00000,1.99764,"06 Feb 2021","03 May 2023",2024-06-07
Karnataka,"Bengaluru Urban",Anekal,Haragadde,Haragadde,Haragadde,0001622881,0000558437,250253552,"Deep Tubewell","Ground Water","Village Limits","Near C.N. Badavane",2004-2005,13.25000,13.24500,"24 Mar 2005","22 Mar 2007",2024-06-07
Karnataka,"Bengaluru Urban",Anekal,Bannerghatta,Kariyappanahalli,Kariyappanahalli,0000373432,0007533481,250148679,"Deep Tubewell","Ground Water","Village limit","G Revival Of MWS Scheme at kariyappanahalli habitation,Banneraghatta GP, Anekal Taluk",2016-2017,10.00000,8.03503,"01 Sep 2016","31 Jan 2019",2024-06-07
Karnataka,"Bengaluru Urban",Anekal,Kallabalu,"Goninayakana Doddi","Goninayakana Doddi",0000373378,0007533490,250148686,"Deep Tubewell","Ground Water","Village Limits","G Revival Of MWS Scheme at Goninayakanadoddi habitation,kallaballu GP, Anekal Taluk",2016-2017,6.00000,5.44944,"01 Sep 2016","31 Dec 2018",2024-06-07
Karnataka,"Bengaluru Urban",Anekal,Neralur,Yadavanahalli,Yadavanahalli,0000373477,0007533554,250148742,"Deep Tubewell","Ground Water","Village limit","G Revival Of PWS Scheme at Yadavanahalli habitation in Neraluru GP.",2016-2017,8.00000,7.56581,"01 Sep 2016","31 Dec 2018",2024-06-07
Karnataka,"Bengaluru Urban",Anekal,Neralur,Itchangur,Itchangur,0000373474,0007533594,250148773,"Deep Tubewell","Ground Water","School main road","G Revival Of PWS Scheme at Itchnaguru habitation in Neraluru GP.",2016-2017,8.00000,10.42609,"01 Sep 2016","31 Mar 2018",2024-06-07
Karnataka,"Bengaluru Urban",Anekal,Kallabalu,Giddenahalli,Giddenahalli,0000373372,0007533638,250148804,"Deep Tubewell","Ground Water","Village limit","G Revival Of MWS Scheme at Giddenahalli habitation,Kallaballu GP, Anekal Taluk",2016-2017,8.00000,7.83178,"01 Sep 2016","31 May 2018",2024-06-07
Karnataka,"Bengaluru Urban",Anekal,Kallabalu,"Sattarsab Dinne","Satharsab Dinne",0000373367,0007868866,250260662,"Deep Tubewell","Ground Water","Village limit","TFC CEO 060418 Drilling of Borewell at Sattarsabidinne habitation Kallubalu GP Anekal Taluk",2018-2019,2.50000,2.33607,"31 Jan 2019","31 Mar 2019",2024-06-07
Karnataka,"Bengaluru Urban",Anekal,Kallabalu,Bukkasagara,Bukkasagara,0000373365,0007889189,250268647,"Deep Tubewell","Ground Water","village limit","GOI shifted to GOK  G Revival of MWS Scheme at Kallubalu Habitation Kallubalu GP Anekal Taluk",2018-2019,5.00000,4.53929,"01 Mar 2019","03 May 2023",2024-06-07
Karnataka,"Bengaluru Urban",Anekal,Kallabalu,Vaderamanchenahalli,Vaderamanchenahalli,0000373362,0007889199,250268655,"Deep Tubewell","Ground Water","village limit","GOI shifted to GOK G Revival of MWS Scheme at Vaderamanchenahalli Habitation Kallubalu GP Anekal Taluk",2018-2019,5.00000,4.52878,"01 Mar 2019","31 Jul 2019",2024-06-07
Karnataka,"Bengaluru Urban",Anekal,Surgajakanahalli,Gowrenahalli,Gowrenahalli,0000373284,0007900637,250271571,"Deep Tubewell","Ground Water","village limit","One Time Settelment  Of Bescom Bills On Account Of Capital Cost in Anekal Taluk.",2018-2019,2.00000,1.33000,"05 Sep 2018","31 Mar 2019",2024-06-07
Karnataka,"Bengaluru Urban",Anekal,Byagadadevanahalli,Byagadadenahalli,Byagadadenahalli,0000373346,0007913676,250283904,"Deep Tubewell","Ground Water","village limit","G Revival of PWS  Drilling of BW,Errection of Pumpset with Pipeline at Byagadadenahalli  Habitaion, Byagadadenahalli  village, Byagadadenahalli GP, Anekal Taluk.",2019-2020,8.50000,7.80676,"01 Oct 2019","03 May 2023",2024-06-07
Karnataka,"Bengaluru Urban",Anekal,Karpoor,Arvantigepura,Arvantigepura,0000373281,0007913746,250283970,"Deep Tubewell","Ground Water","village limit","SCP Augmentation of PWS Drilling of BW,Errection of Pumpset at Aravantigepura Habitation, Aravantigepura Village, Karpoor GP, Anekal Taluk",2019-2020,10.00000,9.69819,"01 Oct 2019","03 May 2023",2024-06-07
Karnataka,"Bengaluru Urban",Anekal,Byagadadevanahalli,Kunimadiwala,Kunimadiwala,0000373345,0007913794,250284013,"Deep Tubewell","Ground Water","village limit","G Augumentation of PWS  Drilling of BW,Errection of Pumpset with Pipeline at KUNIMADIWALA  Habitaion, KUNIMADIWALA  village, Byagadadenahalli GP, Anekal Taluk.",2019-2020,6.00000,5.65101,"01 Oct 2019","03 May 2023",2024-06-07
Karnataka,"Bengaluru Urban",Anekal,Karpoor,Bestamanahalli,Bestamanahalli,0000373279,0007913801,250284018,"Deep Tubewell","Ground Water","Village Limits","G Revival of PWS Errection of Pumpset with Pipeline at BESTAMANAHALLI  Habitaion, BESTAMANAHALLI  village, Karpoor GP, Anekal Taluk.",2019-2020,5.10000,4.64242,"01 Oct 2019","03 May 2023",2024-06-07
Karnataka,"Bengaluru Urban",Anekal,Samandur,Geritiganabele,Geritiganabele,0000373269,0007951834,250152830,"Deep Tubewell","Ground Water","Towards Main Road","TFC CEO08032019 Drilling of Borewell at Geritiganabele Habitation Samanduru GP Anekal Taluk",2019-2020,2.85000,2.84162,"16 Mar 2019","03 May 2023",2024-06-07
Karnataka,"Bengaluru Urban",Anekal,Byagadadevanahalli,Chikkahagde,Chikkahagde,0000373337,0007952296,250120855,"Deep Tubewell","Ground Water","village limit","TFC 231019 Drilling of Borewell  at Chikkahagade Habitation Byagadadenahalli GP Anekal Taluk",2019-2020,4.00000,3.99998,"29 Oct 2019","03 May 2023",2024-06-07
Karnataka,"Bengaluru Urban",Anekal,Bannerghatta,Shyanubhoganahalli,Shanubhoganahalli,0000373437,0007999347,250080155,"Deep Tubewell","Ground Water","Near by Temple","10crore Revival of PWS scheme, Providing Pump Motor at Shanubhoganahalli village, Bannerughatta GP, Anekal Taluk",2020-2021,5.00000,4.97073,"16 Jun 2020","03 May 2023",2024-06-07
Karnataka,"Bengaluru Urban",Anekal,Kallabalu,Poojiganapalya,Pujiganapalya,0000373375,0007999484,250147820,"Deep Tubewell","Ground Water","Village Limits","10crore Revival of PWS scheme, Providing Pump Motor at Poojaganapalya village, Kallubalu GP, Anekal Taluk",2020-2021,5.00000,4.97458,"16 Jun 2020","03 May 2023",2024-06-07
Karnataka,"Bengaluru Urban",Anekal,Indlawadi,Tammanayakanahalli,Tammanayakanahalli,0000373321,0008009240,250147622,"Deep Tubewell","Ground Water","village limit","10 Crore 22052020  Drilling of Borewell at Tammanayakanahalli Habitation Indlawadi Grama Panchayath Anekal Taluk",2020-2021,3.75000,3.38152,"16 Jun 2020","03 May 2023",2024-06-07
Karnataka,"Bengaluru Urban",Anekal,Neralur,Guddahatti,Guddahatti,0000373480,0008009320,250001347,"Deep Tubewell","Ground Water","Village limit","10 Crore 22052020 Drilling of Borewell at Guddahatti Habitation Neralur Grama Panchayath Anekal Taluk",2020-2021,3.75000,3.35673,"16 Jun 2020","03 May 2023",2024-06-07
Karnataka,"Bengaluru Urban",Anekal,Hulimangala,Shikaripalya,Shikaripalya,0000373393,0007852851,250246712,"Deep Tubewell","Ground Water","Village Limit","TFC NAC 2018 SCP  Drilling of Borewell(1 No) for Revival of Water Supply Scheme Shikaripalya (Borewell 6) Habitation Hulimangala  GP Anekal Taluk",2018-2019,2.50000,2.49663,"12 Oct 2018","31 Mar 2019",2024-06-07
Karnataka,"Bengaluru Urban",Anekal,Mantapa,Malenallasandra,Malenallasandra,0000373410,0007852944,250246765,"Deep Tubewell","Ground Water","Village Limit","TFC NAC 2018 SCP Drilling of Borewell(1 No) for Revival of Water Supply Scheme Mallanallasandra Habitation Mantapa  GP Anekal Taluk",2018-2019,2.30000,2.29821,"12 Oct 2018","31 Mar 2019",2024-06-07
Karnataka,"Bengaluru Urban",Anekal,Mantapa,Kalkere,Kalkere,0000373417,0007852948,250246769,"Deep Tubewell","Ground Water","Main road","TFC NAC 2018 SCP Drilling of Borewell(1 No) for Revival of Water Supply Scheme Kalkere Janatha Colony Habitation Mantapa  GP Anekal Taluk",2018-2019,1.55000,1.54742,"12 Oct 2018","31 Mar 2019",2024-06-07
Karnataka,"Bengaluru Urban",Anekal,Ballur,Ballur,Ballur,0000373484,0007853485,250247111,"Deep Tubewell","Ground Water","Tank Bed","TFC NAC 2018 G Drilling of Borewells 4 Nos for Revival of Water Supply Scheme in Balluru habitation Balluru GP Anekal Taluk",2018-2019,8.32700,7.56381,"05 Sep 2018","31 Mar 2019",2024-06-07
Karnataka,"Bengaluru Urban",Anekal,Ballur,Dasanapura,Dasanapura,0001622876,0007853491,250247120,"Deep Tubewell","Ground Water","Village Limits","TFC NAC 2018 SCP Drilling of Borewells 5 Nos for Revival of Water Supply Scheme in Dasanapura habitation Balluru GP Anekal Taluk",2018-2019,13.31000,12.38011,"05 Sep 2018","31 Mar 2019",2024-06-07
Karnataka,"Bengaluru Urban",Anekal,Ballur,Ballur,Ballur,0000373484,0007853521,250247150,"Deep Tubewell","Ground Water","Tank Bed","TFC NAC 2018 SCP Drilling of Borewells 1 No for Revival of Water Supply Scheme in Halehalli habitation Balluru GP Anekal Taluk",2018-2019,2.97000,0.00000,"05 Sep 2018","03 May 2023",2024-06-07
Karnataka,"Bengaluru Urban",Anekal,Bidaraguppe,Jigala,Jigala,0000373496,0007853645,250247247,"Deep Tubewell","Ground Water","Village LIimit","TFC NAC 2018 SCP Drilling of Borewells (1 No)  for Revival of Water Supply Scheme in Jigala habitation Bidaraguppe GP Anekal Taluk",2018-2019,3.10200,3.09637,"05 Sep 2018","31 Mar 2019",2024-06-07
Karnataka,"Bengaluru Urban",Anekal,Handenahalli,"S. Medihalli",Thyavakanahalli,0000373540,0007853797,250247406,"Deep Tubewell","Ground Water","Towards village road","TFC NAC 2018 SCP Drilling of Borewells 1 No  for Revival of Water Supply Scheme in Tyavakanahalli habitation Handenahalli GP Anekal Taluk",2018-2019,2.00200,1.99948,"05 Sep 2018","31 Mar 2019",2024-06-07
Karnataka,"Bengaluru Urban",Anekal,Mayasandra,Mutsandra,Mutsandra,0000373493,0007854043,250247611,"Deep Tubewell","Ground Water","Village limit","TFC NAC 2018 SCP Drilling of Borewells 2 Nos for Revival of Water Supply Scheme in Mutsandra habitation Mayasandra GP Anekal Taluk",2018-2019,4.58700,4.44036,"05 Sep 2018","31 Mar 2019",2024-06-07
Karnataka,"Bengaluru Urban",Anekal,Mugalur,Mugalur,Mugalur,0000373524,0007854045,250247613,"Deep Tubewell","Ground Water","Village limit","TFC NAC 2018 G Drilling of Borewell 1 No for Revival of Water Supply Scheme in Mugaluru habitation Mugaluru GP Anekal Taluk",2018-2019,2.43100,2.42739,"05 Sep 2018","31 Mar 2019",2024-06-07
Karnataka,"Bengaluru Urban",Anekal,Mugalur,"Pandithana Agrahara","Pandithana Agrahara",0000373525,0007854053,250247620,"Deep Tubewell","Ground Water","Main road","TFC NAC 2018 SCP Drilling of Borewells 1 Nos for Revival of Water Supply Scheme in Paditana Agrahara habitation Mugaluru GP Anekal Taluk",2018-2019,1.66100,1.65831,"05 Sep 2018","31 Mar 2019",2024-06-07
Karnataka,"Bengaluru Urban",Anekal,Muthanallur,Kommasandra,Kommasandra,0000373556,0007854057,250247624,"Deep Tubewell","Ground Water","Main village road","TFC NAC 2018 G Drilling of Borewell 1 No for Revival of Water Supply Scheme in Kommasandra habitation Muthanalluru GP Anekal Taluk",2018-2019,2.71700,2.71103,"05 Sep 2018","31 Mar 2019",2024-06-07
Karnataka,"Bengaluru Urban",Anekal,Muthanallur,"Singena Agrahara","Singena Agrahara",0000373562,0007854062,250247630,"Deep Tubewell","Ground Water","Village limit","TFC NAC 2018 G Drilling of Borewell 1 No for Revival of Water Supply Scheme in Singenagrahara habitation Mayasandra GP Anekal Taluk",2018-2019,2.37600,2.15886,"05 Sep 2018","31 Mar 2019",2024-06-07
Karnataka,"Bengaluru Urban",Anekal,Neralur,Balagaranahalli,Balagaranahalli,0000373476,0007854066,250247634,"Deep Tubewell","Ground Water","Main road","TFC NAC 2018 G Drilling of Borewell 1 No for Revival of Water Supply Scheme in Balagaranahalli habitation Neraluru GP Anekal Taluk",2018-2019,2.12300,2.12225,"05 Sep 2018","31 Mar 2019",2024-06-07
Karnataka,"Bengaluru Urban",Anekal,Neralur,Bendiganahalli,Bendiganahalli,0000373482,0007854067,250247635,"Deep Tubewell","Ground Water","village limit","TFC NAC 2018 SCP Drilling of Borewell 1 No for Revival of Water Supply Scheme in Bendiganahalli habitation Neraluru GP Anekal Taluk",2018-2019,6.74300,6.71124,"05 Sep 2018","31 Mar 2019",2024-06-07
Karnataka,"Bengaluru Urban",Anekal,Neralur,Neralur,Neralur,0000373479,0007854070,250247638,"Deep Tubewell","Ground Water","Village Limit","TFC NAC 2018 G Drilling of Borewell 1 No for Revival of Water Supply Scheme in Neraluru habitation Neraluru GP Anekal Taluk",2018-2019,1.50700,1.50166,"05 Sep 2018","31 Mar 2019",2024-06-07
Karnataka,"Bengaluru Urban",Anekal,Neralur,Thirumagondanahalli,Thirumagondanahalli,0000373478,0007854071,250247640,"Deep Tubewell","Ground Water","village limit","TFC NAC 2018 SCP Drilling of Borewells 2 Nos for Revival of Water Supply Scheme in Thirumagondanahalli habitation Neraluru GP Anekal Taluk",2018-2019,1.50700,0.00000,"05 Sep 2018","03 May 2023",2024-06-07
Karnataka,"Bengaluru Urban",Anekal,Neriga,"Nekundi Dommasandra","Nekundi Dommasandra",0000373572,0007854079,250247649,"Deep Tubewell","Ground Water","Village limit road","TFC NAC 2018 SCP Drilling of Borewell 1 No for Revival of Water Supply Scheme in Nekkundi Dommasandra habitation Neriga GP Anekal Taluk",2018-2019,0.88000,0.87882,"05 Sep 2018","31 Mar 2019",2024-06-07
Karnataka,"Bengaluru Urban",Anekal,Shantipura,"Chikka Nagamangala",Vaddarapalya,0000373586,0007854214,250247778,"Deep Tubewell","Ground Water","village limit","TFC NAC 2018 SCP Drilling of Borewells 4 Nos for Revival of Water Supply Scheme in Chikkanagamangala habitation Shantipura GP Anekal Taluk",2018-2019,10.50500,10.48496,"05 Sep 2018","31 Mar 2019",2024-06-07
Karnataka,"Bengaluru Urban",Anekal,Billapura,Booragunte,Booragunte,0000373533,0008215464,250148896,"Deep Tubewell","Ground Water","Village limit","Providing Water Supply to  Anganawadi fitting of Taps to Kitchen and Toilet at Booragunte Habitation Billapura GP Anekal Taluk",2020-2021,0.15000,0.09558,"17 Dec 2020","03 May 2023",2024-06-07
Karnataka,"Bengaluru Urban",Anekal,Bidaraguppe,Bidaraguppe,Bidaraguppe,0000373499,0008220775,250150905,"Deep Tubewell","Ground Water","Village limit","Providing water supply to Anganwadi fitting of taps to kitchen and toilet at Bidarguppe A Habitation Biddarguppe GP Anekal Taluk",2020-2021,0.15000,0.00000,"17 Dec 2020","03 May 2023",2024-06-07
Karnataka,"Bengaluru Urban",Anekal,Mantapa,Laxmipura,Laxmipura,0000373413,0008223000,250149371,"Deep Tubewell","Ground Water","Village Limits","15 Crore 12102020 Revival of PWS Scheme  Providing  Pump Motor and Laying of Pipeline at Lakshmipura   Village  Mantapa GP Anekal  Taluk",2020-2021,5.00000,4.99296,"25 Feb 2021","03 May 2023",2024-06-07
Karnataka,"Bengaluru Urban",Anekal,Mantapa,Chathekerepalya,Chathekerepalya,0000373423,0008223004,250170449,"Deep Tubewell","Ground Water","Village limit","15 Crore 12102020 Revival of PWS Scheme  Providing  Pump Motor and Laying of Pipeline at C K  Palya Village  Mantapa GP Anekal  Taluk",2020-2021,3.00000,2.98964,"25 Feb 2021","03 May 2023",2024-06-07
Karnataka,"Bengaluru Urban",Anekal,Hennagara,Hinnakki,Hinnakki,0000373401,0008223066,250278573,"Deep Tubewell","Ground Water","Village limit","15 Crore 12102020 Revival of PWS Scheme Providing Pump motor and Laying Pipeline at    Hinakki  Village  Hennagara  GP Anekal  Taluk",2020-2021,5.00000,4.99296,"25 Feb 2021","03 May 2023",2024-06-07
Karnataka,"Bengaluru Urban",Anekal,Hulimangala,Hulimangala,Hulimangala,0000373388,0008223068,250170409,"Deep Tubewell","Ground Water","Village Main Road","15 Crore 12102020 Revival of PWS Scheme Drilling of Borewell at Hulimanagala  Village  Hulimanagala GP Anekal  Taluk",2020-2021,2.87000,2.51957,"25 Feb 2021","03 May 2023",2024-06-07
Karnataka,"Bengaluru Urban",Anekal,Hulimangala,Maragondanahalli,Maragondanahalli,0000373392,0008223079,250148995,"Deep Tubewell","Ground Water","Village limit","15 Crore 12102020 Revival of PWS Scheme Providing Pump motor and Laying Pipeline at    Maragondanahalli Village  Hulimanagala GP Anekal  Taluk",2020-2021,5.00000,4.87117,"25 Feb 2021","03 May 2023",2024-06-07
Karnataka,"Bengaluru Urban",Anekal,Hulimangala,Shikaripalya,Shikaripalya,0000373393,0008223085,250149610,"Deep Tubewell","Ground Water","village limit","15 Crore 12102020 Revival of PWS Scheme  Providing Pump motor  Laying of Pipeline and Providing water supply to  Govt  PHC  Govt Urdu School at Shikaripalya Village  Hulimanagala GP Anekal  Taluk",2020-2021,5.00000,4.98549,"25 Feb 2021","03 May 2023",2024-06-07
Karnataka,"Bengaluru Urban",Anekal,Bidaraguppe,Mallenahallli,Malenahalli,0000373500,0008226768,250152828,"Deep Tubewell","Ground Water","Colony Road","15 crore 04022021 Revival of PWS Scheme Drlling of BW 2 and Laying of Pipeline at  Mallenahalli Village Bidaraguppe GP Anekal Taluk",2020-2021,4.90000,4.36108,"06 Feb 2021","03 May 2023",2024-06-07
Karnataka,"Bengaluru Urban",Anekal,Bidaraguppe,Mallenahallli,Malenahalli,0000373500,0008226768,250152827,"Deep Tubewell","Ground Water","Village Limit","15 crore 04022021 Revival of PWS Scheme Drlling of BW 2 and Laying of Pipeline at  Mallenahalli Village Bidaraguppe GP Anekal Taluk",2020-2021,4.90000,4.36108,"06 Feb 2021","03 May 2023",2024-06-07
Karnataka,"Bengaluru Urban",Anekal,Ballur,Dasanapura,Dasanapura,0001622876,0008226794,250150550,"Deep Tubewell","Ground Water","Village Limits","15 crore 04022021 Revival of PWS Scheme Drlling of BW at  Dasanapura Gate Village Balluru GP Anekal Taluk",2020-2021,4.00000,3.92530,"06 Feb 2021","03 May 2023",2024-06-07
Karnataka,"Bengaluru Urban",Anekal,Shantipura,Rayasandra,Rayasandra,0000373589,0008229922,250244993,"Deep Tubewell","Ground Water","village limit","Providing water supply to Anganwadi 2 fitting of taps to kitchen and toilet at Rayasandra Village Shantipura GP Anekal taluk",2020-2021,0.15000,0.06668,"17 Dec 2020","03 May 2023",2024-06-07
Karnataka,"Bengaluru Urban",Anekal,Mugalur,"Mahal Chowdadenahalli","Mahal Chowdadenahalli",0000373518,0008230257,250150644,"Deep Tubewell","Ground Water","Towards Main road","15 crore 04022021 Revival of PWS Scheme Errection of Pumpset Electrification and Laying of Pipeline 1 at  Mahal Chowdadenahalli  Village Mugaluru GP Anekal Taluk",2020-2021,5.00000,4.66015,"06 Feb 2021","03 May 2023",2024-06-07
Karnataka,"Bengaluru Urban",Anekal,Ballur,Ballur,Ballur,0000373484,0008234839,250150810,"Deep Tubewell","Ground Water","Tank Bed","15 crore 04022021 Drilling of Borewell Balluru Village Balluru GP Anekal Taluk",2020-2021,3.97000,3.41880,"06 Feb 2021","03 May 2023",2024-06-07
Karnataka,"Bengaluru Urban",Anekal,Ballur,Kodlipura,Kodlipura,0000373485,0008234846,250149544,"Deep Tubewell","Ground Water","Village Limits","15 crore 04022021 Drilling of Borewell at Kodipura Village Balluru GP Anekal taluk",2020-2021,3.99000,3.41432,"06 Feb 2021","03 May 2023",2024-06-07
Karnataka,"Bengaluru Urban",Anekal,Neralur,Thirumagondanahalli,Thirumagondanahalli,0000373478,0008234848,250254045,"Deep Tubewell","Ground Water","village limit","15 crore 04022021 Revival of PWS Scheme Drlling of BW 1 at Thirumagondanahalli Village Neraluru GP Anekal Taluk",2020-2021,3.80000,3.26390,"06 Feb 2021","03 May 2023",2024-06-07
Karnataka,"Bengaluru Urban",Anekal,Billapura,Adigarakallahalli,Adigarakallahalli,0000373538,0008235278,250148916,"Deep Tubewell","Ground Water","Village limit","15 crore 04022021 Revival of PWS Scheme Drlling of BW 1 and laying Pipeline at Adigarakallahalli Village Bidaraguppe GP Anekal Taluk",2020-2021,5.00000,4.44749,"06 Feb 2021","03 May 2023",2024-06-07
Karnataka,"Bengaluru Urban",Anekal,Billapura,Adigarakallahalli,Adigarakallahalli,0000373538,0008235283,250148916,"Deep Tubewell","Ground Water","Village limit","15 crore 04022021 Revival of PWS Scheme Drlling of BW 2 and laying Pipeline at Adigarakallahalli Village Bidaraguppe GP Anekal Taluk",2020-2021,5.00000,4.44749,"06 Feb 2021","03 May 2023",2024-06-07
Karnataka,"Bengaluru Urban",Anekal,Dommasandra,Dommasandra,Dommasandra,0000373592,0008235600,250260373,"Deep Tubewell","Ground Water","village limit","15 crore 04022021 Revival of PWS Scheme Drlling of BW 2 near Buriel ground at Dommasandra Village Dommasandra GP Anekal taluk",2020-2021,3.75000,3.37932,"06 Feb 2021","03 May 2023",2024-06-07
Karnataka,"Bengaluru Urban",Anekal,Yamare,Ittangur,Ittangur,0000373546,0008238155,250245210,"Deep Tubewell","Ground Water","village limit","15 crore 04022021 Drilling of Borewell at Ittanguru Village Yamare GP Anekal Taluk",2020-2021,3.95000,3.56140,"06 Feb 2021","03 May 2023",2024-06-07
Karnataka,"Bengaluru Urban",Anekal,Neralur,Thirumagondanahalli,Thirumagondanahalli,0000373478,0008238790,250254045,"Deep Tubewell","Ground Water","village limit","15 crore 04022021 Providing Water Supply facility to Anganawadi B at Thirumaganodanahalli Village Neraluru GP Anekal taluk",2020-2021,1.20000,1.19654,"06 Feb 2021","03 May 2023",2024-06-07
Karnataka,"Bengaluru Urban",Anekal,Neralur,Balagaranahalli,Balagaranahalli,0000373476,0008238797,250149588,"Deep Tubewell","Ground Water","Main road","15 crore 04022021 Providing Water Supply facility to Anganawadi at Balagaranahalli Village Neraluru GP Anekal taluk",2020-2021,1.20000,1.19654,"06 Feb 2021","03 May 2023",2024-06-07
Karnataka,"Bengaluru Urban",Anekal,Bidaraguppe,Mallenahallli,Malenahalli,0000373500,0008238805,250152827,"Deep Tubewell","Ground Water","Village Limit","15 crore 04022021 Providing Water Supply facility to Anganawadi at Mallenahalli Village Bidaraguppe GP Anekal taluk",2020-2021,0.45000,0.21644,"06 Feb 2021","03 May 2023",2024-06-07
Karnataka,"Bengaluru Urban",Anekal,Neriga,Heggondahalli,Heggondahalli,0000373570,0008240180,250152902,"Deep Tubewell","Ground Water","Village Limit","Providing and Installing WPP at Heggondanahalli Village Neriga  GP Anekal Taluk",2020-2021,12.00000,9.36270,"25 Aug 2020","03 May 2023",2024-06-07
Karnataka,"Bengaluru Urban",Anekal,Ragihalli,Shivanahalli,Shivanahalli,0000373451,0008240187,250275831,"Deep Tubewell","Ground Water","vILLAGE LIMIT","15 Crore 12102020 Revival of PWS Scheme Providing Pump Motor   Laying of Pipeline  at Ontimaranadoddi  Village  Ragihalli  GP Anekal  Taluk",2020-2021,5.00000,4.96539,"15 Feb 2021","03 May 2023",2024-06-07
Karnataka,"Bengaluru Urban",Anekal,Vannakanahalli,"Anekal Grama","Anekal Grama",0001852978,0008313206,250302052,"Deep Tubewell","Ground Water","village limit","Providing pipe line to  Anekal Grama village Vannakanahalli  G P Anekal Taluk",2018-2019,2.00000,1.95000,"01 Nov 2018","31 Mar 2019",2024-06-07
Karnataka,"Bengaluru Urban",Anekal,Hennagara,"Hennagara Amanikere","Hennagara Amanikere",0000373395,0007908040,250278651,"Deep Tubewell","Ground Water","Village limit","SCST Drilling of Borewell at  Hennagara Janatha ColonyHabitation,Hennagara GP Anekal Taluk",2019-2020,3.00000,2.63927,"19 Sep 2019","03 May 2023",2024-06-07
Karnataka,"Bengaluru Urban",Anekal,Hennagara,"Hennagara Amanikere","Hennagara Amanikere",0000373395,0007908053,250278668,"Deep Tubewell","Ground Water","Village limit","G Providing and Installing RO Plant at Hennagar  Habitation,Hennagara GP Anekal Taluk",2019-2020,9.00000,8.90874,"19 Sep 2019","03 May 2023",2024-06-07
Karnataka,"Bengaluru Urban",Anekal,Neralur,Itchangur,Itchangur,0000373474,0007912059,250282779,"Deep Tubewell","Ground Water","School main road","G Augumentation of PWS  Drilling of two BW,Errection of Pumpset with Pipeline  at Itchangur Habitaion, Itchangur village, Neraluru GP, Anekal Taluk.",2019-2020,16.00000,0.00000,"27 Sep 2019","03 May 2023",2024-06-07
Karnataka,"Bengaluru Urban",Anekal,Bidaraguppe,Indlabele,Indlabele,0000373495,0007912077,250282794,"Deep Tubewell","Ground Water","Village limit","G Revival of PWS Drilling of three BW,Errection of Pumpset  at Indlabele Habitaion, Indlabele village, Bidaraguppe GP, Anekal Taluk.",2019-2020,16.00000,0.00000,"27 Sep 2019","03 May 2023",2024-06-07
Karnataka,"Bengaluru Urban",Anekal,Yamare,Sompura,Sompura,0000373545,0007913309,250283631,"Deep Tubewell","Ground Water","Village limit","SCP Revival of PWS Drilling of Borewell at Sompura Habitation, Sompura Village, Yamare GP, Anekal Taluk",2019-2020,3.50000,3.49490,"30 Sep 2019","31 Jan 2020",2024-06-07
Karnataka,"Bengaluru Urban",Anekal,Huskuru,Avalahalli,Avalahalli,0000373582,0007913336,250283651,"Deep Tubewell","Ground Water","Vilklage limit","SCP Revival of PWS Additional amount for Construction of OHT at Avalahalli Habitation, Avalahalli Village, Huskuru GP, Anekal Taluk",2019-2020,7.50000,7.11788,"30 Sep 2019","03 May 2023",2024-06-07
Karnataka,"Bengaluru Urban",Anekal,Yamare,Chambenahalli,Chambenahalli,0000373552,0007913646,250283879,"Deep Tubewell","Ground Water","Village limit","G Augumentation  of PWS Drilling of Borewell at Chambenahalli Habitaion, Chambenahalli  village, Yamare GP, Anekal Taluk.",2019-2020,2.90000,2.89868,"01 Oct 2019","31 Jan 2020",2024-06-07
Karnataka,"Bengaluru Urban",Anekal,Mugalur,Kugur,Kugur,0000373527,0007913695,250283919,"Deep Tubewell","Ground Water","Village limit","G Revival of PWS Drilling of BW,Errection of Pumpset with Pipeline at KUGUR  Habitaion, KUGUR  village, MUGALUR GP, Anekal Taluk.",2019-2020,15.00000,13.17854,"01 Oct 2019","03 May 2023",2024-06-07
Karnataka,"Bengaluru Urban",Anekal,Mugalur,"Mahal Chowdadenahalli","Mahal Chowdadenahalli",0000373518,0007913721,250283942,"Deep Tubewell","Ground Water","Towards Main road","G Augumentation  of PWS Drilling of BW,Errection of Pumpset with Pipeline at MAHAL CHOWDADENAHALLI  Habitaion, MAHAL CHOWDADENAHALLI  village, MUGALUR GP, Anekal Taluk.",2019-2020,15.00000,14.56463,"01 Oct 2019","03 May 2023",2024-06-07
Karnataka,"Bengaluru Urban",Anekal,Ballur,Ballur,Ballur,0000373484,0007913865,250284068,"Deep Tubewell","Ground Water","Tank Bed","G Augumentation  of PWS Drilling of BW,Errection of Pumpset at Balluru  Habitaion, Balluru  village, Balluru GP, Anekal Taluk.",2019-2020,5.00000,4.99310,"01 Oct 2019","31 Jan 2020",2024-06-07
Karnataka,"Bengaluru Urban",Anekal,Shantipura,Shantipura,Shantipura,0001622895,0007913891,250284090,"Deep Tubewell","Ground Water","Village limit","G Revival of PWS Drilling of BW,Errection of Pumpset at Shantipura  Habitaion, Shantipura  village, Shantipura GP, Anekal Taluk.",2019-2020,6.00000,5.84798,"01 Oct 2019","03 May 2023",2024-06-07
Karnataka,"Bengaluru Urban",Anekal,Neralur,Itchangur,Itchangur,0000373474,0007917472,250285701,"Deep Tubewell","Ground Water","School main road","G Augumentation of PWS  Drilling of two BW,Errection of Pumpset with Pipeline  at Itchangur Habitaion, Itchangur village, Neraluru GP, Anekal Taluk.",2019-2020,20.00000,18.94319,"11 Oct 2019","03 May 2023",2024-06-07
Karnataka,"Bengaluru Urban",Anekal,Bidaraguppe,Mallenahallli,Malenahalli,0000373500,0007917501,250285718,"Deep Tubewell","Ground Water","village limit","G Revival of PWS Drilling of two BW,Errection of Pumpset  at Malenahalli Habitaion, Malenahalli village, Bidaraguppe GP, Anekal Taluk.",2019-2020,17.00000,16.55264,"11 Oct 2019","03 May 2023",2024-06-07
Karnataka,"Bengaluru Urban",Anekal,Bannerghatta,Kariyappanahalli,Kariyappanahalli,0000373432,0007951852,250148679,"Deep Tubewell","Ground Water","Village limit","TFC CEO 080319 Drilling of borewell banneraghatta G.p at kariyappanahalli village in Anekal taluk",2019-2020,1.44000,1.42791,"16 Mar 2019","03 May 2023",2024-06-07
Karnataka,"Bengaluru Urban",Anekal,Ballur,Kodlipura,Kodlipura,0000373485,0007952254,250149544,"Deep Tubewell","Ground Water","Village Limits","TFC 231019 Drilling of Borewell at Kodalipura Habitation Balluru GP Anekal Taluk",2019-2020,4.00000,3.98130,"29 Oct 2019","03 May 2023",2024-06-07
Karnataka,"Bengaluru Urban",Anekal,Huskuru,Kaggalipura,Kaggalipura,0000373574,0007952386,250149193,"Deep Tubewell","Ground Water","Village limit","TFC CEO080319 Drilling of Borewell at Kaggalipura Habitation Huskuru GP Anekal Taluk",2019-2020,2.80000,2.79496,"16 Mar 2019","03 May 2023",2024-06-07
Karnataka,"Bengaluru Urban",Anekal,Handenahalli,Handenahalli,Handenahalli,0000373542,0007952753,250247357,"Deep Tubewell","Ground Water","Sollepura Road","TFC CEO080319 Drilling of Borewell at S Medahalli Habitation Handenahalli GP Anekal Taluk",2019-2020,2.80000,2.79496,"16 Mar 2019","03 May 2023",2024-06-07
Karnataka,"Bengaluru Urban",Anekal,Billapura,Booragunte,Booragunte,0000373533,0007981240,250148896,"Deep Tubewell","Ground Water","Village limit","WPP Providing Water Purification Plant at Buragunte Habitation  Billapura GP  Anekal Taluk",2019-2020,9.28000,7.09780,"18 Jan 2020","03 May 2023",2024-06-07
Karnataka,"Bengaluru Urban",Anekal,Kallabalu,Balarabande,Balarabande,0000373381,0007998788,250290070,"Deep Tubewell","Ground Water","Village limit","CAP1 Drilling of Borewell at Balarabande Habitation Kallabalu Gp Anekal Taluk",2020-2021,2.50000,2.49568,"28 May 2020","31 Jul 2020",2024-06-07
Karnataka,"Bengaluru Urban",Anekal,Bannerghatta,Shyanubhoganahalli,Shanubhoganahalli,0000373437,0007998795,250290077,"Deep Tubewell","Ground Water","Village limit","CAP3 CEO Redrilling of Borewell at Shanubhoganahalli  (near Government School) Habitation Bannerughatta  Gp Anekal Taluk",2020-2021,1.50000,1.49205,"28 May 2020","31 Jul 2020",2024-06-07
Karnataka,"Bengaluru Urban",Anekal,Haragadde,"Mada Pattana",Madapatna,0001622883,0007998796,250246332,"Deep Tubewell","Ground Water","Towards Main Road","CAP3 CEO Drilling of Borewell at Madapatna Habitation Haragadde   Gp Anekal Taluk",2020-2021,3.20000,3.13622,"28 May 2020","31 Jul 2020",2024-06-07
Karnataka,"Bengaluru Urban",Anekal,Bannerghatta,Shyanubhoganahalli,Shanubhoganahalli,0000373437,0007999347,250290090,"Deep Tubewell","Ground Water","village limit","10crore Revival of PWS scheme, Providing Pump Motor at Shanubhoganahalli village, Bannerughatta GP, Anekal Taluk",2020-2021,5.00000,4.97073,"16 Jun 2020","03 May 2023",2024-06-07
Karnataka,"Bengaluru Urban",Anekal,Mantapa,Kalkere,Kalkere,0000373417,0007999427,250246327,"Deep Tubewell","Ground Water","Main road","10crore Revival of PWS scheme, Providing Pump Motor at Kalkere village, Matapa GP, Anekal Taluk",2020-2021,5.00000,4.99438,"16 Jun 2020","03 May 2023",2024-06-07
Karnataka,"Bengaluru Urban",Anekal,Kallabalu,Balarabande,Balarabande,0000373381,0007999476,250290100,"Deep Tubewell","Ground Water","village limit","10crore Revival of PWS scheme, Providing Pump Motor at Balarabande village, Kallubalu GP, Anekal Taluk",2020-2021,5.00000,4.98922,"16 Jun 2020","03 May 2023",2024-06-07
Karnataka,"Bengaluru Urban",Anekal,Haragadde,Haragadde,Haragadde,0001622881,0007999494,250290103,"Deep Tubewell","Ground Water","village limit","10crore Revival of PWS scheme, Drilling of borewell at Haragadde village, Haragadde GP, Anekal Taluk",2020-2021,2.50000,2.26632,"16 Jun 2020","03 May 2023",2024-06-07
Karnataka,"Bengaluru Urban",Anekal,Hulimangala,"S. Bingipura","S. Bingipura",0000373389,0007999543,250290109,"Deep Tubewell","Ground Water","village limit","10crore Revival of PWS scheme, Drilling of Borewell  at Bingipura village, Hulimangala GP, Anekal Taluk",2020-2021,2.50000,2.12439,"16 Jun 2020","03 May 2023",2024-06-07
Karnataka,"Bengaluru Urban",Anekal,Mayasandra,Manchanahalli,Manchanahalli,0000373488,0008009228,250245106,"Deep Tubewell","Ground Water","village limit","10 Crore 22052020 Drilling of Borewell at Manchanahalli Habitation Mayasandra Grama Panchayath Anekal Taluk",2020-2021,3.75000,3.38475,"16 Jun 2020","03 May 2023",2024-06-07
Karnataka,"Bengaluru Urban",Anekal,Ballur,Halehalli,Halehalli,0000373486,0008009231,250246481,"Deep Tubewell","Ground Water","village limit","10 Crore 22052020 Drilling of Borewell at Halehalli Habitation Balluru Grama Panchayath Anekal Taluk",2020-2021,3.75000,3.38153,"16 Jun 2020","03 May 2023",2024-06-07
Karnataka,"Bengaluru Urban",Anekal,Muthanallur,"Singena Agrahara","Singena Agrahara",0000373562,0008009272,250149045,"Deep Tubewell","Ground Water","Village limit","10 Crore 22052020  Drilling of Borewell at Singena Agrahara Habitation Muthanalluru Grama Panchayath Anekal Taluk",2020-2021,4.00000,3.62144,"16 Jun 2020","03 May 2023",2024-06-07
Karnataka,"Bengaluru Urban",Anekal,Mugalur,"Dodda Thimmasandra","Dodda Thimmasandra",0000373520,0008009304,250148857,"Deep Tubewell","Ground Water","Towards main road","10 Crore 22052020  Drilling of Borewell at Doddathimmasandra Habitation Mugaluru Grama Panchayath Anekal Taluk",2020-2021,3.75000,3.37991,"16 Jun 2020","03 May 2023",2024-06-07
Karnataka,"Bengaluru Urban",Anekal,Neralur,Neralur,Neralur,0000373479,0008009319,250154154,"Deep Tubewell","Ground Water","Village Limit","10 Crore 22052020 Drilling of Borewell at Neralur Habitation Neralur Grama Panchayath Anekal Taluk",2020-2021,3.75000,3.37970,"16 Jun 2020","03 May 2023",2024-06-07
Karnataka,"Bengaluru Urban",Anekal,Neralur,Balagaranahalli,Balagaranahalli,0000373476,0008009322,250149588,"Deep Tubewell","Ground Water","Main road","10 Crore 22052020  Drilling of Borewell at Balagaranahalli Habitation Neralur Grama Panchayath Anekal Taluk",2020-2021,3.75000,3.38293,"16 Jun 2020","03 May 2023",2024-06-07
Karnataka,"Bengaluru Urban",Anekal,Neralur,Neralur,Neralur,0000373479,0008031788,250154155,"Deep Tubewell","Ground Water","Near Private Lands","CAP3 Drilling of  at Neralru (Ambedkarnagar)  village Neraluru GP Anekal taluk",2020-2021,3.20000,0.00000,"27 May 2020","03 May 2023",2024-06-07
Karnataka,"Bengaluru Urban",Anekal,Mugalur,"Mahal Chowdadenahalli","Mahal Chowdadenahalli",0000373518,0008031801,250150644,"Deep Tubewell","Ground Water","Towards Main road","CAP3 Drilling of  at MahalChowdadenahalli village Mugaluru GP Anekal taluk",2020-2021,3.47500,0.00000,"27 May 2020","03 May 2023",2024-06-07
Karnataka,"Bengaluru Urban",Anekal,Neriga,Chikkadasarahalli,Chikkadasarahalli,0000373563,0008032838,250148753,"Deep Tubewell","Ground Water","Village limit","10 Crore 22052020 Drilling of Borewell at Chikkadasarahalli Habitation Neriga Grama Panchayath Anekal Taluk",2020-2021,3.85000,3.47345,"16 Jun 2020","03 May 2023",2024-06-07
Karnataka,"Bengaluru Urban",Anekal,Sarjapura,Sarjapura,Sarjapura,0000373516,0008064233,250265186,"Deep Tubewell","Ground Water","Sompura Gate","CAP1 Drilling of borewell near Bisleri factory Sarjapura village Sarjapura GP Anekal taluk",2020-2021,3.10000,3.09965,"27 May 2020","03 May 2023",2024-06-07
Karnataka,"Bengaluru Urban",Anekal,Dommasandra,Dommasandra,Dommasandra,0000373592,0008064308,250170332,"Deep Tubewell","Ground Water","Village limit","10 Crore 22052020 Drilling of Borewell at Dommasandra Habitation Dommasandra Grama Panchayath Anekal Taluk",2020-2021,3.75000,3.37970,"16 Jun 2020","03 May 2023",2024-06-07
Karnataka,"Bengaluru Urban",Anekal,Dommasandra,Dommasandra,Dommasandra,0000373592,0008064323,250170332,"Deep Tubewell","Ground Water","Village limit","10 Crore 22052020 Drilling of Borewell at near Dommasandra Habitation Dommasandra Grama Panchayath Anekal Taluk",2020-2021,3.85000,3.47345,"16 Jun 2020","03 May 2023",2024-06-07
Karnataka,"Bengaluru Urban",Anekal,Neralur,Neralur,Neralur,0000373479,0008215407,250154154,"Deep Tubewell","Ground Water","Village Limit","Providing Water Supply to  Anganawadi fitting of Taps to Kitchen and Toilets at Neraluru A Habitation Neraluru GP Anekal Taluk",2020-2021,0.15000,0.13674,"17 Dec 2020","03 May 2023",2024-06-07
Karnataka,"Bengaluru Urban",Anekal,Neralur,Neralur,Neralur,0000373479,0008215409,250154155,"Deep Tubewell","Ground Water","Near Private Lands","Providing Water Supply to  Anganawadi fitting of Taps to Kitchen and Toilet at Ragavanagara Habitation Neraluru GP Anekal Taluk",2020-2021,0.15000,0.09558,"17 Dec 2020","03 May 2023",2024-06-07
Karnataka,"Bengaluru Urban",Anekal,Neralur,Itchangur,Itchangur,0000373474,0008215422,250148773,"Deep Tubewell","Ground Water","School main road","Providing Water Supply to  Anganawadi fitting of Taps to Kitchen and Toilet at Ittchanguru Habitation Neraluru GP Anekal Taluk",2020-2021,0.15000,0.09558,"17 Dec 2020","03 May 2023",2024-06-07
Karnataka,"Bengaluru Urban",Anekal,Neralur,Itchangur,Vaddarapalya,0000373475,0008215424,250154122,"Deep Tubewell","Ground Water","village limit","Providing Water Supply to  Anganawadi fitting of Taps to Kitchen and Toilet at Ittchanguru Vaddarapalya B Neraluru GP Anekal Taluk",2020-2021,0.15000,0.14337,"17 Dec 2020","03 May 2023",2024-06-07
Karnataka,"Bengaluru Urban",Anekal,Mugalur,"Dodda Thimmasandra","Dodda Thimmasandra",0000373520,0008215434,250283913,"Deep Tubewell","Ground Water","Towards main road","Providing Water Supply to  Anganawadi fitting of Taps to Kitchen and Toilet at Doddathimmasandra Habitation Mugaluru GP Anekal Taluk",2020-2021,0.15000,0.09558,"17 Dec 2020","03 May 2023",2024-06-07
Karnataka,"Bengaluru Urban",Anekal,Shantipura,Shantipura,Shantipura,0001622895,0007868797,250260610,"Deep Tubewell","Ground Water","Village limit","TFC CEO 060418 Drilling of Borewell at Rayasandra habitation Shantipura GP Anekal Taluk",2018-2019,2.50000,2.49626,"28 Jan 2019","31 May 2019",2024-06-07
Karnataka,"Bengaluru Urban",Anekal,Haragadde,"Mada Pattana",Madapatna,0001622883,0007873671,250263408,"Deep Tubewell","Ground Water","Village limit","TFC24122018 Drilling of Borewell at Haragadde GP  Madapatna  Habitation Anekal  Taluk",2018-2019,2.50000,2.38818,"23 Feb 2019","31 Oct 2019",2024-06-07
Karnataka,"Bengaluru Urban",Anekal,Bidaraguppe,Bidaraguppe,Bidaraguppe,0000373499,0007878012,250265146,"Deep Tubewell","Ground Water","Village Limits","241218 Drilling of Borewell at Silk Farm Habitation, Bidaraguppe GP Anekal Taluk",2018-2019,2.50000,2.49541,"05 Mar 2019","31 May 2019",2024-06-07
Karnataka,"Bengaluru Urban",Anekal,Neriga,"Nekundi Dommasandra","Nekundi Dommasandra",0000373572,0007878073,250265197,"Deep Tubewell","Ground Water","Village limit road","TFC241218 Drilling of Borewell at Nekkundi Dommasandra Habitation Neriga GP Anekal Taluk",2018-2019,2.50000,2.49439,"05 Mar 2019","31 May 2019",2024-06-07
Karnataka,"Bengaluru Urban",Anekal,Haragadde,Dyavasandra,Dyavasandra,0001622880,0007900296,250271437,"Deep Tubewell","Ground Water","village limit","SCP Revival of MWS Scheme  at Dyavasandra Habitation, Haragade GP, Anekal Taluk. (Scheme Id 7528162 Continuation)",2018-2019,6.00000,0.00000,"11 Dec 2018","03 May 2023",2024-06-07
Karnataka,"Bengaluru Urban",Anekal,Bannerghatta,"Hakkipikki Colony","Akki Pikki Colony",0000373441,0007905024,250275423,"Deep Tubewell","Ground Water","Bore well - Near Hut Stream, Hakkipikki Colony (01)","SCP  Revival of  MWS Drilling of Bore well, Erection of Pump motor  at  Hakki pikki Colony  Habitation, Bannerughatta GP, Anekal  Taluk.",2019-2020,10.00000,7.78275,"18 Sep 2019","03 May 2023",2024-06-07
Karnataka,"Bengaluru Urban",Anekal,Bannerghatta,Kulumepalya,Kulumepalya,0000373447,0007905026,250275425,"Deep Tubewell","Ground Water",NA,"Revival of  MWS Drilling of Bore well, Erection of Pump motor  at  Kulumepalya  Habitation, Bannerughatta GP, Anekal  Taluk.",2019-2020,5.00000,4.90477,"18 Sep 2019","03 May 2023",2024-06-07
Karnataka,"Bengaluru Urban",Anekal,Mantapa,Chathekerepalya,Chathekerepalya,0000373423,0007905272,250275703,"Deep Tubewell","Ground Water","Near tank","G Revival of  MWS Drilling of Bore well, with Pipeline at CK Palya Habitation, Mantapa  GP, Anekal  Taluk.",2019-2020,4.40000,4.27907,"18 Sep 2019","03 May 2023",2024-06-07
Karnataka,"Bengaluru Urban",Anekal,Mantapa,Hullahalli,Hullahalli,0000373422,0007905277,250275708,"Deep Tubewell","Ground Water","Near Colony Main Road","G Revival of  MWS Erection of Pump motor  at Hullahalli Habitation, Mantapa  GP, Anekal  Taluk.",2019-2020,4.43000,4.41580,"18 Sep 2019","29 Feb 2020",2024-06-07
Karnataka,"Bengaluru Urban",Anekal,Kallabalu,Giddenahalli,Giddenahalli,0000373372,0007905394,250275843,"Deep Tubewell","Ground Water","village limit","Providing  piped water  supply scheme (Construction of OHT) at Giddenahalli Habitation, Kallubalu GP, Anekal  Taluk.",2019-2020,20.00000,18.50388,"18 Sep 2019","03 May 2023",2024-06-07
Karnataka,"Bengaluru Urban",Anekal,Kallabalu,"Muthurayaswamy Doddi","Muthurayaswamy Doddi",0001622893,0007905670,250276141,"Deep Tubewell","Ground Water","Near nala","G Revival of  MWS Drilling of Bore well, with Pipeline at Mutthurayaswamydoddi Habitation,Kallubalu   GP, Anekal  Taluk",2019-2020,2.65000,2.63927,"18 Sep 2019","03 May 2023",2024-06-07
Karnataka,"Bengaluru Urban",Anekal,Kallabalu,Mahanthalingapura,Mahanthalingapura,0000373373,0007905733,250276210,"Deep Tubewell","Ground Water","Village Limits","G Revival of  MWS Drilling of Bore well, at Mahanthalingapura  Habitation,Kallubalu   GP, Anekal  Taluk",2019-2020,2.70000,2.36682,"18 Sep 2019","03 May 2023",2024-06-07
Karnataka,"Bengaluru Urban",Anekal,Haragadde,Dyavasandra,Dyavasandra,0001622880,0007907910,250278503,"Deep Tubewell","Ground Water","Village limit","SCSTDrilling of Bore well,Errection of Pumpset  at  Dyavasandra  Habitation Haragadde  GP, Anekal  Taluk",2019-2020,5.00000,4.91169,"19 Sep 2019","03 May 2023",2024-06-07
Karnataka,"Bengaluru Urban",Anekal,Neralur,Giddenahalli,Giddenahalli,0000373472,0002594859,2400035,"Deep Tubewell","Ground Water","village limit","Providing Community Terrafil Units at Giddanahalli in Anekal Taluk",2009-2010,1.65000,0.00100,"31 Oct 2009","30 Aug 2010",2024-06-07
Karnataka,"Bengaluru Urban",Anekal,Ballur,Dasanapura,Dasanapura,0001622876,0007150989,2400067,"Deep Tubewell","Ground Water","village limits","ST COLONY Revival of MWS Scheme",2015-2016,5.00000,0.00000,"25 Oct 2015","31 Mar 2016",2024-06-07
Karnataka,"Bengaluru Urban",Anekal,Mayasandra,Kamblipura,Kamblipura,0000373492,0002594927,2400103,"Deep Tubewell","Ground Water","village limit","Providing Community Terrafil Units at Dasanapura in Anekal Taluk",2009-2010,0.55000,0.00100,"31 Oct 2009","30 Aug 2010",2024-06-07
Karnataka,"Bengaluru Urban",Anekal,Neralur,Itchangur,Vaddarapalya,0000373475,0002595125,2400312,"Deep Tubewell","Ground Water","village limit","Providing community Terrafil Unit at Vaddarapalya Village in Anekal Taluk",2009-2010,1.65000,0.00100,"31 Oct 2009","30 Aug 2010",2024-06-07
Karnataka,"Bengaluru Urban",Anekal,Bidaraguppe,Jigala,Jigala,0000373496,0002595202,2400395,"Deep Tubewell","Ground Water","Village limit","Providing community Terrafil Unit at Jigla Village in Anekal Taluk",2009-2010,0.55000,0.00100,"31 Oct 2009","30 Aug 2010",2024-06-07
Karnataka,"Bengaluru Urban",Anekal,Karpoor,Haldenahalli,Dinnuru,0000373276,0002595255,2400447,"Deep Tubewell","Ground Water","Village Limits","Village Limits",2010-2011,4.50000,0.00000,"30 Jun 2010","31 Mar 2011",2024-06-07
Karnataka,"Bengaluru Urban",Anekal,Bannerghatta,Amruthanagara,Amruthanagara,0000373449,0002595369,2400562,"Deep Tubewell","Ground Water","Village Limits","Village Limits",2010-2011,4.00000,0.00000,"30 Jun 2010","31 Mar 2011",2024-06-07
Karnataka,"Bengaluru Urban",Anekal,Byagadadevanahalli,Chikkahagde,Vadderahalli,0000373338,0002595485,2400682,"Deep Tubewell","Ground Water","Village Limits","Village Limits",2010-2011,4.50000,0.00000,"30 Jun 2010","31 Oct 2011",2024-06-07
Karnataka,"Bengaluru Urban",Anekal,Byagadadevanahalli,Soppahalli,Soppahalli,0000373340,0002595571,2400778,"Deep Tubewell","Ground Water","Village Limits","Village Limits",2010-2011,4.50000,0.00000,"30 Jun 2010","31 Oct 2011",2024-06-07
Karnataka,"Bengaluru Urban",Anekal,Haragadde,"Nosenur Gollahalli","Nosenur Gollahalli",0000373353,0002595609,2400814,"Deep Tubewell","Ground Water","Village Limits","Village Limits",2010-2011,4.00000,0.00000,"30 Jun 2010","31 Oct 2011",2024-06-07
Karnataka,"Bengaluru Urban",Anekal,Kallabalu,Poojiganapalya,Pujiganapalya,0000373375,0002596001,2401259,"Deep Tubewell","Ground Water","Village Limits","Village Limits",2010-2011,3.50000,0.00000,"30 Jun 2010","31 Mar 2011",2024-06-07
Karnataka,"Bengaluru Urban",Anekal,Kallabalu,"Muthurayaswamy Doddi","Muthurayaswamy Doddi",0001622893,0002596009,2401266,"Deep Tubewell","Ground Water","Village Limits","Village Limits",2010-2011,4.00000,0.00000,"30 Jun 2010","31 Mar 2011",2024-06-07
Karnataka,"Bengaluru Urban",Anekal,Neralur,Itchangur,Vaddarapalya,0000373475,0002596137,2401401,"Deep Tubewell","Ground Water","Village Limits","Village Limits",2010-2011,4.15000,0.00000,"30 Jun 2010","31 Mar 2011",2024-06-07
Karnataka,"Bengaluru Urban",Anekal,Bannerghatta,Sampigehalli,Sampigehalli,0000373433,0002596710,2402020,"Deep Tubewell","Ground Water","Village Limit","Community Terrafil Units",2010-2011,0.63000,0.63000,"10 Dec 2010","04 Jan 2013",2024-06-07
Karnataka,"Bengaluru Urban",Anekal,Bidaraguppe,Mallenahallli,Malenahalli,0000373500,0002596758,2402073,"Deep Tubewell","Ground Water","Village Limit","Community Terrafil Units",2010-2011,1.10000,0.00000,"10 Dec 2010","28 Feb 2011",2024-06-07
Karnataka,"Bengaluru Urban",Anekal,Byagadadevanahalli,Chikkahagde,Chikkahagde,0000373337,0002596775,2402090,"Deep Tubewell","Ground Water","Village Limit","Community Terrafil Units",2010-2011,0.63000,0.00000,"10 Dec 2010","20 Aug 2012",2024-06-07
Karnataka,"Bengaluru Urban",Anekal,Byagadadevanahalli,Thatnahalli,Thatnahalli,0000373344,0002596794,2402108,"Deep Tubewell","Ground Water","Village Limit","Community Terrafil Units",2010-2011,2.20000,0.00000,"10 Dec 2010","15 Sep 2012",2024-06-07
Karnataka,"Bengaluru Urban",Anekal,Bannerghatta,Byladamaradadoddi,"Byaladamara Doddi",0000373443,0002605136,2410872,"Deep Tubewell","Ground Water","Village Limits","Village Limits",2010-2011,4.00000,0.00000,"30 Jun 2010","31 Aug 2011",2024-06-07
Karnataka,"Bengaluru Urban",Anekal,Kallabalu,Konnasandra,Konnasandra,0000373369,0003599923,3464734,"Deep Tubewell","Ground Water","Near Road Side","Additional Pipe Line",2011-2012,1.00000,0.00000,"15 Jun 2011","15 Mar 2012",2024-06-07
Karnataka,"Bengaluru Urban",Anekal,Indlawadi,Indlawadi,Indlawadi,0000373330,0003617557,3482324,"Deep Tubewell","Ground Water","Village Limits","Additonal Pipe Line",2011-2012,4.00000,0.00000,"15 Jun 2011","15 Sep 2012",2024-06-07
Karnataka,"Bengaluru Urban",Anekal,Indlawadi,Tammanayakanahalli,Tammanayakanahalli,0000373321,0003617619,3482385,"Deep Tubewell","Ground Water","Village Limits","Additonal Pipe Line",2011-2012,4.00000,0.00000,"15 Jun 2011","15 Mar 2012",2024-06-07
Karnataka,"Bengaluru Urban",Anekal,Indlawadi,Tammanayakanahalli,Tammanayakanahalli,0000373321,0003617620,3482386,"Deep Tubewell","Ground Water","Village Limits","Additonal Pipe Line",2011-2012,4.00000,0.00000,"15 Jun 2011","15 Mar 2012",2024-06-07
Karnataka,"Bengaluru Urban",Anekal,Mayasandra,Harohalli,Harohalli,0000373491,0003617708,3482473,"Deep Tubewell","Ground Water","Village Limits","Additonal Pipe Line",2011-2012,3.00000,0.00000,"15 Jun 2011","15 Mar 2012",2024-06-07
Karnataka,"Bengaluru Urban",Anekal,Samandur,Geritiganabele,Geritiganabele,0000373269,0003617848,3482610,"Deep Tubewell","Ground Water","Village Limits","Additonal Pipe Line",2011-2012,2.00000,0.00000,"15 Jun 2011","15 Mar 2012",2024-06-07
Karnataka,"Bengaluru Urban",Anekal,Mayasandra,Manchanahalli,Manchanahalli,0000373488,0003618909,3483682,"Deep Tubewell","Ground Water","Village Limits","Additional Pipe Line",2011-2012,3.00000,0.00000,"15 Jul 2011","15 Mar 2012",2024-06-07
Karnataka,"Bengaluru Urban",Anekal,Yamare,"B. Hosahalli","B. Hosahalli",0000373547,0003619222,3483996,"Deep Tubewell","Ground Water","village limit","Pipe line extension",2011-2012,2.00000,0.00000,"15 Jul 2011","18 Mar 2012",2024-06-07
Karnataka,"Bengaluru Urban",Anekal,Byagadadevanahalli,"Kammasandra Agrahara","Kammasandra Agrahara",0000373339,0003620090,3484867,"Deep Tubewell","Ground Water","Village limit","Extension of pipe line",2011-2012,2.00000,0.00000,"15 Jul 2011","15 Mar 2012",2024-06-07
Karnataka,"Bengaluru Urban",Anekal,Indlawadi,Nallaiahnadoddi,Nallaiahanadoddi,0000373328,0003620379,3485159,"Deep Tubewell","Ground Water","Village Limits","Pipeline Extension",2011-2012,2.00000,0.00000,"15 Jul 2011","15 Mar 2012",2024-06-07
Karnataka,"Bengaluru Urban",Anekal,Indlawadi,Laxmipura,Laxmipura,0000373323,0003620446,3485229,"Deep Tubewell","Ground Water","Village Limits","Pipeline Extension",2011-2012,2.00000,0.00000,"15 Jul 2011","15 Mar 2012",2024-06-07
Karnataka,"Bengaluru Urban",Anekal,Vannakanahalli,Sunavara,Sunavara,0000373299,0003620617,3485403,"Deep Tubewell","Ground Water","Village Limits","Pipeline Extension",2011-2012,2.00000,0.00000,"15 Jul 2011","15 Mar 2012",2024-06-07
Karnataka,"Bengaluru Urban",Anekal,Karpoor,Haldenahalli,Dinnuru,0000373276,0003620646,3485434,"Deep Tubewell","Ground Water","Village Limits","Pipeline Extension",2011-2012,2.00000,0.00000,"15 Jul 2011","15 Mar 2012",2024-06-07
Karnataka,"Bengaluru Urban",Anekal,Mugalur,Thindlu,Thindlu,0000373517,0003650760,3515526,"Deep Tubewell","Ground Water","Village Limits","Pipeline Extension",2011-2012,2.00000,0.00000,"20 Jul 2011","15 Mar 2012",2024-06-07
Karnataka,"Bengaluru Urban",Anekal,Bannerghatta,Kasaraguppe,Kasaraguppe,0000373438,0003676528,3541666,"Deep Tubewell","Ground Water","Bore well - Near Muthurajus House (02)",Borewell,2008-2009,1.20000,0.00001,"15 May 2008","15 Jun 2008",2024-06-07
Karnataka,"Bengaluru Urban",Anekal,Bannerghatta,Byladamaradadoddi,"Byaladamara Doddi",0000373443,0003676609,3541748,"Deep Tubewell","Ground Water","Bore well - Near Nagammas House  (07)",Borewell,2008-2009,1.20000,0.00001,"15 May 2008","15 Jun 2008",2024-06-07
Karnataka,"Bengaluru Urban",Anekal,Bannerghatta,"Kannayaka Agrahara","Kannayaka Agrahara",0000373446,0003676658,3541798,"Deep Tubewell","Ground Water","Bore well - Near Amruthanagara Main Road (11)",Borewell,2008-2009,1.20000,0.00001,"15 May 2008","15 Jun 2008",2024-06-07
Karnataka,"Bengaluru Urban",Anekal,Bannerghatta,Bannerughatta,Bannerghatta,0000373430,0003676716,3541857,"Deep Tubewell","Ground Water","Bore well - Near Chalappana house (15)",Borewell,2008-2009,1.20000,0.00001,"15 May 2008","15 Jun 2008",2024-06-07
Karnataka,"Bengaluru Urban",Anekal,Marsoor,Marsoor,Marsoor,0000373309,0000770177,122563,"Deep Tubewell","Ground Water",NA,"Near Veterinary Hospital",2001-2002,10.98000,11.05000,"11 Jan 2002","10 Feb 2004",2024-06-07
Karnataka,"Bengaluru Urban",Anekal,Kallabalu,Bukkasagara,Bukkasagara,0000373365,0000558228,123355,"Deep Tubewell","Ground Water",NA,"Kallabalu Road",2007-2008,3.70000,1.45000,"31 Mar 2008","23 Jan 2009",2024-06-07
Karnataka,"Bengaluru Urban",Anekal,Vannakanahalli,Soluru,Soluru,0000373307,0000420093,123731,"Deep Tubewell","Ground Water",NA,"village limit",2006-2007,3.50000,2.62000,"18 Oct 2006","11 Jul 2007",2024-06-07
Karnataka,"Bengaluru Urban",Anekal,Bannerghatta,"Kannayaka Agrahara","Kannayaka Agrahara",0000373446,0001422163,124082,"Deep Tubewell","Ground Water",NA,"village limit",2008-2009,16.00000,1.46000,"02 Jan 2009","29 Apr 2009",2024-06-07
Karnataka,"Bengaluru Urban",Anekal,Muthanallur,"Chikka Thimmasandra","Chikka Thimmasandra",0000373555,0000558220,124215,"Deep Tubewell","Ground Water",NA,"Near MI Tank",2007-2008,3.70000,0.83000,"12 Mar 2008","23 Jan 2009",2024-06-07
Karnataka,"Bengaluru Urban",Anekal,Mugalur,"Chikkanahalli Kamanahalli","Chikkanahalli Kamanahalli",0000373526,0000549339,124256,"Deep Tubewell","Ground Water",NA,"Revival of MWS",2006-2007,2.00000,2.00000,"10 May 2007","15 Aug 2007",2024-06-07
Karnataka,"Bengaluru Urban",Anekal,Handenahalli,"S. Medihalli","S. Medihalli",0000373539,0000558255,124895,"Deep Tubewell","Ground Water",NA,"Near Village",2007-2008,4.50000,0.00000,"31 Mar 2008","25 Sep 2008",2024-06-07
Karnataka,"Bengaluru Urban",Anekal,Indlawadi,Tammanayakanahalli,Muthuru,0000373324,0000549246,125390,"Deep Tubewell","Ground Water",NA,MWS,2006-2007,3.25000,2.59000,"20 Sep 2007","08 Jan 2008",2024-06-07
Karnataka,"Bengaluru Urban",Anekal,Hennagara,Kachanayakanahalli,Kachanayakanahalli,0000373402,0000549461,125623,"Deep Tubewell","Ground Water",NA,"Revival of MWS",2007-2008,5.00000,0.00000,"10 Mar 2008","20 Jun 2008",2024-06-07
Karnataka,"Bengaluru Urban",Anekal,Yamare,"Thigala Chowdadenahalli","Thigala Chowdadenahalli",0000373553,0000420095,126019,"Deep Tubewell","Ground Water",NA,"village limit",2006-2007,3.50000,2.87000,"08 Nov 2006","03 May 2007",2024-06-07
Karnataka,"Bengaluru Urban",Anekal,Samandur,Samandur,Samandur,0000373270,0000001708,126400,"Deep Tubewell","Ground Water","village limit",samandur,2004-2005,2.00000,0.86000,"01 Jan 1900","01 Jan 1900",2024-06-07
Karnataka,"Bengaluru Urban",Anekal,Byagadadevanahalli,"Kammasandra Agrahara","Kammasandra Agrahara",0000373339,0000549016,126556,"Deep Tubewell","Ground Water",NA,"Revival of PWS",2006-2007,3.00000,2.63000,"05 Nov 2007","21 Feb 2008",2024-06-07
Karnataka,"Bengaluru Urban",Anekal,Mantapa,Vajarahalli,Vajarahalli,0000373408,0000549370,126936,"Deep Tubewell","Ground Water",NA,"Revival of PWS",2006-2007,3.30000,2.93000,"10 Dec 2007","20 Feb 2008",2024-06-07
Karnataka,"Bengaluru Urban",Anekal,Mantapa,Hullahalli,Hullahalli,0000373422,0000014017,127092,"Deep Tubewell","Ground Water","Village Limit",Hullahalli,2003-2004,10.00000,10.00000,"01 Jan 1900","01 Jan 1900",2024-06-07
Karnataka,"Bengaluru Urban",Anekal,Mantapa,Hullahalli,Hullahalli,0000373422,0000420070,129317,"Deep Tubewell","Ground Water",NA,"village limit",2006-2007,3.50000,1.80000,"12 Dec 2006","04 Jun 2007",2024-06-07
Karnataka,"Bengaluru Urban",Anekal,Bannerghatta,"Kannayaka Agrahara","Kannayaka Agrahara",0000373446,0000558283,129482,"Deep Tubewell","Ground Water",NA,"Near Village",2007-2008,3.70000,2.00000,"18 Mar 2008","21 Aug 2008",2024-06-07
Karnataka,"Bengaluru Urban",Anekal,Neralur,Balagaranahalli,Balagaranahalli,0000373476,0000549191,129572,"Deep Tubewell","Ground Water",NA,villagelimit,2006-2007,12.00000,7.92000,"30 Aug 2007","25 Mar 2008",2024-06-07
Karnataka,"Bengaluru Urban",Anekal,Surgajakanahalli,Surgajakanahalli,Surgajakanahalli,0000373297,0000558299,129583,"Deep Tubewell","Ground Water",NA,"Near BAB Road",2007-2008,3.50000,0.00000,"24 Mar 2008","25 Sep 2008",2024-06-07
Karnataka,"Bengaluru Urban",Anekal,Huskuru,Chookasandra,Chookasandra,0000373576,0000420192,129910,"Deep Tubewell","Ground Water",NA,MWS,2006-2007,3.60000,3.22000,"08 Dec 2006","03 Apr 2007",2024-06-07
Karnataka,"Bengaluru Urban",Anekal,Mayasandra,Kamblipura,Kamblipura,0000373492,0000774844,129955,"Deep Tubewell","Ground Water",NA,"Village Limits",2001-2002,1.76000,1.75000,"10 Oct 2001","05 Mar 2002",2024-06-07
Karnataka,"Bengaluru Urban",Anekal,Surgajakanahalli,"A. Medihalli","A. Medihalli",0000373283,0007143222,1516862,"Deep Tubewell","Ground Water","Village Limits","SCP Revival of PWS Scheme",2015-2016,10.00000,0.00000,"25 Oct 2015","31 Mar 2016",2024-06-07
Karnataka,"Bengaluru Urban",Anekal,Shantipura,Shantipura,Shantipura,0001622895,0001768355,1517730,"Deep Tubewell","Ground Water","Tank bed","Near School",2008-2009,15.00000,0.00001,"01 Jun 2009","30 May 2010",2024-06-07
Karnataka,"Bengaluru Urban",Anekal,Handenahalli,Handenahalli,Handenahalli,0000373542,0001768714,1518130,"Deep Tubewell","Ground Water","Tank bed","Near School",2008-2009,15.00000,8.93000,"05 Jul 2009","15 Oct 2010",2024-06-07
Karnataka,"Bengaluru Urban",Anekal,Neralur,Neralur,Neralur,0000373479,0001768747,1518167,"Deep Tubewell","Ground Water","Village Limits","Village Limits",2008-2009,15.00000,0.00000,"20 Sep 2009","20 Mar 2013",2024-06-07
Karnataka,"Bengaluru Urban",Anekal,Yamare,Ittangur,Ittangur,0000373546,0001768940,1518374,"Deep Tubewell","Ground Water","Village Limits","Village Limits",2008-2009,1.50000,0.00001,"05 Jun 2009","30 May 2010",2024-06-07
Karnataka,"Bengaluru Urban",Anekal,Neriga,"Nekundi Dommasandra","Nekundi Dommasandra",0000373572,0001769436,1518874,"Deep Tubewell","Ground Water","at Maduranagara","Village Limits",2008-2009,0.50000,0.00001,"10 Apr 2009","15 Jul 2009",2024-06-07
Karnataka,"Bengaluru Urban",Anekal,Mantapa,Kalkere,Kalkere,0000373417,0001769805,1519242,"Deep Tubewell","Ground Water","Combined Villlages (Kalkere &amp; Sampangiramanagara)","Village Limits",2008-2009,16.00000,0.00000,"10 May 2009","30 May 2010",2024-06-07
Karnataka,"Bengaluru Urban",Anekal,Handenahalli,Handenahalli,Handenahalli,0000373542,0001770093,1519526,"Deep Tubewell","Ground Water","Village Limits","Village Limits",2008-2009,2.00000,0.00000,"15 Jun 2009","30 May 2010",2024-06-07
Karnataka,"Bengaluru Urban",Anekal,Mugalur,"Dodda Thimmasandra","Dodda Thimmasandra",0000373520,0001770185,1519613,"Deep Tubewell","Ground Water","Village Limits","Village Limits",2008-2009,4.00000,1.84000,"10 Jan 2009","20 Mar 2009",2024-06-07
Karnataka,"Bengaluru Urban",Anekal,Vannakanahalli,Singasandra,Singasandra,0000373300,0001770226,1519654,"Deep Tubewell","Ground Water","Village Limits","Village Limits",2008-2009,3.00000,2.12000,"30 Jul 2008","05 Feb 2009",2024-06-07
Karnataka,"Bengaluru Urban",Anekal,Mantapa,Begihalli,Begihalli,0000373404,0002616275,2422380,"Deep Tubewell","Ground Water","Village Limit","Community Terrafil Units",2010-2011,1.65000,1.89000,"10 Dec 2010","03 Jan 2013",2024-06-07
Karnataka,"Bengaluru Urban",Anekal,Marsoor,Madiwala,Madiwala,0000373311,0002616291,2422396,"Deep Tubewell","Ground Water","Village Limit","Community Terrafil Units",2010-2011,2.75000,0.00000,"10 Dec 2010","15 Sep 2012",2024-06-07
Karnataka,"Bengaluru Urban",Anekal,Muthanallur,"Singena Agrahara","Singena Agrahara",0000373562,0002616334,2422440,"Deep Tubewell","Ground Water","Village Limit","G Community Terrafil Units",2010-2011,2.20000,5.04000,"10 Dec 2010","31 Dec 2015",2024-06-07
Karnataka,"Bengaluru Urban",Anekal,Neriga,Kathriguppe,Kathriguppe,0000373567,0002616352,2422459,"Deep Tubewell","Ground Water","Village Limit","SCP Community Terrafil Units",2010-2011,1.65000,3.78000,"10 Dec 2010","31 Dec 2015",2024-06-07
Karnataka,"Bengaluru Urban",Anekal,Neriga,Kathriguppe,Kathriguppe,0000373567,0007145934,2422459,"Deep Tubewell","Ground Water","Village Limit","SCP Revival of  MWS Scheme",2015-2016,6.00000,0.00000,"25 Oct 2015","31 Mar 2016",2024-06-07
Karnataka,"Bengaluru Urban",Anekal,Neriga,"Nekundi Dommasandra","Nekundi Dommasandra",0000373572,0002616357,2422463,"Deep Tubewell","Ground Water","Village Limit","G Community Terrafil Units",2010-2011,1.65000,3.78000,"10 Dec 2010","31 Dec 2015",2024-06-07
Karnataka,"Bengaluru Urban",Anekal,Samandur,"Chennana Agrahara","Chennana Agrahara",0000373268,0002624559,2428048,"Deep Tubewell","Ground Water","village limit","community terrafil units",2010-2011,0.55000,0.00000,"10 Dec 2010","15 Sep 2012",2024-06-07
Karnataka,"Bengaluru Urban",Anekal,Vannakanahalli,Menaseganahalli,Menaseganahalli,0000373303,0002624672,2428158,"Deep Tubewell","Ground Water","village limit","community terrafil units",2010-2011,1.65000,0.00000,"10 Dec 2010","15 Sep 2012",2024-06-07
Karnataka,"Bengaluru Urban",Anekal,Samandur,Hompalgatta,Hompalgatta,0000373265,0002866120,2689544,"Deep Tubewell","Ground Water","Proviidng  Piped Water Supply Scheme at Hompalaghatta  Village","Proviidng  Piped Water Supply Scheme at Hompalaghatta  Village",2010-2011,12.00000,0.00000,"04 Aug 2010","28 Jan 2011",2024-06-07
Karnataka,"Bengaluru Urban",Anekal,Mantapa,Laxmipura,Sampangiramanagara,0000373414,0002866142,2689566,"Deep Tubewell","Ground Water","Revival of  Mini Water Supply Scheme at Sampangiramangara Village","Revival of  Mini Water Supply Scheme at Sampangiramangara Village",2010-2011,2.50000,0.00000,"28 Nov 2010","31 Mar 2011",2024-06-07
Karnataka,"Bengaluru Urban",Anekal,Bidaraguppe,Bidaraguppe,Bidaraguppe,0000373499,0003410639,3275888,"Deep Tubewell","Ground Water","Community Teraffil Units","Community Teraffil Units",2010-2011,1.89000,1.89000,"10 May 2011","03 Jan 2013",2024-06-07
Karnataka,"Bengaluru Urban",Anekal,Hulimangala,Koppa,Koppa,0000373383,0003587871,3452463,"Deep Tubewell","Ground Water","Near Road Side","Construction of OHT",2011-2012,10.00000,10.00000,"04 Jun 2011","28 Feb 2012",2024-06-07
Karnataka,"Bengaluru Urban",Anekal,Hulimangala,Nanjapura,Nanjapura,0000373385,0003598495,3463360,"Deep Tubewell","Ground Water","Village Limit","Additional Pipe Line",2011-2012,2.00000,0.00000,"15 Jun 2011","15 Mar 2012",2024-06-07
Karnataka,"Bengaluru Urban",Anekal,Hulimangala,Kempapura,Kempapura,0000373391,0003598551,3463416,"Deep Tubewell","Ground Water","Village Limit","Additional Pipe Line",2011-2012,0.50000,0.00000,"15 Jun 2011","15 Mar 2012",2024-06-07
Karnataka,"Bengaluru Urban",Anekal,Handenahalli,"S. Medihalli","S. Medihalli",0000373539,0003865722,3732177,"Deep Tubewell","Ground Water","Towards main road","Revival of PWS",2011-2012,6.00000,5.98109,"10 Aug 2011","31 Jan 2014",2024-06-07
Karnataka,"Bengaluru Urban",Anekal,Samandur,Kuvempunagara,Kuvempunagara,0000373264,0005222373,5165813,"Deep Tubewell","Ground Water","Villag Limits","Revival of PWS",2012-2013,3.27000,3.26574,"28 Dec 2012","20 Mar 2013",2024-06-07
Karnataka,"Bengaluru Urban",Anekal,Samandur,Sabmangala,Sabmangala,0000373266,0005628415,5593780,"Deep Tubewell","Ground Water","Village limit","Drinking Water Facility to Anganawadi",2013-2014,1.00000,0.99881,"22 Aug 2013","02 Dec 2013",2024-06-07
Karnataka,"Bengaluru Urban",Anekal,Samandur,Sabmangala,Sabmangala,0000373266,0005222310,5165746,"Deep Tubewell","Ground Water","At Kempegowdanagara","Revival of MWS",2012-2013,2.20000,1.50140,"16 Jan 2013","15 Feb 2013",2024-06-07
Karnataka,"Bengaluru Urban",Anekal,Samandur,Gudnahalli,Gudnahalli,0000373267,0006670145,250067964,"Deep Tubewell","Ground Water","Colony limit","G Individual House Connections",2014-2015,3.60000,0.00000,"25 Sep 2014","20 Mar 2016",2024-06-07
Karnataka,"Bengaluru Urban",Anekal,Samandur,Gudnahalli,Gudnahalli,0000373267,0007406693,250120874,"Deep Tubewell","Ground Water","village limit","TFC190316 Drilling of Borewell at Gudnahalli Habitation, Samandur GP, Anekal Taluk",2016-2017,2.40000,2.37000,"12 Apr 2016","28 Feb 2018",2024-06-07
Karnataka,"Bengaluru Urban",Anekal,Samandur,Geritiganabele,Geritiganabele,0000373269,0004873261,4800079,"Deep Tubewell","Ground Water","Towards Main Road","Revival of MWS Scheme",2012-2013,6.00000,5.62059,"15 Sep 2012","01 Mar 2013",2024-06-07
Karnataka,"Bengaluru Urban",Anekal,Samandur,Samandur,Samandur,0000373270,0005580468,5539805,"Deep Tubewell","Ground Water","Village limit","Revival of PWS Scheme",2013-2014,8.00000,8.31846,"10 Sep 2013","14 Mar 2014",2024-06-07
Karnataka,"Bengaluru Urban",Anekal,Samandur,Samandur,Samandur,0000373270,0006133478,250020819,"Deep Tubewell","Ground Water","Village limit","Drilling of Borewell",2013-2014,1.95000,1.94950,"05 Jul 2013","03 Mar 2014",2024-06-07
Karnataka,"Bengaluru Urban",Anekal,Samandur,Madiwala,"S. Madiwala",0000373271,0004873218,4800017,"Deep Tubewell","Ground Water","Tank Bed","Revival of MWS Scheme",2012-2013,6.00000,3.37523,"25 Sep 2012","31 Mar 2013",2024-06-07
Karnataka,"Bengaluru Urban",Anekal,Samandur,"S Thammasandra (b)","S. Thimmasandra",0000373272,0005580487,5539878,"Deep Tubewell","Ground Water","Village limit","Revival of PWS Scheme",2013-2014,7.00000,3.68348,"15 Sep 2013","03 Mar 2014",2024-06-07
Karnataka,"Bengaluru Urban",Anekal,Samandur,"S Thammasandra (b)","S. Thimmasandra",0000373272,0008216000,5539878,"Deep Tubewell","Ground Water","Village limit","Providing water supply to anganwadi fitting of taps to kitchen and toilet at S Thimmasandra Habitation Samanduru GP Anekal Taluk",2020-2021,0.15000,0.06668,"17 Dec 2020","03 May 2023",2024-06-07
Karnataka,"Bengaluru Urban",Anekal,Samandur,Gandhinagara,"S. Gandhinagara",0000373273,0008216013,5539879,"Deep Tubewell","Ground Water","Village limit","Providing water supply to Anganwadi fitting of taps to kitchen and toilet at S Gandhinagar Habitation Samanduru GP Anekal Taluk",2020-2021,0.15000,0.15000,"17 Dec 2020","03 May 2023",2024-06-07
Karnataka,"Bengaluru Urban",Anekal,Samandur,Gandhinagara,"S. Gandhinagara",0000373273,0008216013,250064322,"Deep Tubewell","Ground Water","Colony limit","Providing water supply to Anganwadi fitting of taps to kitchen and toilet at S Gandhinagar Habitation Samanduru GP Anekal Taluk",2020-2021,0.15000,0.15000,"17 Dec 2020","03 May 2023",2024-06-07
Karnataka,"Bengaluru Urban",Anekal,Samandur,Gandhinagara,"S. Gandhinagara",0000373273,0005364320,5301331,"Deep Tubewell","Ground Water","Village limit","Drilling of BW",2012-2013,1.68000,1.68000,"22 Oct 2012","31 Mar 2013",2024-06-07
Karnataka,"Bengaluru Urban",Anekal,Samandur,Marnayakanahalli,Marnayakanahalli,0000373274,0008216006,5539819,"Deep Tubewell","Ground Water","Village limit","Providing water supply to Anganwadi fitting of taps to kitchen and toilet at Maranayakanahalli Village Samanduru GP Anekal Taluk",2020-2021,0.15000,0.15000,"17 Dec 2020","03 May 2023",2024-06-07
Karnataka,"Bengaluru Urban",Anekal,Karpoor,Haldenahalli,Haldenahalli,0000373275,0003908411,3776762,"Deep Tubewell","Ground Water","Towards main road","Revival of PWS",2011-2012,6.00000,0.00000,"10 Aug 2011","20 Feb 2012",2024-06-07
Karnataka,"Bengaluru Urban",Anekal,Karpoor,Bidaragere,Bidaragere,0000373277,0004873955,4800683,"Deep Tubewell","Ground Water","Near School","Revival of PWS Scheme",2012-2013,6.00000,5.70000,"15 Sep 2012","31 Oct 2012",2024-06-07
Karnataka,"Bengaluru Urban",Anekal,Karpoor,Rachamanahalli,Rachamanahalli,0000373280,0005223497,5166968,"Deep Tubewell","Ground Water","Village Limits","Revival of PWS",2012-2013,1.78000,1.67324,"16 Jan 2013","15 Feb 2013",2024-06-07
Karnataka,"Bengaluru Urban",Anekal,Karpoor,Arvantigepura,Arvantigepura,0000373281,0005223494,5166965,"Deep Tubewell","Ground Water","Village Limits","Revival of MWS",2012-2013,3.68000,3.65404,"28 Dec 2012","20 Mar 2013",2024-06-07
Karnataka,"Bengaluru Urban",Anekal,Surgajakanahalli,"A. Medihalli","A. Medihalli",0000373283,0006670155,250067972,"Deep Tubewell","Ground Water","Colony limit","SCP Individual House Connections",2014-2015,3.60000,3.49029,"20 Sep 2014","01 Oct 2015",2024-06-07
Karnataka,"Bengaluru Urban",Anekal,Surgajakanahalli,"A. Medihalli","A. Medihalli",0000373283,0007532421,250147570,"Deep Tubewell","Ground Water","village limit","SCP Revival  of PWS scheme and House hold connection(HH30) at  A. Madahalli Suragajakkanahalli GP Anekal Taluk",2016-2017,10.00000,9.09047,"01 Sep 2016","31 Dec 2018",2024-06-07
Karnataka,"Bengaluru Urban",Anekal,Surgajakanahalli,Sonnayakanapura,Sonnayakanapura,0000373288,0005222664,5166119,"Deep Tubewell","Ground Water","Village Limits",Borewell,2012-2013,1.50000,1.88898,"16 Jan 2013","15 Feb 2013",2024-06-07
Karnataka,"Bengaluru Urban",Anekal,Surgajakanahalli,Sonnayakanapura,Sonnayakanapura,0000373288,0007143225,250090087,"Deep Tubewell","Ground Water","near village","SCP Revival of PWS Scheme",2015-2016,10.00000,0.00000,"25 Oct 2015","31 Mar 2016",2024-06-07
Karnataka,"Bengaluru Urban",Anekal,Surgajakanahalli,Siddanapalya,Siddanapalya,0000373289,0007145958,5166074,"Deep Tubewell","Ground Water","Village Limits","SCP Revival of PWS Scheme",2015-2016,8.00000,0.00000,"25 Oct 2015","31 Mar 2016",2024-06-07
Karnataka,"Bengaluru Urban",Anekal,Surgajakanahalli,Chinnaiahnapalya,Chinnaiahanapalya,0000373290,0007145951,3784803,"Deep Tubewell","Ground Water","Towards main road","SCP Revival of PWS Scheme",2015-2016,10.00000,0.00000,"25 Oct 2015","31 Mar 2016",2024-06-07
Karnataka,"Bengaluru Urban",Anekal,Surgajakanahalli,Sidihoskote,Sidihoskote,0000373291,0005222626,5166081,"Deep Tubewell","Ground Water","Village Limits","Revival of PWS",2012-2013,2.75000,3.51612,"28 Dec 2012","20 Mar 2013",2024-06-07
Karnataka,"Bengaluru Urban",Anekal,Surgajakanahalli,Sidihoskote,Sidihoskote,0000373291,0006133279,250020811,"Deep Tubewell","Ground Water","Village limit","Drilling of Borewell",2013-2014,1.45000,1.44950,"07 Jun 2013","03 Mar 2014",2024-06-07
Karnataka,"Bengaluru Urban",Anekal,Surgajakanahalli,Surgajakanahalli,Surgajakanahalli,0000373297,0005629889,5595336,"Deep Tubewell","Ground Water","Village limit","Drinking Water Facility to Anganawadi",2013-2014,1.00000,0.99881,"22 Sep 2013","25 Mar 2014",2024-06-07
Karnataka,"Bengaluru Urban",Anekal,Haragadde,Dyavasandra,Dyavasandra,0001622880,0003865784,3732241,"Deep Tubewell","Ground Water","Towards atchcut road","Revival of MWS",2011-2012,5.50000,0.00000,"09 Aug 2011","19 Jan 2012",2024-06-07
Karnataka,"Bengaluru Urban",Anekal,Hennagara,Yarandahalli,Yarandahalli,0000373399,0003866383,3732837,"Deep Tubewell","Ground Water","Towards village road","Revival of PWS",2011-2012,6.00000,3.00000,"12 Aug 2011","10 Sep 2012",2024-06-07
Karnataka,"Bengaluru Urban",Anekal,Hulimangala,Maragondanahalli,Maragondanahalli,0000373392,0003876018,3742478,"Deep Tubewell","Ground Water","Towards main road","Revival of MWS",2011-2012,5.50000,0.00000,"22 Aug 2011","25 Feb 2012",2024-06-07
Karnataka,"Bengaluru Urban",Anekal,Huskuru,Avalahalli,Avalahalli,0000373582,0003876117,3742577,"Deep Tubewell","Ground Water","School road","Revival of MWS",2011-2012,5.50000,0.00000,"20 Aug 2011","28 Feb 2012",2024-06-07
Karnataka,"Bengaluru Urban",Anekal,Huskuru,Gulimangala,Gulimangala,0000373583,0003880817,3747566,"Deep Tubewell","Ground Water","Towards village road","Revival of PWS",2011-2012,6.00000,0.00000,"12 Aug 2011","20 Feb 2012",2024-06-07
Karnataka,"Bengaluru Urban",Anekal,Indlawadi,Thimmasandra,Thimmasandra,0000373320,0003880878,3747659,"Deep Tubewell","Ground Water","Village road","Revival of MWS",2011-2012,5.50000,4.17402,"02 Aug 2011","05 Feb 2013",2024-06-07
Karnataka,"Bengaluru Urban",Anekal,Mantapa,Kaleshwari,Kaleswari,0000373409,0003908566,3776919,"Deep Tubewell","Ground Water","Road side","Revival of MWS",2011-2012,6.00000,0.00000,"10 Aug 2011","20 Feb 2012",2024-06-07
Karnataka,"Bengaluru Urban",Anekal,Ballur,Halehalli,Halehalli,0000373486,0005223487,5166958,"Deep Tubewell","Ground Water","Village Limits",Borewell,2012-2013,1.50000,1.81000,"16 Jan 2013","20 Mar 2013",2024-06-07
Karnataka,"Bengaluru Urban",Anekal,Bidaraguppe,Bidaraguppe,Bidaraguppe,0000373499,0005223543,5167014,"Deep Tubewell","Ground Water","Village Limits","Revival of PWS",2012-2013,6.10000,5.58161,"28 Dec 2012","20 Mar 2013",2024-06-07
Karnataka,"Bengaluru Urban",Anekal,Mugalur,Mugalur,Mugalur,0000373524,0005223549,5167020,"Deep Tubewell","Ground Water","Village Limits","Revival of PWS",2012-2013,3.22000,3.21933,"28 Dec 2012","20 Mar 2014",2024-06-07
Karnataka,"Bengaluru Urban",Anekal,Yamare,"Volagere Kallahalli","Volagere Kallahalli",0000373550,0005223676,5167158,"Deep Tubewell","Ground Water","Village Limits",Borewell,2012-2013,1.45000,1.87126,"16 Jan 2013","15 Feb 2013",2024-06-07
Karnataka,"Bengaluru Urban",Anekal,Neralur,Balagaranahalli,Balagaranahalli,0000373476,0005224016,5167521,"Deep Tubewell","Ground Water","Village Limits",Borewell,2012-2013,1.43000,0.00000,"16 Jan 2013","15 Feb 2013",2024-06-07
Karnataka,"Bengaluru Urban",Anekal,Kallabalu,"Sattarsab Dinne","Satharsab Dinne",0000373367,0005225334,5168821,"Deep Tubewell","Ground Water","Village Limits","Revival of MWS",2012-2013,5.50000,5.49810,"28 Dec 2012","31 Jan 2014",2024-06-07
Karnataka,"Bengaluru Urban",Anekal,Haragadde,Haragadde,Haragadde,0001622881,0005225348,5168835,"Deep Tubewell","Ground Water","Village Limits","Revival of PWS",2012-2013,5.50000,8.55123,"28 Dec 2012","01 Mar 2014",2024-06-07
Karnataka,"Bengaluru Urban",Anekal,Hennagara,Masthenahalli,Mastenahalli,0000373397,0005235537,5179831,"Deep Tubewell","Ground Water","Village limit","Revival of PWS",2012-2013,4.00000,3.99983,"07 Jan 2013","20 Mar 2013",2024-06-07
Karnataka,"Bengaluru Urban",Anekal,Billapura,Booragunte,Booragunte,0000373533,0003701215,3565612,"Deep Tubewell","Ground Water","Bore well MWS - Inside Tank (kere)  (16)",Borewell,2009-2010,1.20000,1.20000,"12 Apr 2009","12 May 2009",2024-06-07
Karnataka,"Bengaluru Urban",Anekal,Billapura,Adigarakallahalli,Adigarakallahalli,0000373538,0003701923,3566319,"Deep Tubewell","Ground Water","Bore well - On Bylahalli Rpad  (20)",Borewell,2009-2010,1.20000,1.20000,"12 Apr 2009","12 May 2009",2024-06-07
Karnataka,"Bengaluru Urban",Anekal,Hennagara,Yarandahalli,Yarandahalli,0000373399,0003706915,3571333,"Deep Tubewell","Ground Water","Bore well MWS - Graveyard Road  (01)","Bore well",2009-2010,1.20000,1.20000,"15 May 2009","15 Jun 2009",2024-06-07
Karnataka,"Bengaluru Urban",Anekal,Hennagara,Yarandahalli,Yarandahalli,0000373399,0003706949,3571367,"Deep Tubewell","Ground Water","Bore well MWS - Near Srinivasa Reddy Building (02)","Bore well",2009-2010,1.20000,1.20000,"15 May 2009","15 Jun 2009",2024-06-07
Karnataka,"Bengaluru Urban",Anekal,Hennagara,Hinnakki,Hinnakki,0000373401,0003707559,3571987,"Deep Tubewell","Ground Water","Bore well MWS - Near Koralu Kunte Katte (07)","Bore well",2009-2010,1.20000,1.20000,"15 May 2009","15 Jun 2009",2024-06-07
Karnataka,"Bengaluru Urban",Anekal,Hennagara,Masthenahalli,Mastenahalli,0000373397,0003707670,3572099,"Deep Tubewell","Ground Water","Bore well MWS - New Borewell near Veerabhadrasway Temple (09)","Bore well",2009-2010,1.20000,1.20000,"15 May 2009","15 Jun 2009",2024-06-07
Karnataka,"Bengaluru Urban",Anekal,Neralur,Neralur,Neralur,0000373479,0003709974,3574426,"Deep Tubewell","Ground Water","Bore well MWS  : Near Raghava Nagar  (04)","Bore well",2007-2008,1.20000,0.12000,"18 Jun 2007","18 Jul 2007",2024-06-07
Karnataka,"Bengaluru Urban",Anekal,Neralur,Neralur,Neralur,0000373479,0003709998,3574450,"Deep Tubewell","Ground Water","Bore well MWS  : Behind Panchayat Office  (05)","Bore well",2007-2008,1.20000,1.20000,"18 Jun 2007","18 Jul 2007",2024-06-07
Karnataka,"Bengaluru Urban",Anekal,Neralur,Balagaranahalli,Balagaranahalli,0000373476,0003710021,3574473,"Deep Tubewell","Ground Water","Bore well OHT - Inside Inchangur kere (06)","Bore well",2007-2008,1.20000,1.20000,"18 Jun 2007","18 Jul 2007",2024-06-07
Karnataka,"Bengaluru Urban",Anekal,Neriga,Chikkanekundi,Chikkanekundi,0000373573,0003729092,3593737,"Deep Tubewell","Ground Water","Govt. Primary School","School Water Supply",2011-2012,1.00000,0.00000,"15 Aug 2011","15 Feb 2012",2024-06-07
Karnataka,"Bengaluru Urban",Anekal,Ragihalli,Ragihalli,Ragihalli,0000373462,0003729140,3593794,"Deep Tubewell","Ground Water","Govt. Primary School","School Water Supply",2011-2012,1.00000,0.00000,"15 Aug 2011","15 Feb 2012",2024-06-07
Karnataka,"Bengaluru Urban",Anekal,Bannerghatta,"Kannayaka Agrahara","Kannayaka Agrahara",0000373446,0003864739,3731182,"Deep Tubewell","Ground Water","Road side","Revival of PWS",2011-2012,6.00000,0.00000,"10 Aug 2011","28 Feb 2012",2024-06-07
Karnataka,"Bengaluru Urban",Anekal,Bidaraguppe,Chikkanahalli,Chikkanahalli,0000373497,0003865338,3731778,"Deep Tubewell","Ground Water","Road side","Revival ofMWS",2011-2012,5.50000,1.29915,"18 Aug 2011","01 Mar 2013",2024-06-07
Karnataka,"Bengaluru Urban",Anekal,Dommasandra,Dommasandra,Govindapura,0000373593,0003865602,3732052,"Deep Tubewell","Ground Water","Towards main road","Revival of MWS",2011-2012,6.00000,0.00000,"13 Aug 2011","25 Jan 2012",2024-06-07
Karnataka,"Bengaluru Urban",Anekal,Marsoor,Marsoor,Marsoor,0000373309,0004874336,4801022,"Deep Tubewell","Ground Water","Tank Bed","Revival of PWS  Scheme",2012-2013,8.00000,8.28762,"15 Sep 2012","20 Mar 2013",2024-06-07
Karnataka,"Bengaluru Urban",Anekal,Haragadde,"Mada Pattana",Madapatna,0001622883,0004878946,4805455,"Deep Tubewell","Ground Water","Towards Main Road","Providing Piped Water Supply Scheme",2012-2013,22.00000,24.32196,"15 Sep 2012","31 Jan 2014",2024-06-07
Karnataka,"Bengaluru Urban",Anekal,Kallabalu,"Muthurayaswamy Doddi","Muthurayaswamy Doddi",0001622893,0004878948,4805457,"Deep Tubewell","Ground Water","Village limit","Revival of MWS Scheme",2012-2013,6.00000,5.70000,"20 Sep 2012","20 Mar 2013",2024-06-07
Karnataka,"Bengaluru Urban",Anekal,Mantapa,Hullahalli,Hullahalli,0000373422,0004879250,4805704,"Deep Tubewell","Ground Water","Colony Road","Revival of MWS Scheme",2012-2013,6.00000,6.00000,"15 Sep 2012","01 Mar 2013",2024-06-07
Karnataka,"Bengaluru Urban",Anekal,Mantapa,Laxmipura,Laxmipura,0000373413,0004879255,4805709,"Deep Tubewell","Ground Water","Village limit","Revival of MWS Scheme",2012-2013,5.00000,4.99330,"20 Sep 2012","20 Mar 2013",2024-06-07
Karnataka,"Bengaluru Urban",Anekal,Mugalur,"Pandithana Agrahara","Pandithana Agrahara",0000373525,0004881294,4807668,"Deep Tubewell","Ground Water","Main road","Revival of MWS Scheme",2012-2013,6.50000,6.46992,"15 Sep 2012","20 Mar 2014",2024-06-07
Karnataka,"Bengaluru Urban",Anekal,Bidaraguppe,Arenur,Arenur,0000373498,0004890923,4816874,"Deep Tubewell","Ground Water","Village limit","Providing PWS Scheme",2012-2013,6.00000,9.75550,"20 Sep 2012","02 Dec 2013",2024-06-07
Karnataka,"Bengaluru Urban",Anekal,Mayasandra,"M. Medihalli","M. Medihalli",0000373494,0004899861,4824709,"Deep Tubewell","Ground Water","Village Limit","Revival of MWS Scheme",2012-2013,6.00000,6.00000,"15 Sep 2012","03 Dec 2012",2024-06-07
Karnataka,"Bengaluru Urban",Anekal,Haragadde,Lingapura,"Lingapura Jhc",0001622884,0004902438,4826819,"Deep Tubewell","Ground Water","Colony limit","Revival of MWS Scheme",2012-2013,6.00000,5.93837,"15 Sep 2012","04 Jan 2013",2024-06-07
Karnataka,"Bengaluru Urban",Anekal,Ballur,Ballur,Ballur,0000373484,0004933402,4854274,"Deep Tubewell","Ground Water",GHPS,"School Water Supply",2012-2013,1.00000,0.99858,"10 Sep 2012","15 Mar 2013",2024-06-07
Karnataka,"Bengaluru Urban",Anekal,Kallabalu,"Krishna Doddi","Krishna Doddi",0000373374,0004933406,4854278,"Deep Tubewell","Ground Water",GLPS,"School Water Supply",2012-2013,1.00000,0.94985,"10 Sep 2012","15 Mar 2013",2024-06-07
Karnataka,"Bengaluru Urban",Anekal,Marsoor,Naganaikanahalli,Naganayakanahalli,0000373310,0004936951,4857567,"Deep Tubewell","Ground Water","Village limit","Revival of MWS Scheme",2012-2013,6.00000,0.00000,"10 Sep 2012","15 Mar 2013",2024-06-07
Karnataka,"Bengaluru Urban",Anekal,Shantipura,Shantipura,Shantipura,0001622895,0004950166,4873569,"Deep Tubewell","Ground Water","Village limit","Revival of PWS Scheme",2012-2013,6.00000,6.00004,"15 Sep 2012","15 Mar 2013",2024-06-07
Karnataka,"Bengaluru Urban",Anekal,Shantipura,"Chikka Nagamangala",Vaddarapalya,0000373586,0004950169,4873572,"Deep Tubewell","Ground Water","Village limit","Revival of MWS Scheme",2012-2013,6.00000,2.41399,"15 Sep 2012","10 Mar 2013",2024-06-07
Karnataka,"Bengaluru Urban",Anekal,Vannakanahalli,Choodenahalli,Kalyanakanahalli,0000373306,0005220439,5163712,"Deep Tubewell","Ground Water","Village Limit","Drilling of BW",2012-2013,1.50000,1.74320,"16 Jan 2013","20 Mar 2013",2024-06-07
Karnataka,"Bengaluru Urban",Anekal,Indlawadi,"Chikka Hosahalli","Chikka Hosahalli",0000373317,0005222131,5165553,"Deep Tubewell","Ground Water","Village Limits","Revival of MWS",2012-2013,5.88000,5.67415,"28 Dec 2012","20 Oct 2013",2024-06-07
Karnataka,"Bengaluru Urban",Anekal,Indlawadi,Bangladoddi,Bangaladoddi,0000373329,0005222157,5165581,"Deep Tubewell","Ground Water","Village Limits","Revival of MWS",2012-2013,1.25000,1.66604,"28 Dec 2012","20 Mar 2013",2024-06-07
Karnataka,"Bengaluru Urban",Anekal,Marsoor,"Marsoor Agrahara","Marsoor Agrahara",0000373316,0003908817,3777172,"Deep Tubewell","Ground Water","Main road","Revival of MWS",2011-2012,5.50000,2.29106,"10 Aug 2011","05 Feb 2013",2024-06-07
Karnataka,"Bengaluru Urban",Anekal,Muthanallur,Kommasandra,Kommasandra,0000373556,0003912477,3780870,"Deep Tubewell","Ground Water","Main village road","Revival of PWS",2011-2012,6.00000,5.58150,"20 Aug 2011","12 Mar 2013",2024-06-07
Karnataka,"Bengaluru Urban",Anekal,Neralur,Adigondanahalli,Adigondanahalli,0000373481,0003912487,3780882,"Deep Tubewell","Ground Water","Village limit school road","Revival of PWS",2011-2012,6.00000,0.00000,"10 Aug 2011","20 Aug 2012",2024-06-07
Karnataka,"Bengaluru Urban",Anekal,Neralur,Thirumagondanahalli,Thirumagondanahalli,0000373478,0003912511,3780908,"Deep Tubewell","Ground Water","Village limit road","Revival of PWS",2011-2012,6.00000,1.85263,"20 Aug 2011","06 Feb 2013",2024-06-07
Karnataka,"Bengaluru Urban",Anekal,Neralur,Yadavanahalli,Yadavanahalli,0000373477,0003912514,3780911,"Deep Tubewell","Ground Water","Village limit","Revival of PWS",2011-2012,6.00000,0.99825,"10 Aug 2011","20 Mar 2013",2024-06-07
Karnataka,"Bengaluru Urban",Anekal,Neriga,"Halsahalli Thippasandra","Halsahalli Thippasandra",0000373571,0003912540,3780938,"Deep Tubewell","Ground Water","Village limit","Revival of MWS",2011-2012,5.50000,3.52589,"10 Aug 2011","20 Jan 2013",2024-06-07
Karnataka,"Bengaluru Urban",Anekal,Ragihalli,Jaipuradoddi,Jaipuradoddi,0000373457,0003912617,3781018,"Deep Tubewell","Ground Water","School main road","Revival of MWS",2011-2012,5.50000,0.00000,"10 Aug 2011","10 Aug 2012",2024-06-07
Karnataka,"Bengaluru Urban",Anekal,Bannerghatta,"Hakkipikki Colony","Akki Pikki Colony",0000373441,0004862897,4789868,"Deep Tubewell","Ground Water","Towards Main Village Road","Revival of MWS Scheme",2012-2013,6.50000,0.00000,"05 Sep 2012","25 Feb 2013",2024-06-07
Karnataka,"Bengaluru Urban",Anekal,Bannerghatta,Bytarayanadoddi,"Byatarayana Doddi",0000373444,0004863069,4790027,"Deep Tubewell","Ground Water","Near School","Revival of MWS Scheme",2012-2013,6.00000,5.99000,"08 Sep 2012","01 Mar 2013",2024-06-07
Karnataka,"Bengaluru Urban",Anekal,Yamare,Sompura,Sompura,0000373545,0004864933,4791796,"Deep Tubewell","Ground Water","Near Tank Bed","Revival of PWS Scheme",2012-2013,5.00000,5.27000,"15 Sep 2012","03 Dec 2012",2024-06-07
Karnataka,"Bengaluru Urban",Anekal,Neralur,Itchangur,Vaddarapalya,0000373475,0004868687,4795749,"Deep Tubewell","Ground Water","Towards Main Road","Revival of PWS Scheme",2012-2013,6.00000,5.99818,"20 Sep 2012","31 Mar 2013",2024-06-07
Karnataka,"Bengaluru Urban",Anekal,Bidaraguppe,Bidaraguppe,"Silk Farm",0001622878,0004868707,4795789,"Deep Tubewell","Ground Water","Towards Form","Revival of PWS Scheme",2012-2013,6.00000,8.42282,"15 Sep 2012","02 Sep 2013",2024-06-07
Karnataka,"Bengaluru Urban",Anekal,Mayasandra,Bakthipura,Bakthipura,0000373489,0004872111,4798988,"Deep Tubewell","Ground Water","Village Limit","Revival of MWS Scheme",2012-2013,5.00000,1.54888,"15 Sep 2012","28 Feb 2013",2024-06-07
Karnataka,"Bengaluru Urban",Anekal,Mayasandra,Manchanahalli,Manchanahalli,0000373488,0004872114,4798991,"Deep Tubewell","Ground Water","Village Limit","Revival of MWS Scheme",2012-2013,6.00000,3.53292,"15 Sep 2012","31 Mar 2013",2024-06-07
Karnataka,"Bengaluru Urban",Anekal,Ballur,Ballur,Ballur,0000373484,0004873300,4800112,"Deep Tubewell","Ground Water","Tank Bed","Providing Piped Water Supply Scheme",2012-2013,25.00000,26.17457,"15 Sep 2012","03 Mar 2014",2024-06-07
Karnataka,"Bengaluru Urban",Anekal,Sarjapura,Sarjapura,Sarjapura,0000373516,0004873505,4800278,"Deep Tubewell","Ground Water","Sompura Gate","Revival of Pws Scheme",2012-2013,20.00000,19.93871,"10 Sep 2012","20 Mar 2014",2024-06-07
Karnataka,"Bengaluru Urban",Anekal,Bannerghatta,Bannerughatta,Bannerghatta,0000373430,0003677049,3542195,"Deep Tubewell","Ground Water","Bore well (MWS) - Near  Acharammas House (Beside Kalyani) (25)",Borewell,2008-2009,1.20000,0.00001,"15 May 2008","15 Jun 2008",2024-06-07
Karnataka,"Bengaluru Urban",Anekal,Bannerghatta,Kariyappanahalli,Kariyappanahalli,0000373432,0003677156,3542305,"Deep Tubewell","Ground Water","Bore well (MWS) - Near  In front of Ramannas HOuse (30)",Borewell,2008-2009,1.20000,0.00001,"15 May 2008","15 Jun 2008",2024-06-07
Karnataka,"Bengaluru Urban",Anekal,Ballur,Ballur,Ballur,0000373484,0003677991,3543155,"Deep Tubewell","Ground Water","Near sri lakshminarayana temple",Borewell,2008-2009,1.20000,1.20000,"02 May 2008","06 Jul 2008",2024-06-07
Karnataka,"Bengaluru Urban",Anekal,Ballur,Ballur,Ballur,0000373484,0003678626,3543802,"Deep Tubewell","Ground Water","Bore well - Near Grave yard, Near tank (kerek)  (02)",Borewell,2008-2009,1.20000,1.20000,"15 May 2008","15 Jun 2008",2024-06-07
Karnataka,"Bengaluru Urban",Anekal,Ballur,Ballur,Ballur,0000373484,0003678735,3543912,"Deep Tubewell","Ground Water","Bore well - Near Bytappas House  (07)",Borewell,2008-2009,1.20000,1.20000,"15 May 2008","15 Jun 2008",2024-06-07
Karnataka,"Bengaluru Urban",Anekal,Ballur,Dasanapura,Dasanapura,0001622876,0003678807,3543985,"Deep Tubewell","Ground Water","Bore well - D.C.R House  (10)",Borewell,2008-2009,1.20000,1.20000,"15 May 2008","15 Jun 2008",2024-06-07
Karnataka,"Bengaluru Urban",Anekal,Bidaraguppe,Bidaraguppe,Bidaraguppe,0000373499,0003679895,3545078,"Deep Tubewell","Ground Water","Bore well - Near Grave Yard  (03)",Borewell,2009-2010,1.20000,1.20000,"15 Apr 2009","15 May 2009",2024-06-07
Karnataka,"Bengaluru Urban",Anekal,Bidaraguppe,Bidaraguppe,Bidaraguppe,0000373499,0003679913,3545096,"Deep Tubewell","Ground Water","Bore well - Near Venkateshmurthy farm in doddakere (04)",Borewell,2009-2010,1.20000,1.20000,"15 Apr 2009","15 May 2009",2024-06-07
Karnataka,"Bengaluru Urban",Anekal,Byagadadevanahalli,Thatnahalli,Thatnahalli,0000373344,0003681060,3546245,"Deep Tubewell","Ground Water","Bore well - Near Colony Road  (07)",Borewell,2008-2009,1.20000,1.20000,"14 Jan 2010","14 Feb 2010",2024-06-07
Karnataka,"Bengaluru Urban",Anekal,Byagadadevanahalli,Yellammanapalya,Yellamanapalya,0000373342,0003683141,3548421,"Deep Tubewell","Ground Water","Bore well - In Front of Aswath Katte (12)",Borewell,2008-2009,1.20000,1.20000,"14 Jan 2010","14 Feb 2010",2024-06-07
Karnataka,"Bengaluru Urban",Anekal,Dommasandra,Dommasandra,Dommasandra,0000373592,0003693530,3557771,"Deep Tubewell","Ground Water","Bore well - In Yamare tank (kere)  (03)",Borewell,2008-2009,1.20000,1.20000,"14 May 2008","14 Jun 2008",2024-06-07
Karnataka,"Bengaluru Urban",Anekal,Haragadde,Haragadde,Haragadde,0001622881,0003694351,3558557,"Deep Tubewell","Ground Water","Bore well - Near Hennagara Tenk (02)",Borewell,2008-2009,1.20000,1.20000,"15 May 2008","15 Jun 2008",2024-06-07
Karnataka,"Bengaluru Urban",Anekal,Haragadde,"Nosenur Gollahalli","Nosenur Gollahalli",0000373353,0003695747,3560015,"Deep Tubewell","Ground Water","Bore well - Near Tank Kere N gollahalli Grama (14)",Borewell,2008-2009,1.20000,1.20000,"15 May 2008","15 Jun 2008",2024-06-07
Karnataka,"Bengaluru Urban",Anekal,Haragadde,Nayanahalli,Nayanahalli,0001622885,0003699648,3563954,"Deep Tubewell","Ground Water","Bore well - Near Government School (17a)",Borewell,2008-2009,1.20000,1.20000,"15 May 2008","15 Jun 2008",2024-06-07
Karnataka,"Bengaluru Urban",Anekal,Indlawadi,Indlawadi,Indlawadi,0000373330,0002609586,2415387,"Deep Tubewell","Ground Water","Village Limit","Community Terrafil Units",2010-2011,4.24000,0.00000,"10 Dec 2010","15 Sep 2012",2024-06-07
Karnataka,"Bengaluru Urban",Anekal,Indlawadi,Nagaiahadoddi,Nagaiahabadoddi,0000373332,0002609603,2415405,"Deep Tubewell","Ground Water","Village Limit","Community Terrafil Units",2010-2011,0.55000,0.00000,"10 Dec 2010","15 Sep 2012",2024-06-07
Karnataka,"Bengaluru Urban",Anekal,Kallabalu,Harapanahalli,Harapanahalli,0000373368,0002616269,2422374,"Deep Tubewell","Ground Water","Village Limit","Community Terrafil Units",2010-2011,2.20000,0.00000,"10 Dec 2010","28 Feb 2011",2024-06-07
Karnataka,"Bengaluru Urban",Anekal,Muthanallur,Kommasandra,Kommasandra,0000373556,0002616316,2422422,"Deep Tubewell","Ground Water","Village Limit","G Community Terrafil Units",2010-2011,1.65000,3.78000,"10 Dec 2010","31 Dec 2015",2024-06-07
Karnataka,"Bengaluru Urban",Anekal,Samandur,"Chennana Agrahara","Chennana Agrahara",0000373268,0002624559,2428049,"Deep Tubewell","Ground Water","village limit","community terrafil units",2010-2011,0.55000,0.00000,"10 Dec 2010","15 Sep 2012",2024-06-07
Karnataka,"Bengaluru Urban",Anekal,Samandur,Geritiganabele,Geritiganabele,0000373269,0002624572,2428065,"Deep Tubewell","Ground Water","village limit","community terrafil units",2010-2011,2.75000,0.00000,"10 Dec 2010","15 Sep 2012",2024-06-07
Karnataka,"Bengaluru Urban",Anekal,Samandur,Marnayakanahalli,Marnayakanahalli,0000373274,0002624596,2428090,"Deep Tubewell","Ground Water","village limit","community terrafil units",2010-2011,0.55000,0.00000,"10 Dec 2010","15 Sep 2012",2024-06-07
Karnataka,"Bengaluru Urban",Anekal,Vannakanahalli,Vannakanahalli,Vannakanahalli,0000373305,0002624706,2428188,"Deep Tubewell","Ground Water","village limit","community terrafil units",2010-2011,3.30000,0.00000,"10 Dec 2010","15 Sep 2012",2024-06-07
Karnataka,"Bengaluru Urban",Anekal,Byagadadevanahalli,Kunimadiwala,Kunimadiwala,0000373345,0002626352,2429536,"Deep Tubewell","Ground Water",NA,"Primary school",2010-2011,3.70000,0.00000,"30 Jun 2010","31 Oct 2011",2024-06-07
Karnataka,"Bengaluru Urban",Anekal,Kallabalu,Bukkasagara,Bukkasagara,0000373365,0002865902,2689328,Openwell,"Ground Water","Providing Piped Water Supply Scheme to Bukkasagara","Providing Piped Water Supply Scheme to Bukkasagara",2010-2011,16.00000,0.00000,"15 Jan 2010","28 Jan 2011",2024-06-07
Karnataka,"Bengaluru Urban",Anekal,Hennagara,Rajapura,Rajapura,0000373396,0002866003,2689429,"Deep Tubewell","Ground Water","Revival of Mini Water Supply Scheme at Rajapura Village","Revival of Mini Water Supply Scheme at Rajapura Village",2010-2011,3.82000,0.00000,"27 Oct 2010","31 Mar 2011",2024-06-07
Karnataka,"Bengaluru Urban",Anekal,Surgajakanahalli,Aduru,Aduru,0000373295,0002866020,2689446,"Deep Tubewell","Ground Water","Revival of  Mini Water Supply Scheme at Aduru Village","Revival of  Mini Water Supply Scheme at Aduru Village",2010-2011,12.00000,0.00000,"04 Aug 2010","31 Mar 2011",2024-06-07
Karnataka,"Bengaluru Urban",Anekal,Ballur,Halehalli,Halehalli,0000373486,0002866101,2689527,"Deep Tubewell","Ground Water","Revival of  Mini Water Supply Scheme at Halehalli Village","Revival of  Mini Water Supply Scheme at Halehalli Village",2010-2011,3.70000,0.00000,"28 Nov 2010","31 Mar 2011",2024-06-07
Karnataka,"Bengaluru Urban",Anekal,Karpoor,Bidaragere,Bidaragere,0000373277,0002866248,2689675,"Deep Tubewell","Ground Water","Revival of  Mini Water Supply Scheme at Bidaragere Village","Revival of  Mini Water Supply Scheme at Bidaragere Village",2010-2011,3.50000,0.00000,"28 Nov 2010","31 Mar 2011",2024-06-07
Karnataka,"Bengaluru Urban",Anekal,Samandur,Marnayakanahalli,Marnayakanahalli,0000373274,0002866838,2690229,"Deep Tubewell","Ground Water","Revival of  Mini Water Supply Scheme at Maranayakanahalli   Village","Revival of  Mini Water Supply Scheme at Maranayakanahalli  Village",2010-2011,3.70000,3.70000,"28 Nov 2010","31 Mar 2011",2024-06-07
Karnataka,"Bengaluru Urban",Anekal,Haragadde,Haragadde,Haragadde,0001622881,0003587854,3452446,"Deep Tubewell","Ground Water","Village Limits","Construction of OHT",2011-2012,10.00000,4.70724,"04 Jun 2011","15 Sep 2012",2024-06-07
Karnataka,"Bengaluru Urban",Anekal,Hulimangala,Shikaripalya,Shikaripalya,0000373393,0003598252,3463121,"Deep Tubewell","Ground Water","Village Limit","Additional Pipe Line",2011-2012,3.00000,0.00000,"15 Jun 2011","15 Mar 2012",2024-06-07
Karnataka,"Bengaluru Urban",Anekal,Ragihalli,Basappanadoddi,Basavanadoddi,0000373466,0003598929,3463782,"Deep Tubewell","Ground Water","Near Road Side","Additional Pipe Line",2011-2012,1.30000,0.00000,"15 Jun 2011","15 Mar 2012",2024-06-07
Karnataka,"Bengaluru Urban",Anekal,Ragihalli,Ujjinappanadoddi,Ujjappanadoddi,0000373460,0003598943,3463798,"Deep Tubewell","Ground Water","Village Limit","Additional Pipe Line",2011-2012,1.30000,0.00000,"15 Jun 2011","15 Mar 2012",2024-06-07
Karnataka,"Bengaluru Urban",Anekal,Ragihalli,Jaipuradoddi,Jaipuradoddi,0000373457,0003598976,3463830,"Deep Tubewell","Ground Water","Village Limit","Additional Pipe Line",2011-2012,1.30000,0.00000,"15 Jun 2011","15 Mar 2012",2024-06-07
Karnataka,"Bengaluru Urban",Anekal,Karpoor,Rachamanahalli,Rachamanahalli,0000373280,0003908450,3776801,"Deep Tubewell","Ground Water","Towards colony road","Revival of MWS",2011-2012,5.50000,0.00000,"12 Aug 2011","20 Feb 2012",2024-06-07
Karnataka,"Bengaluru Urban",Anekal,Karpoor,Rachamanahalli,Rachamanahalli,0000373280,0007001323,250084299,"Deep Tubewell","Ground Water","Near Bidaregere Road","G TFC050515 Drilling of Borewell at Rachamanahalli Habitation, Karpoor G.P",2015-2016,2.12000,2.11509,"21 Jul 2015","30 Oct 2015",2024-06-07
Karnataka,"Bengaluru Urban",Anekal,Karpoor,Rachamanahalli,Rachamanahalli,0000373280,0008216114,250147783,"Deep Tubewell","Ground Water","village limit","Providing water supply to Anganwadi fitting of taps to Kitchen and toilet at Rachamanahalli Habitation Karpoor GP Anekal Taluk",2020-2021,0.15000,0.15000,"17 Dec 2020","03 May 2023",2024-06-07
Karnataka,"Bengaluru Urban",Anekal,Karpoor,Rachamanahalli,Rachamanahalli,0000373280,0008216115,250147783,"Deep Tubewell","Ground Water","village limit","Providing water supply to Anganwadi fitting of taps to kitchen and toilet at Rachamanahalli Dinne Habitation Karpoor GP Anekal Taluk",2020-2021,0.15000,0.15000,"17 Dec 2020","03 May 2023",2024-06-07
Karnataka,"Bengaluru Urban",Anekal,Karpoor,Rachamanahalli,Rachamanahalli,0000373280,0008230105,250147783,"Deep Tubewell","Ground Water","village limit","15 crore 04022021 Drilling of Borewell at  Rachamanahalli  Village Karpoor GP Anekal Taluk",2020-2021,3.99000,3.40760,"06 Feb 2021","03 May 2023",2024-06-07
Karnataka,"Bengaluru Urban",Anekal,Surgajakanahalli,"A. Medihalli","A. Medihalli",0000373283,0003916256,3784773,"Deep Tubewell","Ground Water","Towards main road","Revival of PWS",2011-2012,6.50000,0.00000,"20 Aug 2011","15 Feb 2012",2024-06-07
Karnataka,"Bengaluru Urban",Anekal,Surgajakanahalli,"A. Medihalli","A. Medihalli",0000373283,0007143222,250090085,"Deep Tubewell","Ground Water",village,"SCP Revival of PWS Scheme",2015-2016,10.00000,0.00000,"25 Oct 2015","31 Mar 2016",2024-06-07
Karnataka,"Bengaluru Urban",Anekal,Surgajakanahalli,Agasthimmanahalli,Agasthimmanahalli,0000373287,0005522657,5463251,"Deep Tubewell","Ground Water","Village limit","Revival of MWS Scheme",2013-2014,7.00000,4.72865,"10 Sep 2013","31 Oct 2014",2024-06-07
Karnataka,"Bengaluru Urban",Anekal,Surgajakanahalli,Siddanapalya,Siddanapalya,0000373289,0005222619,5166074,"Deep Tubewell","Ground Water","Village Limits","Revival of MWS",2012-2013,2.12000,1.85000,"16 Jan 2013","20 Mar 2013",2024-06-07
Karnataka,"Bengaluru Urban",Anekal,Surgajakanahalli,Sidihoskote,Sidihoskote,0000373291,0005522609,5463214,"Deep Tubewell","Ground Water","Village limit","Revival of PWS Scheme",2013-2014,7.00000,7.19407,"15 Sep 2013","20 Mar 2014",2024-06-07
Karnataka,"Bengaluru Urban",Anekal,Surgajakanahalli,Sidihoskote,Sidihoskote,0000373291,0005522614,5463219,"Deep Tubewell","Ground Water","Village limit","Revival of PWS Scheme",2013-2014,5.00000,0.00000,"15 Sep 2013","12 Mar 2014",2024-06-07
Karnataka,"Bengaluru Urban",Anekal,Surgajakanahalli,Aduru,Aduru,0000373295,0005522561,5463154,"Deep Tubewell","Ground Water","Village limit","Revival of MWS Scheme",2013-2014,7.00000,4.46305,"10 Sep 2013","10 Mar 2014",2024-06-07
Karnataka,"Bengaluru Urban",Anekal,Surgajakanahalli,Aduru,"Aduru Palya",0000373296,0004873585,4800344,"Deep Tubewell","Ground Water","Tank Bed","Revival of MWS Scheme",2012-2013,6.00000,0.00000,"15 Sep 2012","15 Mar 2013",2024-06-07
Karnataka,"Bengaluru Urban",Anekal,Haragadde,Lingapura,"Lingapura Jhc",0001622884,0003866193,3732649,"Deep Tubewell","Ground Water","Towards main village","Revival of MWS",2011-2012,6.00000,0.00000,"10 Aug 2011","25 Feb 2012",2024-06-07
Karnataka,"Bengaluru Urban",Anekal,Hennagara,Masthenahalli,Mastenahalli,0000373397,0003866348,3732802,"Deep Tubewell","Ground Water","Towards school road","Revival of MWS",2011-2012,6.00000,0.00000,"20 Aug 2011","25 Feb 2012",2024-06-07
Karnataka,"Bengaluru Urban",Anekal,Hulimangala,Koppa,Koppa,0000373383,0003866404,3732858,"Deep Tubewell","Ground Water","Towards village road","Revival of PWS",2011-2012,6.00000,0.00000,"10 Aug 2011","15 Feb 2012",2024-06-07
Karnataka,"Bengaluru Urban",Anekal,Hulimangala,Kempapura,Kempapura,0000373391,0003876058,3742518,"Deep Tubewell","Ground Water","Towards village road","Revival of MWS",2011-2012,5.50000,0.00000,"20 Aug 2011","25 Feb 2012",2024-06-07
Karnataka,"Bengaluru Urban",Anekal,Hulimangala,Podu,Podu,0000373390,0003876079,3742539,"Deep Tubewell","Ground Water","Road side","Revival of MWS",2011-2012,6.00000,0.00000,"20 Aug 2011","25 Feb 2012",2024-06-07
Karnataka,"Bengaluru Urban",Anekal,Kallabalu,Muthurayanadoddi,Muthaaryanaddoddi,0000373364,0003880951,3747756,"Deep Tubewell","Ground Water","Main road","Revival of MWS",2011-2012,6.00000,0.00000,"05 Aug 2011","10 Jan 2012",2024-06-07
Karnataka,"Bengaluru Urban",Anekal,Mantapa,Chathekerepalya,Chathekerepalya,0000373423,0003908495,3776847,"Deep Tubewell","Ground Water","Towards main road","Revival of MWS",2011-2012,5.50000,0.00000,"10 Aug 2011","15 Feb 2012",2024-06-07
Karnataka,"Bengaluru Urban",Anekal,Mantapa,Mantapa,Mantapa,0000373406,0003908597,3776950,"Deep Tubewell","Ground Water","Towards main road","Revival ofPWS",2011-2012,6.00000,0.00000,"10 Aug 2011","15 Feb 2012",2024-06-07
Karnataka,"Bengaluru Urban",Anekal,Mayasandra,Kamblipura,Kamblipura,0000373492,0003908852,3777207,"Deep Tubewell","Ground Water","Towards main road","Revival of PWS",2011-2012,6.00000,0.00000,"18 Aug 2011","20 Feb 2012",2024-06-07
Karnataka,"Bengaluru Urban",Anekal,Mugalur,"Chikkanahalli Kamanahalli","Chikkanahalli Kamanahalli",0000373526,0003908891,3777247,"Deep Tubewell","Ground Water","Towards main road","Revival of MWS",2011-2012,5.50000,1.56456,"20 Aug 2011","04 Dec 2012",2024-06-07
Karnataka,"Bengaluru Urban",Anekal,Neralur,Bendiganahalli,Bendiganahalli,0000373482,0003912500,3780896,"Deep Tubewell","Ground Water","Colony main road","Revival of MWS",2011-2012,4.50000,0.00000,"15 Sep 2011","15 Sep 2012",2024-06-07
Karnataka,"Bengaluru Urban",Anekal,Neriga,"Jantha Gondanahalli","Jantha Gondanahalli",0000373568,0003912572,3780971,"Deep Tubewell","Ground Water","Village limit road","Revival of MWS",2011-2012,5.50000,0.00000,"10 Aug 2011","20 Dec 2012",2024-06-07
Karnataka,"Bengaluru Urban",Anekal,Ragihalli,Mudlaiahnadoddi,Mudlaiahnadoddi,0000373469,0003912592,3780993,"Deep Tubewell","Ground Water","Doddi main road","Revival of MWS",2011-2012,5.50000,2.53595,"10 Aug 2011","31 Oct 2012",2024-06-07
Karnataka,"Bengaluru Urban",Anekal,Ragihalli,Ragihalli,Ragihalli,0000373462,0003912603,3781004,"Deep Tubewell","Ground Water","Village main road","Revival of MWS",2011-2012,6.00000,0.00000,"15 Sep 2011","22 Feb 2012",2024-06-07
Karnataka,"Bengaluru Urban",Anekal,Ragihalli,Sevanayakanadoddi,Sevanayakanadoddi,0000373464,0003912605,3781006,"Deep Tubewell","Ground Water","School main road","Revival of MWS",2011-2012,5.50000,0.45000,"20 Aug 2011","31 Oct 2012",2024-06-07
Karnataka,"Bengaluru Urban",Anekal,Ragihalli,Shivanahalli,Guddaiahanadoddi,0000373456,0003912611,3781012,"Deep Tubewell","Ground Water","Village limit","Revival of MWS",2011-2012,5.50000,0.47000,"20 Aug 2011","31 Oct 2012",2024-06-07
Karnataka,"Bengaluru Urban",Anekal,Surgajakanahalli,Surgajakanahalli,Surgajakanahalli,0000373297,0003916295,3784812,"Deep Tubewell","Ground Water","Towards tank road","Revival of PWS",2011-2012,6.00000,0.00000,"10 Aug 2011","15 Feb 2012",2024-06-07
Karnataka,"Bengaluru Urban",Anekal,Vannakanahalli,Soluru,Soluru,0000373307,0003917065,3785585,"Deep Tubewell","Ground Water","Village limit","Revival of MWS",2011-2012,5.50000,0.00000,"18 Aug 2011","25 Feb 2012",2024-06-07
Karnataka,"Bengaluru Urban",Anekal,Bannerghatta,Kempanayakanahalli,Kempanayakanahalli,0000373431,0004862828,4789807,"Deep Tubewell","Ground Water","Towards Temple Road","Providing Piped Water Supply Scheme",2012-2013,20.00000,0.00000,"27 Aug 2012","12 Jan 2014",2024-06-07
Karnataka,"Bengaluru Urban",Anekal,Hennagara,Kachanayakanahalli,Kachanayakanahalli,0000373402,0004863224,4790221,"Deep Tubewell","Ground Water","Towards Main Road","Revival of PWS Scheme",2012-2013,7.00000,6.96930,"13 Sep 2012","20 Mar 2013",2024-06-07
Karnataka,"Bengaluru Urban",Anekal,Yamare,"B. Hosahalli","B. Hosahalli",0000373547,0004864918,4791782,"Deep Tubewell","Ground Water","Near Tank Bed","Revival of PWS Scheme",2012-2013,5.00000,4.92697,"12 Sep 2012","04 Feb 2013",2024-06-07
Karnataka,"Bengaluru Urban",Anekal,Yamare,"Kada Agrahara","Kada Agrahara",0000373548,0004864954,4791815,"Deep Tubewell","Ground Water","Near Tank Bed","Providing Piped Water Supply Scheme",2012-2013,25.00000,0.00000,"20 Sep 2012","20 Jan 2014",2024-06-07
Karnataka,"Bengaluru Urban",Anekal,Bidaraguppe,Jigala,Jigala,0000373496,0004868698,4795777,"Deep Tubewell","Ground Water","Village LIimit","Revival of PWS Scheme",2012-2013,9.00000,7.69990,"15 Sep 2012","20 Mar 2013",2024-06-07
Karnataka,"Bengaluru Urban",Anekal,Handenahalli,Handenahalli,Handenahalli,0000373542,0004868734,4795817,"Deep Tubewell","Ground Water","Towards Tank Bed","Providing Piped Water Supply Scheme",2012-2013,26.00000,27.56843,"15 Sep 2012","18 Feb 2014",2024-06-07
Karnataka,"Bengaluru Urban",Anekal,Indlawadi,Chikkanahalli,Chikkanahalli,0000373319,0004873638,4800394,"Deep Tubewell","Ground Water","Thimmasandra Tank","Revival of MWS Scheme",2012-2013,6.00000,4.55855,"20 Sep 2012","03 Jan 2013",2024-06-07
Karnataka,"Bengaluru Urban",Anekal,Hulimangala,"Koppa Gate","Koppa Gate",0000373384,0003599161,3464009,"Deep Tubewell","Ground Water","Village Limit","Additioanal Pipe Line",2011-2012,1.50000,0.00000,"15 Jun 2011","15 Mar 2012",2024-06-07
Karnataka,"Bengaluru Urban",Anekal,Hennagara,Hennagara,Hennagara,0000373394,0003599977,3464786,"Deep Tubewell","Ground Water","Village Limit","Additional Pipe Line",2011-2012,1.00000,0.00000,"15 Jun 2011","15 Mar 2012",2024-06-07
Karnataka,"Bengaluru Urban",Anekal,Haragadde,"Mada Pattana",Madapatna,0001622883,0003599988,3464797,"Deep Tubewell","Ground Water","Village Limit","Additional Pipe Line",2011-2012,2.50000,0.00000,"15 Jun 2011","15 Mar 2012",2024-06-07
Karnataka,"Bengaluru Urban",Anekal,Haragadde,Nosenur,Nosenur,0000373352,0003600014,3464823,"Deep Tubewell","Ground Water","Village Limit","Additional Pipe Line",2011-2012,1.30000,0.00000,"15 Jun 2011","15 Mar 2012",2024-06-07
Karnataka,"Bengaluru Urban",Anekal,Muthanallur,Muthanallur,Muthanallur,0000373559,0003617076,3481845,"Deep Tubewell","Ground Water","Village Limit","Additional Pipe Line",2011-2012,8.00000,5.14225,"15 Jan 2012","18 Mar 2015",2024-06-07
Karnataka,"Bengaluru Urban",Anekal,Indlawadi,Indlawadipura,Indlawadipura,0000373327,0003617513,3482280,"Deep Tubewell","Ground Water","Village Limits","Additonal Pipe Line",2011-2012,4.00000,0.00000,"15 Jun 2011","15 Mar 2012",2024-06-07
Karnataka,"Bengaluru Urban",Anekal,Indlawadi,Thimmasandra,Thimmasandra,0000373320,0003617590,3482356,"Deep Tubewell","Ground Water","Village Limits","Additonal Pipe Line",2011-2012,1.00000,0.00000,"15 Jun 2011","15 Mar 2012",2024-06-07
Karnataka,"Bengaluru Urban",Anekal,Ballur,Ballur,Ballur,0000373484,0003617640,3482406,"Deep Tubewell","Ground Water","Village Limits","Additonal Pipe Line",2011-2012,4.00000,0.00000,"15 Jun 2011","15 Mar 2012",2024-06-07
Karnataka,"Bengaluru Urban",Anekal,Samandur,Kuvempunagara,Kuvempunagara,0000373264,0003617869,3482630,"Deep Tubewell","Ground Water","Village Limits","Additonal Pipe Line",2011-2012,8.00000,0.00000,"15 Jun 2011","15 Mar 2012",2024-06-07
Karnataka,"Bengaluru Urban",Anekal,Indlawadi,"Chikka Hosahalli","Chikka Hosahalli",0000373317,0003618659,3483427,"Deep Tubewell","Ground Water","Village Limits","Additional Pipe Line",2011-2012,4.00000,0.00000,"15 Jun 2011","15 Mar 2012",2024-06-07
Karnataka,"Bengaluru Urban",Anekal,Haragadde,Kumbarahalli,Kumbarahalli,0000373347,0003619527,3484299,"Deep Tubewell","Ground Water","Road side","Replacement of pipe line",2011-2012,3.50000,0.00000,"20 Jul 2011","10 Mar 2012",2024-06-07
Karnataka,"Bengaluru Urban",Anekal,Byagadadevanahalli,Chikkahagde,Vadderahalli,0000373338,0003620024,3484799,"Deep Tubewell","Ground Water","Village limit","Extension of pipe line",2011-2012,2.00000,0.00000,"25 Jul 2011","15 Mar 2012",2024-06-07
Karnataka,"Bengaluru Urban",Anekal,Marsoor,Haleuru,Haleuru,0000373312,0003620465,3485249,"Deep Tubewell","Ground Water","Village Limits","Pipeline Extension",2011-2012,2.50000,0.00000,"15 Jul 2011","15 Mar 2012",2024-06-07
Karnataka,"Bengaluru Urban",Anekal,Neriga,Gonigattapura,Gonigattapura,0000373565,0003620481,3485265,"Deep Tubewell","Ground Water","Village Limits","Pipeline Extension",2011-2012,2.00000,0.00000,"15 Jul 2011","15 Mar 2012",2024-06-07
Karnataka,"Bengaluru Urban",Anekal,Byagadadevanahalli,Byagadadenahalli,Byagadadenahalli,0000373346,0003620546,3485331,"Deep Tubewell","Ground Water","Village Limits","Pipeline Extension",2011-2012,2.00000,0.00000,"15 Jul 2011","15 Mar 2012",2024-06-07
Karnataka,"Bengaluru Urban",Anekal,Shantipura,Shantipura,Shantipura,0001622895,0003620591,3485377,"Deep Tubewell","Ground Water","Village Limits","Pipeline Extension",2011-2012,2.00000,0.00000,"15 Jul 2011","15 Mar 2012",2024-06-07
Karnataka,"Bengaluru Urban",Anekal,Muthanallur,"Chikka Thimmasandra","Chikka Thimmasandra",0000373555,0003620697,3485485,"Deep Tubewell","Ground Water","Village Limits","Pipeline Extension",2011-2012,2.00000,0.00000,"15 Jul 2011","15 Mar 2012",2024-06-07
Karnataka,"Bengaluru Urban",Anekal,Sarjapura,Sarjapura,Sarjapura,0000373516,0003650441,3515207,"Deep Tubewell","Ground Water","Near Hospital","Construction of OHT",2011-2012,15.00000,15.00999,"01 Aug 2011","01 Mar 2014",2024-06-07
Karnataka,"Bengaluru Urban",Anekal,Neriga,Neriga,Neriga,0000373564,0003650695,3515462,"Deep Tubewell","Ground Water","Village Limits","Pipeline Extension",2011-2012,3.00000,0.00000,"20 Jul 2011","15 Mar 2012",2024-06-07
Karnataka,"Bengaluru Urban",Anekal,Neriga,Kathriguppe,Kathriguppe,0000373567,0003650736,3515502,"Deep Tubewell","Ground Water","Village Limits","Pipeline Extension",2011-2012,2.00000,0.00000,"20 Jul 2011","15 Mar 2012",2024-06-07
Karnataka,"Bengaluru Urban",Anekal,Bannerghatta,Byrappanahalli,Byrappanahalli,0000373429,0003676558,3541696,"Deep Tubewell","Ground Water","Bore well - Near B. Jayadevs House  (04)",Borewell,2008-2009,1.20000,0.00001,"15 May 2008","15 Jun 2008",2024-06-07
Karnataka,"Bengaluru Urban",Anekal,Bannerghatta,Shyanubhoganahalli,Shanubhoganahalli,0000373437,0003676626,3541765,"Deep Tubewell","Ground Water","Bore well - Near Nekarara Badavane (08)",Borewell,2008-2009,1.20000,0.00001,"15 May 2008","15 Jun 2008",2024-06-07
Karnataka,"Bengaluru Urban",Anekal,Bannerghatta,Bilwardahalli,Bilwardahalli,0000373436,0003676751,3541892,"Deep Tubewell","Ground Water","Bore well (MWS) - Near  Temple (17)",Borewell,2008-2009,1.20000,0.00001,"15 May 2008","15 Jun 2008",2024-06-07
Karnataka,"Bengaluru Urban",Anekal,Bannerghatta,Boothanahalli,Boothanahalli,0000373440,0003676870,3542014,"Deep Tubewell","Ground Water","Bore well (MWS) - Near  Venkateshappas House  (22)",Borewell,2008-2009,1.20000,0.00001,"15 May 2008","15 Jun 2008",2024-06-07
Karnataka,"Bengaluru Urban",Anekal,Bannerghatta,Bannerughatta,Bannerghatta,0000373430,0003677012,3542158,"Deep Tubewell","Ground Water","Bore well (MWS) - Near  Beside rock at Birla Compound  (Colony)(23)",Borewell,2008-2009,1.20000,0.00001,"15 May 2008","15 Jun 2008",2024-06-07
Karnataka,"Bengaluru Urban",Anekal,Bannerghatta,Kempanayakanahalli,Kempanayakanahalli,0000373431,0003677030,3542176,"Deep Tubewell","Ground Water","Bore well (MWS) - Near  Srinivas;s House (24)",Borewell,2008-2009,1.20000,0.00001,"15 May 2008","15 Jun 2008",2024-06-07
Karnataka,"Bengaluru Urban",Anekal,Ballur,Ballur,Ballur,0000373484,0003678757,3543935,"Deep Tubewell","Ground Water","Bore well - Near Maramma Tmple  (08)",Borewell,2008-2009,1.20000,1.20000,"15 May 2008","15 Jun 2008",2024-06-07
Karnataka,"Bengaluru Urban",Anekal,Ballur,Dasanapura,Dasanapura,0001622876,0003678782,3543960,"Deep Tubewell","Ground Water","Bore well - Venkatappa House  (09)",Borewell,2008-2009,1.20000,1.20000,"15 May 2008","15 Jun 2008",2024-06-07
Karnataka,"Bengaluru Urban",Anekal,Ballur,Kodlipura,Kodlipura,0000373485,0003678875,3544053,"Deep Tubewell","Ground Water","Bore well - Near Tank canal (Kere Kaluve) (13)",Borewell,2008-2009,1.20000,1.20000,"15 May 2008","15 Jun 2008",2024-06-07
Karnataka,"Bengaluru Urban",Anekal,Ballur,Halehalli,Halehalli,0000373486,0003679493,3544674,"Deep Tubewell","Ground Water","Bore well - Near Muneshwara Temple  (16)",Borewell,2008-2009,1.20000,1.20000,"15 May 2008","15 Jun 2008",2024-06-07
Karnataka,"Bengaluru Urban",Anekal,Byagadadevanahalli,Yellammanapalya,Yellamanapalya,0000373342,0003683129,3548409,"Deep Tubewell","Ground Water","Bore well - Near waterman house  (11)",Borewell,2008-2009,1.20000,1.20000,"14 Jan 2010","14 Feb 2010",2024-06-07
Karnataka,"Bengaluru Urban",Anekal,Byagadadevanahalli,"Kammasandra Agrahara","Kammasandra Agrahara",0000373339,0003683167,3548447,"Deep Tubewell","Ground Water","Bore well - Near Rama Temple (16)",Borewell,2008-2009,1.20000,1.20000,"14 Jan 2010","14 Feb 2010",2024-06-07
Karnataka,"Bengaluru Urban",Anekal,Dommasandra,Dommasandra,Dommasandra,0000373592,0003693564,3557771,"Deep Tubewell","Ground Water","Bore well - In Yamare tank (kere)  (03)",Borewell,2008-2009,1.20000,1.20000,"15 May 2008","15 Jun 2008",2024-06-07
Karnataka,"Bengaluru Urban",Anekal,Dommasandra,Dommasandra,Dommasandra,0000373592,0003693587,3557793,"Deep Tubewell","Ground Water","Bore well - Over head tank - Dommayyas farm  (03)",Borewell,2008-2009,1.20000,1.20000,"15 May 2008","15 Jun 2008",2024-06-07
Karnataka,"Bengaluru Urban",Anekal,Dommasandra,Dommasandra,Dommasandra,0000373592,0007917607,3557793,"Deep Tubewell","Ground Water","Bore well - Over head tank - Dommayyas farm  (03)","G Revival of PWS Drilling of  four BW,Errection of Pumpset with Pipeline  at Dommasandra Habitaion, Dommasandra village, Dommasandra GP, Anekal Taluk.",2019-2020,27.10000,23.89508,"11 Oct 2019","03 May 2023",2024-06-07
Karnataka,"Bengaluru Urban",Anekal,Dommasandra,Dommasandra,Dommasandra,0000373592,0003693855,3558065,"Deep Tubewell","Ground Water","Over head tank - Near Om Shakti temple",Borewell,2008-2009,1.50000,1.50000,"15 May 2008","15 Jun 2008",2024-06-07
Karnataka,"Bengaluru Urban",Anekal,Dommasandra,Dommasandra,Dommasandra,0000373592,0003693956,3558168,"Deep Tubewell","Ground Water","5th and 6th Ward sump Near Geethashrama (11)",Borewell,2008-2009,1.20000,1.20000,"15 May 2008","15 Jun 2008",2024-06-07
Karnataka,"Bengaluru Urban",Anekal,Haragadde,"Mada Pattana",Madapatna,0001622883,0003694811,3559023,"Deep Tubewell","Ground Water","Bore well - Near Sri Hosahalli Muniyappana house (06)",Borewell,2008-2009,1.20000,1.20000,"15 May 2008","15 Jun 2008",2024-06-07
Karnataka,"Bengaluru Urban",Anekal,Haragadde,Nosenur,Nosenur,0000373352,0003694994,3559210,"Deep Tubewell","Ground Water","Bore well - Near Sweet water well, Nosenoor grama (12)",Borewell,2008-2009,1.20000,1.20000,"15 May 2008","15 Jun 2008",2024-06-07
Karnataka,"Bengaluru Urban",Anekal,Haragadde,Kumbarahalli,Kumbarahalli,0000373347,0003699205,3563508,"Deep Tubewell","Ground Water","Bore well - Near Government School  (18)",Borewell,2008-2009,1.20000,1.20000,"15 May 2008","15 Jun 2008",2024-06-07
Karnataka,"Bengaluru Urban",Anekal,Handenahalli,Kotiganahalli,Kotiganahalli,0000373536,0003865695,3732146,"Deep Tubewell","Ground Water","Towards village road","Revival of PWS",2011-2012,6.00000,5.89597,"20 Aug 2011","20 Jan 2014",2024-06-07
Karnataka,"Bengaluru Urban",Anekal,Samandur,Muthagatti,Muthagatti,0000373263,0003912657,3781059,"Deep Tubewell","Ground Water","Colony school road","Revival of PWS",2011-2012,6.00000,0.00000,"20 Aug 2011","15 Sep 2012",2024-06-07
Karnataka,"Bengaluru Urban",Anekal,Samandur,Muthagatti,Muthagatti,0000373263,0005222359,5165795,"Deep Tubewell","Ground Water","Village Limits","Revival of PWS",2012-2013,3.32000,3.31454,"28 Dec 2012","20 Mar 2013",2024-06-07
Karnataka,"Bengaluru Urban",Anekal,Samandur,Hompalgatta,Hompalgatta,0000373265,0005222444,5165886,"Deep Tubewell","Ground Water","Village Limits",Borewell,2012-2013,1.50000,1.89128,"16 Jan 2013","12 Mar 2013",2024-06-07
Karnataka,"Bengaluru Urban",Anekal,Samandur,Hompalgatta,Hompalgatta,0000373265,0005628430,5593796,"Deep Tubewell","Ground Water","Village limit","Drinking Water Facility to Anganawadi",2013-2014,1.00000,0.99881,"22 Sep 2013","02 Dec 2013",2024-06-07
Karnataka,"Bengaluru Urban",Anekal,Samandur,Hompalgatta,Hompalgatta,0000373265,0007532578,250147721,"Deep Tubewell","Ground Water","village limit","SCP Revival  of PWS scheme and House hold connection(HH 42) at Hompalaghatta Habitation Samanduru GP Anekal Taluk",2016-2017,10.00000,10.07188,"01 Sep 2016","31 Mar 2018",2024-06-07
Karnataka,"Bengaluru Urban",Anekal,Samandur,Hompalgatta,Hompalgatta,0000373265,0008032425,250147721,"Deep Tubewell","Ground Water","village limit","10 Crore 22052020 Drilling of Borewell at Hompalaghatta Habitation Samanduru Grama Panchayath Anekal Taluk",2020-2021,3.80000,3.43071,"16 Jun 2020","03 May 2023",2024-06-07
Karnataka,"Bengaluru Urban",Anekal,Samandur,Sabmangala,Sabmangala,0000373266,0008032460,250148667,"Deep Tubewell","Ground Water","Village limit","10 Crore 22052020 Drilling of Borewell at Sub Mangala Habitation Samanduru Grama Panchayath Anekal Taluk",2020-2021,3.64000,3.28092,"16 Jun 2020","03 May 2023",2024-06-07
Karnataka,"Bengaluru Urban",Anekal,Samandur,"Chennana Agrahara","Chennana Agrahara",0000373268,0005580474,5539817,"Deep Tubewell","Ground Water","Village limit","Providing Piped Water Supply Scheme",2013-2014,25.00000,23.74320,"25 Sep 2013","31 Mar 2014",2024-06-07
Karnataka,"Bengaluru Urban",Anekal,Samandur,Samandur,Samandur,0000373270,0005222318,5165754,"Deep Tubewell","Ground Water","Village Limits","Revival of PWS",2012-2013,4.75000,4.74253,"28 Dec 2012","20 Mar 2013",2024-06-07
Karnataka,"Bengaluru Urban",Anekal,Samandur,Samandur,Samandur,0000373270,0004873240,4800060,"Deep Tubewell","Ground Water","Thimmasandra Tank Bed","Revival of PWS Scheme",2012-2013,6.00000,5.32850,"15 Sep 2012","15 Mar 2013",2024-06-07
Karnataka,"Bengaluru Urban",Anekal,Samandur,Samandur,Samandur,0000373270,0005628483,5593851,"Deep Tubewell","Ground Water","Village limit","Drinking Water Facility to Anganawadi",2013-2014,1.00000,0.99881,"22 Sep 2013","02 Dec 2013",2024-06-07
Karnataka,"Bengaluru Urban",Anekal,Samandur,"S Thammasandra (b)","S. Thimmasandra",0000373272,0005628438,5593804,"Deep Tubewell","Ground Water","Village limit","Drinking Water Facility to Anganawadi",2013-2014,1.00000,0.99881,"22 Sep 2013","20 Mar 2014",2024-06-07
Karnataka,"Bengaluru Urban",Anekal,Samandur,Marnayakanahalli,Marnayakanahalli,0000373274,0005580476,250064318,"Deep Tubewell","Ground Water","Colony limit","Revival of PWS Scheme",2013-2014,8.00000,6.43759,"15 Sep 2013","10 Mar 2014",2024-06-07
Karnataka,"Bengaluru Urban",Anekal,Samandur,Marnayakanahalli,Marnayakanahalli,0000373274,0005628453,5593819,"Deep Tubewell","Ground Water","Village limit","Drinking Water Facility to Anganawadi",2013-2014,1.00000,0.99881,"15 Sep 2013","02 Dec 2013",2024-06-07
Karnataka,"Bengaluru Urban",Anekal,Karpoor,Haldenahalli,Haldenahalli,0000373275,0005223493,5166964,"Deep Tubewell","Ground Water","Village Limits","Revival of PWS",2012-2013,3.68000,4.40181,"28 Dec 2012","20 Mar 2013",2024-06-07
Karnataka,"Bengaluru Urban",Anekal,Karpoor,Karpoor,Karpoor,0000373278,0005709819,250001319,"Deep Tubewell","Ground Water","Village limit","Drinking Water Facility to Anganawadi",2013-2014,1.00000,0.99881,"15 Sep 2013","02 Dec 2013",2024-06-07
Karnataka,"Bengaluru Urban",Anekal,Karpoor,Bestamanahalli,Bestamanahalli,0000373279,0005709666,250001294,"Deep Tubewell","Ground Water","Village limit","Drinking Water Facility to Anganawadi",2013-2014,1.00000,0.99881,"15 Sep 2013","20 Jan 2014",2024-06-07
Karnataka,"Bengaluru Urban",Anekal,Karpoor,Bestamanahalli,Bestamanahalli,0000373279,0003907568,3775910,"Deep Tubewell","Ground Water","Towards temple road","Revival of PWS",2011-2012,6.00000,0.00000,"04 Sep 2011","10 Mar 2012",2024-06-07
Karnataka,"Bengaluru Urban",Anekal,Handenahalli,"S. Medihalli",Thyavakanahalli,0000373540,0003701102,3565497,"Deep Tubewell","Ground Water","Bore well - Beside Tank (kere) Near kunte (11)",Borewell,2009-2010,1.20000,1.20000,"12 Apr 2009","12 May 2009",2024-06-07
Karnataka,"Bengaluru Urban",Anekal,Billapura,Adigarakallahalli,Adigarakallahalli,0000373538,0003701357,3565753,"Deep Tubewell","Ground Water","Bore well - Behind Darga (19)",Borewell,2009-2010,1.20000,1.20000,"12 Apr 2009","12 May 2009",2024-06-07
Karnataka,"Bengaluru Urban",Anekal,Billapura,Adigarakallahalli,Adigarakallahalli,0000373538,0003701392,3565787,"Deep Tubewell","Ground Water","Bore well - On Bylahalli Road (20)",Borewell,2009-2010,1.20000,1.20000,"12 Apr 2009","12 May 2009",2024-06-07
Karnataka,"Bengaluru Urban",Anekal,Hennagara,Yarandahalli,Yarandahalli,0000373399,0003706980,3571398,"Deep Tubewell","Ground Water","Bore well MWS - Near R K Building  (03)","Bore well",2009-2010,1.20000,1.20000,"15 May 2009","15 Jun 2009",2024-06-07
Karnataka,"Bengaluru Urban",Anekal,Hennagara,Yarandahalli,Yarandahalli,0000373399,0003707080,3571499,"Deep Tubewell","Ground Water","Bore well MWS - Near Y Krishna Reddy Building (04)","Bore well",2009-2010,1.20000,1.20000,"15 May 2009","15 Jun 2009",2024-06-07
Karnataka,"Bengaluru Urban",Anekal,Hennagara,Yarandahalli,Yarandahalli,0000373399,0003707447,3571874,"Deep Tubewell","Ground Water","Bore well MWS - Near Kerala Mess Road, near Muniyappas House (05)","Bore well",2009-2010,1.20000,0.12000,"15 May 2009","15 Jun 2009",2024-06-07
Karnataka,"Bengaluru Urban",Anekal,Hennagara,Hosahalli,Hosahalli,0000373400,0003707852,3572283,"Deep Tubewell","Ground Water","OHT - Near Left Side Muneshwara Temple  (12)","Bore well",2009-2010,1.20000,0.12000,"15 May 2009","15 Jun 2009",2024-06-07
Karnataka,"Bengaluru Urban",Anekal,Hennagara,Hennagara,Hennagara,0000373394,0003707938,3572369,"Deep Tubewell","Ground Water","MWS - Hennagara Katte (13)","Bore well",2009-2010,1.20000,1.20000,"15 May 2009","15 Jun 2009",2024-06-07
Karnataka,"Bengaluru Urban",Anekal,Hennagara,Kachanayakanahalli,Kachanayakanahalli,0000373402,0003708409,3572846,"Deep Tubewell","Ground Water","MWS - Near Basaveshwara Temple (20)","Bore well",2009-2010,1.20000,1.20000,"15 May 2009","15 Jun 2009",2024-06-07
Karnataka,"Bengaluru Urban",Anekal,Hennagara,Rajapura,Rajapura,0000373396,0003708438,3572875,"Deep Tubewell","Ground Water","OHT - Side of Gangadharappa farm house (21)","Bore well",2009-2010,1.20000,1.20000,"15 May 2009","15 Jun 2009",2024-06-07
Karnataka,"Bengaluru Urban",Anekal,Neralur,Neralur,Neralur,0000373479,0003709885,3574337,"Deep Tubewell","Ground Water","Bore well : MWS - Near Neralooru Kere (01)","Bore well",2007-2008,1.20000,1.20000,"18 Jul 2007","18 Aug 2007",2024-06-07
Karnataka,"Bengaluru Urban",Anekal,Neralur,Neralur,Neralur,0000373479,0003709899,3574351,"Deep Tubewell","Ground Water","Bore well : Near Kntheshs house (02)","Bore well",2007-2008,1.20000,1.20000,"18 Jun 2007","18 Jul 2007",2024-06-07
Karnataka,"Bengaluru Urban",Anekal,Huskuru,Huskuru,Huskuru,0000373579,0003728976,3593620,"Deep Tubewell","Ground Water","Govt. High School","School Water Supply",2011-2012,1.00000,0.00000,"15 Aug 2011","15 Feb 2012",2024-06-07
Karnataka,"Bengaluru Urban",Anekal,Neriga,Chikkadasarahalli,Chikkadasarahalli,0000373563,0003729071,3593716,"Deep Tubewell","Ground Water","Govt. Primary School","School Water Supply",2011-2012,1.00000,0.00000,"15 Aug 2011","15 Feb 2012",2024-06-07
Karnataka,"Bengaluru Urban",Anekal,Ragihalli,Ujjinappanadoddi,Ujjappanadoddi,0000373460,0003729160,3593813,"Deep Tubewell","Ground Water","Govt. Primary School","School Water Supply",2011-2012,1.00000,0.00000,"15 Aug 2011","15 Feb 2012",2024-06-07
Karnataka,"Bengaluru Urban",Anekal,Indlawadi,Karakalaghatta,Karikalgatta,0000373318,0003733310,3597991,"Deep Tubewell","Ground Water","Village Limit","Extension of Pipe Line",2011-2012,3.00000,0.64450,"20 Aug 2011","05 Nov 2012",2024-06-07
Karnataka,"Bengaluru Urban",Anekal,Hennagara,Hinnakki,Hinnakki,0000373401,0003733363,3598044,"Deep Tubewell","Ground Water","Village Limit","Extension of Pipe Line",2011-2012,3.00000,0.00000,"25 Aug 2011","15 Mar 2012",2024-06-07
Karnataka,"Bengaluru Urban",Anekal,Bidaraguppe,Chikkanahalli,Chikkanahalli,0000373497,0007232790,3731778,"Deep Tubewell","Ground Water","Road side","AW Drinking Water Facility to Anganawadi",2015-2016,1.00000,0.00000,"25 Oct 2015","31 Mar 2016",2024-06-07
Karnataka,"Bengaluru Urban",Anekal,Bidaraguppe,Chikkanahalli,Chikkanahalli,0000373497,0008215470,3731778,"Deep Tubewell","Ground Water","Road side","Providing Water Supply to  Anganawadi fitting of Taps to Kitchen and Toilet at Chikkanahalli Habitation Biddaraguppe GP Anekal Taluk",2020-2021,0.15000,0.00000,"17 Dec 2020","03 May 2023",2024-06-07
Karnataka,"Bengaluru Urban",Anekal,Bidaraguppe,Indlabele,Indlabele,0000373495,0003865363,3731802,"Deep Tubewell","Ground Water","Towards village road","Revivalof MWS",2011-2012,5.50000,1.29915,"12 Aug 2011","01 Mar 2013",2024-06-07
Karnataka,"Bengaluru Urban",Anekal,Byagadadevanahalli,"Kammasandra Agrahara","Kammasandra Agrahara",0000373339,0003865456,3731900,"Deep Tubewell","Ground Water","Towards main road","Revival of MWS",2011-2012,6.00000,0.00000,"12 Aug 2011","25 Dec 2011",2024-06-07
Karnataka,"Bengaluru Urban",Anekal,Billapura,Billapura,Billapura,0000373532,0008215458,250148932,"Deep Tubewell","Ground Water","Village limit","Providing Water Supply to  Anganawadi fitting of Taps to Kitchen and Toilet at Billapura Habitation Billapura GP Anekal Taluk",2020-2021,0.15000,0.09558,"17 Dec 2020","03 May 2023",2024-06-07
Karnataka,"Bengaluru Urban",Anekal,Ballur,Ballur,Ballur,0000373484,0008216070,250150810,"Deep Tubewell","Ground Water","Tank Bed","Providing water supply to Anganwadi fitting of taps to kitchen and toilet at Balluru B Habitation Balluru GP Anekal Taluk",2020-2021,0.15000,0.06668,"17 Dec 2020","03 May 2023",2024-06-07
Karnataka,"Bengaluru Urban",Anekal,Mayasandra,Kamblipura,Kamblipura,0000373492,0008216095,250284065,"Deep Tubewell","Ground Water","Village limit","Providing water supply to Anganwadi fitting of taps to kitchen and toilet at Kambalipura Habitation Mayasandra GP Anekal Taluk",2020-2021,0.15000,0.00000,"17 Dec 2020","03 May 2023",2024-06-07
Karnataka,"Bengaluru Urban",Anekal,Mayasandra,"M. Medihalli","M. Medihalli",0000373494,0008216106,250152928,"Deep Tubewell","Ground Water","Village limit","Providing water supply to Anganwadi fitting of taps to kitchen and toilet at M Medihalli Habitation Mayasandra GP Anekal Taluk",2020-2021,0.15000,0.15000,"17 Dec 2020","03 May 2023",2024-06-07
Karnataka,"Bengaluru Urban",Anekal,Mayasandra,Manchanahalli,Manchanahalli,0000373488,0008216109,250245106,"Deep Tubewell","Ground Water","village limit","Providing water supply to Anganwadi fitting of taps to kitchen and toilet at Manchanahlli Habitation Mayasandra GP Anekal Taluk",2020-2021,0.15000,0.15000,"17 Dec 2020","03 May 2023",2024-06-07
Karnataka,"Bengaluru Urban",Anekal,Muthanallur,"Chikka Thimmasandra","Chikka Thimmasandra",0000373555,0008216956,250283932,"Deep Tubewell","Ground Water","village limit","Providing water supply to GLPS fitting of taps to kitchen and toilet at Chikkathimmasandra Habitation Muthanaluru GP Anekal Taluk",2020-2021,0.20000,0.18384,"17 Dec 2020","03 May 2023",2024-06-07
Karnataka,"Bengaluru Urban",Anekal,Mantapa,Laxmipura,Laxmipura,0000373413,0008222991,250149371,"Deep Tubewell","Ground Water","Village Limits","15 Crore 12102020 Revival of PWS Scheme Drilling of Borewell at Lakshmipura  near Yallamma temple  Village  Mantapa GP Anekal  Taluk",2020-2021,2.80000,2.43168,"25 Feb 2021","03 May 2023",2024-06-07
Karnataka,"Bengaluru Urban",Anekal,Hulimangala,Maragondanahalli,Maragondanahalli,0000373392,0008223070,250148995,"Deep Tubewell","Ground Water","Village limit","15 Crore 12102020 Revival of PWS Scheme Drilling of Borewell at Maragondanahalli  Village  Hulimanagala GP Anekal  Taluk",2020-2021,2.60000,2.34705,"25 Feb 2021","03 May 2023",2024-06-07
Karnataka,"Bengaluru Urban",Anekal,Huskuru,Huskuru,Huskuru,0000373579,0008229924,250283910,"Deep Tubewell","Ground Water","village limit","Providing water supply to Anganwadi fitting of taps to kitchen and toilet at Gattahalli Village Huskuru GP Anekal Taluk",2020-2021,0.15000,0.00000,"17 Dec 2020","03 May 2023",2024-06-07
Karnataka,"Bengaluru Urban",Anekal,Huskuru,Huskuru,Huskuru,0000373579,0008229929,250283910,"Deep Tubewell","Ground Water","village limit","Providing water supply to Anganwadi fitting of taps to kitchen and toilet at Huskuru Village Huskuru GP Anekal Taluk",2020-2021,0.15000,0.06668,"17 Dec 2020","03 May 2023",2024-06-07
Karnataka,"Bengaluru Urban",Anekal,Mugalur,"Mahal Chowdadenahalli","Mahal Chowdadenahalli",0000373518,0008230252,250150644,"Deep Tubewell","Ground Water","Towards Main road","15 crore 04022021 Revival of PWS Scheme Drlling of BW and Laying of Pipeline at  Mahal Chowdadenahalli  Village Mugaluru GP Anekal Taluk",2020-2021,4.95000,4.40997,"06 Feb 2021","03 May 2023",2024-06-07
Karnataka,"Bengaluru Urban",Anekal,Ballur,Halehalli,Halehalli,0000373486,0008234835,250246481,"Deep Tubewell","Ground Water","village limit","15 crore 04022021 Drilling of Borewell at Halehalli Village Balluru GP Anekal taluk",2020-2021,4.00000,3.47480,"06 Feb 2021","03 May 2023",2024-06-07
Karnataka,"Bengaluru Urban",Anekal,Mayasandra,"M. Medihalli","M. Medihalli",0000373494,0008235362,250152927,"Deep Tubewell","Ground Water",NA,"15 crore 04022021 Errection of Pump motor Providing and Laying Pipeline at Medahalli Village Mayasandra GP Anekal Taluk",2020-2021,5.00000,4.65910,"06 Feb 2021","03 May 2023",2024-06-07
Karnataka,"Bengaluru Urban",Anekal,Shantipura,Choodasandra,Choodasandra,0000373591,0008235532,250248236,"Deep Tubewell","Ground Water","Towards main road","15 crore 04022021 Revival of PWS Scheme Drlling of BW 1 at Choodasandra Village Shantipura GP Anekal Taluk",2020-2021,3.75000,3.37463,"06 Feb 2021","03 May 2023",2024-06-07
Karnataka,"Bengaluru Urban",Anekal,Ballur,Halehalli,Halehalli,0000373486,0008238310,250246481,"Deep Tubewell","Ground Water","village limit","15 crore 04022021 Errection of Pump motor Providing and Laying Pipeline at Halehalli Village Balluru GP Anekal Taluk",2020-2021,5.00000,4.65765,"06 Feb 2021","03 May 2023",2024-06-07
Karnataka,"Bengaluru Urban",Anekal,Neralur,Yadavanahalli,Yadavanahalli,0000373477,0008238736,250148742,"Deep Tubewell","Ground Water","Village limit","15 crore 04022021 Additional amount for Construction of GLSR at Yadavanahalli Village Neraluru GP Anekal taluk",2020-2021,36.88000,0.00000,"06 Feb 2021","03 May 2023",2024-06-07
Karnataka,"Bengaluru Urban",Anekal,Handenahalli,Handenahalli,Handenahalli,0000373542,0008238784,250247357,"Deep Tubewell","Ground Water","Sollepura Road","15 crore 04022021 Providing Water Supply to  Veterinary Hospital fitting of Taps at Handenahalli Village Handenahalli GP Anekal taluk",2020-2021,1.00000,0.99777,"06 Feb 2021","03 May 2023",2024-06-07
Karnataka,"Bengaluru Urban",Anekal,Handenahalli,"S. Medihalli",Thyavakanahalli,0000373540,0008242601,250148888,"Deep Tubewell","Ground Water","Towards village road","Providing water supply to Anganwadi fitting of taps to kitchen and toilet at Thyavakanahalli Habitation Handenahalli GP Anekal Taluk",2020-2021,0.15000,0.00000,"17 Dec 2020","03 May 2023",2024-06-07
Karnataka,"Bengaluru Urban",Anekal,Muthanallur,Muthanallur,"Muthanallur Amanikere",0000373558,0008313204,250302050,"Deep Tubewell","Ground Water","village limit","Providing pipe line to   Muthanallur amani kere village Muthanaluru GP Anekal Taluk",2018-2019,2.00000,1.95000,"01 Dec 2018","31 Mar 2019",2024-06-07
Karnataka,"Bengaluru Urban",Anekal,Yamare,"B. Hosahalli",Chikkadunnasandra,0001622900,0008313205,250302051,"Deep Tubewell","Ground Water","village limit","Providing pipe line to   Chikkadunasandara village Yamare GP Anekal Taluk",2018-2019,1.50000,1.45000,"01 Oct 2018","31 Mar 2019",2024-06-07
Karnataka,"Bengaluru Urban",Anekal,Kallabalu,Poojiganapalya,Pujiganapalya,0000373375,0007999461,250290098,"Deep Tubewell","Ground Water","village limit","10crore Revival of PWS scheme, Drilling of Borewell  at Poojagaiahnapalya village, Kallubalu GP, Anekal Taluk",2020-2021,2.50000,2.09796,"16 Jun 2020","03 May 2023",2024-06-07
Karnataka,"Bengaluru Urban",Anekal,Kallabalu,Poojiganapalya,Pujiganapalya,0000373375,0007999484,250290101,"Deep Tubewell","Ground Water","village limit","10crore Revival of PWS scheme, Providing Pump Motor at Poojaganapalya village, Kallubalu GP, Anekal Taluk",2020-2021,5.00000,4.97458,"16 Jun 2020","03 May 2023",2024-06-07
Karnataka,"Bengaluru Urban",Anekal,Haragadde,"Mada Pattana",Madapatna,0001622883,0007999487,250290102,"Deep Tubewell","Ground Water","village limit","10crore Revival of PWS scheme, Providing Pump Motor at Madapatna village, Haragadde GP, Anekal Taluk",2020-2021,5.00000,4.99820,"16 Jun 2020","03 May 2023",2024-06-07
Karnataka,"Bengaluru Urban",Anekal,Haragadde,Dyavasandra,Dyavasandra,0001622880,0007999533,250290105,"Deep Tubewell","Ground Water","village limit","10crore Revival of PWS scheme, Drilling of Borewell  at Dyavasandra village, Haragadde GP, Anekal Taluk",2020-2021,2.50000,2.26271,"16 Jun 2020","03 May 2023",2024-06-07
Karnataka,"Bengaluru Urban",Anekal,Hulimangala,"S. Bingipura","S. Bingipura",0000373389,0007999546,250290111,"Deep Tubewell","Ground Water","village limit","10crore Revival of PWS scheme, Providing Pump Motor at Bingipura village, Hulimangala GP, Anekal Taluk",2020-2021,5.00000,4.97517,"16 Jun 2020","03 May 2023",2024-06-07
Karnataka,"Bengaluru Urban",Anekal,Hulimangala,Maragondanahalli,Maragondanahalli,0000373392,0007999548,250290112,"Deep Tubewell","Ground Water","village limit","10crore Revival of PWS scheme, Drilling of Borewell at Maragondanahalli village, Hulimangala GP, Anekal Taluk",2020-2021,2.50000,2.26271,"16 Jun 2020","03 May 2023",2024-06-07
Karnataka,"Bengaluru Urban",Anekal,Mugalur,Thindlu,Thindlu,0000373517,0008009292,250150657,"Deep Tubewell","Ground Water","Village limit","10 Crore 22052020  Drilling of Borewell at Thindlu Habitation Mugaluru Grama Panchayath Anekal Taluk",2020-2021,3.75000,3.37345,"16 Jun 2020","03 May 2023",2024-06-07
Karnataka,"Bengaluru Urban",Anekal,Billapura,Billapura,Billapura,0000373532,0008009314,250148932,"Deep Tubewell","Ground Water","Village limit","10 Crore 22052020  Drilling of Borewell at Billapura Habitation Billapura Grama Panchayath Anekal Taluk",2020-2021,3.75000,3.39827,"16 Jun 2020","03 May 2023",2024-06-07
Karnataka,"Bengaluru Urban",Anekal,Billapura,Adigarakallahalli,Adigarakallahalli,0000373538,0008009316,250148916,"Deep Tubewell","Ground Water","Village limit","10 Crore 22052020 Drilling of Borewell at Adigarakallahalli Habitation Billapura Grama Panchayath Anekal Taluk",2020-2021,3.75000,3.35764,"16 Jun 2020","03 May 2023",2024-06-07
Karnataka,"Bengaluru Urban",Anekal,Handenahalli,"S. Medihalli",Thyavakanahalli,0000373540,0008009317,250148888,"Deep Tubewell","Ground Water","Towards village road","10 Crore 22052020 Drilling of Borewell at Thyavakanahalli Habitation, Handenahalli Grama Panchayath, Anekal Taluk",2020-2021,3.75000,3.35930,"16 Jun 2020","03 May 2023",2024-06-07
Karnataka,"Bengaluru Urban",Anekal,Dommasandra,Dommasandra,Dommasandra,0000373592,0008064340,250247324,"Deep Tubewell","Ground Water","Tank bed","10 Crore 22052020 Drilling of Borewell near at Dommasandra Habitation Dommasandra Grama Panchayath Anekal Taluk",2020-2021,3.85000,3.38980,"16 Jun 2020","03 May 2023",2024-06-07
Karnataka,"Bengaluru Urban",Anekal,Neralur,Thirumagondanahalli,Thirumagondanahalli,0000373478,0008215427,250254045,"Deep Tubewell","Ground Water","village limit","Providing Water Supply to  Anganawadi fitting of Taps to Kitchen and Toilet at Thirumagondanahalli A Habitation Neraluru GP Anekal Taluk",2020-2021,0.15000,0.09558,"17 Dec 2020","03 May 2023",2024-06-07
Karnataka,"Bengaluru Urban",Anekal,Handenahalli,Kotiganahalli,Kotiganahalli,0000373536,0000683836,130125,"Deep Tubewell","Ground Water",NA,villagelimit,2007-2008,3.70000,1.07000,"13 Feb 2008","16 Jul 2008",2024-06-07
Karnataka,"Bengaluru Urban",Anekal,Indlawadi,Kadajakanahalli,Kadajakanahalli,0000373334,0000774637,130450,"Deep Tubewell","Ground Water",NA,"Near Aproach Road",2001-2002,0.60000,0.61000,"01 Mar 2002","06 Aug 2003",2024-06-07
Karnataka,"Bengaluru Urban",Anekal,Vannakanahalli,Choodenahalli,Kalyanakanahalli,0000373306,0001747009,1493927,"Deep Tubewell","Ground Water","Thali Road near Katte","Near School and Near Colony",2008-2009,3.50000,0.49000,"30 Jun 2008","01 Jul 2009",2024-06-07
Karnataka,"Bengaluru Urban",Anekal,Mugalur,"Pandithana Agrahara","Pandithana Agrahara",0000373525,0001749119,1496597,"Deep Tubewell","Ground Water","Matnahalli road","in side the village",2008-2009,15.00000,3.52000,"10 Oct 2008","30 May 2010",2024-06-07
Karnataka,"Bengaluru Urban",Anekal,Karpoor,Bestamanahalli,Bestamanahalli,0000373279,0001767331,1516663,"Deep Tubewell","Ground Water","Tank bed","OHT Rachamaranahalli road",2007-2008,8.75000,6.49000,"12 Feb 2008","30 May 2010",2024-06-07
Karnataka,"Bengaluru Urban",Anekal,Surgajakanahalli,"A. Medihalli","A. Medihalli",0000373283,0001767536,1516862,"Deep Tubewell","Ground Water","Village Limits","Village Limits",2007-2008,3.70000,3.30000,"15 Nov 2008","30 May 2010",2024-06-07
Karnataka,"Bengaluru Urban",Anekal,Muthanallur,Muthanallur,Muthanallur,0000373559,0001767611,1516937,"Deep Tubewell","Ground Water","Village Limits","Village Limits",2007-2008,12.00000,9.55000,"08 Jun 2009","25 Oct 2009",2024-06-07
Karnataka,"Bengaluru Urban",Anekal,Bidaraguppe,Bidaraguppe,Bidaraguppe,0000373499,0001768590,1517982,"Deep Tubewell","Ground Water","Combined Villages (Bidaraguppe & Silk Farm)","Silk Form Road",2008-2009,15.00000,7.86000,"10 Jun 2009","10 Oct 2010",2024-06-07
Karnataka,"Bengaluru Urban",Anekal,Mayasandra,"M. Medihalli","M. Medihalli",0000373494,0001768664,1518079,"Deep Tubewell","Ground Water","Village Limits","Village Limits",2008-2009,15.00000,0.00000,"01 Sep 2009","30 May 2010",2024-06-07
Karnataka,"Bengaluru Urban",Anekal,Dommasandra,Dommasandra,Dommasandra,0000373592,0001769022,1518461,"Deep Tubewell","Ground Water","Village Limits","Village Limits",2008-2009,4.40000,0.00001,"30 Dec 2008","25 Mar 2009",2024-06-07
Karnataka,"Bengaluru Urban",Anekal,Neriga,"Halsahalli Thippasandra","Halsahalli Thippasandra",0000373571,0001769600,1519033,"Deep Tubewell","Ground Water","Village Limits","Village Limits",2008-2009,2.50000,1.43000,"15 Nov 2008","10 Jan 2009",2024-06-07
Karnataka,"Bengaluru Urban",Anekal,Mantapa,"Chinnaiahna Palya",Chinnaiahanapalya,0000373424,0007145690,1519543,"Deep Tubewell","Ground Water","Village Limits","SCP Revival of  MWS Scheme",2015-2016,7.00000,0.00000,"25 Oct 2015","31 Mar 2016",2024-06-07
Karnataka,"Bengaluru Urban",Anekal,Indlawadi,Chikkanahalli,Chikkanahalli,0000373319,0001770125,1519554,"Deep Tubewell","Ground Water","Village Limits","Village Limits",2008-2009,2.50000,0.00001,"05 Jan 2009","30 May 2010",2024-06-07
Karnataka,"Bengaluru Urban",Anekal,Bannerghatta,Munimaranadoddi,Munimaranadoddi,0001622877,0002559457,2362756,"Deep Tubewell","Ground Water",tankbed,"village limits",2008-2009,16.00000,15.22000,"31 Dec 2009","31 Oct 2010",2024-06-07
Karnataka,"Bengaluru Urban",Anekal,Bidaraguppe,Bidaraguppe,Bidaraguppe,0000373499,0002594960,2400137,"Deep Tubewell","Ground Water","village limit","Providing Community Terafill Units at Bidaraguppe Village in Anekal Taluk",2009-2010,3.85000,0.00100,"31 Oct 2009","30 Aug 2010",2024-06-07
Karnataka,"Bengaluru Urban",Anekal,Neralur,Adigondanahalli,Adigondanahalli,0000373481,0002595353,2400545,"Deep Tubewell","Ground Water","Village Limit","Providing community Terrafil Unit at Adigondanahalli Village in Anekal Taluk",2009-2010,2.75000,0.00100,"31 Oct 2009","30 Aug 2010",2024-06-07
Karnataka,"Bengaluru Urban",Anekal,Bidaraguppe,Bidaraguppe,Bidaraguppe,0000373499,0002595458,2400654,"Deep Tubewell","Ground Water","Village Limit","Providing community Terrafil Unit at Indiabele Village in Anekal Taluk",2009-2010,1.65000,0.00100,"31 Oct 2009","30 Aug 2010",2024-06-07
Karnataka,"Bengaluru Urban",Anekal,Indlawadi,Karakalaghatta,Karikalgatta,0000373318,0002595826,2401080,"Deep Tubewell","Ground Water","Village Limits","Village Limits",2010-2011,4.00000,0.00000,"30 Jun 2010","31 Mar 2011",2024-06-07
Karnataka,"Bengaluru Urban",Anekal,Kallabalu,Giddenahalli,Giddenahalli,0000373372,0002595988,2401243,"Deep Tubewell","Ground Water","Village Limits","Village Limits",2010-2011,4.00000,0.00000,"30 Jun 2010","31 Oct 2011",2024-06-07
Karnataka,"Bengaluru Urban",Anekal,Mantapa,Sakalavara,Sakalavara,0000373419,0002596079,2401339,"Deep Tubewell","Ground Water","Village Limits","Village Limits",2010-2011,4.00000,0.00000,"30 Jun 2010","31 Aug 2011",2024-06-07
Karnataka,"Bengaluru Urban",Anekal,Ragihalli,Sollepuradoddi,Sollepuradoddi,0000373453,0002596188,2401452,"Deep Tubewell","Ground Water","Village Limits","Village Limits",2010-2011,4.00000,0.00000,"30 Jun 2010","31 Mar 2011",2024-06-07
Karnataka,"Bengaluru Urban",Anekal,Vannakanahalli,"Kempudommasandra (b)",Kempadommasandra,0000373304,0002596293,2401567,"Deep Tubewell","Ground Water","Village Limits","Village Limits",2010-2011,4.25000,0.00000,"30 Jun 2010","31 Mar 2011",2024-06-07
Karnataka,"Bengaluru Urban",Anekal,Yamare,"Volagere Kallahalli",Chennigapura,0000373551,0002596341,2401620,"Deep Tubewell","Ground Water","Village Limits","Village Limits",2010-2011,4.20000,0.00000,"30 Jun 2010","31 Mar 2011",2024-06-07
Karnataka,"Bengaluru Urban",Anekal,Hennagara,Ramakrishnapura,Ramakrishnapura,0001622888,0002597044,2402347,"Deep Tubewell","Ground Water","Village Limit","Community Terrafil Units",2010-2011,4.95000,5.67000,"10 Dec 2010","04 Jan 2013",2024-06-07
Karnataka,"Bengaluru Urban",Anekal,Hulimangala,Maragondanahalli,Maragondanahalli,0000373392,0002597139,2402458,"Deep Tubewell","Ground Water","Village Limit","Community Terrafil Units",2010-2011,4.40000,0.00000,"10 Dec 2010","28 Feb 2011",2024-06-07
Karnataka,"Bengaluru Urban",Anekal,Huskuru,"Chinnthala Madiwala","Chinnthala Madiwala",0000373578,0002597185,2402521,"Deep Tubewell","Ground Water","Village Limit","Community Terrafil Units",2010-2011,1.65000,1.89000,"10 Dec 2010","03 Jan 2013",2024-06-07
Karnataka,"Bengaluru Urban",Anekal,Huskuru,Chookasandra,Chookasandra,0000373576,0002597200,2402533,"Deep Tubewell","Ground Water","Village Limit","Community Terrafil Units",2010-2011,1.10000,1.26000,"10 Dec 2010","03 Jan 2013",2024-06-07
Karnataka,"Bengaluru Urban",Anekal,Huskuru,Kaggalipura,Kaggalipura,0000373574,0002605191,2410917,"Deep Tubewell","Ground Water","Village Limits","Village Limits",2010-2011,4.00000,0.00000,"30 Jun 2010","31 Mar 2011",2024-06-07
Karnataka,"Bengaluru Urban",Anekal,Yamare,Ittangur,Ittangur,0000373546,0000547343,123302,"Deep Tubewell","Ground Water",NA,villagelimit,2006-2007,12.95000,12.95000,"18 Jul 2007","20 Mar 2008",2024-06-07
Karnataka,"Bengaluru Urban",Anekal,Surgajakanahalli,Siddanapalya,Siddanapalya,0000373289,0000774668,123505,"Deep Tubewell","Ground Water",NA,"Village Limits",2001-2002,0.60000,0.61000,"15 Feb 2002","06 Aug 2003",2024-06-07
Karnataka,"Bengaluru Urban",Anekal,Huskuru,Huskuru,Sanjeevanagara,0000373580,0000420078,123963,"Deep Tubewell","Ground Water",NA,"village limit",2006-2007,3.50000,1.28000,"21 Dec 2006","10 Jul 2007",2024-06-07
Karnataka,"Bengaluru Urban",Anekal,Karpoor,Bidaragere,Bidaragere,0000373277,0000014019,124030,"Deep Tubewell","Ground Water","village limit",Bidaragere,2003-2004,7.50000,7.50000,"01 Jan 1900","01 Jan 1900",2024-06-07
Karnataka,"Bengaluru Urban",Anekal,Muthanallur,Gopasandra,Gopasandra,0000373560,0000558273,124545,"Deep Tubewell","Ground Water",NA,"Near MI Tank",2007-2008,3.70000,1.35000,"05 Mar 2008","23 Jan 2009",2024-06-07
Karnataka,"Bengaluru Urban",Anekal,Hulimangala,Koppa,Koppa,0000373383,0000558372,124732,"Deep Tubewell","Ground Water",NA,"Near Begur Road",2007-2008,3.50000,1.93000,"27 Mar 2008","25 Aug 2008",2024-06-07
Karnataka,"Bengaluru Urban",Anekal,Haragadde,Kumbarahalli,Kumbarahalli,0000373347,0000420101,125220,"Deep Tubewell","Ground Water",NA,"village limit",2006-2007,3.25000,2.48000,"06 Dec 2006","03 May 2007",2024-06-07
Karnataka,"Bengaluru Urban",Anekal,Indlawadi,Laxmipura,Laxmipura,0000373323,0000549258,125334,"Deep Tubewell","Ground Water",NA,"Revival of MWS",2006-2007,3.25000,2.47000,"14 Jun 2007","10 Oct 2007",2024-06-07
Karnataka,"Bengaluru Urban",Anekal,Mayasandra,Bakthipura,Bakthipura,0000373489,0000014026,125464,"Deep Tubewell","Ground Water",villagelimit,Bakthipura,2005-2006,2.30000,2.30000,"01 Jan 2005","01 Jan 2006",2024-06-07
Karnataka,"Bengaluru Urban",Anekal,Surgajakanahalli,Sidihoskote,Sidihoskote,0000373291,0000549232,125520,"Deep Tubewell","Ground Water",NA,"Revival of MWS",2006-2007,0.35000,0.35000,"18 Jul 2007","13 Feb 2008",2024-06-07
Karnataka,"Bengaluru Urban",Anekal,Yamare,Chambenahalli,Chambenahalli,0000373552,0001422231,125661,"Deep Tubewell","Ground Water",NA,"Village limit",2008-2009,15.00000,8.52000,"02 Jan 2009","30 May 2010",2024-06-07
Karnataka,"Bengaluru Urban",Anekal,Surgajakanahalli,Chinnaiahnapalya,Chinnaiahanapalya,0000373290,0000549485,125788,"Deep Tubewell","Ground Water","M.I.Tank Bund","3 Cisterns (Road end) village limits",2007-2008,3.70000,0.80000,"15 Dec 2008","30 May 2010",2024-06-07
Karnataka,"Bengaluru Urban",Anekal,Bannerghatta,Amruthanagara,Amruthanagara,0000373449,0000547419,125803,"Deep Tubewell","Ground Water",NA,villagelimit,2006-2007,3.50000,3.50000,"14 Nov 2007","05 Mar 2008",2024-06-07
Karnataka,"Bengaluru Urban",Anekal,Indlawadi,"Chikka Hosahalli","Chikka Hosahalli",0000373317,0000420179,125857,"Deep Tubewell","Ground Water",NA,MWS,2006-2007,2.50000,2.06000,"13 Dec 2006","18 Apr 2007",2024-06-07
Karnataka,"Bengaluru Urban",Anekal,Neralur,Neralur,Neralur,0000373479,0000774762,125872,"Deep Tubewell","Ground Water",NA,"Village Limit",2001-2002,1.00000,0.99000,"10 Jan 2002","03 Mar 2004",2024-06-07
Karnataka,"Bengaluru Urban",Anekal,Byagadadevanahalli,Thatnahalli,Thatnahalli,0000373344,0000549431,125998,"Deep Tubewell","Ground Water",NA,"Revival of MWS",2007-2008,4.20000,0.78000,"15 Apr 2008","21 Jul 2008",2024-06-07
Karnataka,"Bengaluru Urban",Anekal,Karpoor,Bestamanahalli,Bestamanahalli,0000373279,0000549173,126402,"Deep Tubewell","Ground Water",NA,PWS,2006-2007,8.00000,6.49000,"14 Jun 2007","11 Mar 2008",2024-06-07
Karnataka,"Bengaluru Urban",Anekal,Vannakanahalli,Telagarahalli,Telagarahalli,0000373301,0000558442,126431,"Deep Tubewell","Ground Water",NA,"Near MI Tank",2005-2006,2.90000,2.90000,"08 Mar 2006","21 Mar 2007",2024-06-07
Karnataka,"Bengaluru Urban",Anekal,Yamare,"B. Hosahalli","B. Hosahalli",0000373547,0000420169,126519,"Deep Tubewell","Ground Water",NA,MWS,2006-2007,2.75000,2.13000,"29 Dec 2006","20 Apr 2007",2024-06-07
Karnataka,"Bengaluru Urban",Anekal,Byagadadevanahalli,"Kammasandra Agrahara","Kammasandra Agrahara",0000373339,0007143171,126556,"Deep Tubewell","Ground Water","village limit","SCP Revival of PWS Scheme",2015-2016,5.00000,0.00000,"25 Oct 2015","31 Mar 2016",2024-06-07
Karnataka,"Bengaluru Urban",Anekal,Ballur,Dasanapura,Dasanapura,0001622876,0000549085,129626,"Deep Tubewell","Ground Water",NA,PWS,2006-2007,12.00000,5.85000,"11 Oct 2007","10 Mar 2008",2024-06-07
Karnataka,"Bengaluru Urban",Anekal,Huskuru,Chookasandra,Chookasandra,0000373576,0002595686,2400904,"Deep Tubewell","Ground Water","Village Limits","Village Limits",2010-2011,4.50000,0.00000,"30 Jun 2010","31 Mar 2011",2024-06-07
Karnataka,"Bengaluru Urban",Anekal,Huskuru,Huskuru,"Lakshmi Narayanapura",0000373581,0002595787,2401040,"Deep Tubewell","Ground Water","Village Limits","Village Limits",2010-2011,4.00000,0.00000,"30 Jun 2010","31 Oct 2011",2024-06-07
Karnataka,"Bengaluru Urban",Anekal,Kallabalu,Kasavanakunte,Kasavanakunte,0000373366,0002595926,2401184,"Deep Tubewell","Ground Water","Village Limits","Village Limits",2010-2011,4.50000,0.00000,"30 Jun 2010","31 Oct 2011",2024-06-07
Karnataka,"Bengaluru Urban",Anekal,Kallabalu,"Goninayakana Doddi","Goninayakana Doddi",0000373378,0002595965,2401221,"Deep Tubewell","Ground Water","Village Limits","Village Limits",2010-2011,4.00000,0.00000,"30 Jun 2010","31 Mar 2011",2024-06-07
Karnataka,"Bengaluru Urban",Anekal,Haragadde,"Mada Pattana",Madapatna,0001622883,0006849706,250076054,"Deep Tubewell","Ground Water","Near nala","TFC 20.10.2014 Drilling of Borewell in Madapattana habitation",2014-2015,1.60000,0.00000,"10 Dec 2014","10 May 2015",2024-06-07
Karnataka,"Bengaluru Urban",Anekal,Hennagara,Rajapura,Rajapura,0000373396,0006849717,250076065,"Deep Tubewell","Ground Water","Near nala","TFC 20.10.2014 Drilling of Borewell-1in Rajapur Habitation",2014-2015,1.70000,1.31794,"10 Dec 2014","20 Jan 2015",2024-06-07
Karnataka,"Bengaluru Urban",Anekal,Neralur,Yadavanahalli,Yadavanahalli,0000373477,0006850040,250076215,"Deep Tubewell","Ground Water",NA,"SDP TFC 20.10.2014 Drilling of Borewell 2 in Yadavanahalli habitation",2014-2015,4.00000,3.99335,"10 Dec 2014","31 Mar 2017",2024-06-07
Karnataka,"Bengaluru Urban",Anekal,Ballur,Ballur,Ballur,0000373484,0006850093,250076236,"Deep Tubewell","Ground Water","Near M.I.tank Bed","SDP TFC 20.10.2014 Drilling of Borewell in Balluru Habitation",2014-2015,5.00000,4.24714,"10 Dec 2014","31 Dec 2015",2024-06-07
Karnataka,"Bengaluru Urban",Anekal,Shantipura,Gattahalli,Gattahalli,0000373587,0006850147,250076252,"Deep Tubewell","Ground Water",NA,"TFC 20.10.2014 Drilling of Borewell-2 No,T Errection of Pumpset with Pipe line for revival of MWS in Ghattahalli habitation",2014-2015,5.00000,4.86071,"10 Dec 2014","18 Mar 2015",2024-06-07
Karnataka,"Bengaluru Urban",Anekal,Marsoor,Bandapura,Bandapura,0000373313,0006850163,250076261,"Deep Tubewell","Ground Water","Near Madiwala MI Tank","SCP  TFC 20.10.2014 Drilling of Borewell in Bhandapura habitation.",2014-2015,1.96000,1.95987,"10 Dec 2014","31 Dec 2015",2024-06-07
Karnataka,"Bengaluru Urban",Anekal,Byagadadevanahalli,Byagadadenahalli,Byagadadenahalli,0000373346,0006850185,250076273,"Deep Tubewell","Ground Water","Nesr M.I.Tank","SDP TFC 20.10.2014 Drilling of Borewell in Byagadadenahalli habitation",2014-2015,4.00000,3.99640,"10 Dec 2014","31 Dec 2015",2024-06-07
Karnataka,"Bengaluru Urban",Anekal,Byagadadevanahalli,Byagadadenahalli,Byagadadenahalli,0000373346,0006850185,250076272,"Deep Tubewell","Ground Water","1)Near  M.I.Tank bed 2)Near  M.I.Tank bed","SDP TFC 20.10.2014 Drilling of Borewell in Byagadadenahalli habitation",2014-2015,4.00000,3.99640,"10 Dec 2014","31 Dec 2015",2024-06-07
Karnataka,"Bengaluru Urban",Anekal,Mayasandra,Manchanahalli,Manchanahalli,0000373488,0006939338,250080087,"Deep Tubewell","Ground Water","Near Village","SCP TFC130315 Drilling of Borewell at Manchanahalli Habitation in Mayasandra G.P. Anekal Taluk",2014-2015,2.15000,2.14796,"20 Apr 2015","01 Sep 2015",2024-06-07
Karnataka,"Bengaluru Urban",Anekal,Shantipura,Gattahalli,Gattahalli,0000373587,0006939823,250080093,"Deep Tubewell","Ground Water","Near M.I.Tank","SDP TFC130315  Redrilling of Borewell at Gattahalli Habitation in Shanthipura G.P. Anekal Taluk.",2014-2015,1.10000,1.09947,"20 Apr 2015","01 Sep 2015",2024-06-07
Karnataka,"Bengaluru Urban",Anekal,Mugalur,"Dodda Thimmasandra","Dodda Thimmasandra",0000373520,0006939854,250080095,"Deep Tubewell","Ground Water","In Tank Bed","SDP TFC130315 Drilling of Borewell at  Doddathimmasandra 2 Habitation in Mugaluru G.P. Anekal Taluk.",2014-2015,2.70000,2.69717,"20 Apr 2015","01 Sep 2015",2024-06-07
Karnataka,"Bengaluru Urban",Anekal,Shantipura,Rayasandra,Rayasandra,0000373589,0006939936,250080098,"Deep Tubewell","Ground Water","Near Sadashivareddy House","SDP TFC130315 Drilling of Borewell at Rayasandra  Habitation in Shanthipura G.P. Anekal Taluk.",2014-2015,2.70000,2.69962,"20 Apr 2015","01 Sep 2015",2024-06-07
Karnataka,"Bengaluru Urban",Anekal,Neralur,Itchangur,Itchangur,0000373474,0006940843,250080106,"Deep Tubewell","Ground Water","On Bandapura Road","SDP TFC130315 Drilling of Borewell at Itchangur Habitation in Neraluru G.P. Anekal Taluk.",2014-2015,2.40000,2.39837,"20 Apr 2015","01 Sep 2015",2024-06-07
Karnataka,"Bengaluru Urban",Anekal,Mantapa,Laxmipura,Laxmipura,0000373413,0006942871,250080152,"Deep Tubewell","Ground Water","Near Kalkere Road","SDP TFC130315 Drilling of Borewell 1 at Laxmipura Habitation, Mantapa GP, Anekal Taluk.",2014-2015,2.00000,1.99988,"20 Apr 2015","01 Sep 2015",2024-06-07
Karnataka,"Bengaluru Urban",Anekal,Bannerghatta,Shyanubhoganahalli,Shanubhoganahalli,0000373437,0006942891,250080155,"Deep Tubewell","Ground Water","Near by Temple","SDP TFC130315 Drilling of Borewell at Shanubhoganahalli Habitation, Banneraghatta GP, Anekal Taluk",2014-2015,2.00000,1.99310,"20 Apr 2015","01 Sep 2015",2024-06-07
Karnataka,"Bengaluru Urban",Anekal,Kallabalu,Muthurayanadoddi,Muthaaryanaddoddi,0000373364,0006943982,250080226,"Deep Tubewell","Ground Water","Near tank","SCP  TFC130315 Drilling of Borewell at Mutturayaswamy Doddi Habitation, Kallubalu GP, Anekal Taluk",2014-2015,2.20000,2.19852,"20 Apr 2015","31 Dec 2015",2024-06-07
Karnataka,"Bengaluru Urban",Anekal,Kallabalu,Yallammanadoddi,"Yallammana Doddi",0000373376,0006943991,250080227,"Deep Tubewell","Ground Water","Near road","SCP  TFC130315 Drilling of Borewell at Yallammanadoddi  Habitation, Kallubalu GP, Anekal Taluk",2014-2015,2.20000,2.19796,"20 Apr 2015","31 Dec 2015",2024-06-07
Karnataka,"Bengaluru Urban",Anekal,Mantapa,"Hale Sampigehalli","Hale Sampigehalli",0000373412,0006944040,250080233,"Deep Tubewell","Ground Water","Near main road","SDP TFC130315 Drilling of Borewell at Hale Sampigehalli Habitation, Mantapa GP, Anekal Taluk.",2014-2015,2.00000,1.99535,"20 Apr 2015","01 Sep 2015",2024-06-07
Karnataka,"Bengaluru Urban",Anekal,Hulimangala,Shikaripalya,Shikaripalya,0000373393,0006944064,250080234,"Deep Tubewell","Ground Water","Near road","SCP  TFC130315 Drilling of Borewell  1 at Shikaripalya Habitation, Hulimangala GP, Anekal Taluk.",2014-2015,2.20000,2.19604,"20 Apr 2015","31 Dec 2015",2024-06-07
Karnataka,"Bengaluru Urban",Anekal,Mantapa,Hullahalli,Hullahalli,0000373422,0006999202,250083684,"Deep Tubewell","Ground Water","Near Main Road","SCP TFC050515 Drilling of Borewell with Electrification at Hullahalli Habitation, Mantapa G.P",2015-2016,2.22000,1.96802,"21 Jul 2015","31 Mar 2016",2024-06-07
Karnataka,"Bengaluru Urban",Anekal,Hulimangala,Shikaripalya,Shikaripalya,0000373393,0006999266,250083689,"Deep Tubewell","Ground Water","Near Cross Main Road","SCP TFC050515 Drilling of Borewell 1with Electrification at Shikaripalya Habitation, Hulimangala G.P",2015-2016,1.33000,1.09290,"21 Jul 2015","31 Mar 2016",2024-06-07
Karnataka,"Bengaluru Urban",Anekal,Huskuru,Huskuru,Huskuru,0000373579,0007000111,250083775,"Deep Tubewell","Ground Water","Near Singena Agrahara Road","G TFC050515 Drilling of Borewell 1with Electrification at Huskur Habitation, Huskur G.P",2015-2016,1.92000,1.91970,"21 Jul 2015","30 Oct 2015",2024-06-07
Karnataka,"Bengaluru Urban",Anekal,Dommasandra,Dommasandra,Dommasandra,0000373592,0007000124,250083779,"Deep Tubewell","Ground Water","Near Muttanallur Ground","G TFC050515 Drilling of Borewell at Dommasandra Ward No 6 Habitation, Dommasandra  G.P",2015-2016,2.30000,2.29808,"21 Jul 2015","30 Oct 2015",2024-06-07
Karnataka,"Bengaluru Urban",Anekal,Bannerghatta,Kulumepalya,Kulumepalya,0000373447,0006367419,5168882,"Deep Tubewell","Ground Water","Village Limits","G Revival of MWS Scheme",2013-2014,6.00000,6.15638,"22 Mar 2014","31 Dec 2015",2024-06-07
Karnataka,"Bengaluru Urban",Anekal,Byagadadevanahalli,Byagadadenahalli,Byagadadenahalli,0000373346,0006367437,250034239,"Deep Tubewell","Ground Water","Village limit","Revival of PWS Scheme",2013-2014,8.00000,0.00000,"22 Mar 2014","20 Jun 2014",2024-06-07
Karnataka,"Bengaluru Urban",Anekal,Huskuru,Avalahalli,Avalahalli,0000373582,0006368948,250034373,"Deep Tubewell","Ground Water","Village limit","Revival of MWS  Scheme",2013-2014,6.00000,0.00000,"22 Apr 2014","10 Aug 2014",2024-06-07
Karnataka,"Bengaluru Urban",Anekal,Huskuru,Huskuru,Sanjeevanagara,0000373580,0006372216,250034420,"Deep Tubewell","Ground Water","Colony limit","Revival of MWS Scheme",2013-2014,6.00000,5.96692,"22 Apr 2014","30 Mar 2015",2024-06-07
Karnataka,"Bengaluru Urban",Anekal,Indlawadi,Tammanayakanahalli,Tammanayakanahalli,0000373321,0006372264,250034425,"Deep Tubewell","Ground Water","Village limit","Revival of MWS Scheme",2013-2014,6.00000,6.00000,"22 Apr 2014","31 Mar 2015",2024-06-07
Karnataka,"Bengaluru Urban",Anekal,Kallabalu,Muthurayanadoddi,Muthaaryanaddoddi,0000373364,0006373339,250034458,"Deep Tubewell","Ground Water","Village  limit","SCP Revival of MWS Scheme",2013-2014,6.00000,5.98953,"19 Apr 2014","31 Dec 2015",2024-06-07
Karnataka,"Bengaluru Urban",Anekal,Mantapa,Laxmipura,Sampangiramanagara,0000373414,0006373353,250034467,"Deep Tubewell","Ground Water","Village limit","Revival of MWS Scheme",2013-2014,6.00000,5.90994,"22 Apr 2014","05 Jan 2015",2024-06-07
Karnataka,"Bengaluru Urban",Anekal,Mugalur,"Dodda Thimmasandra","Dodda Thimmasandra",0000373520,0006373365,250034476,"Deep Tubewell","Ground Water","Village limit","Revival of  PWS  Scheme",2013-2014,8.00000,2.04732,"25 Apr 2014","30 Mar 2015",2024-06-07
Karnataka,"Bengaluru Urban",Anekal,Bannerghatta,Bytarayanadoddi,"Byatarayana Doddi",0000373444,0006665388,250064413,"Deep Tubewell","Ground Water","Village limit","SCP Drilling of BW,Errection of Pumpset with Pipe line and Energisation",2014-2015,7.20000,7.81195,"25 Sep 2014","31 Mar 2017",2024-06-07
Karnataka,"Bengaluru Urban",Anekal,Marsoor,Naganaikanahalli,Naganayakanahalli,0000373310,0006665401,250064425,"Deep Tubewell","Ground Water","Colony limit","G Drilling of BW,Errection of Pumpset with Pipe line and Energisation",2014-2015,7.40000,7.40000,"20 Sep 2014","22 Oct 2015",2024-06-07
Karnataka,"Bengaluru Urban",Anekal,Yamare,"Volagere Kallahalli","Volagere Kallahalli",0000373550,0006665433,250064446,"Deep Tubewell","Ground Water","Village limit","G Providing Piped Water Supply Scheme",2014-2015,25.00000,22.91861,"10 Oct 2014","18 Mar 2016",2024-06-07
Karnataka,"Bengaluru Urban",Anekal,Hennagara,Hennagara,Hennagara,0000373394,0006665451,250064458,"Deep Tubewell","Ground Water","Village limit","G Drilling of BW,Errection of Pumpset with Pipe line and Energisation",2014-2015,30.00000,28.11022,"15 Oct 2015","31 Mar 2018",2024-06-07
Karnataka,"Bengaluru Urban",Anekal,Hennagara,Hinnakki,Hinnakki,0000373401,0006665453,250064459,"Deep Tubewell","Ground Water","Village limit","SCP Drilling of BW,Errection of Pumpset with Pipe line and Energisation",2014-2015,7.00000,8.36529,"20 Sep 2014","31 Mar 2018",2024-06-07
Karnataka,"Bengaluru Urban",Anekal,Vannakanahalli,Vannakanahalli,Vannakanahalli,0000373305,0006669777,250067764,"Deep Tubewell","Ground Water","Village limit","G Drilling of BW,Errection of Pumpset with Pipe line and Energisation",2014-2015,12.00000,9.54593,"20 Sep 2014","31 Mar 2016",2024-06-07
Karnataka,"Bengaluru Urban",Anekal,Mugalur,Kugur,Kugur,0000373527,0006669892,250067819,"Deep Tubewell","Ground Water","Village limit","G Drilling of BW,Errection of Pumpset with Pipe line and Energisation",2014-2015,9.00000,8.91998,"20 Sep 2014","31 Mar 2018",2024-06-07
Karnataka,"Bengaluru Urban",Anekal,Neriga,"Halsahalli Thippasandra","Halsahalli Thippasandra",0000373571,0006669910,250067825,"Deep Tubewell","Ground Water","Village limit","G Drilling of BW,Errection of Pumpset with Pipe line and Energisation",2014-2015,8.00000,8.00000,"25 Sep 2014","01 Oct 2015",2024-06-07
Karnataka,"Bengaluru Urban",Anekal,Handenahalli,Handenahalli,Handenahalli,0000373542,0005714273,250002097,"Deep Tubewell","Ground Water","Village limit","Drinking Water Facility to Anganawadi",2013-2014,1.00000,0.99982,"10 Sep 2013","22 Jan 2014",2024-06-07
Karnataka,"Bengaluru Urban",Anekal,Mugalur,"Mahal Chowdadenahalli","Mahal Chowdadenahalli",0000373518,0005714744,250002205,"Deep Tubewell","Ground Water","Village limit","Drinking Water Facility to Anganawadi",2013-2014,1.00000,0.99645,"10 Sep 2013","20 Mar 2014",2024-06-07
Karnataka,"Bengaluru Urban",Anekal,Neriga,Gonigattapura,Gonigattapura,0000373565,0006131256,250020468,"Deep Tubewell","Ground Water","Village limit","Drilling of Borewell",2013-2014,1.48000,1.47980,"19 May 2013","03 Mar 2014",2024-06-07
Karnataka,"Bengaluru Urban",Anekal,Muthanallur,Muthanallur,Muthanallur,0000373559,0006131278,250020480,"Deep Tubewell","Ground Water","Village limit","Redrilling of Borewell",2013-2014,0.68000,0.67990,"18 Jun 2013","03 Mar 2014",2024-06-07
Karnataka,"Bengaluru Urban",Anekal,Mantapa,Kalkere,Kalkere,0000373417,0006131312,250020494,"Deep Tubewell","Ground Water","Village limit","Driliing of Borewell",2013-2014,1.46000,1.45000,"30 Jun 2013","03 Mar 2014",2024-06-07
Karnataka,"Bengaluru Urban",Anekal,Indlawadi,Kadajakanahalli,Kadajakanahalli,0000373334,0006669968,250067849,"Deep Tubewell","Ground Water","Village limit","Drinking Water Facility to Anganawadi",2014-2015,1.00000,0.96384,"20 Sep 2014","31 Mar 2015",2024-06-07
Karnataka,"Bengaluru Urban",Anekal,Ragihalli,Shivanahalli,Shivanahalli,0000373451,0006669973,250067851,"Deep Tubewell","Ground Water","Village limit","Drinking Water Facility to Anganawadi",2014-2015,1.00000,0.00000,"20 Sep 2014","06 Oct 2014",2024-06-07
Karnataka,"Bengaluru Urban",Anekal,Kallabalu,Bukkasagara,Bukkasagara,0000373365,0006670088,250067926,"Deep Tubewell","Ground Water","Colony limit","G Individual House Connections",2014-2015,7.10000,7.08188,"20 Sep 2014","31 Mar 2017",2024-06-07
Karnataka,"Bengaluru Urban",Anekal,Indlawadi,Thimmasandra,Thimmasandra,0000373320,0006670189,250068000,"Deep Tubewell","Ground Water","Colony limit","TSP Individual House Connections",2014-2015,2.85000,2.81338,"20 Sep 2014","31 Mar 2016",2024-06-07
Karnataka,"Bengaluru Urban",Anekal,Ragihalli,Shivanahalli,Shivanahalli,0000373451,0006670193,250068003,"Deep Tubewell","Ground Water","Colony limit","G Individual House Connections",2014-2015,3.20000,0.00000,"20 Sep 2014","25 Mar 2016",2024-06-07
Karnataka,"Bengaluru Urban",Anekal,Huskuru,Huskuru,Huskuru,0000373579,0006685913,250073451,"Deep Tubewell","Ground Water","Village limit","Drilling of Borewell",2014-2015,1.78000,1.77845,"19 Jul 2014","05 Aug 2014",2024-06-07
Karnataka,"Bengaluru Urban",Anekal,Bidaraguppe,Mallenahallli,Malenahalli,0000373500,0006685924,250073461,"Deep Tubewell","Ground Water","Colony limit","Drilling of Borewell",2014-2015,1.17000,1.16571,"19 Jul 2014","11 Aug 2014",2024-06-07
Karnataka,"Bengaluru Urban",Anekal,Byagadadevanahalli,Yellammanapalya,Yellamanapalya,0000373342,0006685935,250073472,"Deep Tubewell","Ground Water","Village limit","Drilling of Borewell",2014-2015,1.33000,1.32851,"19 Jul 2014","04 Aug 2014",2024-06-07
Karnataka,"Bengaluru Urban",Anekal,Hulimangala,Shikaripalya,Shikaripalya,0000373393,0006686009,250073503,"Deep Tubewell","Ground Water","Village limit BW1","Drilling of Borewell",2014-2015,1.98000,1.97721,"19 Jul 2014","07 Aug 2014",2024-06-07
Karnataka,"Bengaluru Urban",Anekal,Hulimangala,Shikaripalya,Shikaripalya,0000373393,0006686011,250073504,"Deep Tubewell","Ground Water","Village limit BW2","Drilling of Borewell",2014-2015,1.22000,1.21741,"19 Jul 2014","04 Aug 2014",2024-06-07
Karnataka,"Bengaluru Urban",Anekal,Hennagara,Hennagara,Hennagara,0000373394,0006686128,250073564,"Deep Tubewell","Ground Water","Village limit","Drilling of Borewell",2014-2015,1.85000,0.00000,"19 Jul 2014","20 Oct 2014",2024-06-07
Karnataka,"Bengaluru Urban",Anekal,Bannerghatta,Shyanubhoganahalli,Shanubhoganahalli,0000373437,0006849625,250075975,"Deep Tubewell","Ground Water","Near new layout","TFC 20.10.2014 Drilling of Borewell at SHANUBHOGANAHALLI Habitation",2014-2015,1.10000,1.06675,"10 Dec 2014","14 Jan 2015",2024-06-07
Karnataka,"Bengaluru Urban",Anekal,Kallabalu,"Krishna Doddi","Krishna Doddi",0000373374,0006849644,250075992,"Deep Tubewell","Ground Water","Near nala","TFC 20.10.2014 Drilling of Borewell-2 in Krishnadoddi habitation",2014-2015,1.40000,0.00000,"10 Dec 2014","10 May 2015",2024-06-07
Karnataka,"Bengaluru Urban",Anekal,Kallabalu,Harapanahalli,Harapanahalli,0000373368,0006849664,250076012,"Deep Tubewell","Ground Water","Near nala","TFC 20.10.2014 Drilling of Borewell in Harapanahalli habitation.",2014-2015,1.60000,0.00000,"10 Dec 2014","10 May 2015",2024-06-07
Karnataka,"Bengaluru Urban",Anekal,Hulimangala,Shikaripalya,Shikaripalya,0000373393,0006849675,250076023,"Deep Tubewell","Ground Water","Near main road","TFC 20.10.2014 Drilling of Borewell-1in Shikari palya habitation",2014-2015,2.00000,0.00000,"10 Dec 2014","10 May 2015",2024-06-07
Karnataka,"Bengaluru Urban",Anekal,Mantapa,Laxmipura,Laxmipura,0000373413,0005712474,250001694,"Deep Tubewell","Ground Water","Village limit","Drinking Water Facility to Anganawadi",2013-2014,1.00000,0.97917,"10 Sep 2013","20 Jan 2014",2024-06-07
Karnataka,"Bengaluru Urban",Anekal,Kallabalu,Kallabalu,Kallabalu,0000373363,0005712624,250001723,"Deep Tubewell","Ground Water","Village limit","Drinking Water Facility to Anganawadi",2013-2014,1.00000,0.97134,"10 Sep 2013","20 Mar 2014",2024-06-07
Karnataka,"Bengaluru Urban",Anekal,Bannerghatta,Bannerughatta,Bannerghatta,0000373430,0005712670,250001732,"Deep Tubewell","Ground Water","Village limit","Drinking Water Facility to Anganawadi",2013-2014,1.00000,0.99986,"10 Sep 2013","03 Oct 2014",2024-06-07
Karnataka,"Bengaluru Urban",Anekal,Bannerghatta,Shyanubhoganahalli,Shanubhoganahalli,0000373437,0005712745,250001748,"Deep Tubewell","Ground Water","Village limit","Drinking Water Facility to Anganawadi",2013-2014,1.00000,0.99841,"10 Sep 2013","01 Oct 2014",2024-06-07
Karnataka,"Bengaluru Urban",Anekal,Bannerghatta,"Kannayaka Agrahara","Kannayaka Agrahara",0000373446,0005713219,250001857,"Deep Tubewell","Ground Water","Village limit","Drinking Water Facility to Anganawadi",2013-2014,1.00000,0.99841,"10 Sep 2013","06 Oct 2014",2024-06-07
Karnataka,"Bengaluru Urban",Anekal,Yamare,"Thigala Chowdadenahalli","Thigala Chowdadenahalli",0000373553,0005713249,250001864,"Deep Tubewell","Ground Water","Village limit","Drinking Water Facility to Anganawadi",2013-2014,1.00000,0.00000,"10 Sep 2013","01 Mar 2015",2024-06-07
Karnataka,"Bengaluru Urban",Anekal,Yamare,"Kada Agrahara","Kada Agrahara",0000373548,0005713326,250001891,"Deep Tubewell","Ground Water","Village limit","Drinking Water Facility to Anganawadi",2013-2014,1.00000,0.99851,"10 Sep 2013","02 Dec 2013",2024-06-07
Karnataka,"Bengaluru Urban",Anekal,Dommasandra,Dommasandra,Dommasandra,0000373592,0005713427,250001918,"Deep Tubewell","Ground Water","Village limit","Drinking Water Facility to Anganawadi",2013-2014,1.00000,1.00000,"10 Sep 2013","20 Jan 2014",2024-06-07
Karnataka,"Bengaluru Urban",Anekal,Sarjapura,Sarjapura,Sarjapura,0000373516,0005713471,250001930,"Deep Tubewell","Ground Water","Village limit","Drinking Water Facility to Anganawadi",2013-2014,1.00000,0.99653,"10 Sep 2013","20 Mar 2014",2024-06-07
Karnataka,"Bengaluru Urban",Anekal,Muthanallur,Muthanallur,Muthanallur,0000373559,0005713624,250001960,"Deep Tubewell","Ground Water","Village limit","Drinking Water Facility to Anganawadi",2013-2014,1.00000,0.95944,"10 Sep 2013","21 Jan 2014",2024-06-07
Karnataka,"Bengaluru Urban",Anekal,Billapura,Billapura,Billapura,0000373532,0005714020,250002037,"Deep Tubewell","Ground Water","Village limit","Drinking Water Facility to Anganawadi",2013-2014,1.00000,0.86940,"10 Sep 2013","28 Jan 2014",2024-06-07
Karnataka,"Bengaluru Urban",Anekal,Handenahalli,"S. Medihalli",Thyavakanahalli,0000373540,0005714064,250002047,"Deep Tubewell","Ground Water","Village limit","Drinking Water Facility to Anganawadi",2013-2014,1.00000,0.00000,"10 Sep 2013","31 Oct 2013",2024-06-07
Karnataka,"Bengaluru Urban",Anekal,Billapura,Booragunte,Booragunte,0000373533,0005714236,250002089,"Deep Tubewell","Ground Water","Village limit","Drinking Water Facility to Anganawadi",2013-2014,1.00000,0.98496,"10 Sep 2013","20 Jan 2014",2024-06-07
Karnataka,"Bengaluru Urban",Anekal,Mugalur,"Pandithana Agrahara","Pandithana Agrahara",0000373525,0005714812,250002218,"Deep Tubewell","Ground Water","Village limit","Drinking Water Facility to Anganawadi",2013-2014,1.00000,0.99453,"10 Sep 2013","20 Mar 2014",2024-06-07
Karnataka,"Bengaluru Urban",Anekal,Muthanallur,Muthanallur,Muthanallur,0000373559,0006131276,250020479,"Deep Tubewell","Ground Water","Village limit","Drilling of Borewell",2013-2014,2.03000,0.00000,"28 May 2013","02 Dec 2013",2024-06-07
Karnataka,"Bengaluru Urban",Anekal,Bidaraguppe,Jigala,Jigala,0000373496,0006131284,250020481,"Deep Tubewell","Ground Water","Village limit","Drilling of Borewell",2013-2014,2.03000,0.00000,"28 May 2013","10 Dec 2013",2024-06-07
Karnataka,"Bengaluru Urban",Anekal,Hennagara,Yarandahalli,Yarandahalli,0000373399,0006133505,250020823,"Deep Tubewell","Ground Water","Village limit","Drilling of Borewell",2013-2014,2.26000,2.25950,"06 Jul 2013","03 Mar 2014",2024-06-07
Karnataka,"Bengaluru Urban",Anekal,Bannerghatta,Bilwardahalli,Bilwardahalli,0000373436,0005525671,5467432,"Deep Tubewell","Ground Water","Village limit","Revival of MWS Scheme",2013-2014,5.00000,4.33797,"10 Sep 2013","18 Sep 2014",2024-06-07
Karnataka,"Bengaluru Urban",Anekal,Bannerghatta,Byrappanahalli,Byrappanahalli,0000373429,0005525676,5467444,"Deep Tubewell","Ground Water","Village limit","Revival of MWS Scheme",2013-2014,5.00000,5.24151,"10 Sep 2013","21 Jan 2014",2024-06-07
Karnataka,"Bengaluru Urban",Anekal,Ragihalli,Mudlaiahnadoddi,Mudlaiahnadoddi,0000373469,0005525682,5467450,"Deep Tubewell","Ground Water","Village limit","Revival of MWS Scheme",2013-2014,5.00000,4.95600,"10 Sep 2013","03 Mar 2014",2024-06-07
Karnataka,"Bengaluru Urban",Anekal,Ragihalli,Kariyappanadoddi,Kariyappanadoddi,0000373458,0005525694,5467480,"Deep Tubewell","Ground Water","Village limit","Revival of MWS Scheme",2013-2014,5.00000,4.99448,"20 Sep 2013","03 Mar 2014",2024-06-07
Karnataka,"Bengaluru Urban",Anekal,Mugalur,Thindlu,Thindlu,0000373517,0005527945,5470326,"Deep Tubewell","Ground Water","Village limit","Revival of MWS Scheme",2013-2014,5.00000,4.68317,"10 Sep 2013","03 Mar 2014",2024-06-07
Karnataka,"Bengaluru Urban",Anekal,Mugalur,"Mahal Chowdadenahalli","Mahal Chowdadenahalli",0000373518,0005528020,5470488,"Deep Tubewell","Ground Water","Village limit","G Revival of PWS Scheme",2013-2014,20.00000,11.00452,"10 Sep 2013","31 Mar 2018",2024-06-07
Karnataka,"Bengaluru Urban",Anekal,Kallabalu,Bukkasagara,Bukkasagara,0000373365,0005544450,5496983,"Deep Tubewell","Ground Water","Village limit","G Revival of PWS Scheme",2013-2014,8.00000,7.96244,"15 Sep 2013","31 Dec 2015",2024-06-07
Karnataka,"Bengaluru Urban",Anekal,Haragadde,Lingapura,Lingapura,0000373348,0005544540,250064276,"Deep Tubewell","Ground Water","Colony limit","Revival of PWS Scheme",2013-2014,10.00000,6.93078,"28 Aug 2013","20 Jan 2014",2024-06-07
Karnataka,"Bengaluru Urban",Anekal,Hulimangala,Podu,Podu,0000373390,0005544683,5497346,"Deep Tubewell","Ground Water","Village limit","Revival of PWS Scheme",2013-2014,7.00000,5.73101,"15 Sep 2013","14 Jan 2015",2024-06-07
Karnataka,"Bengaluru Urban",Anekal,Muthanallur,Muthanallur,Muthanallur,0000373559,0005553940,5507475,"Deep Tubewell","Ground Water","Village limit","Revival of PWS Scheme",2013-2014,6.00000,0.00000,"12 Sep 2013","15 Mar 2014",2024-06-07
Karnataka,"Bengaluru Urban",Anekal,Handenahalli,"S. Medihalli",Sultanpalya,0000373541,0005567893,250064380,"Deep Tubewell","Ground Water","Colony limit","REvival of MWS Scheme",2013-2014,8.00000,6.26403,"16 Sep 2013","01 Mar 2014",2024-06-07
Karnataka,"Bengaluru Urban",Anekal,Billapura,Adigarakallahalli,Adigarakallahalli,0000373538,0005568925,5525201,"Deep Tubewell","Ground Water","Village limit","Revival of MWS Scheme",2013-2014,8.00000,7.61120,"10 Sep 2013","01 Mar 2014",2024-06-07
Karnataka,"Bengaluru Urban",Anekal,Mayasandra,Bakthipura,Bakthipura,0000373489,0005580449,5539785,"Deep Tubewell","Ground Water","Village limit","Revival of PWS Scheme",2013-2014,15.00000,0.00000,"25 Sep 2013","15 Mar 2014",2024-06-07
Karnataka,"Bengaluru Urban",Anekal,Mayasandra,Manchanahalli,Manchanahalli,0000373488,0005580454,5539790,"Deep Tubewell","Ground Water","Village limit","Revival of PWS Scheme",2013-2014,8.00000,6.73761,"10 Sep 2013","07 Jan 2014",2024-06-07
Karnataka,"Bengaluru Urban",Anekal,Muthanallur,Narayanaghatta,Narayanaghatta,0000373561,0005580466,5539803,"Deep Tubewell","Ground Water","Village limit","Revival of PWS Scheme",2013-2014,9.00000,8.17120,"15 Sep 2013","28 Feb 2014",2024-06-07
Karnataka,"Bengaluru Urban",Anekal,Vannakanahalli,Vannakanahalli,Vannakanahalli,0000373305,0005580512,5539964,"Deep Tubewell","Ground Water","Village limit","Revival of PWS Scheme",2013-2014,7.00000,7.00525,"15 Sep 2013","03 Mar 2014",2024-06-07
Karnataka,"Bengaluru Urban",Anekal,Vannakanahalli,Menaseganahalli,Menaseganahalli,0000373303,0005580531,5540030,"Deep Tubewell","Ground Water","Village limit","Revival of MWS Scheme",2013-2014,7.00000,7.05117,"10 Sep 2013","25 Mar 2014",2024-06-07
Karnataka,"Bengaluru Urban",Anekal,Yamare,"B. Hosahalli","B. Hosahalli",0000373547,0005580540,5540050,"Deep Tubewell","Ground Water","Village limit","Revival of PWS Scheme",2013-2014,7.00000,0.00000,"20 Sep 2013","25 Feb 2014",2024-06-07
Karnataka,"Bengaluru Urban",Anekal,Ragihalli,Annaiahnadoddi,Annaiahanadoddi,0000373463,0005589801,5550039,"Deep Tubewell","Ground Water","Village limit","Revival of MWS Scheme",2013-2014,5.00000,5.29214,"15 Sep 2013","01 Mar 2014",2024-06-07
Karnataka,"Bengaluru Urban",Anekal,Bannerghatta,"Kannayaka Agrahara","Kannayaka Agrahara",0000373446,0005595355,5555321,"Deep Tubewell","Ground Water","School limit","Drinking Water Facility to School",2013-2014,1.00000,0.99841,"15 Nov 2013","07 Oct 2014",2024-06-07
Karnataka,"Bengaluru Urban",Anekal,Kallabalu,Kallabalu,Kallabalu,0000373363,0005595405,5555371,"Deep Tubewell","Ground Water","School limit","Drinking Water Facility to School",2013-2014,1.00000,1.00000,"15 Oct 2013","17 Jan 2015",2024-06-07
Karnataka,"Bengaluru Urban",Anekal,Indlawadi,Indlawadi,Indlawadi,0000373330,0005628535,5593903,"Deep Tubewell","Ground Water","Indlawadi B","Drinking Water Facility to Anganawadi",2013-2014,1.00000,0.99881,"15 Sep 2013","20 Mar 2014",2024-06-07
Karnataka,"Bengaluru Urban",Anekal,Indlawadi,Indlawadipura,Indlawadipura,0000373327,0005628548,5593916,"Deep Tubewell","Ground Water","Village limit","Drinking Water Facility to Anganawadi",2013-2014,1.00000,0.99881,"15 Sep 2013","20 Mar 2014",2024-06-07
Karnataka,"Bengaluru Urban",Anekal,Vannakanahalli,Telagarahalli,Telagarahalli,0000373301,0005628574,5593944,"Deep Tubewell","Ground Water","Village limit","Drinking Water Facility to Anganawadi",2013-2014,1.00000,0.99881,"15 Sep 2013","02 Dec 2013",2024-06-07
Karnataka,"Bengaluru Urban",Anekal,Marsoor,Madiwala,Madiwala,0000373311,0005691598,5671257,"Deep Tubewell","Ground Water","Village limit","Drinking Water Facility to Anganawadi",2013-2014,1.00000,0.99881,"15 Sep 2013","02 Dec 2013",2024-06-07
Karnataka,"Bengaluru Urban",Anekal,Marsoor,Bandapura,Bandapura,0000373313,0005691657,5671324,"Deep Tubewell","Ground Water","Village limit","Drinking Water Facility to Anganawadi",2013-2014,1.00000,0.00000,"10 Sep 2013","10 Feb 2014",2024-06-07
Karnataka,"Bengaluru Urban",Anekal,Neriga,"Jantha Gondanahalli","Jantha Gondanahalli",0000373568,0005701772,6739722,"Deep Tubewell","Ground Water","Village limit","Revival of MWS Scheme",2013-2014,6.00000,5.53036,"10 Sep 2013","20 Mar 2014",2024-06-07
Karnataka,"Bengaluru Urban",Anekal,Hennagara,Hennagara,Hennagara,0000373394,0005702368,6740661,"Deep Tubewell","Ground Water","Village limit","Drinking Water Facility to Anganawadi",2013-2014,1.00000,0.99881,"15 Sep 2013","02 Dec 2013",2024-06-07
Karnataka,"Bengaluru Urban",Anekal,Marsoor,Bandapura,Bandapura,0000373313,0005702466,6740782,"Deep Tubewell","Ground Water","Village limit","Drinking Water Facility to Anganawadi",2013-2014,1.00000,0.99881,"15 Sep 2013","25 Mar 2014",2024-06-07
Karnataka,"Bengaluru Urban",Anekal,Marsoor,Naganaikanahalli,Naganayakanahalli,0000373310,0005702641,6741015,"Deep Tubewell","Ground Water","Village limit","Drinking Water Facility to Anganawadi",2013-2014,1.00000,0.99881,"15 Sep 2013","10 Jan 2014",2024-06-07
Karnataka,"Bengaluru Urban",Anekal,Neralur,Itchangur,Itchangur,0000373474,0005709898,250001343,"Deep Tubewell","Ground Water","Village limit","Drinking Water Facility to Anganawadi",2013-2014,1.00000,0.99853,"15 Sep 2013","01 Mar 2014",2024-06-07
Karnataka,"Bengaluru Urban",Anekal,Neralur,Yadavanahalli,Yadavanahalli,0000373477,0005710124,250001387,"Deep Tubewell","Ground Water","Village limit","Drinking Water Facility to Anganawadi",2013-2014,1.00000,0.99853,"15 Sep 2013","18 Mar 2014",2024-06-07
Karnataka,"Bengaluru Urban",Anekal,Shantipura,Gattahalli,Gattahalli,0000373587,0005710659,250001457,"Deep Tubewell","Ground Water","Village limit","Drinking Water Facility to Anganawadi",2013-2014,1.00000,0.98661,"15 Sep 2013","20 Jan 2014",2024-06-07
Karnataka,"Bengaluru Urban",Anekal,Huskuru,Avalahalli,Avalahalli,0000373582,0005710724,250001466,"Deep Tubewell","Ground Water","Village limit","Drinking Water Facility to Anganawadi",2013-2014,1.00000,0.99881,"15 Sep 2013","03 Feb 2014",2024-06-07
Karnataka,"Bengaluru Urban",Anekal,Huskuru,Kaggalipura,Kaggalipura,0000373574,0005710744,250001468,"Deep Tubewell","Ground Water","Village limit","Drinking Water Facility to Anganawadi",2013-2014,1.00000,0.99881,"15 Sep 2013","10 Feb 2014",2024-06-07
Karnataka,"Bengaluru Urban",Anekal,Hulimangala,Nanjapura,Nanjapura,0000373385,0005712049,250001625,"Deep Tubewell","Ground Water","Village limit","Drinking Water Facility to Anganawadi",2013-2014,1.00000,0.99740,"15 Sep 2013","02 Dec 2013",2024-06-07
Karnataka,"Bengaluru Urban",Anekal,Hulimangala,Hulimangala,Hulimangala,0000373388,0005712131,250001641,"Deep Tubewell","Ground Water","Village limit","Drinking Water Facility to Anganawadi",2013-2014,1.00000,0.99740,"10 Sep 2013","02 Dec 2013",2024-06-07
Karnataka,"Bengaluru Urban",Anekal,Mantapa,Malenallasandra,Malenallasandra,0000373410,0005712187,250001651,"Deep Tubewell","Ground Water","Village limit","Drinking Water Facility to Anganawadi",2013-2014,1.00000,0.99156,"10 Sep 2013","20 Jan 2014",2024-06-07
Karnataka,"Bengaluru Urban",Anekal,Mantapa,Begihalli,Begihalli,0000373404,0005712201,250001655,"Deep Tubewell","Ground Water","Village limit","Drinking Water Facility to Anganawadi",2013-2014,1.00000,0.86704,"10 Sep 2013","20 Mar 2014",2024-06-07
Karnataka,"Bengaluru Urban",Anekal,Marsoor,Bandapura,Bandapura,0000373313,0004873976,4800696,"Deep Tubewell","Ground Water","Near kunte","Revival of MWS Scheme",2012-2013,6.00000,1.86000,"15 Sep 2012","20 Mar 2013",2024-06-07
Karnataka,"Bengaluru Urban",Anekal,Byagadadevanahalli,Chikkahagde,Chikkahagde,0000373337,0004874007,4800742,"Deep Tubewell","Ground Water","Near Tank Bed","Revival of MWS Scheme",2012-2013,8.00000,6.95855,"10 Sep 2012","13 Mar 2013",2024-06-07
Karnataka,"Bengaluru Urban",Anekal,Haragadde,Kumbarahalli,Kumbarahalli,0000373347,0004878950,4805459,"Deep Tubewell","Ground Water","Village limit","Revival of MWS Scheme",2012-2013,6.00000,3.23720,"15 Sep 2012","04 Jan 2013",2024-06-07
Karnataka,"Bengaluru Urban",Anekal,Hulimangala,Podu,Podu,0000373390,0004879225,4805684,"Deep Tubewell","Ground Water","Village limit","Providing Piped Water Supply Scheme",2012-2013,30.00000,29.99002,"10 Sep 2012","01 Mar 2014",2024-06-07
Karnataka,"Bengaluru Urban",Anekal,Neriga,Gonigattapura,Gonigattapura,0000373565,0004886525,4812548,"Deep Tubewell","Ground Water","Colony Road","Revival of MWS Scheme",2012-2013,6.00000,5.99986,"15 Sep 2012","31 Jan 2013",2024-06-07
Karnataka,"Bengaluru Urban",Anekal,Bidaraguppe,Mallenahallli,Malenahalli,0000373500,0004890934,4816884,"Deep Tubewell","Ground Water","Colony Road","Revival of PWS Scheme",2012-2013,6.00000,4.01272,"20 Sep 2012","20 Mar 2013",2024-06-07
Karnataka,"Bengaluru Urban",Anekal,Kallabalu,Poojiganapalya,Pujiganapalya,0000373375,0004891516,4817376,"Deep Tubewell","Ground Water","Village limit","Providing Piped Water Supply Scheme",2012-2013,20.00000,21.14265,"15 Sep 2012","07 Jan 2014",2024-06-07
Karnataka,"Bengaluru Urban",Anekal,Kallabalu,Bommandahalli,Bommandahalli,0000373370,0004896555,4821773,"Deep Tubewell","Ground Water","Colony Road","Revival of Mws Scheme",2012-2013,6.00000,6.01240,"10 Sep 2012","05 Feb 2013",2024-06-07
Karnataka,"Bengaluru Urban",Anekal,Ragihalli,Ragihalli,Koratageredoddi,0000373468,0004908988,4832125,"Deep Tubewell","Ground Water","Towards Main Road","Revival of MWS Scheme",2012-2013,5.00000,4.99997,"20 Sep 2012","02 Jan 2013",2024-06-07
Karnataka,"Bengaluru Urban",Anekal,Neralur,Neralur,Neralur,0000373479,0004933400,4854272,"Deep Tubewell","Ground Water",GHPS,"School Water Supply",2012-2013,1.00000,0.99985,"15 Sep 2012","10 Mar 2013",2024-06-07
Karnataka,"Bengaluru Urban",Anekal,Mugalur,"Pandithana Agrahara","Pandithana Agrahara",0000373525,0004933409,4854281,"Deep Tubewell","Ground Water",GHPS,"School Water Supply",2012-2013,1.00000,0.92940,"15 Sep 2012","10 Mar 2013",2024-06-07
Karnataka,"Bengaluru Urban",Anekal,Vannakanahalli,Telagarahalli,Telagarahalli,0000373301,0005220463,5163750,"Deep Tubewell","Ground Water","Village Limit","Revival of MWS",2012-2013,2.25000,1.23791,"28 Dec 2012","20 Mar 2013",2024-06-07
Karnataka,"Bengaluru Urban",Anekal,Vannakanahalli,Choodenahalli,Choodenahalli,0000373298,0005220485,5163772,"Deep Tubewell","Ground Water","MAIN ROAD","Drilling of BW",2012-2013,1.50000,1.39065,"16 Jan 2013","30 Jan 2013",2024-06-07
Karnataka,"Bengaluru Urban",Anekal,Vannakanahalli,Singasandra,Singasandra,0000373300,0005220616,5163940,"Deep Tubewell","Ground Water","main road","Revival of MWS",2012-2013,2.57000,2.56541,"28 Dec 2012","20 Mar 2013",2024-06-07
Karnataka,"Bengaluru Urban",Anekal,Vannakanahalli,Sunavara,Sunavara,0000373299,0005220633,5163957,"Deep Tubewell","Ground Water","Main road","Drilling of BW",2012-2013,2.90000,2.90137,"20 Jan 2013","20 Mar 2013",2024-06-07
Karnataka,"Bengaluru Urban",Anekal,Indlawadi,Karakalaghatta,Karikalgatta,0000373318,0005220694,5164043,"Deep Tubewell","Ground Water","Main road","Revival of MWS",2012-2013,4.58000,4.57096,"28 Dec 2012","20 Mar 2013",2024-06-07
Karnataka,"Bengaluru Urban",Anekal,Indlawadi,Kadajakanahalli,"Thimmaiahana Doddi",0000373335,0005222200,5165626,"Deep Tubewell","Ground Water","Village Limits",Borewell,2012-2013,1.50000,1.50000,"16 Jan 2013","20 Mar 2013",2024-06-07
Karnataka,"Bengaluru Urban",Anekal,Indlawadi,Basavanapura,Basavanapura,0000373322,0005222229,5165665,"Deep Tubewell","Ground Water","Village Limits",Borewell,2012-2013,1.50000,0.00000,"16 Jan 2013","15 Feb 2013",2024-06-07
Karnataka,"Bengaluru Urban",Anekal,Hennagara,Yarandahalli,Yarandahalli,0000373399,0005240658,5185051,"Deep Tubewell","Ground Water","Vilage limit","Drilling of BW",2012-2013,1.11000,1.11000,"24 May 2012","20 Mar 2013",2024-06-07
Karnataka,"Bengaluru Urban",Anekal,Billapura,Billapura,Billapura,0000373532,0005360396,5297047,"Deep Tubewell","Ground Water","Village limit","Drilling of BW",2012-2013,1.55000,1.90034,"07 Mar 2013","20 Mar 2013",2024-06-07
Karnataka,"Bengaluru Urban",Anekal,Muthanallur,Muthanallur,Muthanallur,0000373559,0005361477,5298127,"Deep Tubewell","Ground Water","Village limit","Drilling of BW",2012-2013,1.55000,1.46754,"07 Mar 2013","31 Mar 2013",2024-06-07
Karnataka,"Bengaluru Urban",Anekal,Hennagara,Yarandahalli,Yarandahalli,0000373399,0005361593,5298245,"Deep Tubewell","Ground Water","Village limit","Drilling of BW",2012-2013,1.00000,1.74591,"07 Mar 2013","31 Mar 2013",2024-06-07
Karnataka,"Bengaluru Urban",Anekal,Haragadde,Nosenur,Nosenur,0000373352,0005361594,5298246,"Deep Tubewell","Ground Water","Village limit","Drilling of BW",2012-2013,1.00000,0.99627,"07 Mar 2013","12 Feb 2014",2024-06-07
Karnataka,"Bengaluru Urban",Anekal,Haragadde,Haragadde,Haragadde,0001622881,0005361596,5298248,"Deep Tubewell","Ground Water","Village limit","Drilling of BW",2012-2013,1.00000,1.37644,"07 Mar 2013","01 Mar 2014",2024-06-07
Karnataka,"Bengaluru Urban",Anekal,Bannerghatta,"Bannerughatta Kaval","Bannerghatta Kaval",0000373435,0005467720,5400166,"Deep Tubewell","Ground Water","Village limit","Drilling of BW",2012-2013,1.00000,1.00000,"10 Mar 2013","15 May 2013",2024-06-07
Karnataka,"Bengaluru Urban",Anekal,Bannerghatta,"Kannayaka Agrahara",Doddabeedu,0000373450,0005467824,5400277,"Deep Tubewell","Ground Water","Village limit","Drilling of BW",2013-2014,1.00000,1.00000,"20 Mar 2013","30 Mar 2013",2024-06-07
Karnataka,"Bengaluru Urban",Anekal,Hennagara,Hinnakki,Hinnakki,0000373401,0005508980,5444938,"Deep Tubewell","Ground Water","Village limit","Revival of MWS Scheme",2013-2014,8.00000,7.17981,"15 Sep 2013","14 Jan 2015",2024-06-07
Karnataka,"Bengaluru Urban",Anekal,Hennagara,Rajapura,Rajapura,0000373396,0005508996,5444955,"Deep Tubewell","Ground Water","Village limit","G Revival of MWS Scheme",2013-2014,8.00000,2.18954,"10 Sep 2013","16 Jul 2014",2024-06-07
Karnataka,"Bengaluru Urban",Anekal,Hennagara,Yarandahalli,Yarandahalli,0000373399,0005509015,5444974,"Deep Tubewell","Ground Water","Village limit","Revival of PWS Scheme",2013-2014,8.00000,8.07580,"12 Sep 2013","20 Mar 2014",2024-06-07
Karnataka,"Bengaluru Urban",Anekal,Neralur,Itchangur,Itchangur,0000373474,0005522252,5462775,"Deep Tubewell","Ground Water","Village limit","Revival of PWS Scheme",2013-2014,15.00000,10.39792,"10 Sep 2013","10 Mar 2014",2024-06-07
Karnataka,"Bengaluru Urban",Anekal,Bidaraguppe,Narasapura,Narsapura,0000373501,0005522295,5462818,"Deep Tubewell","Ground Water","Village limit","G Revival of MWS Scheme",2013-2014,10.00000,8.70003,"10 Sep 2013","01 Mar 2014",2024-06-07
Karnataka,"Bengaluru Urban",Anekal,Indlawadi,Nallaiahnadoddi,Nallaiahanadoddi,0000373328,0005522423,5462981,"Deep Tubewell","Ground Water","Village limit","Revival of MWS Scheme",2013-2014,7.00000,0.00000,"10 Sep 2013","15 Mar 2014",2024-06-07
Karnataka,"Bengaluru Urban",Anekal,Indlawadi,"Chikka Hosahalli","Chikka Hosahalli",0000373317,0005522442,5463006,"Deep Tubewell","Ground Water","Village limit","Revival of MWS Scheme",2013-2014,7.00000,7.04842,"10 Sep 2013","20 Mar 2014",2024-06-07
Karnataka,"Bengaluru Urban",Anekal,Indlawadi,Laxmipura,Laxmipura,0000373323,0005522508,5463084,"Deep Tubewell","Ground Water","Colony limit","Revival of MWS Scheme",2013-2014,7.00000,6.11279,"10 Sep 2013","27 Jan 2014",2024-06-07
Karnataka,"Bengaluru Urban",Anekal,Byagadadevanahalli,"Kavala Hosahalli","Kavala Hosahalli",0001622879,0005523233,250064366,"Deep Tubewell","Ground Water","Colony limit","Revival of MWS Scheme",2013-2014,12.00000,10.52514,"15 Sep 2013","25 Mar 2014",2024-06-07
Karnataka,"Bengaluru Urban",Anekal,Byagadadevanahalli,Soppahalli,Soppahalli,0000373340,0005523256,250064376,"Deep Tubewell","Ground Water","Colony limit","Revival of MWS  Scheme",2013-2014,7.00000,4.46809,"20 Sep 2013","20 Mar 2014",2024-06-07
Karnataka,"Bengaluru Urban",Anekal,Byagadadevanahalli,Soppahalli,Soppahalli,0000373340,0005523256,5464138,"Deep Tubewell","Ground Water","Village limit","Revival of MWS  Scheme",2013-2014,7.00000,4.46809,"20 Sep 2013","20 Mar 2014",2024-06-07
Karnataka,"Bengaluru Urban",Anekal,Marsoor,Shettihalli,Shettihalli,0000373314,0005523349,5464310,"Deep Tubewell","Ground Water","Village limit","Revival of MWS Scheme",2013-2014,5.00000,0.00000,"10 Sep 2013","15 Feb 2014",2024-06-07
Karnataka,"Bengaluru Urban",Anekal,Marsoor,"Marsoor Agrahara","Marsoor Agrahara",0000373316,0005523392,5464384,"Deep Tubewell","Ground Water","Village limit","Revival of MWS Scheme",2013-2014,8.00000,5.22289,"10 Sep 2013","02 Jul 2014",2024-06-07
Karnataka,"Bengaluru Urban",Anekal,Marsoor,Marsoor,Marsoor,0000373309,0005523399,5464390,"Deep Tubewell","Ground Water","Village limit","Improvements to Water Supply Scheme",2013-2014,10.00000,8.79929,"10 Sep 2013","01 Mar 2015",2024-06-07
Karnataka,"Bengaluru Urban",Anekal,Dommasandra,Dommasandra,Dommasandra,0000373592,0005523485,5464519,"Deep Tubewell","Ground Water","Village limit","Improvements to Water Supply Scheme",2013-2014,40.00000,40.00087,"20 Sep 2013","01 Mar 2015",2024-06-07
Karnataka,"Bengaluru Urban",Anekal,Mayasandra,Bakthipura,Bakthipura,0000373489,0005222283,5165719,"Deep Tubewell","Ground Water","Near M.I. Tank","Revival of PWS",2012-2013,3.28000,3.57048,"28 Dec 2012","20 Mar 2013",2024-06-07
Karnataka,"Bengaluru Urban",Anekal,Byagadadevanahalli,Doddahagde,Doddahagde,0000373341,0005222541,5165986,"Deep Tubewell","Ground Water","Village Limits",Borewell,2012-2013,1.40000,0.00000,"16 Jan 2013","15 Feb 2013",2024-06-07
Karnataka,"Bengaluru Urban",Anekal,Surgajakanahalli,Surgajakanahalli,Surgajakanahalli,0000373297,0005222594,5166049,"Deep Tubewell","Ground Water","Village Limits",Borewell,2012-2013,1.50000,1.87000,"16 Jan 2013","20 Mar 2013",2024-06-07
Karnataka,"Bengaluru Urban",Anekal,Ballur,Dasanapura,Dasanapura,0001622876,0005223489,5166960,"Deep Tubewell","Ground Water","Village Limits","Revival of PWS",2012-2013,2.07000,2.08110,"16 Jan 2013","15 Feb 2013",2024-06-07
Karnataka,"Bengaluru Urban",Anekal,Dommasandra,Dommasandra,Dommasandra,0000373592,0005223491,5166962,"Deep Tubewell","Ground Water","Village Limits","Revival of PWS",2012-2013,13.59000,13.34275,"28 Dec 2012","10 Mar 2014",2024-06-07
Karnataka,"Bengaluru Urban",Anekal,Marsoor,Bandapura,Bandapura,0000373313,0005223499,5166970,"Deep Tubewell","Ground Water","Village Limits","Revival of PWS",2012-2013,6.45000,6.59534,"28 Dec 2012","16 Jan 2014",2024-06-07
Karnataka,"Bengaluru Urban",Anekal,Marsoor,Naganaikanahalli,Naganayakanahalli,0000373310,0005223504,5166975,"Deep Tubewell","Ground Water","Village Limits","Revival of PWS",2012-2013,2.25000,2.24506,"16 Jan 2013","20 Mar 2013",2024-06-07
Karnataka,"Bengaluru Urban",Anekal,Sarjapura,Sarjapura,Sarjapura,0000373516,0005223535,5167006,"Deep Tubewell","Ground Water","Village Limits","Revival of PWS",2012-2013,4.40000,4.38997,"28 Dec 2012","20 Mar 2014",2024-06-07
Karnataka,"Bengaluru Urban",Anekal,Handenahalli,Sollepura,Sollepura,0000373543,0005223547,5167018,"Deep Tubewell","Ground Water","Village Limits",Borewell,2012-2013,1.50000,2.23258,"16 Jan 2013","15 Feb 2013",2024-06-07
Karnataka,"Bengaluru Urban",Anekal,Shantipura,Shantipura,Shantipura,0001622895,0005223733,5167217,"Deep Tubewell","Ground Water","Village Limits","Revival of PWS",2012-2013,2.50000,2.54697,"16 Jan 2013","12 Mar 2013",2024-06-07
Karnataka,"Bengaluru Urban",Anekal,Huskuru,Huskuru,Huskuru,0000373579,0005223788,5167272,"Deep Tubewell","Ground Water","Village Limits","Revival of PWS",2012-2013,3.52000,3.17000,"28 Dec 2012","20 Mar 2013",2024-06-07
Karnataka,"Bengaluru Urban",Anekal,Huskuru,Kaggalipura,Kaggalipura,0000373574,0005223983,5167487,"Deep Tubewell","Ground Water","Village Limits","Revival of PWS",2012-2013,4.00000,3.86843,"28 Dec 2012","20 Mar 2013",2024-06-07
Karnataka,"Bengaluru Urban",Anekal,Huskuru,Chookasandra,Chookasandra,0000373576,0005223996,5167503,"Deep Tubewell","Ground Water","Village Limits",Borewell,2012-2013,1.45000,1.88000,"16 Jan 2013","20 Mar 2013",2024-06-07
Karnataka,"Bengaluru Urban",Anekal,Neralur,Balagaranahalli,Balagaranahalli,0000373476,0005224015,5167520,"Deep Tubewell","Ground Water","Village Limits",Borewell,2012-2013,1.43000,0.00000,"16 Jan 2013","15 Feb 2013",2024-06-07
Karnataka,"Bengaluru Urban",Anekal,Haragadde,Lingapura,Lingapura,0000373348,0005225213,5168698,"Deep Tubewell","Ground Water","Village Limits",Borewell,2012-2013,1.47000,1.88898,"16 Jan 2013","15 Feb 2013",2024-06-07
Karnataka,"Bengaluru Urban",Anekal,Mantapa,Laxmipura,Laxmipura,0000373413,0005225245,5168730,"Deep Tubewell","Ground Water","Village Limits","Revival of MWS",2012-2013,5.50000,5.47560,"28 Dec 2012","31 Jan 2014",2024-06-07
Karnataka,"Bengaluru Urban",Anekal,Mantapa,Laxmipura,Sampangiramanagara,0000373414,0005225249,5168734,"Deep Tubewell","Ground Water","Village Limits",Borewell,2012-2013,1.50000,0.00000,"16 Jan 2013","15 Feb 2013",2024-06-07
Karnataka,"Bengaluru Urban",Anekal,Kallabalu,Poojiganapalya,Pujiganapalya,0000373375,0005225329,5168815,"Deep Tubewell","Ground Water","Village Limits","Revival of MWS",2012-2013,5.50000,0.00000,"28 Dec 2012","20 Mar 2013",2024-06-07
Karnataka,"Bengaluru Urban",Anekal,Bannerghatta,Bilwardahalli,Bilwardahalli,0000373436,0005225359,5168846,"Deep Tubewell","Ground Water","Village Limits","Revival of MWS",2012-2013,5.50000,5.84030,"28 Dec 2012","20 Mar 2013",2024-06-07
Karnataka,"Bengaluru Urban",Anekal,Ragihalli,Shivanahalli,Shivanahalli,0000373451,0005235524,5179818,"Deep Tubewell","Ground Water","Village limit","Revival of MWS",2012-2013,5.50000,3.24560,"07 Jan 2013","20 Mar 2013",2024-06-07
Karnataka,"Bengaluru Urban",Anekal,Hennagara,Kachanayakanahalli,Kachanayakanahalli,0000373402,0005235536,5179830,"Deep Tubewell","Ground Water","Village limit","Revival of PWS",2012-2013,5.00000,3.34546,"07 Jan 2013","20 Mar 2013",2024-06-07
Karnataka,"Bengaluru Urban",Anekal,Mantapa,Laxmipura,Laxmipura,0000373413,0007853309,250246941,"Deep Tubewell","Ground Water","Village limit","TFC NAC 2018 SCP Drilling of Borewell(1 No) for Revival of Water Supply Scheme Lakshmipura  Habitation Mantapa  GP Anekal Taluk",2018-2019,2.00000,1.99822,"12 Oct 2018","31 Mar 2019",2024-06-07
Karnataka,"Bengaluru Urban",Anekal,Bannerghatta,Byrappanahalli,Byrappanahalli,0000373429,0007853352,250246986,"Deep Tubewell","Ground Water","Village limit","TFC NAC 2018 G Drilling of Borewell(1 No) for Revival of Water Supply Scheme Byrappanahalli Habitation Bannerughatta GP Anekal Taluk Taluk",2018-2019,2.95000,2.94609,"12 Oct 2018","31 Mar 2019",2024-06-07
Karnataka,"Bengaluru Urban",Anekal,Kallabalu,Mahanthalingapura,Mahanthalingapura,0000373373,0007853410,250247047,"Deep Tubewell","Ground Water","Village limit","TFC NAC 2018 SCP Drilling of Borewell(1 No) for Revival of Water Supply Scheme Mahathalingapura  Habitation Kalaballu  GP Anekal Taluk",2018-2019,1.65000,1.63411,"12 Oct 2018","31 Mar 2019",2024-06-07
Karnataka,"Bengaluru Urban",Anekal,Ballur,Arehalli,Arehalli,0000373483,0007853489,250247118,"Deep Tubewell","Ground Water","Village limit","TFC NAC 2018 SCP Drilling of Borewells 4 Nos for Revival of Water Supply Scheme in Arehalli habitation Balluru GP Anekal Taluk",2018-2019,9.10800,8.76265,"05 Sep 2018","31 Mar 2019",2024-06-07
Karnataka,"Bengaluru Urban",Anekal,Ballur,Kodlipura,Kodlipura,0000373485,0007853526,250247154,"Deep Tubewell","Ground Water","Village Limits","TFC NAC 2018 SCP Drilling of Borewells 2 Nos for Revival of Water Supply Scheme in Kodlipura habitation Balluru GP Anekal Taluk",2018-2019,4.67500,4.24388,"05 Sep 2018","31 Mar 2019",2024-06-07
Karnataka,"Bengaluru Urban",Anekal,Bidaraguppe,Arenur,Arenur,0000373498,0007853637,250247237,"Deep Tubewell","Ground Water","village limit","TFC NAC 2018 SCP Drilling of Borewells 3 Nos  for Revival of Water Supply Scheme in Arenuru habitation Bidaraguppe GP Anekal Taluk",2018-2019,7.41400,7.39509,"05 Sep 2018","31 Mar 2019",2024-06-07
Karnataka,"Bengaluru Urban",Anekal,Billapura,Booragunte,Booragunte,0000373533,0007853647,250247249,"Deep Tubewell","Ground Water","Village limit","TFC NAC 2018 G Drilling of Borewells 2 No for Revival of Water Supply Scheme in Buragunte habitation Billapura GP Anekal Taluk",2018-2019,5.51100,5.49934,"05 Sep 2018","31 Mar 2019",2024-06-07
Karnataka,"Bengaluru Urban",Anekal,Byagadadevanahalli,"Kavala Hosahalli","Kavala Hosahalli",0001622879,0007853651,250247253,"Deep Tubewell","Ground Water","Village Limits","TFC NAC 2018  SCP Drilling of Borewells  3Nos  for Revival of Water Supply Scheme in Kavala Hosahalli habitation Byagadadenahalli GP Anekal Taluk",2018-2019,7.35900,6.51644,"05 Sep 2018","31 Mar 2019",2024-06-07
Karnataka,"Bengaluru Urban",Anekal,Dommasandra,Dommasandra,Dommasandra,0000373592,0007853716,250247324,"Deep Tubewell","Ground Water","Tank bed","TFC NAC 2018 G Drilling of Borewells 5 Nos  for Revival of Water Supply Scheme in Dommasandra habitation Dommasandra GP Anekal Taluk",2018-2019,12.26500,12.24878,"05 Sep 2018","31 Mar 2019",2024-06-07
Karnataka,"Bengaluru Urban",Anekal,Handenahalli,Sollepura,Bikkanahalli,0000373537,0007853731,250247349,"Deep Tubewell","Ground Water","village limit","TFC NAC 2018 SCP Drilling of Borewells 5 Nos  for Revival of Water Supply Scheme in Bikkanahalli habitation Handenahalli GP Anekal Taluk",2018-2019,2.49700,2.48785,"05 Sep 2018","31 Mar 2019",2024-06-07
Karnataka,"Bengaluru Urban",Anekal,Huskuru,Huskuru,Huskuru,0000373579,0007853973,250247561,"Deep Tubewell","Ground Water","Village limit","TFC NAC 2018 SCP Drilling of Borewells 5 Nos  for Revival of Water Supply Scheme in Huskuru habitation Huskuru GP Anekal Taluk",2018-2019,12.16600,12.14505,"05 Sep 2018","31 Mar 2019",2024-06-07
Karnataka,"Bengaluru Urban",Anekal,Mayasandra,"M. Medihalli","M. Medihalli",0000373494,0007854037,250247605,"Deep Tubewell","Ground Water",NA,"TFC NAC 2018 SCP Drilling of Borewells 1 No for Revival of Water Supply Scheme in Kamblipura M. Medahalli Mayasandra GP Anekal Taluk",2018-2019,2.31000,2.09483,"05 Sep 2018","31 Mar 2019",2024-06-07
Karnataka,"Bengaluru Urban",Anekal,Mayasandra,Mayasandra,Mayasandra,0000373490,0007854042,250247610,"Deep Tubewell","Ground Water","Village limit","TFC NAC 2018 SCP Drilling of Borewells 1 Nos for Revival of Water Supply Scheme in Mayasandra habitation Mayasandra GP Anekal Taluk",2018-2019,2.82700,2.82625,"05 Sep 2018","31 Mar 2019",2024-06-07
Karnataka,"Bengaluru Urban",Anekal,Muthanallur,Muthanallur,Muthanallur,0000373559,0007854058,250247625,"Deep Tubewell","Ground Water","Village limit","TFC NAC 2018 SCP Drilling of Borewells 1 Nos for Revival of Water Supply Scheme in Muthanalluru habitation Muthanalluru GP Anekal Taluk",2018-2019,4.07000,4.05885,"05 Sep 2018","31 Jul 2019",2024-06-07
Karnataka,"Bengaluru Urban",Anekal,Neriga,Kathriguppe,Kathriguppe,0000373567,0007854078,250247648,"Deep Tubewell","Ground Water","Village Limits","TFC NAC 2018 SCP Drilling of Borewells 3 Nos for Revival of Water Supply Scheme in Katriguppe habitation Neriga GP Anekal Taluk",2018-2019,6.52300,6.49410,"05 Sep 2018","31 Mar 2019",2024-06-07
Karnataka,"Bengaluru Urban",Anekal,Yamare,Chambenahalli,Chambenahalli,0000373552,0007854239,250247802,"Deep Tubewell","Ground Water","Village limit","TFC NAC 2018 G Drilling of Borewells 2 Nos for Revival of Water Supply Scheme in Chambenahalli habitation Yamare GP Anekal Taluk",2018-2019,5.25800,5.24780,"05 Sep 2018","31 Mar 2019",2024-06-07
Karnataka,"Bengaluru Urban",Anekal,Yamare,"Volagere Kallahalli","Volagere Kallahalli",0000373550,0007854354,250247914,"Deep Tubewell","Ground Water","Village limit","TFC NAC 2018 SCP Drilling of Borewells 3 Nos for Revival of Water Supply Scheme in V. Kallahalli habitation Yamare GP Anekal Taluk",2018-2019,10.13100,10.08611,"05 Sep 2018","31 Mar 2019",2024-06-07
Karnataka,"Bengaluru Urban",Anekal,Sarjapura,Sarjapura,Sarjapura,0000373516,0007854389,250247951,"Deep Tubewell","Ground Water","Sompura Gate","TFC NAC 2018 SCP Drilling of Borewell 1 No for Revival of Water Supply Scheme in Sarjapura (Hindu Burial Ground) habitation Sarjapura GP Anekal Taluk",2018-2019,2.40000,2.39832,"05 Sep 2018","31 Mar 2019",2024-06-07
Karnataka,"Bengaluru Urban",Anekal,Mugalur,Mugalur,Mugalur,0000373524,0007854395,250247957,"Deep Tubewell","Ground Water","Village limit","TFC NAC 2018 G Drilling of Borewell 1 No for Revival of Water Supply Scheme in Mugaluru (Near Road ) habitation Mugaluru GP Anekal Taluk",2018-2019,1.60000,1.59943,"05 Sep 2018","31 Mar 2019",2024-06-07
Karnataka,"Bengaluru Urban",Anekal,Yamare,Yamare,Yamare,0000373549,0007739629,250205322,"Deep Tubewell","Ground Water","village limit","WPP62 SCP (3000 Series) Yamare Habitation, Yamare G.P, Anekal Taluk, Bangalore Urban District",2017-2018,12.00000,9.63385,"25 Nov 2017","31 Mar 2019",2024-06-07
Karnataka,"Bengaluru Urban",Anekal,Dommasandra,Dommasandra,Govindapura,0000373593,0007739675,250205346,"Deep Tubewell","Ground Water","village limit","WPP78 SCP (3000 Series) Govindapura Habitation, Dommasandra G.P, Anekal Taluk, Bangalore Urban District",2017-2018,12.00000,9.57184,"25 Nov 2017","31 Mar 2019",2024-06-07
Karnataka,"Bengaluru Urban",Anekal,Huskuru,Avalahalli,Avalahalli,0000373582,0007766000,250215623,"Deep Tubewell","Ground Water","village limit","SDP Providing Piped Water Supply Scheme at Avalahalli  and Chokkasandra Habitation, Huskuru GP, Anekal Taluk",2017-2018,25.00000,24.99668,"05 Apr 2018","03 May 2023",2024-06-07
Karnataka,"Bengaluru Urban",Anekal,Vannakanahalli,"Anekal Grama","Anekal Grama",0001852978,0007807497,250221263,"Deep Tubewell","Ground Water","village limit","Revival of MWS at Anekal Grama",2017-2018,0.10000,0.00000,"05 May 2017","03 May 2023",2024-06-07
Karnataka,"Bengaluru Urban",Anekal,Shantipura,Rayasandra,Rayasandra,0000373589,0007850947,250244993,"Deep Tubewell","Ground Water","village limit","G Revival of MWS Scheme in Rayasandra at Rayasandra (Shastra Layout) village",2018-2019,15.00000,14.99781,"12 Oct 2018","30 Nov 2019",2024-06-07
Karnataka,"Bengaluru Urban",Anekal,Mayasandra,Manchanahalli,Manchanahalli,0000373488,0007851053,250245106,"Deep Tubewell","Ground Water","village limit","SCP  Revival of MWS Scheme in Mayasandra at Manchanahalli village",2018-2019,7.00000,6.98546,"12 Oct 2018","30 Jun 2019",2024-06-07
Karnataka,"Bengaluru Urban",Anekal,Hulimangala,Nanjapura,Nanjapura,0000373385,0007852441,250246316,"Deep Tubewell","Ground Water","Village limit","G Revival of MWS Scheme at Nanjapura Habitation Hulimangala GP Anekal Taluk",2018-2019,5.00000,5.73433,"12 Oct 2018","31 Oct 2019",2024-06-07
Karnataka,"Bengaluru Urban",Anekal,Bannerghatta,Byrappanahalli,Byrappanahalli,0000373429,0007852451,250246326,"Deep Tubewell","Ground Water","village limit","SDP Providing and erecting Pumpset for Revival of PWS Scheme at Byrappanahalli Habitation Bannerughatta GP Anekal Taluk",2018-2019,5.00000,5.72698,"12 Oct 2018","03 May 2023",2024-06-07
Karnataka,"Bengaluru Urban",Anekal,Haragadde,Haragadde,Haragadde,0001622881,0007852453,250246328,"Deep Tubewell","Ground Water","Village limit","SDP Providing and erecting Pumpset for Revival of PWS Scheme at Haragadde Habitation Haragadde GP Anekal Taluk",2018-2019,5.00000,4.69883,"12 Oct 2018","31 Mar 2019",2024-06-07
Karnataka,"Bengaluru Urban",Anekal,Haragadde,"Mada Pattana",Madapatna,0001622883,0007852457,250246332,"Deep Tubewell","Ground Water","Towards Main Road","SDP Providing and erecting Pumpset for Revival of PWS Scheme at Madapatna Habitation Haragadde GP Anekal Taluk",2018-2019,5.00000,5.53713,"12 Oct 2018","31 Mar 2019",2024-06-07
Karnataka,"Bengaluru Urban",Anekal,Hennagara,Hennagara,Hennagara,0000373394,0007852458,250246333,"Deep Tubewell","Ground Water","Towards School","SDP Providing and erecting Pumpset for Revival of PWS Scheme at Hennagara Habitation Hennagara GP Anekal Taluk",2018-2019,5.00000,4.46701,"12 Oct 2018","31 Mar 2019",2024-06-07
Karnataka,"Bengaluru Urban",Anekal,Hennagara,Yarandahalli,Yarandahalli,0000373399,0007852459,250246334,"Deep Tubewell","Ground Water","Towards village road","SDP Providing and erecting Pumpset for Revival of PWS Scheme at Yarandahalli  Habitation Hennagara GP Anekal Taluk",2018-2019,5.00000,4.48664,"12 Oct 2018","31 Mar 2019",2024-06-07
Karnataka,"Bengaluru Urban",Anekal,Hulimangala,Nanjapura,Nanjapura,0000373385,0007852461,250246336,"Deep Tubewell","Ground Water","Village Limits","SDP Providing and erecting Pumpset for Revival of MWS Scheme at Nanjapura Habitation Hulimangala  GP Anekal Taluk",2018-2019,3.00000,2.30777,"12 Oct 2018","03 May 2023",2024-06-07
Karnataka,"Bengaluru Urban",Anekal,Haragadde,Nayanahalli,Nayanahalli,0001622885,0007852682,250246546,"Deep Tubewell","Ground Water","Colony Road","TFC NAC 2018 SCP Drilling of Borewell(1 No) for Revival of Water Supply Scheme Nayanahalli Habitation Haragadde GP Anekal Taluk Taluk",2018-2019,3.03000,2.74722,"12 Oct 2018","31 Mar 2019",2024-06-07
Karnataka,"Bengaluru Urban",Anekal,Bannerghatta,Boothanahalli,Boothanahalli,0000373440,0007852708,250246574,"Deep Tubewell","Ground Water","Village limit","TFC NAC 2018 SCP  Drilling of Borewell(1 No) for Revival of Water Supply Scheme Boothanahalli   Habitation Bannerughatta GP Anekal Taluk",2018-2019,1.50000,1.49819,"12 Oct 2018","31 Mar 2019",2024-06-07
Karnataka,"Bengaluru Urban",Anekal,Bannerghatta,Kempanayakanahalli,Kempanayakanahalli,0000373431,0007852724,250246587,"Deep Tubewell","Ground Water","Villge limit","TFC NAC 2018 G  Drilling of Borewell(1 No) for Revival of Water Supply Scheme Kempanayakanahalli  Habitation Hulimangala  GP Anekal Taluk",2018-2019,1.75000,1.70450,"12 Oct 2018","31 Mar 2019",2024-06-07
Karnataka,"Bengaluru Urban",Anekal,Hulimangala,Hulimangala,Hulimangala,0000373388,0007852742,250246604,"Deep Tubewell","Ground Water","Revival of Mini Water Supply Scheme at Shikaripalya Village","TFC NAC 2018 SCP  Drilling of Borewell(1 No) for Revival of Water Supply Scheme Hulimangala 2 Habitation Hulimangala  GP Anekal Taluk",2018-2019,2.20000,2.19375,"12 Oct 2018","31 Mar 2019",2024-06-07
Karnataka,"Bengaluru Urban",Anekal,Dommasandra,Dommasandra,Govindapura,0000373593,0007913184,250283522,"Deep Tubewell","Ground Water","village limit","SDP Revival Of PWS Scheme  Drilling of Borewell, Errection of Pumpset with Pipeline at Govindapura Habitaion, Govindapura village, Dommasandra GP, Anekal Taluk.",2019-2020,14.00000,13.33743,"30 Sep 2019","03 May 2023",2024-06-07
Karnataka,"Bengaluru Urban",Anekal,Neriga,"Jantha Gondanahalli","Jantha Gondanahalli",0000373568,0007913297,250283621,"Deep Tubewell","Ground Water","village limit","SCP Revival of PWS Drilling of Borewell at Janatha gondanahalli Habitation, Janatha gondanahalli Village, Neriga GP, Anekal Taluk",2019-2020,3.00000,2.99891,"30 Sep 2019","31 Jan 2020",2024-06-07
Karnataka,"Bengaluru Urban",Anekal,Mugalur,Kuthaganahalli,Kuthaganahalli,0000373522,0007913340,250283654,"Deep Tubewell","Ground Water","Colony limit","SCP Revival of PWS Drilling of BW,Errection of Pumpset with Pipeline at Kuthaganahalli Habitation, Kuthaganahalli Village, Mugalur GP, Anekal Taluk",2019-2020,15.00000,13.28321,"30 Sep 2019","03 May 2023",2024-06-07
Karnataka,"Bengaluru Urban",Anekal,Mugalur,Banahalli,Banahalli,0000373528,0007913343,250283657,"Deep Tubewell","Ground Water","village limit","SCP  Providing Piped Water Supply Scheme  (Construction of OHT of 1 Lakh ltr Capacity) at Banahalli Habitation, Banahalli Village, MUGALUR GP, Anekal Taluk",2019-2020,25.00000,10.11557,"30 Sep 2019","03 May 2023",2024-06-07
Karnataka,"Bengaluru Urban",Anekal,Mugalur,Mattanahalli,Mattanahalli,0000373521,0007913345,250283659,"Deep Tubewell","Ground Water","Village Limits","SC and ST Revival of PWS Drilling of BW,Errection of Pumpset with Pipeline at Mattanalli Habitation, Mattanalli Village, MUGALUR GP, Anekal Taluk",2019-2020,10.00000,8.53615,"30 Sep 2019","03 May 2023",2024-06-07
Karnataka,"Bengaluru Urban",Anekal,Yamare,Yamare,Yamare,0000373549,0007913658,250283888,"Deep Tubewell","Ground Water","village limit","G  Revival Of PWS Scheme  Drilling of Borewell, Errection of Pumpset with Pipeline at Yamarei  Habitaion, Yamarei  village, Yamare GP, Anekal Taluk.",2019-2020,12.50000,10.64857,"01 Oct 2019","03 May 2023",2024-06-07
Karnataka,"Bengaluru Urban",Anekal,Huskuru,Gulimangala,Gulimangala,0000373583,0007913716,250283937,"Deep Tubewell","Ground Water","illage limit","G Revival of PWS Additional amount for Constrction of OHT at GULIMANGALA  Habitaion, GULIMANGALA  village, Huskuru GP, Anekal Taluk.",2019-2020,5.00000,4.98428,"01 Oct 2019","29 Feb 2020",2024-06-07
Karnataka,"Bengaluru Urban",Anekal,Shantipura,Choodasandra,Choodasandra,0000373591,0007913887,250284087,"Deep Tubewell","Ground Water","Towards main road","G Revival of PWS Drilling of BW,Errection of Pumpset at Choodsandra  Habitaion, Choodsandra  village, Shantipura GP, Anekal Taluk.",2019-2020,5.50000,5.36163,"01 Oct 2019","03 May 2023",2024-06-07
Karnataka,"Bengaluru Urban",Anekal,Hennagara,Yarandahalli,Yarandahalli,0000373399,0007952083,250170387,"Deep Tubewell","Ground Water","Towards village road","TFC080319 Drilling of borewell Yaradanahalli village at hennagara GP anekal taluk",2019-2020,2.40000,0.00000,"15 Mar 2019","03 May 2023",2024-06-07
Karnataka,"Bengaluru Urban",Anekal,Mayasandra,"M. Medihalli","M. Medihalli",0000373494,0007952253,250152927,"Deep Tubewell","Ground Water",NA,"TFC 231019 Drilling of Borewell at Medarahalli Habitation Mayasandra GP Anekal Taluk",2019-2020,4.00000,3.99772,"29 Oct 2019","03 May 2023",2024-06-07
Karnataka,"Bengaluru Urban",Anekal,Bidaraguppe,Bidaraguppe,"Silk Farm",0001622878,0007952747,250247238,"Deep Tubewell","Ground Water","village limit","TFC CEO080319 Drilling of Borewell at Silkform Habitation Bidaraguppe GP Anekal Taluk",2019-2020,2.80000,2.79179,"16 Mar 2019","03 May 2023",2024-06-07
Karnataka,"Bengaluru Urban",Anekal,Sarjapura,Sarjapura,Sarjapura,0000373516,0007952755,250247929,"Deep Tubewell","Ground Water","Sompura Gate","TFC CEO080319 Drilling of Borewell at Sarjapura Habitation Sarjapura GP Anekal Taluk",2019-2020,3.00000,2.99168,"16 Mar 2019","03 May 2023",2024-06-07
Karnataka,"Bengaluru Urban",Anekal,Shantipura,Shantipura,Shantipura,0001622895,0007980179,250150878,"Deep Tubewell","Ground Water","Village limit","SC  ST Revival of PWS Revival of PWS Drilling of BW,Errection of Pumpset at Chikkanagamangala Village Shantipura GP Anekal Taluk",2019-2020,5.50000,5.36163,"18 Jan 2020","03 May 2023",2024-06-07
Karnataka,"Bengaluru Urban",Anekal,Neriga,"Nekundi Dommasandra","Nekundi Dommasandra",0000373572,0007867236,250259881,"Deep Tubewell","Ground Water","Village limit road","TFC 251018 Drilling of Borewell  Dommasandra (Sampige Beedi) Habitation, Dommasandra  G.P, Anekal Taluk",2018-2019,2.50000,2.45396,"19 Jan 2019","31 Mar 2019",2024-06-07
Karnataka,"Bengaluru Urban",Anekal,Neralur,Yadavanahalli,Yadavanahalli,0000373477,0007867238,250259883,"Deep Tubewell","Ground Water","Village limit","TFC 251018 Drilling of Borewell at Yadavanahalli Habitation, Neraluru G.P, Anekal Taluk",2018-2019,2.50000,2.49675,"19 Jan 2019","31 Mar 2019",2024-06-07
Karnataka,"Bengaluru Urban",Anekal,Bannerghatta,Kariyappanahalli,Kariyappanahalli,0000373432,0007867730,250260059,"Deep Tubewell","Ground Water","Village limit","TFCS Providing PVC Pipeline at  kariyappanahalli Village, Bannerghatta GP, Anekal Taluk",2018-2019,1.44000,0.00000,"24 Jan 2019","03 May 2023",2024-06-07
Karnataka,"Bengaluru Urban",Anekal,Mayasandra,Mayasandra,Mayasandra,0000373490,0007868459,250260376,"Deep Tubewell","Ground Water","Village limit","TFC 251018 Drilling of Borewell  Bhaktipura Habitation, Mayasandra G.P, Anekal Taluk",2018-2019,2.50000,2.49996,"29 Jan 2019","31 Mar 2019",2024-06-07
Karnataka,"Bengaluru Urban",Anekal,Bannerghatta,Kariyappanahalli,Kariyappanahalli,0000373432,0007868831,250260633,"Deep Tubewell","Ground Water","Village limit","TFC CEO 060418 Drilling of Borewell at Kariyappanahalli (Janatha Colony)  habitation Bannerughatta GP Anekal Taluk",2018-2019,2.50000,2.31941,"31 Jan 2019","31 Mar 2019",2024-06-07
Karnataka,"Bengaluru Urban",Anekal,Bannerghatta,Bannerughatta,Bannerghatta,0000373430,0007868851,250260647,"Deep Tubewell","Ground Water","At Bannerghatta JHC","TFC CEO 060418 Drilling of Borewell at Kulumepalya  habitation Bannerughatta GP Anekal Taluk",2018-2019,2.50000,2.48245,"31 Jan 2019","31 Mar 2019",2024-06-07
Karnataka,"Bengaluru Urban",Anekal,Neralur,Itchangur,Itchangur,0000373474,0007878026,250265161,"Deep Tubewell","Ground Water","School main road","TFC241218 Drilling of Borewell at Iccanguru Habitation Neraluru GP Anekal Taluk",2018-2019,2.50000,2.49030,"05 Mar 2019","31 May 2019",2024-06-07
Karnataka,"Bengaluru Urban",Anekal,Bannerghatta,Kempanayakanahalli,Kempanayakanahalli,0000373431,0007889117,250268597,"Deep Tubewell","Ground Water","Villge limit","GOI shifted to GOK G Revival of MWS Scheme at Kempanayakahalli  Habitation Bannerughatta GP Anekal Taluk",2018-2019,5.00000,4.66008,"01 Mar 2019","31 Mar 2019",2024-06-07
Karnataka,"Bengaluru Urban",Anekal,Hulimangala,Koppa,Koppa,0000373383,0007889224,250268668,"Deep Tubewell","Ground Water","Towards village road","GOI shifted to GOK G Revival of MWS Scheme at Koppa Habitation hulimangala GP Anekal Taluk",2018-2019,5.00000,4.99393,"01 Mar 2019","31 Mar 2019",2024-06-07
Karnataka,"Bengaluru Urban",Anekal,Ragihalli,Shivanahalli,Shivanahalli,0000373451,0007905382,250275831,"Deep Tubewell","Ground Water","vILLAGE LIMIT","G Revival of  MWS Drilling of Bore well  at Ontemaranadoddi Habitation, Ragihalli GP, Anekal  Taluk",2019-2020,2.80000,2.75015,"18 Sep 2019","29 Feb 2020",2024-06-07
Karnataka,"Bengaluru Urban",Anekal,Kallabalu,"Krishna Doddi","Krishna Doddi",0000373374,0007907898,250278490,"Deep Tubewell","Ground Water","Village limit","SCSTDrilling of Bore well, at  Krishnadoddi  Habitation Kallabalu GP, Anekal  Taluk.",2019-2020,2.70000,2.68967,"19 Sep 2019","03 May 2023",2024-06-07
Karnataka,"Bengaluru Urban",Anekal,Kallabalu,Yallammanadoddi,"Yallammana Doddi",0000373376,0007907901,250278493,"Deep Tubewell","Ground Water","Village limit","SCSTDrilling of Bore well, at  Yallamanadodi  Habitation Kallabalu GP, Anekal  Taluk.",2019-2020,2.70000,2.59895,"19 Sep 2019","03 May 2023",2024-06-07
Karnataka,"Bengaluru Urban",Anekal,Neralur,Yadavanahalli,Yadavanahalli,0000373477,0007911982,250282725,"Deep Tubewell","Ground Water","Village limit","G Revival of PWS  Drilling of BW,Errection of Pumpset with Pipeline  at Yadavanahalli Habitaion, Yadavanahalli village, Neraluru GP, Anekal Taluk.",2019-2020,8.00000,0.00000,"27 Sep 2019","03 May 2023",2024-06-07
Karnataka,"Bengaluru Urban",Anekal,Yamare,"B. Hosahalli","B. Hosahalli",0000373547,0007913315,250283636,"Deep Tubewell","Ground Water","village limit","SCP Revival of PWS Drilling of Borewell at B.Hosahalli Habitation, B.Hosahalli Village, Yamare GP, Anekal Taluk",2019-2020,3.50000,3.49127,"30 Sep 2019","31 Jan 2020",2024-06-07
Karnataka,"Bengaluru Urban",Anekal,Samandur,Geritiganabele,Geritiganabele,0000373269,0008032461,250152829,"Deep Tubewell","Ground Water","Village Limit","10 Crore 22052020 Drilling of Borewell at Gerataganabele Habitation Samanduru Grama Panchayath Anekal Taluk",2020-2021,3.80000,3.43152,"16 Jun 2020","03 May 2023",2024-06-07
Karnataka,"Bengaluru Urban",Anekal,Sarjapura,Sarjapura,Sarjapura,0000373516,0008064213,250120512,"Deep Tubewell","Ground Water","vilage limit","CAP1 Drilling of borewell near yellamma temple Sarjapura village Sarjapura GP Anekal taluk",2020-2021,3.10000,3.09540,"27 May 2020","03 May 2023",2024-06-07
Karnataka,"Bengaluru Urban",Anekal,Surgajakanahalli,Honnakalaspura,Honnakalaspura,0000373285,0008136797,250154669,"Deep Tubewell","Ground Water","village limit","TSP  Revival of PWS Drilling of Borewell Errection of Pumpset with Pipeline Bodaralli Venkateshapura Habitation  Anekal rural Village  Surajakkanahalli GP Anekal Taluk",2020-2021,12.50000,10.64857,"04 Apr 2020","03 May 2023",2024-06-07
Karnataka,"Bengaluru Urban",Anekal,Sarjapura,Sarjapura,Sarjapura,0000373516,0008215430,4800278,"Deep Tubewell","Ground Water","Sompura Gate","Providing Water Supply to  Anganawadi fitting of Taps to Kitchen and Toilet at Renukanagara Habitation Sarjapura GP Anekal Taluk",2020-2021,0.15000,0.09558,"17 Dec 2020","03 May 2023",2024-06-07
Karnataka,"Bengaluru Urban",Anekal,Vannakanahalli,"Kempudommasandra (b)",Kempadommasandra,0000373304,0008215797,250148501,"Deep Tubewell","Ground Water","Village limit","Providing water supply to GLPS fitting of taps to kitchen and toilet at Kempudommasandra Habitation Vanakanahalli GP Anekal Taluk",2020-2021,0.20000,0.13336,"17 Dec 2020","03 May 2023",2024-06-07
Karnataka,"Bengaluru Urban",Anekal,Samandur,Samandur,Samandur,0000373270,0008215993,250149568,"Deep Tubewell","Ground Water","Thimmasandra Tank Bed","Providing water supply to Anganwadi fitting of taps to kitchen and toilet at Submangala Habitation Samanduru GP Anekal Taluk",2020-2021,0.15000,0.06668,"17 Dec 2020","03 May 2023",2024-06-07
Karnataka,"Bengaluru Urban",Anekal,Samandur,Muthagatti,Muthagatti,0000373263,0008216009,250246479,"Deep Tubewell","Ground Water","village limit","Providing water supply to Anganwadi fitting of taps to kitchen and toilet at Muttaghatti Habitation Samanduru GP Anekal Taluk",2020-2021,0.15000,0.06668,"17 Dec 2020","03 May 2023",2024-06-07
Karnataka,"Bengaluru Urban",Anekal,Indlawadi,Thimmasandra,Thimmasandra,0000373320,0008216029,250067828,"Deep Tubewell","Ground Water","Village limit","Providing water supply to Anganwadi fitting of taps to kitchen and toilet at Thimmasandra Habitation Indalwadi GP Anekal Taluk",2020-2021,0.15000,0.15000,"17 Dec 2020","03 May 2023",2024-06-07
Karnataka,"Bengaluru Urban",Anekal,Indlawadi,Nallaiahnadoddi,Nallaiahanadoddi,0000373328,0008216039,250150706,"Deep Tubewell","Ground Water","Village limit","Providing water supply to Anganwadi fitting of taps to kitchen and toilet at Nalayanadoodi Habitation Indalwadi GP Anekal Taluk",2020-2021,0.15000,0.15000,"17 Dec 2020","03 May 2023",2024-06-07
Karnataka,"Bengaluru Urban",Anekal,Vannakanahalli,Choodenahalli,Choodenahalli,0000373298,0008216062,250147696,"Deep Tubewell","Ground Water","village limit","Providing water supply to Anganwadi fitting of taps to kitchen and toilet at Choodenahalli Habitation Vanakanahalli GP Anekal Taluk",2020-2021,0.15000,0.15000,"17 Dec 2020","03 May 2023",2024-06-07
Karnataka,"Bengaluru Urban",Anekal,Mayasandra,Mayasandra,Mayasandra,0000373490,0008216088,250148603,"Deep Tubewell","Ground Water","Village limit","Providing water supply to Anganwadi fitting of taps to kitchen and toilet at Mayasandra C Habitation Mayasandra GP Anekal Taluk",2020-2021,0.15000,0.15000,"17 Dec 2020","03 May 2023",2024-06-07
Karnataka,"Bengaluru Urban",Anekal,Sarjapura,Sarjapura,Sarjapura,0000373516,0008216968,5167006,"Deep Tubewell","Ground Water","Village Limits","Providing water supply to GLPS girls fitting of taps to kitchen and toilet at Sarjapura Habitation Sarjapura GP Anekal Taluk",2020-2021,0.20000,0.13674,"17 Dec 2020","03 May 2023",2024-06-07
Karnataka,"Bengaluru Urban",Anekal,Bannerghatta,Bannerughatta,Bannerghatta,0000373430,0008222957,250144594,"Deep Tubewell","Ground Water","At Bannerghatta JHC","15 Crore 12102020 Revival of PWS Scheme Drilling of Borewell at Bannerughatta  Smashana Village  Bannerughatta GP Anekal  Taluk",2020-2021,2.88000,2.57758,"25 Feb 2021","03 May 2023",2024-06-07
Karnataka,"Bengaluru Urban",Anekal,Vannakanahalli,Sunavara,Sunavara,0000373299,0007866349,250259550,"Deep Tubewell","Ground Water",NA,"TFC 251018 Drilling of Borewell at Sunavara Habitation, Vanakanahalli G.P, Anekal Taluk",2018-2019,2.50000,2.49660,"14 Jan 2019","31 Mar 2019",2024-06-07
Karnataka,"Bengaluru Urban",Anekal,Karpoor,Bestamanahalli,Bestamanahalli,0000373279,0007867240,250259885,"Deep Tubewell","Ground Water","Village Limits","TFC 251018 Drilling of Borewell at Bestamanahalli Habitation, Karpoor G.P, Anekal Taluk",2018-2019,2.50000,2.49628,"19 Jan 2019","31 Mar 2019",2024-06-07
Karnataka,"Bengaluru Urban",Anekal,Samandur,Sabmangala,Sabmangala,0000373266,0007868448,250260367,"Deep Tubewell","Ground Water","Village limit","TFC 251018 Drilling of Borewell  at Submangala  Habitation, Samanduru  G.P, Anekal Taluk",2018-2019,2.50000,2.49630,"29 Jan 2019","31 Mar 2019",2024-06-07
Karnataka,"Bengaluru Urban",Anekal,Vannakanahalli,Telagarahalli,Telagarahalli,0000373301,0007868802,250260612,"Deep Tubewell","Ground Water","village limit","TFC CEO 060418Pump motor and borewell at vanakanahalli(laxmi badavane) habitation vanakanahalli GP Anekal Taluk",2018-2019,4.90000,4.90000,"28 Jan 2019","31 Mar 2019",2024-06-07
Karnataka,"Bengaluru Urban",Anekal,Indlawadi,Nallaiahnadoddi,Nallaiahanadoddi,0000373328,0007878080,250265201,"Deep Tubewell","Ground Water","Village limit","TFC241218 Drilling of Borewell at Nallaiahnadoddi Habitation Indlawadi GP Anekal Taluk",2018-2019,2.50000,2.49933,"05 Mar 2019","30 Jun 2019",2024-06-07
Karnataka,"Bengaluru Urban",Anekal,Surgajakanahalli,Surgajakanahalli,Surgajakanahalli,0000373297,0007898547,250271286,"Deep Tubewell","Ground Water","village limit","GOI shifted to GOK G Providing Piped water Supply Scheme(Construction of OHT ) in Karakalaghatta Habitations Surajakkanahalli GP Anekal Taluk",2018-2019,20.00000,0.00000,"01 Mar 2019","03 May 2023",2024-06-07
Karnataka,"Bengaluru Urban",Anekal,Kallabalu,Harapanahalli,Harapanahalli,0000373368,0007905446,250275903,"Deep Tubewell","Ground Water",NA,"G Revival of  MWS Drilling of Bore well at Harapanahalli Habitation, Kallubalu GP, Anekal  Taluk.",2019-2020,2.75000,2.73380,"18 Sep 2019","29 Feb 2020",2024-06-07
Karnataka,"Bengaluru Urban",Anekal,Vannakanahalli,Soluru,Soluru,0000373307,0007913265,250283591,"Deep Tubewell","Ground Water","village limit","SCP Revival of PWS Errection of Pumpset with Pipeline at SOLURU Habitation, SOLURU Village, Vanakanahalli GP, Anekal Taluk",2019-2020,10.00000,9.65638,"30 Sep 2019","03 May 2023",2024-06-07
Karnataka,"Bengaluru Urban",Anekal,Surgajakanahalli,"A. Medihalli","A. Medihalli",0000373283,0007913267,250283593,"Deep Tubewell","Ground Water","village limit","SCP Revival of PWS Drilling of Borewell at A.Medahalli Habitation, A.Medahalli Village, Surajakkanahalli GP, Anekal Taluk",2019-2020,5.00000,4.98525,"30 Sep 2019","03 May 2023",2024-06-07
Karnataka,"Bengaluru Urban",Anekal,Vannakanahalli,"Kempudommasandra (b)",Kempadommasandra,0000373304,0007913894,250284093,"Deep Tubewell","Ground Water","Village limit","G Augumentation of PWS Errection of Pumpset with Pipeline at Kempudommasandra  Habitaion, Kempudommasandra  village, Vanakanahalli GP, Anekal Taluk.",2019-2020,6.00000,5.84798,"01 Oct 2019","03 May 2023",2024-06-07
Karnataka,"Bengaluru Urban",Anekal,Hennagara,Yarandahalli,Yarandahalli,0000373399,0007951891,250147894,"Deep Tubewell","Ground Water","Village limit","TFC CEO 080319 Drilling of borewell hennagara G.p at Yaranadahalli village in Anekal taluk",2019-2020,2.40000,2.39748,"16 Mar 2019","03 May 2023",2024-06-07
Karnataka,"Bengaluru Urban",Anekal,Indlawadi,Nallaiahnadoddi,Nallaiahanadoddi,0000373328,0007952347,250150706,"Deep Tubewell","Ground Water","Village limit","TFC CEO080319 Redrilling of Borewell at Nallayyanadoddi Habitation Indlawadi GP Anekal Taluk",2019-2020,1.70000,1.69265,"16 Mar 2019","03 May 2023",2024-06-07
Karnataka,"Bengaluru Urban",Anekal,Indlawadi,Thimmasandra,Thimmasandra,0000373320,0007952352,250186330,"Deep Tubewell","Ground Water","Village road","TFC CEO080319 Drilling of Borewell at Thimmasandra Habitation Indlawadi GP Anekal Taluk",2019-2020,2.80000,2.79813,"16 Mar 2019","03 May 2023",2024-06-07
Karnataka,"Bengaluru Urban",Anekal,Samandur,Gudnahalli,Gudnahalli,0000373267,0007952366,250153532,"Deep Tubewell","Ground Water","village limit","TFC CEO080319 Redrilling of Borewell at Gudnalli Habitation Samanduru GP Anekal Taluk",2019-2020,1.85000,1.84536,"16 Mar 2019","03 May 2023",2024-06-07
Karnataka,"Bengaluru Urban",Anekal,Ragihalli,Ontemaranadoddi,Ontemaranadoddi,0000373452,0007952757,5550057,"Deep Tubewell","Ground Water","Village limit","TFC CEO 080319 Drilling of borewell  at Shivanhalli  village Ragihalli G.p in Anekal taluk",2019-2020,2.40000,2.37470,"15 Mar 2019","03 May 2023",2024-06-07
Karnataka,"Bengaluru Urban",Anekal,Kallabalu,Kasavanakunte,Kasavanakunte,0000373366,0007998797,250290079,"Deep Tubewell","Ground Water","Village limit","CAP3 CEO Drilling of Borewell at Kasuvenakunte  Habitation Kallabalu   Gp Anekal Taluk",2020-2021,3.20000,3.14947,"28 May 2020","31 Jul 2020",2024-06-07
Karnataka,"Bengaluru Urban",Anekal,Mantapa,"Chinnaiahna Palya",Chinnaiahanapalya,0000373424,0007999436,250145132,"Deep Tubewell","Ground Water","village limit","10crore Revival of PWS scheme Drilling of Borewell and Errection of Pump Motor at Chinnaiahnapalya village, Matapa GP, Anekal Taluk",2020-2021,5.00000,4.98858,"16 Jun 2020","03 May 2023",2024-06-07
Karnataka,"Bengaluru Urban",Anekal,Kallabalu,Balarabande,Balarabande,0000373381,0007999476,250147851,"Deep Tubewell","Ground Water","Colony Limit","10crore Revival of PWS scheme, Providing Pump Motor at Balarabande village, Kallubalu GP, Anekal Taluk",2020-2021,5.00000,4.98922,"16 Jun 2020","03 May 2023",2024-06-07
Karnataka,"Bengaluru Urban",Anekal,Marsoor,Adisonnahatti,Adisonnahatti,0000373315,0008009243,250147701,"Deep Tubewell","Ground Water","Village limit","10 Crore 22052020 Drilling of Borewell at Adisonnahatti Habitation Marsoor Grama Panchayath Anekal Taluk",2020-2021,3.75000,3.38394,"16 Jun 2020","03 May 2023",2024-06-07
Karnataka,"Bengaluru Urban",Anekal,Mugalur,"Mahal Chowdadenahalli","Mahal Chowdadenahalli",0000373518,0007573491,250170333,"Deep Tubewell","Ground Water","outskirt of Village","TFC221116 Drilling of Borewell and Erection of Pumpset at Mahal Chowdadenahalli  Habitation, Mugaluru GP, Ane",2016-2017,5.00000,4.98465,"15 Jan 2017","31 Mar 2018",2024-06-07
Karnataka,"Bengaluru Urban",Anekal,Bannerghatta,"Bannerughatta Kaval","Bannerghatta Kaval",0000373435,0007573504,250170348,"Deep Tubewell","Ground Water","Janatha colony","TFC221116 Drilling of Borewell at Bannerughatta Kaval habitation, Bannerughatta GP, Anekal Taluk",2016-2017,2.00000,1.99783,"15 Jan 2017","28 Feb 2018",2024-06-07
Karnataka,"Bengaluru Urban",Anekal,Mantapa,"Chinnaiahna Palya",Chinnaiahanapalya,0000373424,0007573509,250170353,"Deep Tubewell","Ground Water","Village limit","TFC221116 Drilling of Borewell at Chinnaiahnapalya habitation, Mantapa GP, Anekal Taluk",2016-2017,2.00000,1.99569,"15 Jan 2017","28 Feb 2018",2024-06-07
Karnataka,"Bengaluru Urban",Anekal,Mantapa,Begihalli,Begihalli,0000373404,0007573599,250170442,"Deep Tubewell","Ground Water","Towards Main Road","TFC221116 Drilling of Borewell at Begihalli habitation, Mantapa GP, Anekal Taluk",2016-2017,2.00000,1.99572,"15 Jan 2017","28 Feb 2018",2024-06-07
Karnataka,"Bengaluru Urban",Anekal,Huskuru,Gulimangala,Gulimangala,0000373583,0007573687,250170528,"Deep Tubewell","Ground Water","illage limit","TFC221116 Drilling of Borewell and Errection of Pumpset  at Gulimangala Habitation  in Huskuru G.P. Anekal Taluk.",2016-2017,5.00000,4.98389,"15 Jan 2017","31 Mar 2018",2024-06-07
Karnataka,"Bengaluru Urban",Anekal,Neralur,Itchangur,Itchangur,0000373474,0007574026,250170789,"Deep Tubewell","Ground Water","Near Tank bed","TFC221116 Drilling of Borewell and Erection of Pumpset at Itchanguru Habitation, Neraluru GP, Ane",2016-2017,5.00000,4.98496,"15 Jan 2017","31 Mar 2018",2024-06-07
Karnataka,"Bengaluru Urban",Anekal,Kallabalu,"J. Bingipura","J. Bingipura",0000373371,0007637283,250185490,"Deep Tubewell","Ground Water","Village limit","TFC220217 Drilling of borewell at J Bingipura Habitation,Kallubalu GP,Anekal Taluk",2016-2017,3.00000,2.99066,"05 May 2017","31 Mar 2018",2024-06-07
Karnataka,"Bengaluru Urban",Anekal,Kallabalu,Bommandahalli,Bommandahalli,0000373370,0007637561,250185507,"Deep Tubewell","Ground Water","Colony Road","TFC220217 Drilling of borewell AtBommandahalli  Habitation, KAllubalu GP, Anekal Taluk",2016-2017,2.00000,1.99419,"05 May 2017","31 Mar 2018",2024-06-07
Karnataka,"Bengaluru Urban",Anekal,Muthanallur,"Singena Agrahara","Singena Agrahara",0000373562,0007647124,250187446,"Deep Tubewell","Ground Water","Village limit","TFCZP220217 Drilling of borewell At Singenaagrahara Habitation, Muthanallur GP, Anekal Taluk.",2016-2017,2.16000,2.15505,"18 May 2017","31 Mar 2018",2024-06-07
Karnataka,"Bengaluru Urban",Anekal,Ballur,Dasanapura,Dasanapura,0001622876,0007702520,250196359,"Deep Tubewell","Ground Water","village limit","TFC170417 Drilling of Borewell at Dasanapura Habitation, Balluru GP, Anekal Taluk",2017-2018,2.50000,2.49628,"10 Jul 2017","31 Mar 2018",2024-06-07
Karnataka,"Bengaluru Urban",Anekal,Kallabalu,Harapanahalli,Harapanahalli,0000373368,0007705152,250196452,"Deep Tubewell","Ground Water","village limit","TFC170417  Drilling of Borewell at Harappanahalli Habitation, Kallubalu GP, Anekal Taluk,",2017-2018,2.50000,2.47236,"10 Jul 2017","30 Nov 2017",2024-06-07
Karnataka,"Bengaluru Urban",Anekal,Haragadde,"Mada Pattana",Madapatna,0001622883,0007705290,250196460,"Deep Tubewell","Ground Water","Village limit","TFC170417 Drilling of Borewell at Madapatna Habitation,Haragadde GP, Anekal Taluk.",2017-2018,2.00000,1.99272,"10 Jul 2017","30 Nov 2017",2024-06-07
Karnataka,"Bengaluru Urban",Anekal,Bannerghatta,Bannerughatta,Bannerghatta,0000373430,0007705314,250196463,"Deep Tubewell","Ground Water","Extension Areas","TFC170417 Drilling of Borewell 2 at Bannerghatta Habitation, Bannerghatta GP, Anekal Taluk.",2017-2018,1.90000,1.87323,"10 Jul 2017","30 Nov 2017",2024-06-07
Karnataka,"Bengaluru Urban",Anekal,Mantapa,Laxmipura,Laxmipura,0000373413,0007705654,250196485,"Deep Tubewell","Ground Water","Village limit","TFC170417 Drilling of Borewell at Lakshmipura Habitation,  Mantappa GP, Anekal Taluk.",2017-2018,2.50000,2.49635,"10 Jul 2017","30 Nov 2017",2024-06-07
Karnataka,"Bengaluru Urban",Anekal,Hulimangala,Koppa,Koppa,0000373383,0007705719,250196488,"Deep Tubewell","Ground Water","Towards village road","TFC170417 Drilling of Borewell (2 Nos) at Koppa Habitation,  Hulimangala GP, Anekal Taluk.",2017-2018,4.50000,4.49659,"10 Jul 2017","30 Nov 2017",2024-06-07
Karnataka,"Bengaluru Urban",Anekal,Bidaraguppe,Bidaraguppe,Bidaraguppe,0000373499,0007711190,250197267,"Deep Tubewell","Ground Water","Village limit","TFCZP170417 Drilling of Borewell at Bidaraguppe Habitation, Bidaraguppe GP, Anekal Taluk",2017-2018,2.30000,2.29706,"20 Jul 2017","31 Mar 2018",2024-06-07
Karnataka,"Bengaluru Urban",Anekal,Huskuru,Huskuru,Huskuru,0000373579,0007739529,250205278,"Deep Tubewell","Ground Water","village limit","WPP8 SCP (3000 Series) Huskuru Habitation,Huskuru G.P, Bangalore North Taluk, Bangalore Urban District",2017-2018,12.00000,5.91745,"25 Nov 2017","03 May 2023",2024-06-07
Karnataka,"Bengaluru Urban",Anekal,Kallabalu,Konnasandra,Konnasandra,0000373369,0007739566,250205289,"Deep Tubewell","Ground Water","village limit","WPP KRIDL(3000 Series) at Konasandra Habitation, kallabalu G.P, Anekal Taluk, Bangalore Urban District",2017-2018,12.00000,0.00000,"25 Nov 2017","03 May 2023",2024-06-07
Karnataka,"Bengaluru Urban",Anekal,Neriga,Ramanayakanahalli,Ramanayakanahalli,0000373566,0007739603,250205306,"Deep Tubewell","Ground Water","village limit","WPP45 Gen (3000 Series) Ramanayakanahalli Habitation, Neriga G.P, Anekal Taluk, Bangalore Urban District",2017-2018,12.00000,9.59968,"25 Nov 2017","31 Mar 2019",2024-06-07
Karnataka,"Bengaluru Urban",Anekal,Neriga,"Halsahalli Thippasandra","Halsahalli Thippasandra",0000373571,0007739607,250205309,"Deep Tubewell","Ground Water","village limit","WPP48 SCP (3000 Series) Thippasandra Habitation, Neriga G.P, Anekal Taluk, Bangalore Urban District",2017-2018,12.00000,9.60801,"25 Nov 2017","31 Mar 2019",2024-06-07
Karnataka,"Bengaluru Urban",Anekal,Shantipura,Rayasandra,Rayasandra,0000373589,0007739609,250205311,"Deep Tubewell","Ground Water","village limit","WPP49 SCP (3000 Series) Rayasandra Habitation, Shantipura G.P, Anekal Taluk, Bangalore Urban District",2017-2018,12.00000,9.61799,"25 Nov 2017","31 Mar 2019",2024-06-07
Karnataka,"Bengaluru Urban",Anekal,Mugalur,Banahalli,Banahalli,0000373528,0007739611,250205313,"Deep Tubewell","Ground Water","village limit","WPP52 SCP (3000 Series) Banahalli Habitation, Mugaluru G.P, Anekal Taluk, Bangalore Urban District",2017-2018,12.00000,8.80000,"25 Nov 2017","03 May 2023",2024-06-07
Karnataka,"Bengaluru Urban",Anekal,Mugalur,Mugalur,Mugalur,0000373524,0007739613,250205314,"Deep Tubewell","Ground Water","village limit","WPP53 Gen (3000 Series) Mugaluru Habitation, Mugaluru G.P, Anekal Taluk, Bangalore Urban District",2017-2018,12.00000,8.80000,"25 Nov 2017","03 May 2023",2024-06-07
Karnataka,"Bengaluru Urban",Anekal,Mugalur,Thindlu,Thindlu,0000373517,0007739615,250205315,"Deep Tubewell","Ground Water","village limit","WPP54 Gen (3000 Series) Thindlu Habitation, Mugaluru G.P, Anekal Taluk, Bangalore Urban District",2017-2018,12.00000,9.61801,"25 Nov 2017","31 Mar 2019",2024-06-07
Karnataka,"Bengaluru Urban",Anekal,Surgajakanahalli,Surgajakanahalli,Surgajakanahalli,0000373297,0008238835,250187452,"Deep Tubewell","Ground Water","Village limit","15 crore 04022021 Drilling of Borewell at  Sonnanayakanapura  Village Surjakkanahalli GP Anekal Taluk",2020-2021,3.99000,3.41432,"06 Feb 2021","03 May 2023",2024-06-07
Karnataka,"Bengaluru Urban",Anekal,Ragihalli,Sevanayakanadoddi,Sevanayakanadoddi,0000373464,0008223029,250083619,"Deep Tubewell","Ground Water","Near Main Road","15 Crore 12102020 Revival of PWS Scheme Providing Pump Motor   Laying of Pipeline  at Puttanayakanadoddi Village  Ragihalli  GP Anekal  Taluk",2020-2021,5.00000,4.95933,"25 Feb 2021","03 May 2023",2024-06-07
Karnataka,"Bengaluru Urban",Anekal,Haragadde,Dyavasandra,Dyavasandra,0001622880,0008223043,250143597,"Deep Tubewell","Ground Water","Village limit","15 Crore 12102020 Revival of PWS Scheme Providing  and  Installing Pump Motor   Dyavasandra Village  Haragadde   GP Anekal  Taluk",2020-2021,5.00000,4.95098,"25 Feb 2021","03 May 2023",2024-06-07
Karnataka,"Bengaluru Urban",Anekal,Haragadde,Nosenur,Nosenur,0000373352,0008223056,250144615,"Deep Tubewell","Ground Water","Village limit","15 Crore 12102020 Revival of PWS Scheme Drilling of Borewell at Nosenuru Village  Haragadde GP Anekal  Taluk",2020-2021,2.75000,2.47583,"25 Feb 2021","03 May 2023",2024-06-07
Karnataka,"Bengaluru Urban",Anekal,Byagadadevanahalli,Byagadadenahalli,Byagadadenahalli,0000373346,0008224568,250076272,"Deep Tubewell","Ground Water","1)Near  M.I.Tank bed 2)Near  M.I.Tank bed","15crore 04022021 Revival of PWS Scheme Drlling of BW and Laying of Pipeline at Byagadadenahalli Village Byagadadenahalli GP Anekal Taluk",2020-2021,4.90000,4.30352,"06 Feb 2021","03 May 2023",2024-06-07
Karnataka,"Bengaluru Urban",Anekal,Mayasandra,Mayasandra,Mayasandra,0000373490,0008230039,250148603,"Deep Tubewell","Ground Water","Village limit","15 crore 04022021 Revival of PWS Scheme Drlling of BW at  Mayasandra  Village Mayasandra GP Anekal Taluk",2020-2021,3.95000,3.43000,"06 Feb 2021","03 May 2023",2024-06-07
Karnataka,"Bengaluru Urban",Anekal,Samandur,Marnayakanahalli,Marnayakanahalli,0000373274,0008230049,250150119,"Deep Tubewell","Ground Water","Village Limit","15 crore 04022021 Revival of PWS Scheme Drlling of BW and Laying of Pipeline at  Maranayakanahalli  Village Samandur GP Anekal Taluk",2020-2021,3.80000,3.34936,"06 Feb 2021","03 May 2023",2024-06-07
Karnataka,"Bengaluru Urban",Anekal,Samandur,Madiwala,"S. Madiwala",0000373271,0008230068,250149561,"Deep Tubewell","Ground Water","Tank Bed","15 crore 04022021 Revival of PWS Scheme Errection of Pumpset and Laying of Pipeline at  S Madiwala  Village Samandur GP Anekal Taluk",2020-2021,4.13000,3.79029,"06 Feb 2021","03 May 2023",2024-06-07
Karnataka,"Bengaluru Urban",Anekal,Karpoor,Karpoor,Karpoor,0000373278,0008230118,250197277,"Deep Tubewell","Ground Water","Tank Bed","15 crore 04022021 Drilling of Borewell at  Karpoor  Village Karpoor GP Anekal Taluk",2020-2021,4.00000,3.45464,"06 Feb 2021","03 May 2023",2024-06-07
Karnataka,"Bengaluru Urban",Anekal,Sarjapura,Sarjapura,Sarjapura,0000373516,0008234824,250120512,"Deep Tubewell","Ground Water","vilage limit","15 crore 04022021 Revival of PWS Scheme Errection of Pumpset Electrification and Laying of Pipeline 1 at sarjapura Village Sarjapura GP Anekal taluk",2020-2021,5.00000,4.66015,"06 Feb 2021","03 May 2023",2024-06-07
Karnataka,"Bengaluru Urban",Anekal,Dommasandra,Dommasandra,Dommasandra,0000373592,0008236715,4791742,"Deep Tubewell","Ground Water","Near Tank Bed","Providing piped water supply to Government PU College at Dommasandra Habitation Dommasandra GP Anekal Taluk",2020-2021,0.20000,0.00000,"17 Dec 2020","03 May 2023",2024-06-07
Karnataka,"Bengaluru Urban",Anekal,Marsoor,Marsoor,Marsoor,0000373309,0008238390,250150781,"Deep Tubewell","Ground Water","Tank Bed","15 crore 04022021 Drilling of Borewell at Bandapura Village Marasur GP Aneakl Taluk",2020-2021,4.00000,3.61040,"06 Feb 2021","03 May 2023",2024-06-07
Karnataka,"Bengaluru Urban",Anekal,Neriga,Chikkadasarahalli,Chikkadasarahalli,0000373563,0007533571,250148753,"Deep Tubewell","Ground Water","Village limit","SCP Revival Of PWS Scheme and House Hold Connection HH 30 at Chikkadasarahalli habitation, Neriga GP.",2016-2017,8.00000,6.95533,"01 Sep 2016","31 Mar 2018",2024-06-07
Karnataka,"Bengaluru Urban",Anekal,Mugalur,"Dodda Thimmasandra","Dodda Thimmasandra",0000373520,0007533696,250148857,"Deep Tubewell","Ground Water","Towards main road","SDP Revival Of PWS Scheme at Dodda thimasandra habitation in Mugaluru GP.",2016-2017,8.00000,7.97952,"01 Sep 2016","31 Mar 2019",2024-06-07
Karnataka,"Bengaluru Urban",Anekal,Billapura,Booragunte,Booragunte,0000373533,0007533764,250148896,"Deep Tubewell","Ground Water","Village limit","SDP Revival Of PWS Scheme at Buragunte habitation in Billapura GP.",2016-2017,5.50000,3.36317,"01 Sep 2016","31 Dec 2018",2024-06-07
Karnataka,"Bengaluru Urban",Anekal,Huskuru,Kaggalipura,Kaggalipura,0000373574,0007534144,250149193,"Deep Tubewell","Ground Water","Village limit","SDP Revival Of PWS Scheme at Kaggalipura habitation in Huskuru GP.",2016-2017,5.50000,5.16748,"01 Sep 2016","31 Mar 2018",2024-06-07
Karnataka,"Bengaluru Urban",Anekal,Neralur,Balagaranahalli,Balagaranahalli,0000373476,0007534749,250149588,"Deep Tubewell","Ground Water","Main road","SDP Revival Of PWS Scheme at Balagaranahalli habitation in Neraluru GP.",2016-2017,5.50000,5.11998,"01 Sep 2016","31 Mar 2018",2024-06-07
Karnataka,"Bengaluru Urban",Anekal,Byagadadevanahalli,"Kavala Hosahalli","Kavala Hosahalli",0001622879,0007534772,250149604,"Deep Tubewell","Ground Water","Village Limits","SDP Revival Of PWS Scheme. Drilling of Borewell in Janatha Colony at Kavalahosahalli habitation at Byagadadenahalli GP.",2016-2017,2.50000,2.25389,"01 Sep 2016","31 Mar 2018",2024-06-07
Karnataka,"Bengaluru Urban",Anekal,Bannerghatta,Bilwardahalli,Bilwardahalli,0000373436,0007534774,250149605,"Deep Tubewell","Ground Water","Village Limits","SDP Revival Of PWS Scheme at Bilwardahalli habitatioin in Banneraghatta GP.",2016-2017,6.00000,5.79511,"01 Sep 2016","31 Jan 2019",2024-06-07
Karnataka,"Bengaluru Urban",Anekal,Huskuru,"Chinnthala Madiwala","Chinnthala Madiwala",0000373578,0007535950,250150556,"Deep Tubewell","Ground Water",NA,"TSP Revival Of PWS Scheme and House Hold Connection HH 22 at Chinthalamadiwala habitation in Huskuru GP.",2016-2017,6.00000,5.29000,"01 Sep 2016","31 Mar 2018",2024-06-07
Karnataka,"Bengaluru Urban",Anekal,Mugalur,"Mahal Chowdadenahalli","Mahal Chowdadenahalli",0000373518,0007536037,250150644,"Deep Tubewell","Ground Water","Towards Main road","G Revival of  PWS Scheme at Mahal Chowdadenahalli  habitation in Mugaluru GP.",2016-2017,6.00000,6.28734,"01 Sep 2016","31 Mar 2018",2024-06-07
Karnataka,"Bengaluru Urban",Anekal,Shantipura,Gattahalli,Gattahalli,0000373587,0007536082,250150675,"Deep Tubewell","Ground Water","Village limit","G Revival of  PWS Scheme at Ghattahalli habitation in Shanthipura GP.",2016-2017,10.00000,8.98059,"01 Sep 2016","31 Mar 2018",2024-06-07
Karnataka,"Bengaluru Urban",Anekal,Ballur,Ballur,Ballur,0000373484,0007536225,250150810,"Deep Tubewell","Ground Water","Tank Bed","TSP Revival Of PWS Scheme at Balluru habitation in Balluru GP.",2016-2017,6.00000,5.25000,"01 Sep 2016","31 Mar 2018",2024-06-07
Karnataka,"Bengaluru Urban",Anekal,Shantipura,Shantipura,Shantipura,0001622895,0007536289,250150878,"Deep Tubewell","Ground Water","Village limit","G Revival of  PWS Scheme at Shanthipura habitation in Shanthipura GP.",2016-2017,10.00000,9.63552,"01 Sep 2016","31 Mar 2018",2024-06-07
Karnataka,"Bengaluru Urban",Anekal,Yamare,Chambenahalli,Chambenahalli,0000373552,0007536325,250150919,"Deep Tubewell","Ground Water","Village limit","G Revival of  PWS Scheme at Chambenahalli habitation in Yamare GP.",2016-2017,6.00000,5.98591,"01 Sep 2016","31 Mar 2018",2024-06-07
Karnataka,"Bengaluru Urban",Anekal,Yamare,Chambenahalli,Chambenahalli,0000373552,0007536326,250150920,"Deep Tubewell","Ground Water","Village limit","G Revival of  MWS Scheme at Chambenahalli habitation in Yamare GP.",2016-2017,6.00000,0.00000,"01 Sep 2016","03 May 2023",2024-06-07
Karnataka,"Bengaluru Urban",Anekal,Mugalur,Madappanahalli,Madappanahalli,0000373529,0007538432,250152887,"Deep Tubewell","Ground Water","Village Limit","G Revival Of PWS Scheme of Madappanahalli Village in Mugaluru G P in Anekal Taluk",2016-2017,6.00000,4.64646,"01 Sep 2016","31 Mar 2018",2024-06-07
Karnataka,"Bengaluru Urban",Anekal,Mugalur,Mugalur,Mugalur,0000373524,0007538736,250153159,"Deep Tubewell","Ground Water","Village limit","G Providing Water Supply to Anganawadi at Mugaluru Village in Mugaluru G P in Anekal Taluk",2016-2017,1.00000,0.00000,"01 Sep 2016","03 May 2023",2024-06-07
Karnataka,"Bengaluru Urban",Anekal,Hennagara,Hennagara,Hennagara,0000373394,0007539104,250153456,"Deep Tubewell","Ground Water","Village limit","G Preparation of DPR for providing Multi village  water supply scheme to Suryanagar and Anekal enroute 18 villages of Anekal Taluku.",2016-2017,10.00000,0.00000,"01 Sep 2016","03 May 2023",2024-06-07
Karnataka,"Bengaluru Urban",Anekal,Haragadde,Haragadde,Haragadde,0001622881,0007539640,250153954,River,"Surface Water","village limit","G MVS Praparation DPR for Providing MVS Scheme to Suryanagar and 18 enroute  Villages of  AnekalTaluk, Bangalore urban District",2016-2017,10.00000,6.86932,"01 Oct 2016","03 May 2023",2024-06-07
Karnataka,"Bengaluru Urban",Anekal,Neralur,Adigondanahalli,Adigondanahalli,0000373481,0007539848,250154064,"Deep Tubewell","Ground Water","village limit","G Providing Piped water Supply Scheme Construction of OHT at Adigondnahalli in Neraluru G P in Anekal Taluk",2016-2017,25.00000,24.33381,"01 Sep 2016","31 Mar 2019",2024-06-07
Karnataka,"Bengaluru Urban",Anekal,Neralur,Itchangur,Vaddarapalya,0000373475,0007539902,250154122,"Deep Tubewell","Ground Water","village limit","G Revival of PWS Scheme at Vaddarapalya Habitation, Neraluru G.P. Anekal Taluk",2016-2017,6.00000,5.43000,"01 Sep 2016","31 Mar 2018",2024-06-07
Karnataka,"Bengaluru Urban",Anekal,Neralur,Neralur,Neralur,0000373479,0007539934,250154154,"Deep Tubewell","Ground Water","Village Limit","G Revival Of PWS Scheme of Neraluru Raghavendra Nagara in Neraluru G P in Anekal Taluk",2016-2017,10.00000,9.91870,"01 Sep 2016","31 Mar 2018",2024-06-07
Karnataka,"Bengaluru Urban",Anekal,Ragihalli,Ragihalli,Ragihalli,0000373462,0007998789,250080230,"Deep Tubewell","Ground Water","Near Main road","CAP1 Drilling of Borewell at Ragihalli Habitation Ragihalli Gp Anekal Taluk",2020-2021,2.50000,2.49459,"28 May 2020","31 Jul 2020",2024-06-07
Karnataka,"Bengaluru Urban",Anekal,Hulimangala,"S. Bingipura","S. Bingipura",0000373389,0007999543,250083699,"Deep Tubewell","Ground Water","Near Main Road","10crore Revival of PWS scheme, Drilling of Borewell  at Bingipura village, Hulimangala GP, Anekal Taluk",2020-2021,2.50000,2.12439,"16 Jun 2020","03 May 2023",2024-06-07
Karnataka,"Bengaluru Urban",Anekal,Bidaraguppe,Bidaraguppe,Bidaraguppe,0000373499,0007001235,250084294,"Deep Tubewell","Ground Water","Near Village","G TFC050515 Drilling of Borewell 1 at Bidaraguppe Habitation, Bidaraguppe G.P",2015-2016,2.25000,2.24871,"21 Jul 2015","31 Mar 2016",2024-06-07
Karnataka,"Bengaluru Urban",Anekal,Indlawadi,"Chikka Hosahalli","Chikka Hosahalli",0000373317,0007001799,250084307,"Deep Tubewell","Ground Water","Near Chikkanadoddi Main Road","G TFC050515 Drilling of Borewell at Chikkahosahalli Habitation, Indlawadi G.P",2015-2016,2.15000,1.92499,"21 Jul 2015","31 Dec 2015",2024-06-07
Karnataka,"Bengaluru Urban",Anekal,Indlawadi,Baggandoddi,Baggandoddi,0000373333,0007143190,250090079,"Deep Tubewell","Ground Water","near road","SCP  Revival of  MWS Scheme",2015-2016,8.00000,3.71820,"25 Oct 2015","31 Dec 2015",2024-06-07
Karnataka,"Bengaluru Urban",Anekal,Haragadde,"Nosenur Gollahalli","Nosenur Gollahalli",0000373353,0007145793,250090146,"Deep Tubewell","Ground Water","village limit","G  Revival of MWS Scheme Nosenur",2015-2016,8.00000,0.00000,"25 Oct 2015","31 Mar 2016",2024-06-07
Karnataka,"Bengaluru Urban",Anekal,Mantapa,Hullakasavanahalli,Hullakasavanahalli,0000373416,0007145892,250090174,"Deep Tubewell","Ground Water","near village","SCP Revival of  MWS Scheme",2015-2016,9.00000,0.00000,"25 Oct 2015","31 Mar 2016",2024-06-07
Karnataka,"Bengaluru Urban",Anekal,Mantapa,Mantapa,Mantapa,0000373406,0007145911,250090181,"Deep Tubewell","Ground Water","near village","SCP Revival of  MWS Scheme",2015-2016,9.00000,0.00000,"25 Oct 2015","31 Mar 2016",2024-06-07
Karnataka,"Bengaluru Urban",Anekal,Yamare,Sompura,Sompura,0000373545,0007145965,5297058,"Deep Tubewell","Ground Water","Village limit","SCP Drilling of BW,Errection of Pumpset with Pipe line and Energisation",2015-2016,7.00000,0.00000,"25 Oct 2015","31 Mar 2016",2024-06-07
Karnataka,"Bengaluru Urban",Anekal,Byagadadevanahalli,"Kavala Hosahalli","Kavala Hosahalli",0001622879,0007146078,250090219,"Deep Tubewell","Ground Water","Village limit","G Revival of PWS Scheme",2015-2016,12.00000,0.00000,"25 Oct 2015","31 Mar 2016",2024-06-07
Karnataka,"Bengaluru Urban",Anekal,Vannakanahalli,Vannakanahalli,Vannakanahalli,0000373305,0007208737,250098166,"Deep Tubewell","Ground Water",village,"QA Improvements to water supply scheme",2015-2016,20.00000,0.00000,"25 Oct 2015","31 Mar 2016",2024-06-07
Karnataka,"Bengaluru Urban",Anekal,Mugalur,Mugalur,Mugalur,0000373524,0007406206,250120461,"Deep Tubewell","Ground Water","Village limit","TFC190316 Drilling of Borewell at Thindlu Habitation, Mugulur GP, Anekal Taluk",2016-2017,2.30000,0.00000,"12 Apr 2016","03 May 2023",2024-06-07
Karnataka,"Bengaluru Urban",Anekal,Mugalur,Thindlu,Thindlu,0000373517,0007406215,250120471,"Deep Tubewell","Ground Water",NA,"TFC190316 Drilling of Borewell at Thindlu Habitation, Mugulur GP, Anekal Taluk",2016-2017,2.30000,0.00000,"12 Apr 2016","03 May 2023",2024-06-07
Karnataka,"Bengaluru Urban",Anekal,Sarjapura,Sarjapura,Sarjapura,0000373516,0007406269,250120515,"Deep Tubewell","Ground Water","Village limit","TFC190316 Drilling of Borewell at Ambedkar Colony Habitation, Sarjapura GP, Anekal Taluk",2016-2017,2.40000,2.28289,"12 Apr 2016","28 Feb 2018",2024-06-07
Karnataka,"Bengaluru Urban",Anekal,Yamare,"Thigala Chowdadenahalli","Thigala Chowdadenahalli",0000373553,0007406346,250120549,"Deep Tubewell","Ground Water","outskirts of the habitation","TFC190316 Drilling of Borewell at T.C.Halli Habitation, Yamare GP, Anekal Taluk",2016-2017,2.60000,2.31000,"12 Apr 2016","28 Feb 2018",2024-06-07
Karnataka,"Bengaluru Urban",Anekal,Billapura,Adigarakallahalli,Adigarakallahalli,0000373538,0007406392,250121335,"Deep Tubewell","Ground Water","village limit","TFC190316 Drilling of Borewell at Adigarakallahalli Habitation, Billapura GP, Anekal Taluk",2016-2017,2.50000,2.18000,"12 Apr 2016","28 Feb 2018",2024-06-07
Karnataka,"Bengaluru Urban",Anekal,Bidaraguppe,Indlabele,Indlabele,0000373495,0007406470,250120635,"Deep Tubewell","Ground Water","Village limit","TFC190316 Drilling of Borewell at Indlabele Habitation, Bidaraguppe GP, Anekal Taluk",2016-2017,2.60000,2.48000,"12 Apr 2016","28 Feb 2018",2024-06-07
Karnataka,"Bengaluru Urban",Anekal,Hulimangala,Maragondanahalli,Maragondanahalli,0000373392,0007406493,250120645,"Deep Tubewell","Ground Water","Village limit","TFC190316 Drilling of Borewell at Maragondanahalli Habitation, Bidarahalli GP, Bangalore East Taluk",2016-2017,4.00000,0.00000,"12 Apr 2016","03 May 2023",2024-06-07
Karnataka,"Bengaluru Urban",Anekal,Hulimangala,Maragondanahalli,Maragondanahalli,0000373392,0007406494,250120647,"Deep Tubewell","Ground Water","Village limit","TFC190316 Drilling of Borewell at Maragondanahalli Habitation, Bidarahalli GP, Bangalore East Taluk",2016-2017,4.00000,0.00000,"12 Apr 2016","03 May 2023",2024-06-07
Karnataka,"Bengaluru Urban",Anekal,Mayasandra,Mayasandra,Mayasandra,0000373490,0007406610,250120793,"Deep Tubewell","Ground Water","village limit","TFC190316 Drilling of Borewell at Mayasandra Habitation, Mayasandra GP, Anekal Taluk",2015-2016,2.40000,0.00000,"12 Apr 2016","03 May 2023",2024-06-07
Karnataka,"Bengaluru Urban",Anekal,Byagadadevanahalli,Doddahagde,Doddahagde,0000373341,0007406636,250120814,"Deep Tubewell","Ground Water","Outskirts of the village","TFC190316 Drilling of Borewell at Doddahagde Habitation, Byagadadevanahalli GP, Anekal Taluk",2016-2017,2.50000,2.49902,"12 Apr 2016","28 Feb 2018",2024-06-07
Karnataka,"Bengaluru Urban",Anekal,Neralur,Neralur,Neralur,0000373479,0007406672,250120851,"Deep Tubewell","Ground Water","Village limit","TFC190316 Drilling of Borewell at sainagara Habitation, Neralur GP, Anekal Taluk",2016-2017,2.50000,2.49634,"12 Apr 2016","31 Mar 2018",2024-06-07
Karnataka,"Bengaluru Urban",Anekal,Hennagara,Yarandahalli,Yarandahalli,0000373399,0007406821,250120961,"Deep Tubewell","Ground Water","village limit","TFC190316 Drilling of Borewell at Yarandahalli Habitation, Hennagara GP, Anekal Taluk",2015-2016,2.16000,0.00000,"12 Apr 2016","03 May 2023",2024-06-07
Karnataka,"Bengaluru Urban",Anekal,Haragadde,Vaddarapalya,Vaddarapalya,0001622882,0007406990,250121103,"Deep Tubewell","Ground Water","VILLAGE LIMIT","TFC190316 Drilling of bore well at Vaddarapalya Habitation Haragadde GP Anekal Taluk",2016-2017,3.10000,3.10000,"12 Apr 2016","03 Sep 2016",2024-06-07
Karnataka,"Bengaluru Urban",Anekal,Indlawadi,Chikkanahalli,Chikkanahalli,0000373319,0007407011,250121126,"Deep Tubewell","Ground Water","Thimmasandra Tank","TFC19.03.2016 Drilling of Borewell at Mayasandra Habitation in Chikkanahalli G.P. Bangalore SouthTaluk.",2016-2017,1.60000,0.00000,"12 Apr 2016","03 May 2023",2024-06-07
Karnataka,"Bengaluru Urban",Anekal,Samandur,Marnayakanahalli,Marnayakanahalli,0000373274,0007535355,250150120,"Deep Tubewell","Ground Water","Revival of  Mini Water Supply Scheme at Maranayakanahalli   Village","SCP Revival Of PWS Scheme and House Hold Connection HH 45 at Maranayakanahalli in Samanduru G P in Anekal Taluk",2016-2017,6.00000,6.15448,"01 Sep 2016","31 Mar 2018",2024-06-07
Karnataka,"Bengaluru Urban",Anekal,Karpoor,Arvantigepura,Arvantigepura,0000373281,0007536342,250150937,"Deep Tubewell","Ground Water","village limit","G Revival Of PWS Scheme at Aravantigepura habitation in Karpuru GP.",2016-2017,8.00000,7.11911,"01 Sep 2016","31 Mar 2018",2024-06-07
Karnataka,"Bengaluru Urban",Anekal,Byagadadevanahalli,Soppahalli,Soppahalli,0000373340,0007537111,250151770,"Deep Tubewell","Ground Water","Near Colony","G Providing Piped water Supply Scheme Construction of OHT at Soppahalli Village in Byagadadenahalli G P in Anekal Taluk",2016-2017,26.00000,0.00000,"01 Sep 2016","03 May 2023",2024-06-07
Karnataka,"Bengaluru Urban",Anekal,Byagadadevanahalli,Soppahalli,Soppahalli,0000373340,0007537111,250151771,"Deep Tubewell","Ground Water","Village Limit","G Providing Piped water Supply Scheme Construction of OHT at Soppahalli Village in Byagadadenahalli G P in Anekal Taluk",2016-2017,26.00000,0.00000,"01 Sep 2016","03 May 2023",2024-06-07
Karnataka,"Bengaluru Urban",Anekal,Samandur,Geritiganabele,Geritiganabele,0000373269,0007538354,250152829,"Deep Tubewell","Ground Water","Village Limit","G Revival Of PWS Scheme.(Pipeline)of Geritiganabele in Samnduru G P in Anekal Taluk",2016-2017,7.00000,6.78946,"01 Sep 2016","31 Mar 2018",2024-06-07
Karnataka,"Bengaluru Urban",Anekal,Surgajakanahalli,Gowrenahalli,Gowrenahalli,0000373284,0007573483,250170322,"Deep Tubewell","Ground Water","Village Limits","TFC221116 Drilling of Borewell at Gowrenahalli Habitation in Surajakkanahalli  GP, Ane",2016-2017,2.50000,2.20419,"15 Jan 2017","31 Mar 2018",2024-06-07
Karnataka,"Bengaluru Urban",Anekal,Karpoor,Haldenahalli,Haldenahalli,0000373275,0007573484,250170324,"Deep Tubewell","Ground Water","Village limit","TFC221116 Drilling of Borewell at Haldenahalli Habitation, Karpuru GP, Anekal Taluk",2016-2017,2.50000,2.48000,"15 Jan 2017","31 Mar 2018",2024-06-07
Karnataka,"Bengaluru Urban",Anekal,Samandur,"S Thammasandra (b)","S. Thimmasandra",0000373272,0007642000,250186334,"Deep Tubewell","Ground Water","Village Limits","TFC220217 Drilling of borewell At Thimmasandra Habitation, Samanduru GP, Anekal Taluk.",2016-2017,2.50000,2.47937,"05 May 2017","31 Mar 2018",2024-06-07
Karnataka,"Bengaluru Urban",Anekal,Indlawadi,Laxmipura,Laxmipura,0000373323,0007642078,250186379,"Deep Tubewell","Ground Water","Colony limit","TFC220217 Drilling of Borewell at Laxmipura Habitation, Indlawadi GP, Anekal Taluk,",2016-2017,2.50000,2.48655,"05 May 2017","31 Mar 2018",2024-06-07
Karnataka,"Bengaluru Urban",Anekal,Marsoor,Shettihalli,Shettihalli,0000373314,0007647031,250187434,"Deep Tubewell","Ground Water","Village limit","TFCZP220217 Drilling of borewell At Shettihalli Habitation, Marsoor GP, Anekal Taluk.",2016-2017,2.80000,2.79334,"18 May 2017","31 Mar 2018",2024-06-07
Karnataka,"Bengaluru Urban",Anekal,Vannakanahalli,Choodenahalli,Choodenahalli,0000373298,0007647039,250187437,"Deep Tubewell","Ground Water","Village limit","TFCZP220217 Drilling of borewell At Choodenahalli Habitation, Vanakanahalli  GP, Anekal Taluk.",2016-2017,1.71000,1.70688,"18 May 2017","31 Mar 2018",2024-06-07
Karnataka,"Bengaluru Urban",Anekal,Vannakanahalli,Choodenahalli,Kalyanakanahalli,0000373306,0007647046,250187439,"Deep Tubewell","Ground Water","Village limit","TFCZP220217 Drilling of borewell At Kalanayakanahalli Habitation, Vanakanahalli  GP, Anekal Taluk.",2016-2017,1.74000,1.73373,"18 May 2017","31 Mar 2018",2024-06-07
Karnataka,"Bengaluru Urban",Anekal,Vannakanahalli,Sunavara,Sunavara,0000373299,0007651337,250188487,"Deep Tubewell","Ground Water","Tank Bed","TFCZP220217 Drilling of borewell At Vanakanahalli Habitation, Sunavara GP, Anekal Taluk.",2016-2017,2.30000,2.29078,"18 May 2017","31 Mar 2018",2024-06-07
Karnataka,"Bengaluru Urban",Anekal,Surgajakanahalli,Chinnaiahnapalya,Chinnaiahanapalya,0000373290,0007651404,250188513,"Deep Tubewell","Ground Water","Colony Limit","TFCZP220217 Drilling of borewell At Chinnaianapalya Habitation, Indlawadi GP, Anekal Taluk.",2016-2017,2.24000,2.19064,"18 May 2017","31 Mar 2018",2024-06-07
Karnataka,"Bengaluru Urban",Anekal,Marsoor,Marsoor,Marsoor,0000373309,0007651450,250188534,"Deep Tubewell","Ground Water","Village Limits","TFCZP220217 Drilling of borewell At Marsooru Habitation,  Marsooru GP, Anekal Taluk.",2016-2017,2.50000,2.49597,"18 May 2017","31 Mar 2018",2024-06-07
Karnataka,"Bengaluru Urban",Anekal,Surgajakanahalli,Chinnaiahnapalya,Chinnaiahanapalya,0000373290,0007702065,250196234,"Deep Tubewell","Ground Water","Colony Limit","TFC170417 Drilling of Borewell  (2 nos) at Chinnaiahanapalya Habitation, Suragajakkanahalli GP, Anekal Taluk",2017-2018,5.00000,4.87107,"10 Jul 2017","31 Mar 2018",2024-06-07
Karnataka,"Bengaluru Urban",Anekal,Surgajakanahalli,Siddanapalya,Siddanapalya,0000373289,0007702074,250196237,"Deep Tubewell","Ground Water","Colony Limit","TFC170417 Drilling of Borewell  at Siddanapalya Habitation, Suragajakkanahalli GP, Anekal Taluk",2017-2018,2.50000,2.49568,"10 Jul 2017","31 Mar 2018",2024-06-07
Karnataka,"Bengaluru Urban",Anekal,Kallabalu,Kallabalu,Kallabalu,0000373363,0007705201,250196455,"Deep Tubewell","Ground Water","Village limit","TFC170417  Drilling of Borewell at Kallubalu Habitation, Kallubalu GP, Anekal Taluk,",2017-2018,2.00000,1.99635,"10 Jul 2017","30 Nov 2017",2024-06-07
Karnataka,"Bengaluru Urban",Anekal,Karpoor,Karpoor,Karpoor,0000373278,0007711228,250197277,"Deep Tubewell","Ground Water","Tank Bed","TFCZP170417 Drilling of Borewell at Karpoor Habitation, Karpoor  GP, Anekal Taluk",2017-2018,2.50000,2.49951,"20 Jul 2017","31 Mar 2018",2024-06-07
Karnataka,"Bengaluru Urban",Anekal,Vannakanahalli,Choodenahalli,Kalyanakanahalli,0000373306,0007732659,250202383,"Deep Tubewell","Ground Water","Village main road","TFC 140317/170417 Drilling of Borewell Kalanayakanahalli Village Vanakanahalli G.P. Anekal Taluk",2017-2018,2.50000,0.00000,"22 Sep 2017","03 May 2023",2024-06-07
Karnataka,"Bengaluru Urban",Anekal,Indlawadi,Indlawadi,Indlawadi,0000373330,0007739563,250205288,"Deep Tubewell","Ground Water","village limit","WPP KRIDL(3000 Series) at Indlawadi (2) Habitation, Indlawadi  G.P, Anekal Taluk, Bangalore Urban District",2017-2018,12.00000,9.85000,"25 Nov 2017","31 Mar 2019",2024-06-07
Karnataka,"Bengaluru Urban",Anekal,Indlawadi,Tammanayakanahalli,Tammanayakanahalli,0000373321,0007739594,250205300,"Deep Tubewell","Ground Water","village limit","WPP KRIDL(3000 Series)  at Tammanayakanahalli Habitation, Indlawadi  G.P, Anekal Taluk, Bangalore Urban District",2017-2018,12.00000,9.85000,"25 Nov 2017","31 Mar 2019",2024-06-07
Karnataka,"Bengaluru Urban",Anekal,Byagadadevanahalli,Kunimadiwala,Kunimadiwala,0000373345,0007847065,250241205,"Deep Tubewell","Ground Water","village limit","G Providing Piped water Supply Scheme(Construction of OHT of 1 Lakh Ltr capacity) in Byagadadenahalli GP at Kunimadivala village, Anekal Taluk",2018-2019,13.00000,13.00000,"06 Oct 2018","03 May 2023",2024-06-07
Karnataka,"Bengaluru Urban",Anekal,Kallabalu,Muthurayanadoddi,Muthaaryanaddoddi,0000373364,0007852925,250246755,"Deep Tubewell","Ground Water","Main road","TFC NAC 2018 SCP  Drilling of Borewell(1 No) for Revival of Water Supply Scheme Muthurayanadoddi   Habitation Kalaballu  GP Anekal Taluk",2018-2019,2.00000,1.99942,"12 Oct 2018","31 Mar 2019",2024-06-07
Karnataka,"Bengaluru Urban",Anekal,Karpoor,Haldenahalli,Haldenahalli,0000373275,0007854018,250247590,"Deep Tubewell","Ground Water","Village Limit","TFC NAC 2018 G Drilling of Borewell 1 No  for Revival of Water Supply Scheme in Haldenahalli habitation Karpoor GP Anekal Taluk",2018-2019,2.79400,2.79205,"05 Sep 2018","31 Mar 2019",2024-06-07
Karnataka,"Bengaluru Urban",Anekal,Mayasandra,Manchanahalli,Manchanahalli,0000373488,0007407096,250121169,"Deep Tubewell","Ground Water","Village Limit","TFC190316 Drilling of Borewell at Vaderamanchanahalli  Habitation  Kallabalu G.P. Anekal Taluk.",2016-2017,3.50000,3.49000,"12 Apr 2016","28 Feb 2018",2024-06-07
Karnataka,"Bengaluru Urban",Anekal,Bannerghatta,Gollahalli,Gollahalli,0000373434,0007407213,250121236,"Deep Tubewell","Ground Water","village limit","TFC190316 Drilling of Borewell at Gollahalli Habitation,Bannerughatta GP, Anekal Taluk",2016-2017,4.45000,4.44000,"12 Apr 2016","28 Feb 2018",2024-06-07
Karnataka,"Bengaluru Urban",Anekal,Hulimangala,Maragondanahalli,Maragondanahalli,0000373392,0007407225,250121254,"Deep Tubewell","Ground Water","village limit","TFC190316 Drilling of Borewell at Maragondanahalli Habitation,Hulimangala GP, Anekal Taluk",2016-2017,2.35000,2.34000,"12 Apr 2016","28 Feb 2018",2024-06-07
Karnataka,"Bengaluru Urban",Anekal,Kallabalu,"Sattarsab Dinne","Satharsab Dinne",0000373367,0007525739,250141506,"Deep Tubewell","Ground Water","Village limit","SCP Revival of PWS Scheme and House Hold Connection HH 20",2016-2017,6.00000,0.00000,"01 Sep 2016","03 May 2023",2024-06-07
Karnataka,"Bengaluru Urban",Anekal,Kallabalu,Konnasandra,Konnasandra,0000373369,0007525819,250141582,"Deep Tubewell","Ground Water","Village limit","SCP  Revival of MWS Scheme at Konasandra Habitation ,Kallaballu GP",2016-2017,6.00000,4.79329,"01 Sep 2016","03 May 2023",2024-06-07
Karnataka,"Bengaluru Urban",Anekal,Mugalur,Kuthaganahalli,Kuthaganahalli,0000373522,0007525873,250141637,"Deep Tubewell","Ground Water","Colony limit","SCP Revival Of PWS Scheme  at kuthaganahalli Mugulur GP Anekal taluk",2016-2017,10.00000,9.35111,"01 Sep 2016","31 Mar 2018",2024-06-07
Karnataka,"Bengaluru Urban",Anekal,Hulimangala,Podu,Podu,0000373390,0007526907,250142596,"Deep Tubewell","Ground Water","Village limit","SCP Revival of MWS Scheme at Podu Habitation in Hulimangala Anekal Taluk",2016-2017,6.00000,5.76544,"01 Sep 2016","31 Dec 2018",2024-06-07
Karnataka,"Bengaluru Urban",Anekal,Haragadde,Dyavasandra,Dyavasandra,0001622880,0007528162,250143597,"Deep Tubewell","Ground Water","Village limit","SCP Revival of MWS Scheme at Dyavasandra Habitation, Haragadde G.P.",2016-2017,6.00000,4.74950,"01 Sep 2016","31 Mar 2018",2024-06-07
Karnataka,"Bengaluru Urban",Anekal,Hulimangala,Nanjapura,Nanjapura,0000373385,0007528440,250143812,"Deep Tubewell","Ground Water","Village limit","SCP Revival of MWS Scheme at Nanjapura Habitation,Hulimangala GP, Anekal Taluk",2016-2017,6.00000,5.84764,"01 Sep 2016","31 Dec 2018",2024-06-07
Karnataka,"Bengaluru Urban",Anekal,Bannerghatta,Bannerughatta,Bannerghatta,0000373430,0007529242,250144594,"Deep Tubewell","Ground Water","At Bannerghatta JHC","SCP Revival of MWS Scheme and HH 50 at Bannerughatta Village, Bannerughatta G.P. Anekal Taluk",2016-2017,14.00000,9.77290,"01 Sep 2016","31 Mar 2018",2024-06-07
Karnataka,"Bengaluru Urban",Anekal,Mantapa,Sakalavara,Sakalavara,0000373419,0007529699,250145030,"Deep Tubewell","Ground Water","Colony limit","SCP Revival of MWS Scheme and Household Connection HH 30 at Sakalavara Habitation, Mantapa GP, Anekal Taluk",2016-2017,8.00000,2.80582,"01 Sep 2016","31 Jan 2019",2024-06-07
Karnataka,"Bengaluru Urban",Anekal,Hulimangala,Koppa,Koppa,0000373383,0007529776,250145119,"Deep Tubewell","Ground Water","Towards village road","SCP Revival of PWS Scheme and HH 15  at  Koppa Habitation, Hulimangala GP, Anekal Taluk",2016-2017,6.00000,5.66300,"01 Sep 2016","31 Dec 2018",2024-06-07
Karnataka,"Bengaluru Urban",Anekal,Indlawadi,Tammanayakanahalli,Tammanayakanahalli,0000373321,0007532472,250147622,"Deep Tubewell","Ground Water","village limit","SCP Revival Of PWS Scheme. Drilling of Borewell at Thammanayakanahalli habitation, Indlawadi GP.",2016-2017,2.50000,2.49364,"01 Sep 2016","31 Mar 2018",2024-06-07
Karnataka,"Bengaluru Urban",Anekal,Ragihalli,Kariyappanadoddi,Kariyappanadoddi,0000373458,0007532551,250147690,"Deep Tubewell","Ground Water","Village limit","G  Revival of MWS Scheme at Kariyappanadoddi habitation,Ragihalli GP, Anekal Taluk",2016-2017,7.00000,0.00000,"01 Sep 2016","03 May 2023",2024-06-07
Karnataka,"Bengaluru Urban",Anekal,Marsoor,Adisonnahatti,Adisonnahatti,0000373315,0007532558,250147701,"Deep Tubewell","Ground Water","Village limit","SCP Revival Of PWS Scheme and House Hold Connection HH 28 at Adisonnahatti habitation, Marasuru GP.",2016-2017,8.00000,7.46985,"01 Sep 2016","31 Mar 2018",2024-06-07
Karnataka,"Bengaluru Urban",Anekal,Byagadadevanahalli,Thatnahalli,Thatnahalli,0000373344,0007532650,250147795,"Deep Tubewell","Ground Water",NA,"SCP Revival Of PWS Scheme and House Hold Connection HH 61 at Tattenahalli habitation, Byagadadenahalli GP.",2016-2017,11.50000,0.00000,"01 Sep 2016","03 May 2023",2024-06-07
Karnataka,"Bengaluru Urban",Anekal,Yamare,"B. Hosahalli","B. Hosahalli",0000373547,0007532658,250147806,"Deep Tubewell","Ground Water","village limit","SCP Revival  of PWS scheme and House hold connection(HH 85) at B Hosahalli Habitation Yamare GP Anekal Taluk",2016-2017,10.00000,5.97985,"01 Sep 2016","31 Mar 2017",2024-06-07
Karnataka,"Bengaluru Urban",Anekal,Yamare,"Kada Agrahara","Kada Agrahara",0000373548,0007532684,250147829,"Deep Tubewell","Ground Water","Village limit","G Revival Of PWS Scheme at Kadaagrahara habitation in Yamare GP.",2016-2017,12.00000,11.12588,"01 Sep 2016","31 Mar 2018",2024-06-07
Karnataka,"Bengaluru Urban",Anekal,Mantapa,Laxmipura,Sampangiramanagara,0000373414,0007532695,250147842,"Deep Tubewell","Ground Water","Village limit","G Revival of MWS Scheme at Sampangiramanagara Habitation, Mantapa G.P, Anekal Taluk",2016-2017,6.00000,4.87396,"01 Sep 2016","31 Dec 2018",2024-06-07
Karnataka,"Bengaluru Urban",Anekal,Huskuru,Chookasandra,Chookasandra,0000373576,0007532713,250147862,"Deep Tubewell","Ground Water",NA,"SCP Revival  of PWS scheme and House hold connection(HH 30) at B Chokkasandra Habitation Huskur GP Anekal Taluk",2016-2017,10.00000,9.60279,"01 Sep 2016","31 Mar 2018",2024-06-07
Karnataka,"Bengaluru Urban",Anekal,Vannakanahalli,Singasandra,Singasandra,0000373300,0007532721,250147870,"Deep Tubewell","Ground Water","main road","G Revival Of PWS Scheme at Singasandra habitation in Vanakanahalli GP.",2016-2017,6.00000,6.12309,"01 Sep 2016","31 Mar 2018",2024-06-07
Karnataka,"Bengaluru Urban",Anekal,Vannakanahalli,"Kempudommasandra (b)",Kempadommasandra,0000373304,0007533264,250148501,"Deep Tubewell","Ground Water","Village limit","G Revival Of PWS Scheme at Kempudommasandra habitation in Vanakanahalli GP.",2016-2017,6.00000,6.17905,"01 Sep 2016","31 Mar 2018",2024-06-07
Karnataka,"Bengaluru Urban",Anekal,Haragadde,Kumbarahalli,Kumbarahalli,0000373347,0007533574,250148757,"Deep Tubewell","Ground Water","Village limit","G Revival Of MWS Scheme at Kumbarahalli habitation,Haragadde GP, Anekal Taluk",2016-2017,6.00000,5.17769,"01 Sep 2016","31 Mar 2018",2024-06-07
Karnataka,"Bengaluru Urban",Anekal,Indlawadi,Kadajakanahalli,Kadajakanahalli,0000373334,0007534535,250149448,"Deep Tubewell","Ground Water","Towards main road","SDP Revival Of PWS Scheme at Kadjakannahalli habitation in Indlawadi GP.",2016-2017,5.50000,5.65159,"01 Sep 2016","31 Mar 2018",2024-06-07
Karnataka,"Bengaluru Urban",Anekal,Indlawadi,Kadajakanahalli,Kadajakanahalli,0000373334,0007534536,250149449,"Deep Tubewell","Ground Water","Towards main road","SDP Revival Of PWS Scheme at Kadjakannahalli habitation in Indlawadi GP.",2016-2017,5.50000,0.00000,"01 Sep 2016","03 May 2023",2024-06-07
Karnataka,"Bengaluru Urban",Anekal,Samandur,Samandur,Samandur,0000373270,0007739596,250205301,"Deep Tubewell","Ground Water","village limit","WPP43 SCP (3000 Series) Geretiganabele Habitation, Samanduru G.P, Anekal Taluk, Bangalore Urban District",2017-2018,12.00000,9.57395,"25 Nov 2017","31 Jan 2019",2024-06-07
Karnataka,"Bengaluru Urban",Anekal,Haragadde,Nosenur,Nosenur,0000373352,0007852432,250246308,"Deep Tubewell","Ground Water","village limit","G Revival of PWS Scheme at Nosenuru Habitation Haragadde GP Anekal Taluk",2018-2019,10.00000,0.00000,"12 Oct 2018","03 May 2023",2024-06-07
Karnataka,"Bengaluru Urban",Anekal,Kallabalu,Vaderamanchenahalli,Vaderamanchenahalli,0000373362,0007852922,250246754,"Deep Tubewell","Ground Water","Village limit","TFC NAC 2018 G Drilling of Borewell(1 No) for Revival of Water Supply Scheme Vaderamanchenahalli   Habitation Kalaballu  GP Anekal Taluk",2018-2019,1.85000,1.84538,"12 Oct 2018","31 Mar 2019",2024-06-07
Karnataka,"Bengaluru Urban",Anekal,Indlawadi,Indlawadi,Indlawadi,0000373330,0007853988,250247567,"Deep Tubewell","Ground Water","village limit","TFC NAC 2018 G Drilling of Borewells 3 Nos  for Revival of Water Supply Scheme in Indlawadi habitation Indlawadi GP Anekal Taluk",2018-2019,6.52300,5.91765,"05 Sep 2018","31 Mar 2019",2024-06-07
Karnataka,"Bengaluru Urban",Anekal,Karpoor,Rachamanahalli,Rachamanahalli,0000373280,0007854020,250247592,"Deep Tubewell","Ground Water","village limit","TFC NAC 2018 SCP Drilling of Borewells 2 Nos  for Revival of Water Supply Scheme in Rachamanahalli habitation Karpoor GP Anekal Taluk",2018-2019,4.84000,4.82373,"05 Sep 2018","31 Mar 2019",2024-06-07
Karnataka,"Bengaluru Urban",Anekal,Marsoor,Bandapura,Bandapura,0000373313,0007854021,250247593,"Deep Tubewell","Ground Water","village limit","TFC NAC 2018 SCP Drilling of Borewells 1 No  for Revival of Water Supply Scheme in Bandapura habitation Marsoor GP Anekal Taluk",2018-2019,2.97000,2.96882,"05 Sep 2018","31 Mar 2019",2024-06-07
Karnataka,"Bengaluru Urban",Anekal,Samandur,Sabmangala,Sabmangala,0000373266,0007854211,250247775,"Deep Tubewell","Ground Water","village limit","TFC NAC 2018 G Drilling of Borewell 1 No for Revival of Water Supply Scheme in Submangala habitation Samanduru GP Anekal Taluk",2018-2019,2.64000,2.39907,"05 Sep 2018","31 Mar 2019",2024-06-07
Karnataka,"Bengaluru Urban",Anekal,Surgajakanahalli,Honnakalaspura,Honnakalaspura,0000373285,0007854228,250247791,"Deep Tubewell","Ground Water","village limit","TFC NAC 2018 SCP Drilling of Borewell 1 No for Revival of Water Supply Scheme in Honnakalasapura habitation Suragajakkanahalli GP Anekal Taluk",2018-2019,2.69500,2.68846,"05 Sep 2018","31 Mar 2019",2024-06-07
Karnataka,"Bengaluru Urban",Anekal,Vannakanahalli,"Kempudommasandra (b)",Kempadommasandra,0000373304,0007854236,250247799,"Deep Tubewell","Ground Water","Village limit","TFC NAC 2018 SCP Drilling of Borewell 1 No for Revival of Water Supply Scheme in Kempadommasandra habitation Vanakanahalli GP Anekal Taluk",2018-2019,1.81500,1.81018,"05 Sep 2018","31 Mar 2019",2024-06-07
Karnataka,"Bengaluru Urban",Anekal,Karpoor,Haldenahalli,Dinnuru,0000373276,0007854378,250247941,"Deep Tubewell","Ground Water","Village Limit","TFC NAC 2018 G Drilling of Borewell 1 No for Revival of Water Supply Scheme in Dinnur habitation Karpuru GP Anekal Taluk",2018-2019,2.40000,2.39510,"05 Sep 2018","31 Mar 2019",2024-06-07
Karnataka,"Bengaluru Urban",Anekal,Surgajakanahalli,Gowrenahalli,Gowrenahalli,0000373284,0007854437,250247999,"Deep Tubewell","Ground Water","Village Limits","TFC NAC 2018 SCP Drilling of Borewell 1 No for Revival of Water Supply Scheme in Bodarahalli habitation Suragajakkanahalli GP Anekal Taluk",2018-2019,2.97000,2.96450,"05 Sep 2018","31 Mar 2019",2024-06-07
Karnataka,"Bengaluru Urban",Anekal,Vannakanahalli,Choodenahalli,"Patnagere Gollhalli",0000373302,0007866346,250259549,"Deep Tubewell","Ground Water","Village Limit","TFC 251018 Drilling of Borewell at Pattanagere Gollahalli Habitation, Vanakanahalli G.P, Anekal Taluk",2018-2019,2.50000,2.49470,"14 Jan 2019","31 Mar 2019",2024-06-07
