state_name,district_name,block_name,panchayat_name,village_name,habitation_name,habitation_id,scheme_id,schemes_sources_id,source_type,sourcetype_category,location,scheme_name,sanction_year,estimated_cost,expenditure,dateof_commencement,dateof_completion,update_date
Karnataka,"Bengaluru Urban","Bangalore East",Kittaganuru,"Kurudu Sonnenahalli","Kurudu Sonnenahalli",0000374333,0001063382,125380,"Deep Tubewell","Ground Water",NA,Villagelimit,2007-2008,3.50000,3.49500,"18 Jan 2008","26 Dec 2008",2024-06-07
Karnataka,"Bengaluru Urban","Bangalore East",Mandur,Thirumenahalli,Thirumenahalli,0000374322,0000907845,125500,"Deep Tubewell","Ground Water",NA,Villagelimit,2006-2007,10.80000,0.00000,"01 Jan 1900","01 Jan 1900",2024-06-07
Karnataka,"Bengaluru Urban","Bangalore East",Bidarahalli,"Kada Agrahara","Kada Agrahara",0000374316,0000444742,127532,"Deep Tubewell","Ground Water",NA,"village limit",2007-2008,4.50000,1.59000,"23 Nov 2007","21 Jul 2008",2024-06-07
Karnataka,"Bengaluru Urban","Bangalore East",Doddabanahalli,"Bidare Agrahara","Bidare Agrahara",0000374346,0001300872,129645,"Deep Tubewell","Ground Water",NA,"Village Limit",2007-2008,3.50000,3.49000,"13 Nov 2008","09 Feb 2009",2024-06-07
Karnataka,"Bengaluru Urban","Bangalore East",Kittaganuru,Halehalli,Halehalli,0000374338,0002597401,2402739,"Deep Tubewell","Ground Water","Village limits","Providing community terrafil unit at Halehalli in Bangalore East Taluk",2010-2011,0.55000,0.00000,"01 Apr 2010","28 Feb 2012",2024-06-07
Karnataka,"Bengaluru Urban","Bangalore East",Bidarahalli,Gundur,Gundur,0000374310,0002597606,2402911,"Deep Tubewell","Ground Water","Village limits","Providing community terrafil unit at Gundur village in Bangalore East Taluk",2010-2011,2.20000,0.00000,"01 Apr 2010","01 Jul 2010",2024-06-07
Karnataka,"Bengaluru Urban","Bangalore East",Bidarahalli,Adur,Adur,0000374315,0002599127,2404571,"Deep Tubewell","Ground Water","Village Limits","Providing community terrafil unit at Sulikunte village in Bangalore East Taluk",2010-2011,1.65000,0.00000,"01 Apr 2010","01 Jul 2010",2024-06-07
Karnataka,"Bengaluru Urban","Bangalore East",Kodathi,Mullur,Mullur,0000374284,0002599225,2404675,"Deep Tubewell","Ground Water","Village Limits","Providing community terrafil unit at Mullur village in Bangalore East Taluk",2010-2011,2.20000,0.00000,"01 Apr 2010","01 Jul 2010",2024-06-07
Karnataka,"Bengaluru Urban","Bangalore East",Mandur,Huskur,Huskur,0000374329,0002599379,2404844,"Deep Tubewell","Ground Water","Village limits","Providing community terrafil unit at Huskur village in Bangalore East Taluk",2010-2011,2.20000,0.00000,"01 Apr 2010","01 Jul 2010",2024-06-07
Karnataka,"Bengaluru Urban","Bangalore East",Doddabanahalli,Katamnallur,Katamnallur,0000374343,0002599464,2404943,"Deep Tubewell","Ground Water","Village limits","Providing community terrafil unit Katamnallur village in Bangalore East Taluk",2010-2011,3.30000,0.00000,"01 Apr 2010","01 Jul 2010",2024-06-07
Karnataka,"Bengaluru Urban","Bangalore East",Doddabanahalli,Katamnallur,Katamnallur,0000374343,0007148696,2404943,"Deep Tubewell","Ground Water","Village limits","SW Drinking Water Facility to School",2015-2016,1.00000,0.00000,"25 Oct 2015","31 Mar 2016",2024-06-07
Karnataka,"Bengaluru Urban","Bangalore East",Halanayakanahalli,Halanayakanahalli,Halanayakanahalli,0000374292,0003110350,2956421,"Deep Tubewell","Ground Water","Near Muthappans House Chikkanayakana Dinne","Near Muthappans House Chikkanayakana Dinne","Not Known",0.90000,0.00000,"23 Nov 2010","23 Nov 2010",2024-06-07
Karnataka,"Bengaluru Urban","Bangalore East",Halanayakanahalli,Chikkanayakanahalli,Chikkanayakanahalli,0000374291,0003110353,2956424,"Deep Tubewell","Ground Water","Beside Kodathi Road College, Chikkanayakanahalli Dinne","Beside Kodathi Road College, Chikkanayakanahalli Dinne","Not Known",0.90000,0.00000,"23 Nov 2010","23 Nov 2010",2024-06-07
Karnataka,"Bengaluru Urban","Bangalore East",Halanayakanahalli,Halanayakanahalli,Halanayakanahalli,0000374292,0003168076,3018606,"Deep Tubewell","Ground Water","Near Lake","Near Lake","Not Known",0.90000,0.00000,"25 Nov 2010","25 Nov 2010",2024-06-07
Karnataka,"Bengaluru Urban","Bangalore East",Halanayakanahalli,Halanayakanahalli,Halanayakanahalli,0000374292,0003168175,3018705,"Deep Tubewell","Ground Water","Burial Ground","Burial Ground","Not Known",0.90000,0.00000,"25 Nov 2010","25 Nov 2010",2024-06-07
Karnataka,"Bengaluru Urban","Bangalore East",Kodathi,Kodathi,Kodathi,0000374288,0003173161,3023931,"Deep Tubewell","Ground Water","Kodathi Near Mata","Kodathi Near Mata","Not Known",0.90000,0.00000,"25 Nov 2010","25 Nov 2010",2024-06-07
Karnataka,"Bengaluru Urban","Bangalore East",Kodathi,Mullur,"Mullur Colony",0000374285,0003176023,3026880,"Deep Tubewell","Ground Water","Near Nanjappas House","Near Nanjappas House","Not Known",0.90000,0.00000,"26 Nov 2010","26 Nov 2010",2024-06-07
Karnataka,"Bengaluru Urban","Bangalore East",Kodathi,Mullur,Mullur,0000374284,0003176037,3026894,"Deep Tubewell","Ground Water","Sri Shanimahatmaswamy Temple","Sri Shanimahatmaswamy Temple","Not Known",0.90000,0.00000,"26 Nov 2010","26 Nov 2010",2024-06-07
Karnataka,"Bengaluru Urban","Bangalore East",Kodathi,Mullur,Mullur,0000374284,0003176044,3026901,"Deep Tubewell","Ground Water","Near Transformer","Near Transformer","Not Known",0.90000,0.00000,"26 Nov 2010","26 Nov 2010",2024-06-07
Karnataka,"Bengaluru Urban","Bangalore East",Kodathi,Mullur,Mullur,0000374284,0003176050,3026907,"Deep Tubewell","Ground Water","Near Someshwara Temple","Near Someshwara Temple","Not Known",0.90000,0.00000,"26 Nov 2010","26 Nov 2010",2024-06-07
Karnataka,"Bengaluru Urban","Bangalore East",Kannur,"Bande Hosur","Bande Hosur",0000374364,0003308463,3164894,"Deep Tubewell","Ground Water","Hosur bande, Bagalur Main Road","Hosur bande, Bagalur Main Road","Not Known",0.90000,0.00000,"01 Jan 1900","01 Jan 1900",2024-06-07
Karnataka,"Bengaluru Urban","Bangalore East",Kannur,"Chikka Gubbi","Chikka Gubbi",0000374362,0007572986,250169948,"Deep Tubewell","Ground Water",Chikkagubbi,"TFC221116 Drilling of Borewell at Chikkagubbi Habitation, Kannur GP, Bangalore East Taluk",2016-2017,2.20000,2.06087,"15 Jan 2017","28 Feb 2018",2024-06-07
Karnataka,"Bengaluru Urban","Bangalore East",Bidarahalli,Bidarahalli,Bidarahalli,0000374307,0007573060,250170006,"Deep Tubewell","Ground Water",Bidarahalli,"TFC221116 Drilling of Borewell at Bidarahalli Habitation, Bidarahalli GP, Bangalore East Taluk",2016-2017,2.20000,2.19377,"15 Jan 2017","28 Feb 2018",2024-06-07
Karnataka,"Bengaluru Urban","Bangalore East",Kodathi,Kodathi,"Kodathi Colony",0000374289,0007573073,250170019,"Deep Tubewell","Ground Water","Kodathi Colony","TFC221116 Drilling of Borewell at Kodathi Colony , Kodathi GP, Bangalore East Taluk",2016-2017,2.20000,2.19839,"15 Jan 2017","28 Feb 2018",2024-06-07
Karnataka,"Bengaluru Urban","Bangalore East",Bidarahalli,Hirandahalli,Hirandahalli,0000374313,0007573086,250170034,"Deep Tubewell","Ground Water",Hirandahalli,"TFC221116 Drilling of Borewell at Hirandahalli Habitation, Bidarahalli GP, Bangalore East Taluk",2016-2017,2.20000,2.19377,"15 Jan 2017","31 Mar 2018",2024-06-07
Karnataka,"Bengaluru Urban","Bangalore East",Kannur,Kannur,Kannur,0000374363,0007637892,250185559,"Deep Tubewell","Ground Water","Balappa layut","TFC220217 Drilling of Borewell at Kannur Habitation, Kannur GP, Bangalore East Taluk",2016-2017,2.20000,2.19627,"05 May 2017","31 Mar 2018",2024-06-07
Karnataka,"Bengaluru Urban","Bangalore East",Kannur,Yerappanahalli,Yerappanahalli,0000374369,0007638955,250185797,"Deep Tubewell","Ground Water","Tank Bed","TFC220217 Drilling of Borewell at Yarappanahalli Habitation, Kannur GP, Bangalore East Taluk",2016-2017,2.20000,2.19625,"05 May 2017","31 Mar 2018",2024-06-07
Karnataka,"Bengaluru Urban","Bangalore East",Bidarahalli,"Kada Agrahara","Kada Agrahara",0000374316,0007640948,250186099,"Deep Tubewell","Ground Water","Village limit","TFC220217 Drilling of Borewell at Kadaagrahara Habitation, Bidarahalli GP, Bangalore East Taluk",2016-2017,2.20000,2.15573,"05 May 2017","31 Mar 2018",2024-06-07
Karnataka,"Bengaluru Urban","Bangalore East",Avalahalli,Cheemasandra,Cheemasandra,0000374332,0007701646,250196132,"Deep Tubewell","Ground Water","Village Limit","TFC170417 Drilling of Borewell at Cheemasandra Habitation, Avalahalli G.P Bangalore East Taluk",2017-2018,2.00000,1.95920,"10 Jul 2017","31 Mar 2018",2024-06-07
Karnataka,"Bengaluru Urban","Bangalore East",Doddabanahalli,Katamnallur,Katamnallur,0000374343,0007701683,250196145,"Deep Tubewell","Ground Water","Village limit","TFC170417 Drilling of Borewell at Katamnalluru Habitation, Doddabanahalli G.P Bangalore East Taluk",2017-2018,2.40000,2.39739,"10 Jul 2017","31 Mar 2018",2024-06-07
Karnataka,"Bengaluru Urban","Bangalore East",Kannur,"Bande Hosur","Bande Hosur",0000374364,0007701731,250196168,"Deep Tubewell","Ground Water",GLPS,"TFC170417 Drilling of Borewell at Bande Hosur Habitation, Kannur  GP, Bangalore East Taluk",2017-2018,2.40000,0.00000,"10 Jul 2017","03 May 2023",2024-06-07
Karnataka,"Bengaluru Urban","Bangalore East",Bidarahalli,Adur,Adur,0000374315,0007832520,250228364,"Deep Tubewell","Ground Water","village limit","G Revival of MWS scheme at Adur Habitation, Adur Village Bidarahalli GP, Bangalore East Taluk",2018-2019,1.00000,0.00000,"15 Sep 2018","03 May 2023",2024-06-07
Karnataka,"Bengaluru Urban","Bangalore East",Kannur,"Chikka Gubbi","Chikka Gubbi",0000374362,0008220794,250240832,"Deep Tubewell","Ground Water","Village Limit","15 Crore 12102020 Drilling of Borewell at  Chikkagubbi Village Kannur  GP Bangalore East taluk",2020-2021,2.85000,2.60038,"14 Feb 2021","03 May 2023",2024-06-07
Karnataka,"Bengaluru Urban","Bangalore East",Mandur,Huskur,"Huskur Kodi",0000374330,0007846703,250240848,"Deep Tubewell","Ground Water","Village limit","G Revival of PWS scheme at Huskur kodi Habitation, Huskur kodi Village Manduru GP, Bangalore East Taluk",2018-2019,2.50000,0.00000,"05 Oct 2018","03 May 2023",2024-06-07
Karnataka,"Bengaluru Urban","Bangalore East",Seegehalli,Seegehalli,Seegehalli,0000374350,0007846712,250240853,"Deep Tubewell","Ground Water","village limit","G Revival of PWS scheme at Seegehalli Habitation, Seegehalli Village Seegehalli GP, Bangalore East Taluk",2018-2019,2.20000,2.11709,"05 Oct 2018","28 Feb 2019",2024-06-07
Karnataka,"Bengaluru Urban","Bangalore East",Doddabanahalli,Konadasapura,Konadasapura,0000374342,0007851024,250245078,"Deep Tubewell","Ground Water","Village Limit","G Revival of PWS scheme at Konadasapura Habitation, Konadasapura Village, Doddabanahalli GP, Bangalore East Taluk",2018-2019,2.45000,2.44633,"05 Sep 2018","31 Mar 2019",2024-06-07
Karnataka,"Bengaluru Urban","Bangalore East",Kannamangala,"Khaji Sonnenahalli","Khaji Sonnenahalli",0001622936,0008215927,250245179,"Deep Tubewell","Ground Water","Village Limit","15 Crore 12102020 Providing water supply to Farmers (Kannamangala Samudaya bavana Currently use for Anganawad) bavanai at Kajisonnenalli Village Kiannamangala GP Bangalore East taluk",2020-2021,1.00000,0.99988,"27 Feb 2021","03 May 2023",2024-06-07
Karnataka,"Bengaluru Urban","Bangalore East",Doddagubbi,Doddagubbi,Doddagubbi,0000374377,0007852505,250246368,"Deep Tubewell","Ground Water","Village limit","G Revival of PWS scheme at Doddagubbi Habitation, Doddagubbi Village,Doddagubbi GP, Bangalore East Taluk",2018-2019,4.25000,0.00000,"05 Sep 2018","03 May 2023",2024-06-07
Karnataka,"Bengaluru Urban","Bangalore East",Bidarahalli,Gundur,Gundur,0000374310,0007852506,250246369,"Deep Tubewell","Ground Water","village limit","G Revival of MWS scheme at Gundur Habitation, Gundur Village,Bidarahalli GP, Bangalore East Taluk",2018-2019,5.00000,0.00000,"05 Sep 2018","03 May 2023",2024-06-07
Karnataka,"Bengaluru Urban","Bangalore East",Kannur,Kannur,Kannur,0000374363,0005628206,5593538,"Deep Tubewell","Ground Water","Village limit","Drinking Water Facility to Anganawadi",2013-2014,1.00000,0.00000,"22 Sep 2013","20 Mar 2014",2024-06-07
Karnataka,"Bengaluru Urban","Bangalore East",Kodathi,Kodathi,Kodathi,0000374288,0005628230,5593568,"Deep Tubewell","Ground Water","Village limit","Drinking Water Facility to Anganawadi",2013-2014,1.00000,0.99881,"22 Sep 2013","20 Mar 2014",2024-06-07
Karnataka,"Bengaluru Urban","Bangalore East",Halanayakanahalli,"Hado Siddapura","Hado Siddapura",0000374290,0005628237,5593575,"Deep Tubewell","Ground Water","Village limit","Drinking Water Facility to Anganawadi",2013-2014,1.00000,0.99881,"20 Sep 2013","31 Oct 2014",2024-06-07
Karnataka,"Bengaluru Urban","Bangalore East",Kannur,Yerappanahalli,Yerappanahalli,0000374369,0005628334,5593677,"Deep Tubewell","Ground Water","Village limit","Drinking Water Facility to Anganawadi",2013-2014,1.00000,0.00000,"22 Sep 2013","31 Dec 2013",2024-06-07
Karnataka,"Bengaluru Urban","Bangalore East",Mandur,Bendiganahalli,Bendiganahalli,0000374328,0005640365,5600397,"Deep Tubewell","Ground Water","Village limit","Revival of MWS Scheme",2013-2014,5.00000,5.05386,"15 Sep 2013","28 Feb 2014",2024-06-07
Karnataka,"Bengaluru Urban","Bangalore East",Avalahalli,Veeranahlli,Veeranahalli,0000374334,0005812402,250006714,"Deep Tubewell","Ground Water","Village limit","Revival of PWS Scheme",2013-2014,7.00000,6.99930,"10 Sep 2013","08 Jul 2014",2024-06-07
Karnataka,"Bengaluru Urban","Bangalore East",Mandur,Mandur,Mandur,0000374317,0006134416,250020974,"Deep Tubewell","Ground Water","Village limit","Drilling of Borewell",2013-2014,1.70000,1.69950,"13 Jul 2013","03 Mar 2014",2024-06-07
Karnataka,"Bengaluru Urban","Bangalore East",Bidarahalli,Byappanahalli,Byappanahalli,0000374308,0006134429,250020976,"Deep Tubewell","Ground Water","Village limit","Drilling of Borewell",2013-2014,2.31000,2.30950,"07 Jul 2013","03 Mar 2014",2024-06-07
Karnataka,"Bengaluru Urban","Bangalore East",Kannur,"Bande Bommasandra","Bande Bommasandra",0000374361,0006686203,250073600,"Deep Tubewell","Ground Water","village limit","SCP Drilling of Borewell",2014-2015,2.00000,1.11498,"19 Jul 2014","31 Dec 2015",2024-06-07
Karnataka,"Bengaluru Urban","Bangalore East",Kittaganuru,Kithaganur,"Kithaganur Colony",0000374341,0006686246,250073617,"Deep Tubewell","Ground Water","village limit","Drilling of borewell",2014-2015,2.00000,2.12281,"19 Jul 2014","31 Mar 2015",2024-06-07
Karnataka,"Bengaluru Urban","Bangalore East",Kittaganuru,"Kurudu Sonnenahalli","Kurudu Sonnenahalli",0000374333,0006686278,250073635,"Deep Tubewell","Ground Water","village limit","drilling of borewell",2014-2015,2.00000,1.82862,"19 Jul 2014","04 Sep 2014",2024-06-07
Karnataka,"Bengaluru Urban","Bangalore East",Kodathi,Mullur,Mullur,0000374284,0006686567,250073776,"Deep Tubewell","Ground Water","Village limit","Drilling of Borewell",2014-2015,2.00000,2.34172,"19 Jul 2014","15 Sep 2014",2024-06-07
Karnataka,"Bengaluru Urban","Bangalore East",Kodathi,Sullikunte,Sullikunte,0000374286,0006686569,250073778,"Deep Tubewell","Ground Water","At Sullikunte Dinne","Drilling of Borewell",2014-2015,2.00000,2.01407,"19 Jul 2014","31 Mar 2015",2024-06-07
Karnataka,"Bengaluru Urban","Bangalore East",Mandur,Bommenahalli,Bommenahalli,0000374327,0006849763,250076109,"Deep Tubewell","Ground Water","Near road side","G TFC 20.10.2014 Drilling of Borewell,Errection of Pumpset with Pipe line and Energisation in Bommenahalli Habitation.",2014-2015,5.00000,4.90644,"10 Dec 2014","26 Mar 2015",2024-06-07
Karnataka,"Bengaluru Urban","Bangalore East",Kittaganuru,Halehalli,Halehalli,0000374338,0006849773,250076119,"Deep Tubewell","Ground Water","Near Main road","SCP  TFC 20.10.2014 Drilling of Borewell,Errection of Pumpset with Pipe line and Energisation inHalehalli Habitation",2014-2015,7.00000,6.99996,"10 Dec 2014","31 Mar 2016",2024-06-07
Karnataka,"Bengaluru Urban","Bangalore East",Kodathi,Kodathi,"Kodathi Gate",0001725229,0004124458,4003906,"Deep Tubewell","Ground Water","Village Limit Road","Providing MWS",2011-2012,6.00000,0.00000,"25 Aug 2011","15 Feb 2012",2024-06-07
Karnataka,"Bengaluru Urban","Bangalore East",Seegehalli,Dommasandra,Dommasandra,0001725531,0004124497,4003946,"Deep Tubewell","Ground Water","Village Main Road","Providing MWS",2011-2012,6.00000,0.00000,"21 Aug 2011","15 Mar 2012",2024-06-07
Karnataka,"Bengaluru Urban","Bangalore East",Avalahalli,Cheemasandra,Cheemasandra,0000374332,0004870153,4797195,"Deep Tubewell","Ground Water","Village Limit","Revival of PWS Scheme",2012-2013,10.00000,9.95860,"25 Sep 2012","08 Jan 2013",2024-06-07
Karnataka,"Bengaluru Urban","Bangalore East",Kittaganuru,"Kurudu Sonnenahalli","Kurudu Sonnenahalli",0000374333,0004870171,4797211,"Deep Tubewell","Ground Water","Colony Road","Revival of PWS Scheme",2012-2013,8.00000,8.01588,"15 Sep 2012","20 Mar 2013",2024-06-07
Karnataka,"Bengaluru Urban","Bangalore East",Seegehalli,Seegehalli,Seegehalli,0000374350,0004872120,4798997,"Deep Tubewell","Ground Water","Village Limit","Providing Piped Water Supply Scheme",2012-2013,15.00000,17.26324,"15 Sep 2012","10 Mar 2014",2024-06-07
Karnataka,"Bengaluru Urban","Bangalore East",Kannamangala,"Khaji Sonnenahalli","Khaji Sonnenahalli",0001622936,0004872125,4799002,"Deep Tubewell","Ground Water","Village Limit road","Providing Piped Water Supply Scheme",2012-2013,25.00000,25.00000,"15 Sep 2012","31 Mar 2015",2024-06-07
Karnataka,"Bengaluru Urban","Bangalore East",Doddabanahalli,Chikkabanahalli,Chikkabanahalli,0000374349,0004872130,4799007,"Deep Tubewell","Ground Water","Colony road","Revival of MWS Scheme",2012-2013,5.00000,4.99984,"15 Sep 2012","04 Dec 2012",2024-06-07
Karnataka,"Bengaluru Urban","Bangalore East",Kannur,Mittaganahalli,Mittaganahalli,0000374366,0004872138,4799015,"Deep Tubewell","Ground Water","Towards Colony Road","Revival of MWS Scheme",2012-2013,5.00000,5.67345,"15 Sep 2012","31 Oct 2012",2024-06-07
Karnataka,"Bengaluru Urban","Bangalore East",Bidarahalli,Bidarahalli,Bidarahalli,0000374307,0004872150,4799027,"Deep Tubewell","Ground Water","Village limit","Revival of PWS Scheme",2012-2013,8.00000,8.53604,"15 Sep 2012","28 Feb 2013",2024-06-07
Karnataka,"Bengaluru Urban","Bangalore East",Bidarahalli,Kammasandra,Kammasandra,0000374309,0004872154,4799031,"Deep Tubewell","Ground Water","main road","Revival of MWS Scheme",2012-2013,5.00000,5.00000,"20 Sep 2012","20 Mar 2013",2024-06-07
Karnataka,"Bengaluru Urban","Bangalore East",Bidarahalli,Gundur,Gundur,0000374310,0008220764,4799034,"Deep Tubewell","Ground Water","Colony road","15 Crore 12102020 Drilling of Borewell at  Gundur Village Bidarahalli  GP Bangalore East taluk",2020-2021,3.25000,2.94591,"25 Feb 2021","03 May 2023",2024-06-07
Karnataka,"Bengaluru Urban","Bangalore East",Kodathi,Valepura,"Valepura Colony",0000374256,0004932570,4853453,"Deep Tubewell","Ground Water",GLPS,"School Water Supply",2012-2013,1.00000,0.99858,"15 Sep 2012","20 Mar 2013",2024-06-07
Karnataka,"Bengaluru Urban","Bangalore East",Kannur,Kannur,Kannur,0000374363,0004932606,4853488,"Deep Tubewell","Ground Water",GUPS,"School Water Supply",2012-2013,1.00000,0.99319,"10 Sep 2012","02 Jan 2013",2024-06-07
Karnataka,"Bengaluru Urban","Bangalore East",Kannur,Mittaganahalli,Mittaganahalli,0000374366,0004932612,4853494,"Deep Tubewell","Ground Water",GUPS,"School Water Supply",2012-2013,1.00000,0.99900,"15 Sep 2012","04 Jan 2013",2024-06-07
Karnataka,"Bengaluru Urban","Bangalore East",Halanayakanahalli,Halanayakanahalli,Halanayakanahalli,0000374292,0004933398,4854270,"Deep Tubewell","Ground Water",GLPS,"School Water Supply",2012-2013,1.00000,0.99858,"10 Sep 2012","15 Mar 2013",2024-06-07
Karnataka,"Bengaluru Urban","Bangalore East",Bidarahalli,Margondanahalli,Margondanahalli,0000374312,0005219864,5163086,"Deep Tubewell","Ground Water","Muneshwara badavane","Revival of MWS",2012-2013,4.00000,3.88074,"26 Dec 2012","15 Mar 2013",2024-06-07
Karnataka,"Bengaluru Urban","Bangalore East",Halanayakanahalli,Halanayakanahalli,Halanayakanahalli,0000374292,0005219867,5163093,"Deep Tubewell","Ground Water","towards Village main road","Revival of PWS",2012-2013,2.00000,1.76850,"26 Dec 2012","21 Mar 2013",2024-06-07
Karnataka,"Bengaluru Urban","Bangalore East",Kannur,"Kadu Sonnappanahalli","Kadu Sonnappanahalli",0000374367,0005219892,5163118,"Deep Tubewell","Ground Water","Main road","Revival of MWS",2012-2013,3.00000,3.99076,"20 Dec 2012","01 Mar 2013",2024-06-07
Karnataka,"Bengaluru Urban","Bangalore East",Kannamangala,"Khaji Sonnenahalli","Khaji Sonnenahalli",0001622936,0007913756,250283980,"Deep Tubewell","Ground Water","Village limit","SCP Revival of PWS scheme Drilling of Borewell and pipeline at Kajisonnenahalli Village  Kannamangala GP Bangalore east taluk",2019-2020,3.50000,3.46421,"10 Oct 2019","03 May 2023",2024-06-07
Karnataka,"Bengaluru Urban","Bangalore East",Halanayakanahalli,Halanayakanahalli,Krishnappanagara,0001726549,0007914099,250284270,"Deep Tubewell","Ground Water","Village limit","SCP Revival of PWS Drilling of borewell scheme at A.Krishnappanagara Habitation Halanayakanahalli GP",2019-2020,3.25000,3.23716,"10 Oct 2019","03 May 2023",2024-06-07
Karnataka,"Bengaluru Urban","Bangalore East",Halanayakanahalli,"Hado Siddapura","Hado Siddapura",0000374290,0007914107,250284277,"Deep Tubewell","Ground Water","Village limit","SCP Revival of PWS Drilling of borewell Scheme at Hadusiddapura Habitation Halanayakanahalli GP",2019-2020,3.25000,3.23132,"10 Oct 2019","03 May 2023",2024-06-07
Karnataka,"Bengaluru Urban","Bangalore East",Bidarahalli,Hirandahalli,"Hirandahalli Colony",0000374314,0007914116,250284285,"Deep Tubewell","Ground Water","Village limit","SCP Revival of MWS drilling of Borewell,Errection of pumpset With pipeline Scheme at Hirandahalli Colony Habitation Bidarahalli GP",2019-2020,12.00000,11.81101,"25 Oct 2019","03 May 2023",2024-06-07
Karnataka,"Bengaluru Urban","Bangalore East",Bidarahalli,Gundur,"Gundur Colony",0000374311,0007914120,250284289,"Deep Tubewell","Ground Water","Village limit","SCP Revival of MWS Drilling of borewell Errection of pumpset with pipeline scheme at Gundur Colony Bidarahalli GP",2019-2020,12.00000,11.43349,"25 Oct 2019","03 May 2023",2024-06-07
Karnataka,"Bengaluru Urban","Bangalore East",Doddabanahalli,Doddabanahalli,"Doddabanahalli Colony",0000374348,0007966167,250289748,"Deep Tubewell","Ground Water","Village limit","TFC CEO 080319 Providing and Erection of Pump and motor to Doddabanahalli Colony,  Doddabanahalli Gram Panchayath Bangalore East Taluk",2019-2020,4.77000,4.76312,"01 Apr 2020","31 Mar 2020",2024-06-07
Karnataka,"Bengaluru Urban","Bangalore East",Doddabanahalli,Bandapura,Bandapura,0000374345,0007966235,250289749,"Deep Tubewell","Ground Water","Village limit","TFC CEO 080319 Drilling of Borewell at Bandapura Village,  Doddabanahalli Gram Panchayath Bangalore East Taluk",2019-2020,2.90000,2.89769,"01 Apr 2020","31 Mar 2020",2024-06-07
Karnataka,"Bengaluru Urban","Bangalore East",Avalahalli,Veeranahlli,Veeranahalli,0000374334,0008008905,250290422,"Deep Tubewell","Ground Water","Cipla road","CAP 1 Driiling of Borewell at Veerenahalli habitation Avalahalli GP Bangalore East Taluk",2020-2021,3.00000,2.99924,"08 Jun 2020","03 May 2023",2024-06-07
Karnataka,"Bengaluru Urban","Bangalore East",Kittaganuru,"Kurudu Sonnenahalli","Kurudu Sonnenahalli",0000374333,0008008913,250290426,"Deep Tubewell","Ground Water","kodigehalli main road","CAP 2  Driiling of Borewell at Kurudusonnenahalli habitation Kithaganuru GP Bangalore East Taluk",2020-2021,2.90000,2.89560,"08 Jun 2020","03 May 2023",2024-06-07
Karnataka,"Bengaluru Urban","Bangalore East",Mandur,Thirumenahalli,Thirumenahalli,0000374322,0008009704,250290470,"Deep Tubewell","Ground Water",Tankbed,"CAP 1 Driiling of Borewell at Thirumenahalli habitation Mandur GP Bangalore East Taluk",2020-2021,3.75000,3.73840,"01 Jun 2020","03 May 2023",2024-06-07
Karnataka,"Bengaluru Urban","Bangalore East",Kodathi,Kodathi,"Kodathi Gate",0001725229,0008009734,250290476,"Deep Tubewell","Ground Water","OHT near Graevy yard","CAP 1 Driiling of Borewell at Kodathi Gate habitation Kodathi GP Bangalore East Taluk",2020-2021,3.30000,3.29593,"01 Jun 2020","03 May 2023",2024-06-07
Karnataka,"Bengaluru Urban","Bangalore East",Bidarahalli,Bidarahalli,Bidarahalli,0000374307,0008045023,250294677,"Deep Tubewell","Ground Water","Manjunatha layout Main road side","Drilling of Borewell Scheme at Bidarahalli Village Bidarahalli GP Bangalore East tq",2020-2021,3.25000,2.93819,"17 Jul 2020","03 May 2023",2024-06-07
Karnataka,"Bengaluru Urban","Bangalore East",Bidarahalli,Gundur,Gundur,0000374310,0008045033,250294678,"Deep Tubewell","Ground Water","Chikkasandra road near Rajakaluve","10 Crore 22052020 Drilling of borewell at Gundur Village Bidarahalli GP Bangalore East tq",2020-2021,3.25000,2.94899,"16 Jul 2020","03 May 2023",2024-06-07
Karnataka,"Bengaluru Urban","Bangalore East",Bidarahalli,Margondanahalli,Margondanahalli,0000374312,0008069857,250295050,"Deep Tubewell","Ground Water","at Sunny Layot Limits","CAP 1  Providing and Laying of Pipeline at Margondanahalli villag Bidarahalli GP Bangalore East Taluk",2020-2021,1.50000,1.49575,"05 Jun 2020","03 May 2023",2024-06-07
Karnataka,"Bengaluru Urban","Bangalore East",Kannamangala,Kannamangala,"Kannamangala Dinnur",0001847725,0008208641,250298999,"Deep Tubewell","Ground Water","Near anganawadi","Providing Water Supply to Anganawadi fitting of Taps to Kitchen and Toilets at Kannamangala Dinnuru Kannamangala GP Bangalore east Taluk",2020-2021,0.14500,0.11648,"25 Dec 2020","03 May 2023",2024-06-07
Karnataka,"Bengaluru Urban","Bangalore East",Kittaganuru,Kithaganur,"Kithaganur Colony",0000374341,0008215916,250299352,"Deep Tubewell","Ground Water","Karnashri layout","15 Crore 12102020 Drilling of Borewell at Kithaganuru Colony (Karnashri layout) Kithaganuru GP Bangalore East taluk",2020-2021,3.00000,1.12491,"22 Feb 2021","03 May 2023",2024-06-07
Karnataka,"Bengaluru Urban","Bangalore East",Doddabanahalli,Doddabanahalli,Doddabanahalli,0000374347,0008220115,250299693,"Deep Tubewell","Ground Water",Sump,"Providing  Water Supply to G.H.S fitting of Taps to Kitchen and Toilets at Doddabanahalli Village Doddabanahalli GP Bangalore East taluk",2020-2021,0.19600,0.11648,"28 Feb 2021","03 May 2023",2024-06-07
Karnataka,"Bengaluru Urban","Bangalore East",Doddagubbi,Anagalpura,Anagalpura,0000374376,0008220789,250294682,"Deep Tubewell","Ground Water","kunte East side","15 Crore 12102020 Drilling of Borewell at  Anagalapura  Village Doddagubbi   GP Bangalore East taluk",2020-2021,3.00000,2.72699,"15 Feb 2021","03 May 2023",2024-06-07
Karnataka,"Bengaluru Urban","Bangalore East",Kannur,"Bande Bommasandra","Bande Bommasandra",0000374361,0003308700,3165173,"Deep Tubewell","Ground Water","Bandebommasandra near OHT","Bandebommasandra near OHT","Not Known",0.90000,0.00000,"01 Jan 1900","01 Jan 1900",2024-06-07
Karnataka,"Bengaluru Urban","Bangalore East",Doddagubbi,Doddagubbi,Doddagubbi,0000374377,0003308757,3165249,"Deep Tubewell","Ground Water","Doddagubbi near OHT","Doddagubbi near OHT","Not Known",0.90000,0.00000,"01 Jan 1900","01 Jan 1900",2024-06-07
Karnataka,"Bengaluru Urban","Bangalore East",Doddagubbi,Doddagubbi,Doddagubbi,0000374377,0003309001,3165499,"Deep Tubewell","Ground Water","Doddagubbi near Vikayakumar house","Doddagubbi near Vikayakumar house","Not Known",0.90000,0.00000,"27 Nov 2010","27 Nov 2010",2024-06-07
Karnataka,"Bengaluru Urban","Bangalore East",Doddagubbi,Rampura,Rampura,0000374370,0003309006,3165503,"Deep Tubewell","Ground Water","Rampura near Appanna house","Rampura near Appanna house","Not Known",0.90000,0.00000,"27 Nov 2010","27 Nov 2010",2024-06-07
Karnataka,"Bengaluru Urban","Bangalore East",Doddagubbi,Anagalpura,Anagalpura,0000374376,0003309014,3165509,"Deep Tubewell","Ground Water","Anagalapura, Kollapuram temple","Anagalapura, Kollapuram temple","Not Known",0.90000,0.00000,"01 Jan 1900","01 Jan 1900",2024-06-07
Karnataka,"Bengaluru Urban","Bangalore East",Doddagubbi,Doddagubbi,Doddagubbi,0000374377,0003309065,3165597,"Deep Tubewell","Ground Water","Hanagalapura near Govt pond","Hanagalapura near Govt pond","Not Known",0.90000,0.00000,"27 Nov 2010","27 Nov 2010",2024-06-07
Karnataka,"Bengaluru Urban","Bangalore East",Doddagubbi,Doddagubbi,Doddagubbi,0000374377,0003309117,3165646,"Deep Tubewell","Ground Water","Doddagubbi near Govindappa house","Doddagubbi near Govindappa house","Not Known",0.90000,0.00000,"27 Nov 2010","27 Nov 2010",2024-06-07
Karnataka,"Bengaluru Urban","Bangalore East",Kodathi,Kachamaranahalli,Kachamaranahalli,0000374282,0003621215,3486008,"Deep Tubewell","Ground Water","Village Limits","Pipeline Extension",2011-2012,1.45000,0.00000,"15 Jul 2011","15 Mar 2012",2024-06-07
Karnataka,"Bengaluru Urban","Bangalore East",Kannur,Yerappanahalli,Yerappanahalli,0000374369,0003639408,3504178,"Deep Tubewell","Ground Water","Village Limits","Pipeline Extension",2011-2012,5.00000,0.00000,"20 Jul 2011","15 Mar 2012",2024-06-07
Karnataka,"Bengaluru Urban","Bangalore East",Bidarahalli,Byappanahalli,Byappanahalli,0000374308,0003650055,3514821,"Deep Tubewell","Ground Water",NA,"Additional Cistern",2006-2007,1.00000,0.00001,"30 Jun 2006","31 Mar 2007",2024-06-07
Karnataka,"Bengaluru Urban","Bangalore East",Kodathi,Valepura,Valepura,0000374255,0003729536,3594194,"Deep Tubewell","Ground Water","Govt. Primary School","School Water Supply",2011-2012,1.00000,0.00000,"15 Aug 2011","15 Feb 2012",2024-06-07
Karnataka,"Bengaluru Urban","Bangalore East",Mandur,Bendiganahalli,Bendiganahalli,0000374328,0003729552,3594210,"Deep Tubewell","Ground Water","Gpvt. Primary School","School Water Supply",2011-2012,1.00000,0.00000,"15 Aug 2011","15 Feb 2012",2024-06-07
Karnataka,"Bengaluru Urban","Bangalore East",Doddagubbi,Rampura,Rampura,0000374370,0003762578,3628048,"Deep Tubewell","Ground Water","Village Limit","Pipeline Extension",2011-2012,4.00000,0.00000,"15 Jul 2011","15 Mar 2012",2024-06-07
Karnataka,"Bengaluru Urban","Bangalore East",Doddabanahalli,Doddabanahalli,"Doddabanahalli Colony",0000374348,0003870514,3737004,"Deep Tubewell","Ground Water","Towards Village Limits","Revival of MWS",2011-2012,5.50000,0.00000,"21 Aug 2011","25 Jan 2012",2024-06-07
Karnataka,"Bengaluru Urban","Bangalore East",Mandur,Huskur,"Huskur Kodi",0000374330,0003870824,3737315,"Deep Tubewell","Ground Water","Towards Village Limits","Revival of MWS",2011-2012,5.50000,0.00000,"21 Aug 2011","25 Jan 2012",2024-06-07
Karnataka,"Bengaluru Urban","Bangalore East",Doddabanahalli,Bandapura,Bandapura,0000374345,0005363478,5300516,"Deep Tubewell","Ground Water","Ramaiah Badavane","Drilling of BW",2012-2013,2.00000,1.80329,"07 Mar 2013","03 Mar 2014",2024-06-07
Karnataka,"Bengaluru Urban","Bangalore East",Kodathi,Kodathi,"Kodathi Colony",0000374289,0005363538,5300572,"Deep Tubewell","Ground Water","Village limit","Drilling of BW",2012-2013,2.00000,1.40373,"07 Mar 2013","10 May 2013",2024-06-07
Karnataka,"Bengaluru Urban","Bangalore East",Kodathi,Mullur,Mullur,0000374284,0005363546,5300579,"Deep Tubewell","Ground Water","Village limit","Drilling of BW",2012-2013,2.00000,1.86565,"07 Mar 2013","03 Mar 2014",2024-06-07
Karnataka,"Bengaluru Urban","Bangalore East",Kodathi,Sullikunte,Sullikunte,0000374286,0005363573,5300604,"Deep Tubewell","Ground Water","Village limit","Drilling of BW",2012-2013,2.00000,1.99260,"07 Mar 2013","01 Mar 2014",2024-06-07
Karnataka,"Bengaluru Urban","Bangalore East",Halanayakanahalli,Halanayakanahalli,"Halanayakanahalli Colony",0000374293,0005363651,5300679,"Deep Tubewell","Ground Water","Halanayakanahalli Dinne","Revival of MWS",2012-2013,2.75000,2.74000,"07 Mar 2013","03 Mar 2014",2024-06-07
Karnataka,"Bengaluru Urban","Bangalore East",Kannur,Nadagowdanahalli,Nadagowdanahalli,0000374368,0005363677,5300705,"Deep Tubewell","Ground Water","Village limit","Revival of MWS",2012-2013,3.00000,2.98000,"07 Mar 2013","04 Feb 2014",2024-06-07
Karnataka,"Bengaluru Urban","Bangalore East",Doddabanahalli,Katamnallur,Katamnallur,0000374343,0008040933,5474141,"Deep Tubewell","Ground Water","Village limit","CAP3 CEO Drilling of Borewell scheme at Katamnalluru village Doddabanahalli GP Bangalore east taluk",2020-2021,3.60000,3.59086,"02 Aug 2020","03 May 2023",2024-06-07
Karnataka,"Bengaluru Urban","Bangalore East",Doddabanahalli,Konadasapura,Konadasapura,0000374342,0005530210,5474154,"Deep Tubewell","Ground Water","Village limit","Revival of PWS Scheme",2013-2014,7.00000,6.58077,"15 Sep 2013","03 Mar 2014",2024-06-07
Karnataka,"Bengaluru Urban","Bangalore East",Mandur,Kodigehalli,Kodigehalli,0000374325,0005530218,5474189,"Deep Tubewell","Ground Water","Village limit","Revival of MWS Scheme",2013-2014,5.00000,4.95157,"10 Sep 2013","10 Mar 2014",2024-06-07
Karnataka,"Bengaluru Urban","Bangalore East",Avalahalli,Avalahalli,Avalahalli,0000374335,0005530228,5474212,"Deep Tubewell","Ground Water","Village limit","Improvements to Water Supply Scheme",2013-2014,25.00000,0.00000,"10 Sep 2013","25 Dec 2014",2024-06-07
Karnataka,"Bengaluru Urban","Bangalore East",Avalahalli,Avalahalli,"Avalahalli Jhc",0000374336,0005530237,5474227,"Deep Tubewell","Ground Water",JHC,"Revival of MWS Scheme",2013-2014,7.00000,4.83943,"10 Sep 2013","03 Mar 2014",2024-06-07
Karnataka,"Bengaluru Urban","Bangalore East",Avalahalli,Avalahalli,"Avalahalli Jhc",0000374336,0005530238,5474228,"Deep Tubewell","Ground Water",JHC,"Revival of MWS Scheme",2013-2014,5.00000,0.00000,"10 Sep 2013","10 Feb 2014",2024-06-07
Karnataka,"Bengaluru Urban","Bangalore East",Kodathi,Mullur,"Mullur Colony",0000374285,0005530560,5474650,"Deep Tubewell","Ground Water","Colony limit","G Revival of MWS Scheme",2013-2014,10.00000,6.06361,"12 Sep 2013","10 Mar 2014",2024-06-07
Karnataka,"Bengaluru Urban","Bangalore East",Kannur,Yerappanahalli,"Yarappanahalli Colon",0001622940,0005530754,5474822,"Deep Tubewell","Ground Water","Colony limit","SCP Revival mof PWS Scheme",2013-2014,8.00000,7.96828,"12 Sep 2013","31 Mar 2018",2024-06-07
Karnataka,"Bengaluru Urban","Bangalore East",Bidarahalli,Bidarahalli,Bidarahalli,0000374307,0005530787,5474851,"Deep Tubewell","Ground Water","Village limit","Revival of PWS Scheme",2013-2014,7.50000,6.72414,"10 Sep 2013","01 Mar 2014",2024-06-07
Karnataka,"Bengaluru Urban","Bangalore East",Kittaganuru,Kithaganur,"Kithaganur Colony",0000374341,0005530818,5474878,"Deep Tubewell","Ground Water","Village limit","G Providing Piped Water Supply Scheme",2013-2014,25.00000,25.73835,"15 Sep 2013","31 Mar 2018",2024-06-07
Karnataka,"Bengaluru Urban","Bangalore East",Kittaganuru,Kithaganur,"Kithaganur Colony",0000374341,0005530819,5474879,"Deep Tubewell","Ground Water","Village limit","Providing Piped Water Supply Scheme",2013-2014,25.00000,0.00000,"15 Sep 2013","28 Dec 2014",2024-06-07
Karnataka,"Bengaluru Urban","Bangalore East",Bidarahalli,Byappanahalli,Byappanahalli,0000374308,0005532919,5477184,"Deep Tubewell","Ground Water","Village limit","G Revival of MWS Scheme",2013-2014,7.00000,7.91959,"15 Sep 2013","01 Oct 2015",2024-06-07
Karnataka,"Bengaluru Urban","Bangalore East",Mandur,Huskur,Huskur,0000374329,0005628130,5593453,"Deep Tubewell","Ground Water","Village limit","Drinking Water Facility to Anganawadi",2013-2014,1.00000,0.98719,"22 Sep 2013","25 Mar 2014",2024-06-07
Karnataka,"Bengaluru Urban","Bangalore East",Mandur,Huskur,"Huskur Kodi",0000374330,0007853454,250247088,"Deep Tubewell","Ground Water","village limit","TFC NAC 2018 G Drilling of Borewell(1 No) for Revival of Water Supply Scheme at Huskur Kodi Habitation, Manduru GP Bangalore East Taluk",2018-2019,2.24000,2.23909,"05 Sep 2018","31 Mar 2019",2024-06-07
Karnataka,"Bengaluru Urban","Bangalore East",Kittaganuru,Halehalli,Halehalli,0000374338,0007854390,250247952,"Deep Tubewell","Ground Water","village limit","G Revival of MWS Scheme at Halehalli Habitation Halehalli village kithaganuru  GP Bangalore East Taluk",2018-2019,2.20000,2.19876,"05 Sep 2018","31 Mar 2019",2024-06-07
Karnataka,"Bengaluru Urban","Bangalore East",Halanayakanahalli,Halanayakanahalli,Krishnappanagara,0001726549,0007854438,250248000,"Deep Tubewell","Ground Water","village limit","G Revival of MWS Scheme at A.Krishnappanagar(Amruthanagar) Habitation A.Krishnappanagar  village Halanayakanahalli GP Bangalore East Taluk",2018-2019,2.50000,2.06933,"05 Sep 2018","03 May 2023",2024-06-07
Karnataka,"Bengaluru Urban","Bangalore East",Seegehalli,Dommasandra,Dommasandra,0001725531,0007878061,250265191,"Deep Tubewell","Ground Water","village limit","TFC  24122018 Drilling of Borewell at Dommasandra  Habitation, Seegehgalli GP Bangalore East Taluk",2018-2019,2.30000,1.49649,"11 Mar 2019","31 Jul 2019",2024-06-07
Karnataka,"Bengaluru Urban","Bangalore East",Doddabanahalli,Chikkabanahalli,Chikkabanahalli,0000374349,0007878109,250265219,"Deep Tubewell","Ground Water","Village limit","TFC  24122018 Drilling of Borewell at Chikkabanahalli Habitation, Doddabanahalli GP Bangalore East Taluk",2018-2019,2.25000,2.24740,"11 Mar 2019","31 Mar 2019",2024-06-07
Karnataka,"Bengaluru Urban","Bangalore East",Kannur,"Bande Hosur","Bande Hosur",0000374364,0007912401,250283039,"Deep Tubewell","Ground Water","Near Bagalur Road","SCP Revival of MWSDrilling of borewell scheme at Bandehosure habitation Kannur GP",2019-2020,3.50000,3.35399,"01 Oct 2019","03 May 2023",2024-06-07
Karnataka,"Bengaluru Urban","Bangalore East",Kannur,Kannur,Kannur,0000374363,0007912902,250283285,"Deep Tubewell","Ground Water","Village limit","G REvival of PWS Borewell,Errection of Pumpset with pipeline Scheme at Kannur Habitation Kannur GP",2019-2020,10.00000,9.68939,"25 Oct 2019","03 May 2023",2024-06-07
Karnataka,"Bengaluru Urban","Bangalore East",Kannur,"Kadu Sonnappanahalli","Kadu Sonnappanahalli",0000374367,0007912906,250283286,"Deep Tubewell","Ground Water","Village limits","G REvival of Drilling of Borewell Scheme at Kadusonnapanahalli Habitation Kannur GP",2019-2020,3.50000,3.09559,"25 Oct 2019","03 May 2023",2024-06-07
Karnataka,"Bengaluru Urban","Bangalore East",Kodathi,Mullur,"Mullur Colony",0000374285,0007912967,250283334,"Deep Tubewell","Ground Water","Village limit","SCP Revival of PWS Drilling of Borewell scheme at Mulluru colony Habitation Kodathi GP",2019-2020,7.00000,6.65949,"10 Oct 2019","03 May 2023",2024-06-07
Karnataka,"Bengaluru Urban","Bangalore East",Doddabanahalli,Gorvigere,Gorvigere,0000374344,0007853481,250247109,"Deep Tubewell","Ground Water","village limit","TFC NAC 2018 G Drilling of Borewell 1 No for Revival of  Water Supply Scheme at Goravigere Habitation, Doddabanahalli GP Bangalore East Taluk",2018-2019,2.00000,1.99918,"05 Sep 2018","31 Mar 2019",2024-06-07
Karnataka,"Bengaluru Urban","Bangalore East",Kittaganuru,Halehalli,Halehalli,0000374338,0007853515,250247143,"Deep Tubewell","Ground Water","village limit","TFC CEO 060 418 Drilling of Borewell at Halehalli  Habitation, Kittaganur GP Bangalore East Taluk",2018-2019,2.50000,2.49874,"05 Sep 2018","31 Mar 2019",2024-06-07
Karnataka,"Bengaluru Urban","Bangalore East",Kannur,Kannur,Kannur,0000374363,0007854414,250247975,"Deep Tubewell","Ground Water","Village limit","G Revival of MWS Scheme at Kannur(Dalappa Layout)Habitation Kannur village kannur GP Bangalore East Taluk",2018-2019,2.00000,1.99811,"05 Sep 2018","28 Feb 2019",2024-06-07
Karnataka,"Bengaluru Urban","Bangalore East",Avalahalli,Avalahalli,Avalahalli,0000374335,0007878030,250265165,"Deep Tubewell","Ground Water","Village limit","TFC  24122018 Drilling of Borewell at Avalahalli Habitation, Avalahalli GP Bangalore East Taluk",2018-2019,2.25000,2.24581,"11 Mar 2019","31 Mar 2019",2024-06-07
Karnataka,"Bengaluru Urban","Bangalore East",Kodathi,Kodathi,"Kodathi Gate",0001725229,0007878068,250265195,"Deep Tubewell","Ground Water","village limit","TFC  24122018 Drilling of Borewell at Kodathi Gate  Habitation, Kodathi GP Bangalore East Taluk",2018-2019,2.25000,2.12865,"11 Mar 2019","31 May 2019",2024-06-07
Karnataka,"Bengaluru Urban","Bangalore East",Halanayakanahalli,Chikkanayakanahalli,Chikkanayakanahalli,0000374291,0006849788,250076132,"Deep Tubewell","Ground Water","Near pond side","G TFC 20.10.2014 Drilling of Borewell,Errection of Pumpset with Pipe line and Energisation in Chikkanayakanahalli Habitation.",2014-2015,5.00000,4.93000,"10 Dec 2014","31 Mar 2017",2024-06-07
Karnataka,"Bengaluru Urban","Bangalore East",Doddabanahalli,Konadasapura,Konadasapura,0000374342,0006849789,250076133,"Deep Tubewell","Ground Water","Near BDA layout","G TFC 20.10.2014 Drilling of Borewell,Errection of Pumpset with Pipe line and Energisation in Konadasapura Habitation.",2014-2015,5.00000,2.80410,"10 Dec 2014","01 Mar 2017",2024-06-07
Karnataka,"Bengaluru Urban","Bangalore East",Kannamangala,"Khaji Sonnenahalli","Khaji Sonnenahalli",0001622936,0006849794,250076137,"Deep Tubewell","Ground Water","Near road side","G TFC 20.10.2014 Drilling of Borewell,Errection of Pumpset with Pipe line and Energisation in Khajisonnenahalli Habitation",2014-2015,5.00000,3.07735,"10 Dec 2014","31 Dec 2015",2024-06-07
Karnataka,"Bengaluru Urban","Bangalore East",Doddabanahalli,Bandapura,Bandapura,0000374345,0006849795,250076138,"Deep Tubewell","Ground Water","Near road side","G TFC 20.10.2014 Drilling of Borewell,Errection of Pumpset with Pipe line and  Energisation inBandapura Habitation.",2014-2015,5.00000,5.48715,"10 Dec 2014","31 Mar 2019",2024-06-07
Karnataka,"Bengaluru Urban","Bangalore East",Kannamangala,Kannamangala,Kannamangala,0001622947,0006849797,250076140,"Deep Tubewell","Ground Water","Near main road","G TFC 20.10.2014 Drilling of Borewell,Errection of Pumpset with Pipe line and Energisation to KannamangalaDinnur in Kannamangal Habitation.",2014-2015,5.00000,4.93293,"10 Dec 2014","31 Mar 2016",2024-06-07
Karnataka,"Bengaluru Urban","Bangalore East",Bidarahalli,Kammasandra,Kammasandra,0000374309,0006849802,250076144,"Deep Tubewell","Ground Water","Near road side","G TFC 20.10.2014 Drilling of Borewell,Errection of Pumpset with Pipe line and  Energisation in Kammasandra Habitation.",2014-2015,7.00000,6.62837,"10 Dec 2014","31 Mar 2017",2024-06-07
Karnataka,"Bengaluru Urban","Bangalore East",Kannur,"Chikka Gubbi","Chikka Gubbi",0000374362,0006849871,250076161,"Deep Tubewell","Ground Water","Near Main road","G TFC 20.10.2014 Errection of Pumpset with Pipe line and Energisation in Chikkagubbi Habitation.",2014-2015,5.00000,2.05079,"10 Dec 2014","31 Dec 2015",2024-06-07
Karnataka,"Bengaluru Urban","Bangalore East",Mandur,Nimbekaipura,Nimbekaipura,0000374331,0006942991,250080168,"Deep Tubewell","Ground Water","Near School","SCP TFC130315 Drilling of Borewell at Nimbekaipura Habitation, Mandur GP, Bangalore East Taluk",2014-2015,2.50000,2.49462,"20 Apr 2015","01 Sep 2015",2024-06-07
Karnataka,"Bengaluru Urban","Bangalore East",Kittaganuru,Kithaganur,Kithaganur,0000374340,0006943013,250080176,"Deep Tubewell","Ground Water","Near Dhanunjaya Colony road","G TFC130315 Drilling of Borewell at Kittaganoor Dhanunjaya Badavane Habitation, Avalahalli GP, Bangalore East Taluk",2014-2015,2.50000,2.45842,"20 Apr 2015","01 Aug 2015",2024-06-07
Karnataka,"Bengaluru Urban","Bangalore East",Kannur,Yerappanahalli,"Yarappanahalli Colon",0001622940,0006943399,250080204,"Deep Tubewell","Ground Water","Near Burial ground","SCP  TFC130315 Drilling of Borewell  at yerrappanahalli Habitation,Kannur GP, Bangalore East Taluk",2014-2015,2.11000,2.09132,"20 Apr 2015","22 Oct 2015",2024-06-07
Karnataka,"Bengaluru Urban","Bangalore East",Doddagubbi,Doddagubbi,Doddagubbi,0000374377,0006943406,250080205,"Deep Tubewell","Ground Water","Near Kottanur Road","G TFC130315 Drilling of Borewell at Doddagubbi Habitation,Doddagubbi GP, Bangalore East Taluk",2014-2015,1.97000,1.95920,"20 Apr 2015","30 Oct 2015",2024-06-07
Karnataka,"Bengaluru Urban","Bangalore East",Doddabanahalli,Katamnallur,Katamnallur,0000374343,0006943422,250080206,"Deep Tubewell","Ground Water","Near Anathashrama","G TFC130315 Drilling of Borewells(two)  at  Katamnallur cross (Near Anatha Ashrama), Doddabanahalli GP, Bangalore East Taluk",2014-2015,4.67000,3.00924,"20 Apr 2015","31 Dec 2015",2024-06-07
Karnataka,"Bengaluru Urban","Bangalore East",Kodathi,Sullikunte,Sullikunte,0000374286,0006943724,250080216,"Deep Tubewell","Ground Water","In tank bed","SCP  TFC130315 Drilling of Borewell at Sulikunte Habitation, Kodathi GP, Bangalore East Taluk",2014-2015,2.95000,2.94268,"20 Apr 2015","01 Sep 2015",2024-06-07
Karnataka,"Bengaluru Urban","Bangalore East",Kannur,Nadagowdanahalli,Nadagowdanahalli,0000374368,0006998119,250083606,"Deep Tubewell","Ground Water","Near Yarappanahalli Road","G TFC050515 Drilling of Borewell with Electrification at N.J Gollahalli Habitation, Kannur G.P",2015-2016,2.65000,2.63459,"21 Jul 2015","31 Mar 2019",2024-06-07
Karnataka,"Bengaluru Urban","Bangalore East",Doddabanahalli,Katamnallur,Katamnallur,0000374343,0007406553,250120705,"Deep Tubewell","Ground Water","Village limit","TFC190316 Drilling of Borewell and Erection of Pumpset and Pipeline at Katamnallur Habitation, Doddabanahalli GP, Bangalore East Taluk",2016-2017,3.00000,3.00000,"12 Apr 2016","28 Feb 2018",2024-06-07
Karnataka,"Bengaluru Urban","Bangalore East",Bidarahalli,Bidarahalli,Bidarahalli,0000374307,0007526015,250141765,"Deep Tubewell","Ground Water","Village limit","G Revival Of PWS Scheme at Bidarahalli village,Bidarahalli GP, Bangalore East Taluk",2016-2017,15.00000,8.83110,"01 Sep 2016","31 Dec 2018",2024-06-07
Karnataka,"Bengaluru Urban","Bangalore East",Bidarahalli,Hirandahalli,Hirandahalli,0000374313,0007526070,250141820,"Deep Tubewell","Ground Water","Main road","G Revival Of PWS Scheme at Hirandahalli village,Bidarahalli GP, Bangalore East Taluk",2016-2017,10.00000,5.48750,"01 Sep 2016","31 Mar 2018",2024-06-07
Karnataka,"Bengaluru Urban","Bangalore East",Kannur,"Kadu Sonnappanahalli","Kadu Sonnappanahalli",0000374367,0007526216,250141964,"Deep Tubewell","Ground Water","Main road","G Revival Of PWS Scheme at Kadusonnappanahalli village,Kannur GP, Bangalore East Taluk",2016-2017,12.00000,7.78486,"01 Sep 2016","31 Mar 2018",2024-06-07
Karnataka,"Bengaluru Urban","Bangalore East",Kannur,"Kadu Sonnappanahalli","Kadu Sonnappanahalli",0000374367,0008210086,250141964,"Deep Tubewell","Ground Water","Main road","Providing Water Supply to Anganawadi fitting of Taps to Kitchen and Toilets at Kadusonnapanahalli Village Kannur GP Bangalore east Taluk",2020-2021,0.15000,0.00000,"29 Nov 2020","03 May 2023",2024-06-07
Karnataka,"Bengaluru Urban","Bangalore East",Doddabanahalli,Chikkabanahalli,Chikkabanahalli,0000374349,0007526517,250142218,"Deep Tubewell","Ground Water","Village limit","G Revivel of MWS scheme at chikkabanahalli village G.p Doddabanahalli Bangalore East",2016-2017,6.00000,5.81668,"01 Sep 2016","31 Mar 2018",2024-06-07
Karnataka,"Bengaluru Urban","Bangalore East",Doddabanahalli,Chikkabanahalli,Chikkabanahalli,0000374349,0007526520,250142221,"Deep Tubewell","Ground Water","Village limit","G Revivel of MWS scheme at chikkabanahalli village G.p Doddabanahalli Bangalore East",2016-2017,6.00000,0.00000,"01 Sep 2016","03 May 2023",2024-06-07
Karnataka,"Bengaluru Urban","Bangalore East",Seegehalli,Seegehalli,Seegehalli,0000374350,0007527535,250143111,"Deep Tubewell","Ground Water","Village limit","G revival of PWS scheme at Seegahalli Habitation seegahalli G.P Bangalore East Taluk",2016-2017,8.00000,7.36960,"01 Sep 2016","31 Mar 2018",2024-06-07
Karnataka,"Bengaluru Urban","Bangalore East",Mandur,Bommenahalli,Bommenahalli,0000374327,0007527894,250143363,"Deep Tubewell","Ground Water","Colony limit","SCP Revival of PWS Scheme  at Bommenahalli Colony Habitation  in Mandur G.P Bangalore East Taluk",2016-2017,12.00000,11.68980,"01 Sep 2016","31 Mar 2018",2024-06-07
Karnataka,"Bengaluru Urban","Bangalore East",Seegehalli,Dommasandra,Dommasandra,0001725531,0008220104,250143410,"Deep Tubewell","Ground Water","In the village limit","Providing  Water Supply to Anganawadi fitting of Taps to Kitchen and Toilets at Dommasandra Village Seegehalli GP Bangalore East taluk",2020-2021,0.15000,0.11648,"28 Feb 2021","03 May 2023",2024-06-07
Karnataka,"Bengaluru Urban","Bangalore East",Kittaganuru,"Kurudu Sonnenahalli","Kurudu Sonnenahalli",0000374333,0007528513,250143877,"Deep Tubewell","Ground Water","Village Limit","SCP Revival of PWS Scheme  and House Hold Connection HH 35 at Kurudusonnenahalli Village in Kithaganur G.P Bangalore East Taluk",2016-2017,12.00000,10.88292,"01 Sep 2016","31 Mar 2018",2024-06-07
Karnataka,"Bengaluru Urban","Bangalore East",Kannur,Yerappanahalli,Yerappanahalli,0000374369,0007530467,250145816,"Deep Tubewell","Ground Water","Village Limit","SCP Revival of MWS Scheme(SAGY)  and House Hold Connection HH 20 at Yarappanahalli Village in Kannur G.P Bangalore East Taluk",2016-2017,6.00000,5.98807,"01 Sep 2016","31 Mar 2019",2024-06-07
Karnataka,"Bengaluru Urban","Bangalore East",Doddagubbi,Doddagubbi,Doddagubbi,0000374377,0007532404,250147552,"Deep Tubewell","Ground Water","Village limit","G Providing Piped Water Supply Scheme at Doddagubbi Village in Doddagubbi G.P Bangalore East Taluk",2016-2017,20.00000,18.81598,"01 Sep 2016","31 Dec 2018",2024-06-07
Karnataka,"Bengaluru Urban","Bangalore East",Doddabanahalli,"Bidare Agrahara","Bidare Agrahara",0000374346,0008035730,250147605,"Deep Tubewell","Ground Water","Village limit","10 Crore 22052020 Drilling of Borewell and providing pipeline scheme at Bidare agrahara village Doddabanahalli GP Bangalore east taluk",2020-2021,4.20000,3.90114,"08 Sep 2020","03 May 2023",2024-06-07
Karnataka,"Bengaluru Urban","Bangalore East",Bidarahalli,Margondanahalli,Margondanahalli,0000374312,0007532575,250147718,"Deep Tubewell","Ground Water","Village limit","SCP Providing Piped Water Supply Scheme. Construction of OHT and House Hold Connection HH 40 at Maragondanahalli Village in Bidarahalli G.P Bangalore East Taluk",2016-2017,20.00000,19.51886,"01 Sep 2016","31 Mar 2018",2024-06-07
Karnataka,"Bengaluru Urban","Bangalore East",Kannamangala,Kannamangala,Kannamangala,0001622947,0007532619,250147764,"Deep Tubewell","Ground Water","Village limit","TSP Revival of PWS Scheme  at Kannamangala Village in Kannamangala G.P Bangalore East Taluk",2016-2017,6.00000,5.51046,"01 Sep 2016","31 Mar 2018",2024-06-07
Karnataka,"Bengaluru Urban","Bangalore East",Avalahalli,Avalahalli,Avalahalli,0000374335,0007572717,250169681,"Deep Tubewell","Ground Water","Village limit","TFC221116 Drilling of Borewell at Avalahalli Colony ,Avalahalli GP, Bangalore East Taluk",2016-2017,2.30000,0.00000,"01 Jan 2017","03 May 2023",2024-06-07
Karnataka,"Bengaluru Urban","Bangalore East",Kittaganuru,Kithaganur,Kithaganur,0000374340,0007572789,250169747,"Deep Tubewell","Ground Water","Shreenivasa Badavane","TFC221116 Drilling of Borewell at Kittaganuru (Shreenivasa Badavane) Habitation, Kittaganuru GP, Bangalore East Taluk",2016-2017,2.25000,0.00000,"15 Jan 2017","03 May 2023",2024-06-07
Karnataka,"Bengaluru Urban","Bangalore East",Doddabanahalli,Doddabanahalli,Doddabanahalli,0000374347,0007572948,250169910,"Deep Tubewell","Ground Water",Doddabanahalli,"TFC221116 Drilling of Borewell at Doddabanahalli Habitation, Doddabanahalli GP, Bangalore East Taluk",2016-2017,2.20000,2.19648,"15 Jan 2017","31 Mar 2018",2024-06-07
Karnataka,"Bengaluru Urban","Bangalore East",Kannur,"Chikka Gubbi","Chikka Gubbi",0000374362,0007572983,250169946,"Deep Tubewell","Ground Water",Chikkagubbi,"TFC221116 Drilling of Borewell at Chikkagubbi Habitation, Kannur GP, Bangalore East Taluk",2016-2017,2.20000,0.00000,"15 Jan 2017","03 May 2023",2024-06-07
Karnataka,"Bengaluru Urban","Bangalore East",Kannur,Yerappanahalli,Yerappanahalli,0000374369,0007573048,250169994,"Deep Tubewell","Ground Water",Yerappanahalli,"TFC221116 Drilling of Borewell at Yarappanahalli Habitation, Kannur GP, Bangalore East Taluk",2016-2017,2.30000,2.22352,"15 Jan 2017","28 Feb 2018",2024-06-07
Karnataka,"Bengaluru Urban","Bangalore East",Kannur,"Bande Hosur","Bande Hosur",0000374364,0007573056,250170002,"Deep Tubewell","Ground Water","Bande hosuru","TFC221116 Drilling of Borewell at Bande Hosuru Habitation, Kannur GP, Bangalore East Taluk",2016-2017,2.30000,2.23030,"15 Jan 2017","28 Feb 2018",2024-06-07
Karnataka,"Bengaluru Urban","Bangalore East",Bidarahalli,Bidarahalli,Bidarahalli,0000374307,0007573059,250170005,"Deep Tubewell","Ground Water",Bidarahalli,"TFC221116 Drilling of Borewell at Bidarahalli Habitation, Bidarahalli GP, Bangalore East Taluk",2016-2017,2.20000,0.00000,"15 Jan 2017","03 May 2023",2024-06-07
Karnataka,"Bengaluru Urban","Bangalore East",Seegehalli,Seegehalli,Seegehalli,0000374350,0007573065,250170011,"Deep Tubewell","Ground Water",Seegehalli,"TFC221116 Drilling of Borewell at Seegehalli Habitation, Seegehalli GP, Bangalore East Taluk",2016-2017,2.20000,2.19612,"15 Jan 2017","31 Mar 2018",2024-06-07
Karnataka,"Bengaluru Urban","Bangalore East",Kodathi,Mullur,Mullur,0000374284,0007573070,250170016,"Deep Tubewell","Ground Water",Mullur,"TFC221116 Drilling of Borewell at Mulluru Habitation, Kodathi GP, Bangalore East Taluk",2016-2017,2.20000,0.00000,"15 Jan 2017","03 May 2023",2024-06-07
Karnataka,"Bengaluru Urban","Bangalore East",Halanayakanahalli,"Hado Siddapura","Hado Siddapura",0000374290,0007573080,250170028,"Deep Tubewell","Ground Water",Hadosiddapura,"TFC221116 Drilling of Borewell at Hadusiddapura Habitation, Halanayakanahalli GP, Bangalore East Taluk",2016-2017,2.20000,2.19930,"15 Jan 2017","28 Feb 2018",2024-06-07
Karnataka,"Bengaluru Urban","Bangalore East",Kannur,"Bande Hosur","Bande Hosur",0000374364,0007640885,250186089,"Deep Tubewell","Ground Water","Bande Road","TFC220217 Drilling of Borewell at Bande Hosur Habitation, Kannur GP, Bangalore East Taluk",2016-2017,2.20000,2.10831,"05 May 2017","31 Mar 2018",2024-06-07
Karnataka,"Bengaluru Urban","Bangalore East",Bidarahalli,Hirandahalli,Hirandahalli,0000374313,0007640928,250186095,"Deep Tubewell","Ground Water","Main road","TFC220217 Drilling of Borewell at Hirandahalli Habitation, Bidarahalli GP, Bangalore East Taluk",2016-2017,2.20000,2.19407,"05 May 2017","31 Mar 2018",2024-06-07
Karnataka,"Bengaluru Urban","Bangalore East",Kodathi,Sullikunte,Sullikunte,0000374286,0007642254,250186415,"Deep Tubewell","Ground Water","Village limit","TFC220217 Drilling of Borewell at Sullikunte Habitation, Kodathi GP, Bangalore East Taluk",2016-2017,2.20000,2.19808,"05 May 2017","31 Mar 2018",2024-06-07
Karnataka,"Bengaluru Urban","Bangalore East",Kannur,"Bande Hosur","Bande Hosur",0000374364,0007701757,250196178,"Deep Tubewell","Ground Water",Hosurbande,"TFC170417 Drilling of Borewell at Bande Hosur Habitation, Kannur  GP, Bangalore East Taluk",2017-2018,2.40000,2.08797,"10 Jul 2017","31 Mar 2018",2024-06-07
Karnataka,"Bengaluru Urban","Bangalore East",Doddabanahalli,Bandapura,Bandapura,0000374345,0007701904,250196219,"Deep Tubewell","Ground Water","towards Main road","TFC170417 Drilling of Borewell at Bandapura Habitation, Doddabanahalli GP, Bangalore East Taluk",2017-2018,2.40000,2.35228,"10 Jul 2017","31 Mar 2018",2024-06-07
Karnataka,"Bengaluru Urban","Bangalore East",Kannur,Mittaganahalli,Mittaganahalli,0000374366,0007702003,250196225,"Deep Tubewell","Ground Water","Towards Colony Road","TFC170417  Providing and Erection of Pumpset at Mittiganahalli Habitation, Kannuru GP, Bangalore East Taluk",2017-2018,3.50000,3.49164,"10 Jul 2017","31 Mar 2018",2024-06-07
Karnataka,"Bengaluru Urban","Bangalore East",Bidarahalli,Hirandahalli,Hirandahalli,0000374313,0007702031,250196226,"Deep Tubewell","Ground Water","Village limit","TFC170417  Providing and Erection of Pumpsett at Hirandahalli Habitation, Bidarahalli GP, Bangalore East Taluk",2017-2018,3.50000,3.49413,"10 Jul 2017","31 Mar 2018",2024-06-07
Karnataka,"Bengaluru Urban","Bangalore East",Mandur,Lagumenahalli,Lagumenahalli,0000374326,0007846677,250240839,"Deep Tubewell","Ground Water","Village Limit","G Revival of MWS scheme at Laghumenahalli Habitation, Laghumenahalli Village Manduru GP, Bangalore East Taluk",2018-2019,2.25000,0.00000,"05 Oct 2018","03 May 2023",2024-06-07
Karnataka,"Bengaluru Urban","Bangalore East",Mandur,"Kattu Gollahalli","Kattu Gollahalli",0000374319,0007846694,250240846,"Deep Tubewell","Ground Water","Village limit","G Revival of PWS scheme at Kattugollahalli Habitation, Kattugollahalli Village Manduru GP, Bangalore East Taluk",2018-2019,2.50000,0.00000,"05 Oct 2018","03 May 2023",2024-06-07
Karnataka,"Bengaluru Urban","Bangalore East",Kannur,Kannur,Kannur,0000374363,0007846760,250240902,"Deep Tubewell","Ground Water","village limit","G Revival of PWS scheme at Kannur Habitation, Kannur Village Kannur GP, Bangalore East Taluk",2018-2019,2.25000,0.00000,"05 Oct 2018","03 May 2023",2024-06-07
Karnataka,"Bengaluru Urban","Bangalore East",Kannur,Nadagowdanahalli,Nadagowdanahalli,0000374368,0007850889,250244932,"Deep Tubewell","Ground Water","Village Limit","G Revival of PWS scheme at Nadagowdahalli Habitation, Nadagowdahalli Village, Kannuru GP, Bangalore East Taluk",2018-2019,2.50000,0.00000,"12 Oct 2018","03 May 2023",2024-06-07
Karnataka,"Bengaluru Urban","Bangalore East",Kannamangala,"Khaji Sonnenahalli","Khaji Sonnenahalli",0001622936,0008215923,250245179,"Deep Tubewell","Ground Water","Village Limit","15 Crore 12102020 Providing and erection of Pump and motor at Kajisonnenalli Village Kannamangala GP Bangalore East taluk",2020-2021,4.00000,3.99930,"27 Feb 2021","03 May 2023",2024-06-07
Karnataka,"Bengaluru Urban","Bangalore East",Doddabanahalli,Gorvigere,Gorvigere,0000374344,0006849792,250076136,"Deep Tubewell","Ground Water","Near drain side","G TFC 20.10.2014 Drilling of Borewell,Errection of Pumpset with Pipe line and  Energisation  in Gorvigere Habitation",2014-2015,5.00000,4.78780,"10 Dec 2014","31 Mar 2016",2024-06-07
Karnataka,"Bengaluru Urban","Bangalore East",Doddagubbi,Anagalpura,Anagalpura,0000374376,0006849799,250076141,"Deep Tubewell","Ground Water","Near road side","SCP  TFC 20.10.2014 Drilling of Borewell,Errection of Pumpset with Pipe line and Energisationin Anagalapur Habitation.",2014-2015,5.00000,4.98907,"10 Dec 2014","31 Mar 2016",2024-06-07
Karnataka,"Bengaluru Urban","Bangalore East",Bidarahalli,Bidarahalli,Bidarahalli,0000374307,0006943351,250080197,"Deep Tubewell","Ground Water","Near Burial ground","G TFC130315 Drilling of Borewell at Bidarahalli Habitation, Bidarahalli GP, Bangalore East Taluk",2014-2015,1.83000,1.82286,"20 Apr 2015","01 Sep 2015",2024-06-07
Karnataka,"Bengaluru Urban","Bangalore East",Kodathi,Kachamaranahalli,Kachamaranahalli,0000374282,0006943735,250080218,"Deep Tubewell","Ground Water","In tank bed","G TFC130315 Drilling of Borewell at Kachamaranahalli Habitation, Kodathi GP, Bangalore East Taluk",2014-2015,2.10000,2.09015,"20 Apr 2015","01 Sep 2015",2024-06-07
Karnataka,"Bengaluru Urban","Bangalore East",Doddagubbi,Rampura,Rampura,0000374370,0006994287,250083559,"Deep Tubewell","Ground Water","Near OHT","TFC050515 Drilling of Borewell at Rampura Habitation, Doddagubbi  G.P",2015-2016,1.60000,0.00000,"07 Jun 2015","10 Oct 2015",2024-06-07
Karnataka,"Bengaluru Urban","Bangalore East",Mandur,Kodigehalli,Kodigehalli,0000374325,0006994481,250083563,"Deep Tubewell","Ground Water","Near Road","SCP TFC050515 Drilling of Borewell with Electrification at Kodigehalli Habitation, Manduru  G.P",2015-2016,2.46000,2.09971,"21 Jul 2015","31 Mar 2016",2024-06-07
Karnataka,"Bengaluru Urban","Bangalore East",Mandur,Hancharahalli,Hancharahalli,0000374323,0006998095,250083604,"Deep Tubewell","Ground Water","Near Temple","G TFC050515 Drilling of Borewell with Electrification at Hancharahalli Habitation, Manduru G.P",2015-2016,2.25000,1.99933,"21 Jul 2015","18 Mar 2016",2024-06-07
Karnataka,"Bengaluru Urban","Bangalore East",Doddabanahalli,Doddabanahalli,"Doddabanahalli Colony",0000374348,0006998103,250083605,"Deep Tubewell","Ground Water","Near Kunte","G TFC050515 Drilling of Borewell with Electrification at Doddabanahalli Colony Habitation, Doddabanahalli G.P",2015-2016,2.50000,2.43363,"21 Jul 2015","31 Mar 2017",2024-06-07
Karnataka,"Bengaluru Urban","Bangalore East",Kannur,"Kadu Sonnappanahalli","Kadu Sonnappanahalli",0000374367,0006998146,250083607,"Deep Tubewell","Ground Water","Near Bagalur Road","ST COLONY TFC050515 Drilling of Borewell with Electrification at Kadusonnappanahalli Habitation, Kannur G.P",2015-2016,2.25000,1.89822,"21 Jul 2015","31 Mar 2016",2024-06-07
Karnataka,"Bengaluru Urban","Bangalore East",Halanayakanahalli,Halanayakanahalli,Halanayakanahalli,0000374292,0006998245,250083614,"Deep Tubewell","Ground Water","Near Tank","G TFC050515 Drilling of Borewell with Electrification at Halanayakanahalli Habitation, Halanayakanahalli G.P",2015-2016,2.50000,0.00000,"21 Jul 2015","31 Jan 2016",2024-06-07
Karnataka,"Bengaluru Urban","Bangalore East",Halanayakanahalli,Halanayakanahalli,"Halanayakanahalli Colony",0000374293,0006998275,250083615,"Deep Tubewell","Ground Water","Near Ashraya Layout","G TFC050515 Drilling of Borewell with Electrification Near Ashraya Layout at Halanayakanahalli Habitation, Halanayakanahalli G.P",2015-2016,2.50000,2.19819,"21 Jul 2015","31 Aug 2016",2024-06-07
Karnataka,"Bengaluru Urban","Bangalore East",Kannur,"Bande Hosur","Bande Hosur",0000374364,0006998295,250083616,"Deep Tubewell","Ground Water","Near Bagalur Road","SCP TFC050515 Drilling of Borewell with Electrification at BandehosuruHabitation, Kannur G.P",2015-2016,2.75000,2.08120,"21 Jul 2015","18 Mar 2016",2024-06-07
Karnataka,"Bengaluru Urban","Bangalore East",Bidarahalli,Hirandahalli,Hirandahalli,0000374313,0007148623,250090231,"Deep Tubewell","Ground Water","village limit","G Providing  piped water supply Scheme",2015-2016,20.00000,0.00000,"25 Oct 2015","31 Mar 2016",2024-06-07
Karnataka,"Bengaluru Urban","Bangalore East",Mandur,Thirumenahalli,Thirumenahalli,0000374322,0007406391,250120574,"Deep Tubewell","Ground Water","village limit","TFC190316 Drilling of Borewell at Thirumenahalli Habitation,Mandur GP, Bangalore East Taluk",2016-2017,2.00000,0.00000,"12 Apr 2016","03 May 2023",2024-06-07
Karnataka,"Bengaluru Urban","Bangalore East",Mandur,Thirumenahalli,Thirumenahalli,0000374322,0007406452,250120619,"Deep Tubewell","Ground Water",&amp;amp;nbsp;,"TFC190316 Drilling of Borewell at Thirumenahalli Habitation, Mandur GP, Bangalore East Taluk",2016-2017,2.00000,2.00000,"12 Apr 2016","28 Feb 2018",2024-06-07
Karnataka,"Bengaluru Urban","Bangalore East",Bidarahalli,Margondanahalli,Margondanahalli,0000374312,0007406494,250120646,"Deep Tubewell","Ground Water",NA,"TFC190316 Drilling of Borewell at Maragondanahalli Habitation, Bidarahalli GP, Bangalore East Taluk",2016-2017,4.00000,0.00000,"12 Apr 2016","03 May 2023",2024-06-07
Karnataka,"Bengaluru Urban","Bangalore East",Kodathi,Kachamaranahalli,Kachamaranahalli,0000374282,0007406566,250120712,"Deep Tubewell","Ground Water",NA,"TFC190316 Drilling of Borewell and Erection of Pumpset at Kachamaranahalli Habitation Kodathi GP Bangalore East Taluk",2016-2017,4.00000,3.99820,"12 Apr 2016","31 Mar 2018",2024-06-07
Karnataka,"Bengaluru Urban","Bangalore East",Kodathi,Kachamaranahalli,Kachamaranahalli,0000374282,0007406566,250120713,"Deep Tubewell","Ground Water","Towards Main Road","TFC190316 Drilling of Borewell and Erection of Pumpset at Kachamaranahalli Habitation Kodathi GP Bangalore East Taluk",2016-2017,4.00000,3.99820,"12 Apr 2016","31 Mar 2018",2024-06-07
Karnataka,"Bengaluru Urban","Bangalore East",Halanayakanahalli,Halanayakanahalli,Halanayakanahalli,0000374292,0007407364,250121343,"Deep Tubewell","Ground Water",GLPS,"TFC190316 Drilling of Borewell at Halanayakanahalli (Amruthanagara)  Habitation, Halnayakanahalli GP, Bangalore East Taluk",2016-2017,2.00000,0.00000,"12 Apr 2016","03 May 2023",2024-06-07
Karnataka,"Bengaluru Urban","Bangalore East",Avalahalli,Veeranahlli,Veeranahalli,0000374334,0008208675,250141726,"Deep Tubewell","Ground Water","Village limit","Providing  Water Supply to Anganawadi  fitting of Taps to Kitchen and Toilets at Veerenahalli Village Avalahalli GP Bangalore east Taluk",2020-2021,0.14000,0.00000,"25 Dec 2020","03 May 2023",2024-06-07
Karnataka,"Bengaluru Urban","Bangalore East",Bidarahalli,Bidarahalli,Bidarahalli,0000374307,0008132895,250141765,"Deep Tubewell","Ground Water","Village limit","CAP 1 Providing and Laying of Pipeline  at Bidarahalli(Batteshwara Badavane) habitation Bidarahalli GP Bangalore East Taluk",2020-2021,1.50000,1.49770,"26 Jul 2020","03 May 2023",2024-06-07
Karnataka,"Bengaluru Urban","Bangalore East",Mandur,Mandur,"Mandur Colony",0000374318,0007526100,250141853,"Deep Tubewell","Ground Water","Village limit","G Revival Of PWS Scheme at Mandur Colony village,Mandur GP, Bangalore East Taluk",2016-2017,14.00000,13.53507,"01 Sep 2016","31 Mar 2018",2024-06-07
Karnataka,"Bengaluru Urban","Bangalore East",Mandur,Bommenahalli,Bommenahalli,0000374327,0007912983,250283350,"Deep Tubewell","Ground Water","Village limit","SCP Revival of PWS Drilling of Borewell with pipeline scheme at Bommenahalli Habitation Mandur GP",2019-2020,10.00000,9.38014,"10 Oct 2019","03 May 2023",2024-06-07
Karnataka,"Bengaluru Urban","Bangalore East",Kittaganuru,Kithaganur,"Kithaganur Colony",0000374341,0007913719,250283940,"Deep Tubewell","Ground Water","Village limit","SCP Revival of PWS scheme Drilling of Borewell Erection of pumpset with  pipeline at Kithaganur colony  kithaganuru GP Bangalore east taluk",2019-2020,14.00000,13.87579,"10 Oct 2019","03 May 2023",2024-06-07
Karnataka,"Bengaluru Urban","Bangalore East",Doddabanahalli,Katamnallur,Katamnallur,0000374343,0007913790,250284010,"Deep Tubewell","Ground Water","Village limit","G  Revival of PWS scheme Drilling of Borewell and pipeline at Katamnallur Village  Doddabanahall  GP Bangalore east taluk",2019-2020,6.50000,5.57760,"10 Oct 2019","03 May 2023",2024-06-07
Karnataka,"Bengaluru Urban","Bangalore East",Doddabanahalli,Konadasapura,Konadasapura,0000374342,0007913792,250284011,"Deep Tubewell","Ground Water","Main Road","G  Revival of PWS scheme Drilling of Borewell and pipeline at Konadasapura Village  Doddabanahall  GP Bangalore east taluk",2019-2020,6.50000,6.49499,"10 Oct 2019","31 Dec 2020",2024-06-07
Karnataka,"Bengaluru Urban","Bangalore East",Kodathi,Valepura,"Valepura Colony",0000374256,0007914101,250284272,"Deep Tubewell","Ground Water","Village limit","SCP Revival of PWS Drilling of borewell Scheme at Valepura Colony Habitation Kodathi GP",2015-2016,3.50000,0.00000,"10 Oct 2019","03 May 2023",2024-06-07
Karnataka,"Bengaluru Urban","Bangalore East",Mandur,Mandur,Mandur,0000374317,0007914110,250284280,"Deep Tubewell","Ground Water","Village limit","SCP Revival of PWS Drilling of borewell scheme at Mandur Habitation Mandur GP",2019-2020,10.00000,9.78829,"25 Oct 2019","03 May 2023",2024-06-07
Karnataka,"Bengaluru Urban","Bangalore East",Kodathi,Valepura,"Valepura Colony",0000374256,0007966048,250289747,"Deep Tubewell","Ground Water","Village limit","SCP Revival of PWS Drilling of borewell Scheme at Volepura colony village Kodathi GP",2019-2020,0.35000,0.00000,"18 Sep 2019","03 May 2023",2024-06-07
Karnataka,"Bengaluru Urban","Bangalore East",Kodathi,Kodathi,"Kodathi Gate",0001725229,0007966249,250289751,"Deep Tubewell","Ground Water","Village limit","TFC CEO 080319 Drilling of Borewell to Kodathi gate, Kodathi Gram Panchayath Bangalore East Taluk",2019-2020,2.62000,2.60124,"01 Apr 2020","31 Mar 2020",2024-06-07
Karnataka,"Bengaluru Urban","Bangalore East",Halanayakanahalli,Chikkanayakanahalli,Chikkanayakanahalli,0000374291,0007966254,250289752,"Deep Tubewell","Ground Water","Village limit","TFC CEO 080319 Drilling of Borewell to Chikkanayakanahalli Village, halanayakanahalli Village Gram Panchayath Bangalore East Taluk",2019-2020,2.78000,2.75500,"01 Apr 2020","31 Mar 2020",2024-06-07
Karnataka,"Bengaluru Urban","Bangalore East",Doddabanahalli,Bandapura,Bandapura,0000374345,0008008904,250290421,"Deep Tubewell","Ground Water","in smashana","CAP 1 Driiling of Borewell at Bandapura habitation Doddabanahalli GP Bangalore East Taluk",2020-2021,3.00000,2.99364,"08 Jun 2020","03 May 2023",2024-06-07
Karnataka,"Bengaluru Urban","Bangalore East",Halanayakanahalli,Chikkanayakanahalli,Chikkanayakanahalli,0000374291,0008009739,250290478,"Deep Tubewell","Ground Water",Graveyard,"CAP 1 Driiling of Borewell at Chikkanayakanahalli habitation Kodathi GP Bangalore East Taluk",2020-2021,3.25000,3.24402,"02 Jun 2020","03 May 2023",2024-06-07
Karnataka,"Bengaluru Urban","Bangalore East",Kannur,"Bande Bommasandra","Bande Bommasandra",0000374361,0008045052,250294683,"Deep Tubewell","Ground Water","Edward layout near Socity Babu house","10 Crore 22052020 Drilling of borewell at Bandebommasandra Village Kannur GP Bangalore East tq",2020-2021,2.80000,2.54403,"16 Jul 2020","03 May 2023",2024-06-07
Karnataka,"Bengaluru Urban","Bangalore East",Bidarahalli,Margondanahalli,Margondanahalli,0000374312,0008045075,250294686,"Deep Tubewell","Ground Water","Megacity Leyout @Manjunatha Shop And Mathrushree Layout Rebore","10 Crore 22052020 Revival of PWS Scheme at Margondanahalli Village,Bidarahalli GP,Bangalore East Tq",2020-2021,10.50000,9.16604,"16 Jul 2020","03 May 2023",2024-06-07
Karnataka,"Bengaluru Urban","Bangalore East",Mandur,Bendiganahalli,Bendiganahalli,0000374328,0008045191,250294692,"Deep Tubewell","Ground Water","Hosakote tank bed","10 Crore 22052020 Drilling of Borewell Scheme at Bendiganahalli Village Mandur  GP Bangalore East tq",2020-2021,3.30000,3.09032,"16 Jul 2020","03 May 2023",2024-06-07
Karnataka,"Bengaluru Urban","Bangalore East",Kodathi,Kachamaranahalli,Kachamaranahalli,0000374282,0008045204,250294696,"Deep Tubewell","Ground Water","Near Banave Kaluve towards Muttanallur road","CAP 3  Drilling of Borewell Scheme at Kachamaranahalli Village Kodathi  GP Bangalore East tq",2020-2021,3.50000,3.34615,"26 Jul 2020","03 May 2023",2024-06-07
Karnataka,"Bengaluru Urban","Bangalore East",Kannur,Mittaganahalli,Mittaganahalli,0000374366,0008210082,250299137,"Deep Tubewell","Ground Water","villagr limit","Providing Water Supply to Anganawadi fitting of Taps to Kitchen and Toilets at Mittaganahalli Village Kannur GP Bangalore east Taluk",2020-2021,0.14700,0.11648,"29 Nov 2020","03 May 2023",2024-06-07
Karnataka,"Bengaluru Urban","Bangalore East",Kodathi,Kachamaranahalli,Kachamaranahalli,0000374282,0008220146,250283329,"Deep Tubewell","Ground Water","Village limit","Providing Water Supply to Anganawadi fitting of Taps to Kitchen and Toilets at Kachamaranahalli Village Kodathi GP Bangalore east",2020-2021,0.14500,0.11648,"15 Mar 2021","03 May 2023",2024-06-07
Karnataka,"Bengaluru Urban","Bangalore East",Kannur,"Bande Bommasandra","Bande Bommasandra",0000374361,0008220793,250299733,"Deep Tubewell","Ground Water","Mango medows layout 3rd cross","15 Crore 12102020 Drilling of Borewell at  Bandebommasandra Village Kannur  GP Bangalore East taluk",2020-2021,2.85000,2.58788,"21 Feb 2021","03 May 2023",2024-06-07
Karnataka,"Bengaluru Urban","Bangalore East",Kannur,Kannur,Kannur,0000374363,0008220791,250142012,"Deep Tubewell","Ground Water","Village limit","15 Crore 12102020 Drilling of Borewell at  Kannur Village Kannur  GP Bangalore East taluk",2020-2021,2.85000,2.60277,"11 Feb 2021","03 May 2023",2024-06-07
Karnataka,"Bengaluru Urban","Bangalore East",Doddabanahalli,Chikkabanahalli,Chikkabanahalli,0000374349,0008208586,250142218,"Deep Tubewell","Ground Water","Village limit","Providing  Water Supply to G H P S fitting of Taps to Kitchen  and Toilets at Chikkabanahalli Village Doddabanahalli GP Bangalore east Taluk",2020-2021,0.20000,0.11648,"25 Dec 2020","03 May 2023",2024-06-07
Karnataka,"Bengaluru Urban","Bangalore East",Mandur,Bommenahalli,Bommenahalli,0000374327,0007527894,250143362,"Deep Tubewell","Ground Water","Village limit","SCP Revival of PWS Scheme  at Bommenahalli Colony Habitation  in Mandur G.P Bangalore East Taluk",2016-2017,12.00000,11.68980,"01 Sep 2016","31 Mar 2018",2024-06-07
Karnataka,"Bengaluru Urban","Bangalore East",Halanayakanahalli,Chikkanayakanahalli,Chikkanayakanahalli,0000374291,0007528031,250143491,"Deep Tubewell","Ground Water","village limit","G Revival of MWS scheme at Chikkanayakanahalli Habitation Halanayakanahalli G.P Bangalore East Taluk",2016-2017,7.00000,6.49154,"01 Sep 2016","31 Mar 2018",2024-06-07
Karnataka,"Bengaluru Urban","Bangalore East",Kittaganuru,"Kurudu Sonnenahalli","Kurudu Sonnenahalli",0000374333,0007528512,250143876,"Deep Tubewell","Ground Water","Colony Road","SCP Revival of PWS Scheme  and House Hold Connection HH 35 at Kurudusonnenahalli Village in Kithaganur G.P Bangalore East Taluk",2016-2017,12.00000,0.00000,"01 Sep 2016","03 May 2023",2024-06-07
Karnataka,"Bengaluru Urban","Bangalore East",Kittaganuru,"Kurudu Sonnenahalli","Kurudu Sonnenahalli",0000374333,0007528513,250143878,"Deep Tubewell","Ground Water","Colony Road","SCP Revival of PWS Scheme  and House Hold Connection HH 35 at Kurudusonnenahalli Village in Kithaganur G.P Bangalore East Taluk",2016-2017,12.00000,10.88292,"01 Sep 2016","31 Mar 2018",2024-06-07
Karnataka,"Bengaluru Urban","Bangalore East",Kannur,Yerappanahalli,Yerappanahalli,0000374369,0007530568,250145920,"Deep Tubewell","Ground Water","Village Limit","SCP Revival of MWS Scheme at Yerappanahalli Bande Habitation in Kannur G.P Bangalore East Taluk",2016-2017,6.00000,0.00000,"01 Sep 2016","03 May 2023",2024-06-07
Karnataka,"Bengaluru Urban","Bangalore East",Kodathi,Sullikunte,"Sulikunte Colony",0000374287,0007530721,250146058,"Deep Tubewell","Ground Water","Village Limit","SCP Revival of MWS Scheme at Sulikunte Colony (Vivekananda Colony)Habitation in Kodathi G.P Bangalore East Taluk",2016-2017,8.00000,6.68449,"01 Sep 2016","31 Mar 2018",2024-06-07
Karnataka,"Bengaluru Urban","Bangalore East",Kittaganuru,Kithaganur,Kithaganur,0000374340,0007532352,250147506,"Deep Tubewell","Ground Water","Village limit","G Providing Piped Water Scheme at kithaganur Village in Kithaganur G.P Bangalore East Taluk",2016-2017,22.00000,18.06049,"01 Sep 2016","31 Mar 2018",2024-06-07
Karnataka,"Bengaluru Urban","Bangalore East",Kittaganuru,Kithaganur,Kithaganur,0000374340,0008208579,250147506,"Deep Tubewell","Ground Water","Village limit","Providing  Water Supply to G H P S fitting of Taps to Kitchen  and Toilets at Kithaganur Village Kithaganur GP Bangalore east Taluk",2020-2021,0.20000,0.11652,"25 Dec 2020","03 May 2023",2024-06-07
Karnataka,"Bengaluru Urban","Bangalore East",Kittaganuru,Kithaganur,Kithaganur,0000374340,0008215921,250147506,"Deep Tubewell","Ground Water","Village limit","15 Crore 12102020 Providing and erection of Pump and motor  and pipeline at Kithaganuru village Kithaganuru GP Bangalore East taluk",2020-2021,4.50000,4.49754,"27 Feb 2021","03 May 2023",2024-06-07
Karnataka,"Bengaluru Urban","Bangalore East",Bidarahalli,"Kada Agrahara","Kada Agrahara",0000374316,0007532376,250147525,"Deep Tubewell","Ground Water","Village limit","SCP Providing Piped Water Scheme and House Hold Connection HH 25at Kada agrahara Village in Bidarahalli G.P Bangalore East Taluk",2016-2017,16.00000,15.64659,"01 Sep 2016","31 Mar 2019",2024-06-07
Karnataka,"Bengaluru Urban","Bangalore East",Halanayakanahalli,Halanayakanahalli,Halanayakanahalli,0000374292,0007532414,250147562,"Deep Tubewell","Ground Water","Village limit","G Providing Piped Water Supply Scheme at Halanayakanahalli  Village in Halanayakanahalli G.P Bangalore East Taluk",2016-2017,22.00000,20.54354,"01 Sep 2016","31 Mar 2018",2024-06-07
Karnataka,"Bengaluru Urban","Bangalore East",Doddabanahalli,"Bidare Agrahara","Bidare Agrahara",0000374346,0007532452,250147605,"Deep Tubewell","Ground Water","Village limit","G Revival of MWS Scheme at Chinnagenahalli  (Bidareagrahara) in Doddabanahalli G.P Bangalore East Taluk",2016-2017,8.00000,7.73859,"01 Sep 2016","31 Mar 2018",2024-06-07
Karnataka,"Bengaluru Urban","Bangalore East",Bidarahalli,Margondanahalli,Margondanahalli,0000374312,0007966186,250147718,"Deep Tubewell","Ground Water","Village limit","TFC CEO 080319 Providing and Erection of Pump and motor to Margondanahalli Habitation,  Bidarahalli Gram Panchayath Bangalore East Taluk",2019-2020,4.82000,4.81330,"01 Apr 2020","31 Mar 2020",2024-06-07
Karnataka,"Bengaluru Urban","Bangalore East",Kittaganuru,Kithaganur,Kithaganur,0000374340,0007572778,250169734,"Deep Tubewell","Ground Water","Madareddi Badavane","TFC221116 Drilling of Borewell at Kittaganuru (Madareddi Badavane) Habitation, Kittaganuru GP, Bangalore East Taluk",2016-2017,2.25000,2.24676,"15 Jan 2017","31 Mar 2018",2024-06-07
Karnataka,"Bengaluru Urban","Bangalore East",Kannur,"Bande Bommasandra","Bande Bommasandra",0000374361,0007572973,250169934,"Deep Tubewell","Ground Water",Bandebommasandra,"TFC221116 Drilling of Borewell at Bandebommasandra Habitation, Kannur GP, Bangalore East Taluk",2016-2017,2.20000,2.19647,"15 Jan 2017","28 Feb 2018",2024-06-07
Karnataka,"Bengaluru Urban","Bangalore East",Mandur,Mandur,"Mandur Colony",0000374318,0007853445,250247081,"Deep Tubewell","Ground Water","Village limit","TFC NAC 2018 G Drilling of Borewell(1 No) for Revival of Water Supply Scheme at Manduru Habitation, Manduru GP Bangalore East Taluk",2018-2019,2.00000,0.00000,"05 Sep 2018","03 May 2023",2024-06-07
Karnataka,"Bengaluru Urban","Bangalore East",Mandur,Lagumenahalli,Lagumenahalli,0000374326,0007854024,250247596,"Deep Tubewell","Ground Water","village limit","G Revival of PWS Scheme at Laghumenahalli Habitation Laghumenahalli village Mandur GP Bangalore East Taluk",2018-2019,2.50000,2.49475,"29 Oct 2018","31 Mar 2019",2024-06-07
Karnataka,"Bengaluru Urban","Bangalore East",Kannur,"Kadu Sonnappanahalli","Kadu Sonnappanahalli",0000374367,0007854046,250247614,"Deep Tubewell","Ground Water","Main road","G Revival of MWS Scheme at Kodusonnahalli  Habitation Kodusonnahalli  village Kannuru GP Bangalore East TaluK",2018-2019,2.00000,1.99857,"05 Sep 2018","28 Feb 2019",2024-06-07
Karnataka,"Bengaluru Urban","Bangalore East",Bidarahalli,Gundur,Gundur,0000374310,0007854180,250247745,"Deep Tubewell","Ground Water","Colony road","G Revival of MWS Scheme at Gundur Habitation Gundur village Bidarhalli GP Bangalore East Taluk",2018-2019,3.50000,3.49706,"30 Oct 2018","31 Mar 2019",2024-06-07
Karnataka,"Bengaluru Urban","Bangalore East",Bidarahalli,Gundur,Gundur,0000374310,0008210066,250247745,"Deep Tubewell","Ground Water","Colony road","Providing Water Supply to School  fitting of Taps to Kitchen and Toilets at Gundur Village Bidarahalii GP Bangalore east Taluk",2020-2021,0.19000,0.11648,"29 Nov 2020","03 May 2023",2024-06-07
Karnataka,"Bengaluru Urban","Bangalore East",Kannur,Nadagowdanahalli,Nadagowdanahalli,0000374368,0007854419,250247981,"Deep Tubewell","Ground Water","Village Limit","G Revival of MWS Scheme at Nadagowdana gollahalli  Habitation at Nadagowdana gollahalli village kannur GP Bangalore East Taluk",2018-2019,2.00000,1.99740,"05 Sep 2018","31 Mar 2019",2024-06-07
Karnataka,"Bengaluru Urban","Bangalore East",Mandur,"Kattu Gollahalli","Kattu Gollahalli",0000374319,0007854428,250247990,"Deep Tubewell","Ground Water","Village Limit","G Revival of PWS Scheme at Kattugollahalli Habitation Kattugollahalli village Mandur GP Bangalore East Taluk",2018-2019,2.00000,1.99810,"05 Sep 2018","31 Mar 2019",2024-06-07
Karnataka,"Bengaluru Urban","Bangalore East",Kannur,"Bande Bommasandra","Bande Bommasandra",0000374361,0007867716,250260052,"Deep Tubewell","Ground Water","towards colony road","TFC Drilling of borewell at  Bandebommsandra Village, Kannur GP, Bangalore East Taluk",2018-2019,2.50000,0.00000,"24 Jan 2019","03 May 2023",2024-06-07
Karnataka,"Bengaluru Urban","Bangalore East",Doddabanahalli,Bandapura,Bandapura,0000374345,0007867724,250260057,"Deep Tubewell","Ground Water","Village limit","TFC Drilling of borewell  Near Oxiliam School  at Bandapur Village, Doddabanahalli GP Bangalore East  Taluk",2018-2019,2.50000,0.00000,"24 Jan 2019","03 May 2023",2024-06-07
Karnataka,"Bengaluru Urban","Bangalore East",Bidarahalli,Margondanahalli,Margondanahalli,0000374312,0007878040,250265172,"Deep Tubewell","Ground Water","Village limit","TFC  24122018 Drilling of Borewell at Maragondanahalli Habitation, Bidarahalli GP Bangalore East Taluk",2018-2019,2.30000,2.29791,"11 Mar 2019","31 May 2019",2024-06-07
Karnataka,"Bengaluru Urban","Bangalore East",Bidarahalli,Kammasandra,Kammasandra,0000374309,0007878050,250265183,"Deep Tubewell","Ground Water","village limit","TFC  24122018 Drilling of Borewell at Kammasandra Habitation, Bidarahalli GP Bangalore East Taluk",2018-2019,2.25000,2.04732,"11 Mar 2019","31 May 2019",2024-06-07
Karnataka,"Bengaluru Urban","Bangalore East",Halanayakanahalli,Halanayakanahalli,Krishnappanagara,0001726549,0007880331,250266051,"Deep Tubewell","Ground Water","village limit","TFC241218 Drilling of Borewell at K Krishnanagara Habitation Sullikere GP Bangalore South Taluk",2018-2019,2.50000,2.49616,"15 Feb 2019","31 Mar 2019",2024-06-07
Karnataka,"Bengaluru Urban","Bangalore East",Mandur,Kodigehalli,Kodigehalli,0000374325,0007880352,250266060,"Deep Tubewell","Ground Water","Village limit","TFC NAC 2018 SCP Drilling of Borewells (2 Nos, Laying of Pipeline and Erection of pump motor and ekectrification for Revival of Water Supply Scheme in Kodigehalli habitation Kodigehalli GP Anekal Taluk",2018-2019,17.70000,0.00000,"01 Mar 2019","03 May 2023",2024-06-07
Karnataka,"Bengaluru Urban","Bangalore East",Kannur,"Bande Bommasandra","Bande Bommasandra",0000374361,0007912411,250283046,"Deep Tubewell","Ground Water","Near Road side","SCP Revival of PWS drilling of borewell scheme at Bandebommasandra Habitation Kannur GP",2019-2020,3.50000,3.49714,"01 Oct 2019","31 Mar 2020",2024-06-07
Karnataka,"Bengaluru Urban","Bangalore East",Doddagubbi,Doddagubbi,Doddagubbi,0000374377,0007912445,250283063,"Deep Tubewell","Ground Water","Village limit","SCP Revival of MWS drilling of Borewell,Errection of pumpset With pipeline Scheme at Doddagubbi colony Habitation Doddagubbi GP",2019-2020,12.00000,12.00000,"01 Oct 2019","29 Feb 2020",2024-06-07
Karnataka,"Bengaluru Urban","Bangalore East",Kannur,"Chikka Gubbi","Chikka Gubbi",0000374362,0007912911,250283288,"Deep Tubewell","Ground Water","Village limit","G REvival of MWS Drilling OF Borewell Scheme at Chikkagubbi Habitation Kannur GP",2019-2020,3.50000,3.47620,"25 Oct 2019","03 May 2023",2024-06-07
Karnataka,"Bengaluru Urban","Bangalore East",Halanayakanahalli,Halanayakanahalli,Halanayakanahalli,0000374292,0008220798,250299737,"Deep Tubewell","Ground Water","Village limit 1","15 Crore 12102020 Drilling of Borewell at  Halanayakanahalli Village Halanayakanahalli  GP Bangalore East taluk",2020-2021,3.00000,2.72351,"25 Feb 2021","03 May 2023",2024-06-07
Karnataka,"Bengaluru Urban","Bangalore East",Bidarahalli,Bidarahalli,Bidarahalli,0000374307,0008225294,250300370,"Deep Tubewell","Ground Water","Village limit 1","15 Crore 12102020 Providing and Laying of Pipeline at Bidarahalli Village Bidarahalli GP Bangalore East Tq",2020-2021,1.50000,1.49781,"14 Feb 2021","03 May 2023",2024-06-07
Karnataka,"Bengaluru Urban","Bangalore East",Kannur,Yerappanahalli,Yerappanahalli,0000374369,0003308526,3164973,"Deep Tubewell","Ground Water","Yarappanahalli Narayana reddy farm","Yarappanahalli Narayana reddy farm","Not Known",0.90000,0.00000,"01 Jan 1900","01 Jan 1900",2024-06-07
Karnataka,"Bengaluru Urban","Bangalore East",Kannur,"Chikka Gubbi","Chikka Gubbi",0000374362,0003308548,3164992,"Deep Tubewell","Ground Water",Chikkagubbi,Chikkagubbi,"Not Known",0.90000,0.00000,"01 Jan 1900","01 Jan 1900",2024-06-07
Karnataka,"Bengaluru Urban","Bangalore East",Kannur,Kannur,Kannur,0000374363,0003308586,3165024,"Deep Tubewell","Ground Water","Kannur village Yarappanahalli road","Kannur village Yarappanahalli road","Not Known",0.90000,0.00000,"01 Jan 1900","01 Jan 1900",2024-06-07
Karnataka,"Bengaluru Urban","Bangalore East",Kannur,"Bande Bommasandra","Bande Bommasandra",0000374361,0003308604,3165042,"Deep Tubewell","Ground Water","Bande Bommasandra deside SC Colony","Bande Bommasandra deside SC Colony","Not Known",0.90000,0.00000,"01 Jan 1900","01 Jan 1900",2024-06-07
Karnataka,"Bengaluru Urban","Bangalore East",Kannur,Kannur,Kannur,0000374363,0003308671,3165116,"Deep Tubewell","Ground Water","NG Gollahalli near Adyayana Kendra","NG Gollahalli near Adyayana Kendra","Not Known",0.90000,0.00000,"01 Jan 1900","01 Jan 1900",2024-06-07
Karnataka,"Bengaluru Urban","Bangalore East",Doddagubbi,Doddagubbi,Doddagubbi,0000374377,0003309079,3165611,"Deep Tubewell","Ground Water","Doddagubbinear Basappa house","Doddagubbinear Basappa house","Not Known",0.90000,0.00000,"27 Nov 2010","27 Nov 2010",2024-06-07
Karnataka,"Bengaluru Urban","Bangalore East",Halanayakanahalli,Halanayakanahalli,Halanayakanahalli,0000374292,0003588041,3452632,"Deep Tubewell","Ground Water","Village Limits","Construction of OHT",2011-2012,15.00000,6.25709,"15 Jun 2011","31 Oct 2012",2024-06-07
Karnataka,"Bengaluru Urban","Bangalore East",Kodathi,Kodathi,"Kodathi Colony",0000374289,0003621237,3486030,"Deep Tubewell","Ground Water","Village Limits","Pipeline Extension",2011-2012,1.20000,0.00000,"15 Jul 2011","15 Mar 2012",2024-06-07
Karnataka,"Bengaluru Urban","Bangalore East",Avalahalli,Avalahalli,Avalahalli,0000374335,0003639377,3504148,"Deep Tubewell","Ground Water","Near Road Side","Pipeline Extension",2011-2012,5.00000,0.00000,"20 Jul 2011","15 Mar 2012",2024-06-07
Karnataka,"Bengaluru Urban","Bangalore East",Mandur,Mandur,Mandur,0000374317,0003639423,3504192,"Deep Tubewell","Ground Water","Near Road Side","Pipeline Extension",2011-2012,4.00000,0.00000,"20 Jul 2011","15 Mar 2012",2024-06-07
Karnataka,"Bengaluru Urban","Bangalore East",Kannamangala,Kannamangala,Kannamangala,0001622947,0003639486,3504252,"Deep Tubewell","Ground Water","Near Road Side","Pipeline Extension",2011-2012,4.00000,0.00000,"20 Jul 2011","15 Mar 2012",2024-06-07
Karnataka,"Bengaluru Urban","Bangalore East",Kannamangala,Kannamangala,Kannamangala,0001622947,0003669799,3534884,"Deep Tubewell","Ground Water",NA,Addl.cistern,2006-2007,0.75000,0.00001,"30 Jun 2006","31 Jan 2007",2024-06-07
Karnataka,"Bengaluru Urban","Bangalore East",Bidarahalli,Hirandahalli,Hirandahalli,0000374313,0003729317,3593973,"Deep Tubewell","Ground Water","Govt. Primary School","School Water Supply",2011-2012,1.00000,0.00000,"15 Aug 2011","15 Feb 2012",2024-06-07
Karnataka,"Bengaluru Urban","Bangalore East",Doddabanahalli,Konadasapura,Konadasapura,0000374342,0007162379,3594137,"Deep Tubewell","Ground Water","Govt. Primary School","ST COLONY Revival of MWS  Scheme",2015-2016,3.00000,0.00000,"25 Oct 2015","31 Mar 2016",2024-06-07
Karnataka,"Bengaluru Urban","Bangalore East",Mandur,Raghuvenahalli,Raghuvenahalli,0000374324,0003739946,3604712,"Deep Tubewell","Ground Water",NA,"School Water Supply",2011-2012,1.00000,0.00000,"15 Jul 2011","15 Mar 2012",2024-06-07
Karnataka,"Bengaluru Urban","Bangalore East",Avalahalli,Avalahalli,Virgonagar,0000374337,0003870350,3736840,"Deep Tubewell","Ground Water","Village Main Road","Providing Piped Water Supply",2011-2012,22.00000,0.00000,"21 Aug 2011","15 Mar 2013",2024-06-07
Karnataka,"Bengaluru Urban","Bangalore East",Kannur,Kannur,Kannur,0000374363,0003870724,3737214,"Deep Tubewell","Ground Water","Road Side","Revival of PWS",2011-2012,6.00000,0.00000,"21 Aug 2011","25 Jan 2012",2024-06-07
Karnataka,"Bengaluru Urban","Bangalore East",Mandur,Bendiganahalli,Bendiganahalli,0000374328,0003870799,3737290,"Deep Tubewell","Ground Water","Towards Village Limits","Revival of PWS",2011-2012,6.00000,0.00000,"25 Aug 2011","26 Jan 2012",2024-06-07
Karnataka,"Bengaluru Urban","Bangalore East",Mandur,Mandur,"Mandur Colony",0000374318,0003870852,3737343,"Deep Tubewell","Ground Water","Towards Village Limits","Revival of PWS",2011-2012,6.00000,0.00000,"25 Aug 2011","30 Jan 2012",2024-06-07
Karnataka,"Bengaluru Urban","Bangalore East",Avalahalli,Cheemasandra,Cheemasandra,0000374332,0005219906,5163140,"Deep Tubewell","Ground Water","Main road","Revival of PWS",2012-2013,3.00000,3.07045,"28 Dec 2012","20 Mar 2013",2024-06-07
Karnataka,"Bengaluru Urban","Bangalore East",Kittaganuru,Halehalli,Halehalli,0000374338,0005219918,5163152,"Deep Tubewell","Ground Water","Main road","Revival of MWS",2012-2013,3.00000,2.53697,"27 Dec 2012","03 Mar 2014",2024-06-07
Karnataka,"Bengaluru Urban","Bangalore East",Kodathi,Kachamaranahalli,Kachamaranahalli,0000374282,0005363355,5300382,"Deep Tubewell","Ground Water","Village limit","Drilling of BW",2012-2013,2.00000,1.72131,"07 Mar 2013","03 Mar 2014",2024-06-07
Karnataka,"Bengaluru Urban","Bangalore East",Mandur,Raghuvenahalli,Raghuvenahalli,0000374324,0005363430,5300468,"Deep Tubewell","Ground Water","Village limit","Drilling of BW",2012-2013,2.00000,1.63120,"07 Mar 2013","10 May 2013",2024-06-07
Karnataka,"Bengaluru Urban","Bangalore East",Kannamangala,Kannamangala,"Kannamangala Colony",0001622946,0005363473,5300511,"Deep Tubewell","Ground Water","Bevinamarada colony","Drilling of BW",2012-2013,2.00000,1.99856,"07 Mar 2013","03 Mar 2014",2024-06-07
Karnataka,"Bengaluru Urban","Bangalore East",Kannamangala,Kannamangala,Kannamangala,0001622947,0005363495,5300533,"Deep Tubewell","Ground Water","Village limit","Drilling of BW",2012-2013,2.00000,2.06000,"07 Mar 2013","03 Mar 2014",2024-06-07
Karnataka,"Bengaluru Urban","Bangalore East",Kodathi,Kachamaranahalli,Kachamaranahalli,0000374282,0005363595,5300623,"Deep Tubewell","Ground Water","Village limit","Revival of MWS",2012-2013,2.75000,2.74216,"07 Mar 2013","11 Feb 2014",2024-06-07
Karnataka,"Bengaluru Urban","Bangalore East",Doddabanahalli,Bandapura,Bandapura,0000374345,0005363666,5300694,"Deep Tubewell","Ground Water","Village limit","Revival of MWS",2012-2013,2.75000,2.75272,"07 Mar 2013","10 Mar 2014",2024-06-07
Karnataka,"Bengaluru Urban","Bangalore East",Mandur,Mandur,Mandur,0000374317,0005364536,5301543,"Deep Tubewell","Ground Water","Village limit","Drilling of BW",2012-2013,3.09000,3.09000,"22 Oct 2012","31 Mar 2013",2024-06-07
Karnataka,"Bengaluru Urban","Bangalore East",Bidarahalli,Byappanahalli,Byappanahalli,0000374308,0005364550,5301557,"Deep Tubewell","Ground Water","Village limit","Drilling of BW",2012-2013,1.36000,1.36000,"22 Sep 2012","31 Mar 2013",2024-06-07
Karnataka,"Bengaluru Urban","Bangalore East",Doddabanahalli,Bandapura,Bandapura,0000374345,0005530200,5474100,"Deep Tubewell","Ground Water","Village limit","Revival of MWS Scheme",2013-2014,5.00000,0.00000,"10 Sep 2013","25 Feb 2014",2024-06-07
Karnataka,"Bengaluru Urban","Bangalore East",Kodathi,Sullikunte,Sullikunte,0000374286,0005530246,5474239,"Deep Tubewell","Ground Water","Village limit","SCP Revival of PWS Scheme",2013-2014,20.00000,18.38308,"15 Sep 2013","31 Mar 2018",2024-06-07
Karnataka,"Bengaluru Urban","Bangalore East",Doddagubbi,Doddagubbi,Doddagubbi,0000374377,0005530773,5474840,"Deep Tubewell","Ground Water","Village limit","Revival of PWS Scheme",2013-2014,7.50000,0.43369,"05 Sep 2013","18 Mar 2014",2024-06-07
Karnataka,"Bengaluru Urban","Bangalore East",Kittaganuru,Kithaganur,"Kithaganur Colony",0000374341,0005530820,5474880,"Deep Tubewell","Ground Water","Village limit","Providing Piped Water Supply Scheme",2013-2014,25.00000,0.00000,"15 Sep 2013","28 Dec 2014",2024-06-07
Karnataka,"Bengaluru Urban","Bangalore East",Mandur,Nimbekaipura,Nimbekaipura,0000374331,0005531772,5475696,"Deep Tubewell","Ground Water","Village limit","Revival of MWS Scheme",2013-2014,5.00000,5.07157,"15 Sep 2013","03 Mar 2014",2024-06-07
Karnataka,"Bengaluru Urban","Bangalore East",Doddabanahalli,"Bidare Agrahara","Bidare Agrahara",0000374346,0005627820,5593075,"Deep Tubewell","Ground Water",Chinnanagenahalli,"Drinking Water Facility to Anganawadi",2013-2014,1.00000,0.99479,"22 Sep 2013","25 Mar 2014",2024-06-07
Karnataka,"Bengaluru Urban","Bangalore East",Mandur,"Kattu Gollahalli","Kattu Gollahalli",0000374319,0005628139,5593462,"Deep Tubewell","Ground Water","Village limit","Drinking Water Facility to Anganawadi",2013-2014,1.00000,0.98719,"22 Sep 2013","20 Mar 2014",2024-06-07
Karnataka,"Bengaluru Urban","Bangalore East",Mandur,Bommenahalli,Bommenahalli,0000374327,0005628165,5593490,"Deep Tubewell","Ground Water","Village limit","Drinking Water Facility to Anganawadi",2013-2014,1.00000,0.98719,"22 Sep 2013","18 Mar 2014",2024-06-07
Karnataka,"Bengaluru Urban","Bangalore East",Kannur,"Kadu Sonnappanahalli","Kadu Sonnappanahalli",0000374367,0005628198,5593530,"Deep Tubewell","Ground Water","Village limit","Drinking Water Facility to Anganawadi",2013-2014,1.00000,0.99789,"20 Sep 2013","14 Mar 2014",2024-06-07
Karnataka,"Bengaluru Urban","Bangalore East",Doddagubbi,Rampura,Rampura,0000374370,0005628258,5593601,"Deep Tubewell","Ground Water","Village limit","Drinking Water Facility to Anganawadi",2013-2014,1.00000,0.98719,"22 Sep 2013","25 Mar 2014",2024-06-07
Karnataka,"Bengaluru Urban","Bangalore East",Kannur,Nadagowdanahalli,Nadagowdanahalli,0000374368,0005628327,5593670,"Deep Tubewell","Ground Water","Village limit","Drinking Water Facility to Anganawadi",2013-2014,1.00000,0.99986,"22 Sep 2013","20 Mar 2014",2024-06-07
Karnataka,"Bengaluru Urban","Bangalore East",Doddagubbi,Rampura,Rampura,0000374370,0005640198,5600184,"Deep Tubewell","Ground Water","Village limit","Revival of PWS Scheme",2013-2014,8.00000,7.65340,"15 Sep 2013","20 Mar 2014",2024-06-07
Karnataka,"Bengaluru Urban","Bangalore East",Kannur,"Chikka Gubbi","Chikka Gubbi",0000374362,0006374332,250034829,"Deep Tubewell","Ground Water","Village limit","Revival of MWS Scheme",2013-2014,8.00000,8.00000,"25 Apr 2014","31 Mar 2015",2024-06-07
Karnataka,"Bengaluru Urban","Bangalore East",Mandur,Huskur,Huskur,0000374329,0006374338,250034833,"Deep Tubewell","Ground Water","Village limit","G Revival of PWS Scheme",2013-2014,10.00000,6.02236,"25 Apr 2014","31 Mar 2018",2024-06-07
Karnataka,"Bengaluru Urban","Bangalore East",Kodathi,Valepura,"Valepura Colony",0000374256,0006374337,250065315,"Deep Tubewell","Ground Water","Colony Limit","Revival of MWS Scheme",2013-2014,6.00000,0.00000,"27 Apr 2014","01 Mar 2015",2024-06-07
Karnataka,"Bengaluru Urban","Bangalore East",Seegehalli,Seegehalli,"Seegehalli Thopu",0000374352,0006374342,250065321,"Deep Tubewell","Ground Water","Colony Limit","Revival of MWS Scheme",2013-2014,6.00000,6.24027,"27 Apr 2014","22 Feb 2015",2024-06-07
Karnataka,"Bengaluru Urban","Bangalore East",Kannur,"Bande Bommasandra","Bande Bommasandra",0000374361,0006670216,250068017,"Deep Tubewell","Ground Water","Near OHT","SCP Consruction of Sumptank with Watersupply Works",2014-2015,20.00000,16.91072,"20 Sep 2014","31 Dec 2015",2024-06-07
Karnataka,"Bengaluru Urban","Bangalore East",Doddabanahalli,Doddabanahalli,"Doddabanahalli Colony",0000374348,0006670228,250068027,"Deep Tubewell","Ground Water","Colony limit","G Individual House Connections",2014-2015,3.45000,3.40245,"20 Sep 2014","01 Oct 2015",2024-06-07
Karnataka,"Bengaluru Urban","Bangalore East",Halanayakanahalli,Halanayakanahalli,Krishnappanagara,0001726549,0006670240,250068037,"Deep Tubewell","Ground Water","Colony limit","G Individual House Connections",2014-2015,5.40000,5.30069,"20 Sep 2014","01 Oct 2015",2024-06-07
Karnataka,"Bengaluru Urban","Bangalore East",Mandur,Bommenahalli,Bommenahalli,0000374327,0006670257,250068050,"Deep Tubewell","Ground Water","Colony limit","Individual House Connections",2014-2015,5.40000,5.37942,"25 Sep 2014","27 Mar 2015",2024-06-07
Karnataka,"Bengaluru Urban","Bangalore East",Doddabanahalli,Bandapura,Bandapura,0000374345,0006686296,250073644,"Deep Tubewell","Ground Water","village limit","drilling of borewell",2014-2015,2.00000,1.79450,"19 Jul 2014","18 Mar 2015",2024-06-07
Karnataka,"Bengaluru Urban","Bangalore East",Bidarahalli,Hirandahalli,Hirandahalli,0000374313,0006686550,250073768,"Deep Tubewell","Ground Water","Village limit","G Drilling of Borewell",2014-2015,2.00000,0.00000,"19 Jul 2014","20 Mar 2016",2024-06-07
Karnataka,"Bengaluru Urban","Bangalore East",Halanayakanahalli,Halanayakanahalli,Halanayakanahalli,0000374292,0006686574,250073781,"Deep Tubewell","Ground Water","Village limit","G Drilling of Borewell",2014-2015,2.00000,0.00000,"19 Jul 2014","20 Feb 2016",2024-06-07
Karnataka,"Bengaluru Urban","Bangalore East",Kittaganuru,"Kurudu Sonnenahalli","Kurudu Sonnenahalli",0000374333,0006849775,250076121,"Deep Tubewell","Ground Water","Near Main road","SCP TFC 20.10.2014 Drilling of Borewell,Errection of Pumpset with Pipe line and Energisation in Kurudu sonnenahalli Habitation",2014-2015,8.00000,7.99000,"10 Dec 2014","31 Mar 2018",2024-06-07
Karnataka,"Bengaluru Urban","Bangalore East",Avalahalli,Avalahalli,Avalahalli,0000374335,0001300845,125723,"Deep Tubewell","Ground Water",NA,"village limit",2007-2008,4.00000,3.98000,"15 Oct 2008","11 Feb 2009",2024-06-07
Karnataka,"Bengaluru Urban","Bangalore East",Bidarahalli,Bidarahalli,Bidarahalli,0000374307,0001757793,1506390,"Deep Tubewell","Ground Water","Near Gundur Road","Near Old Tank",2008-2009,15.00000,0.74000,"02 Mar 2009","15 Nov 2009",2024-06-07
Karnataka,"Bengaluru Urban","Bangalore East",Mandur,Lagumenahalli,Lagumenahalli,0000374326,0002559330,2362624,"Deep Tubewell","Ground Water","tank bed","Village limits",2008-2009,15.00000,8.10000,"18 Sep 2009","18 Oct 2010",2024-06-07
Karnataka,"Bengaluru Urban","Bangalore East",Avalahalli,Avalahalli,"Avalahalli Jhc",0000374336,0002597264,2402596,"Deep Tubewell","Ground Water","Village limits","Providing community unit terrafil at Avalahalli JHC village in Bangalore East Taluk",2010-2011,1.65000,0.00000,"01 Apr 2010","01 Jul 2010",2024-06-07
Karnataka,"Bengaluru Urban","Bangalore East",Kannur,Mittaganahalli,Mittaganahalli,0000374366,0002599264,2404717,"Deep Tubewell","Ground Water","Village limits","Providing community terrafil unit at Mittiganahalli village in Bangalore East taluk",2010-2011,1.65000,0.00000,"01 Apr 2010","28 Feb 2012",2024-06-07
Karnataka,"Bengaluru Urban","Bangalore East",Doddabanahalli,Gorvigere,Gorvigere,0000374344,0002599314,2404775,"Deep Tubewell","Ground Water","Village limits","Providing community terrafil unit at Goravigere village in Bangalore East Taluk",2010-2011,2.75000,0.00000,"01 Apr 2010","01 Jul 2010",2024-06-07
Karnataka,"Bengaluru Urban","Bangalore East",Halanayakanahalli,Chikkanayakanahalli,Chikkanayakanahalli,0000374291,0003110365,2956436,"Deep Tubewell","Ground Water","Maramma Temple","Maramma Temple","Not Known",0.90000,0.00000,"23 Nov 2010","23 Nov 2010",2024-06-07
Karnataka,"Bengaluru Urban","Bangalore East",Kodathi,Sullikunte,Sullikunte,0000374286,0003175954,3026802,"Deep Tubewell","Ground Water","Near Government School Valepura Dinne","Near Government School Valepura Dinne","Not Known",0.90000,0.00000,"26 Nov 2010","26 Nov 2010",2024-06-07
Karnataka,"Bengaluru Urban","Bangalore East",Kodathi,Mullur,Mullur,0000374284,0003176012,3026868,"Deep Tubewell","Ground Water","Government Lake","Government Lake","Not Known",0.90000,0.00000,"26 Nov 2010","26 Nov 2010",2024-06-07
Karnataka,"Bengaluru Urban","Bangalore East",Seegehalli,Seegehalli,"Seegehalli Thopu",0000374352,0003870891,3737382,"Deep Tubewell","Ground Water","Towards Village Limits","Revival of MWS",2011-2012,5.50000,1.29915,"21 Aug 2011","01 Mar 2013",2024-06-07
Karnataka,"Bengaluru Urban","Bangalore East",Kodathi,Kachamaranahalli,Kachamaranahalli,0000374282,0003915834,3784275,"Deep Tubewell","Ground Water","Road Side","Revival of PWS",2011-2012,6.00000,0.00000,"21 Aug 2011","25 Jan 2012",2024-06-07
Karnataka,"Bengaluru Urban","Bangalore East",Kittaganuru,Kithaganur,Kithaganur,0000374340,0004870123,4797172,"Deep Tubewell","Ground Water","Towards Main Road","Providing Piped Water Supply Scheme",2012-2013,20.00000,22.11294,"25 Sep 2012","14 Jan 2015",2024-06-07
Karnataka,"Bengaluru Urban","Bangalore East",Kodathi,Kachamaranahalli,Kachamaranahalli,0000374282,0004870252,4797278,"Deep Tubewell","Ground Water","Towards Main Road","Revival of PWS Scheme",2012-2013,10.00000,9.99948,"25 Sep 2012","04 Dec 2012",2024-06-07
Karnataka,"Bengaluru Urban","Bangalore East",Kodathi,Valepura,Valepura,0000374255,0004870284,4797308,"Deep Tubewell","Ground Water","Towards Muthasandra Village Road","Revival of PWS Scheme",2012-2013,20.00000,20.29689,"25 Sep 2012","31 Dec 2018",2024-06-07
Karnataka,"Bengaluru Urban","Bangalore East",Kannamangala,Kannamangala,Kannamangala,0001622947,0004872118,4798995,"Deep Tubewell","Ground Water","Towards HKA Road","Revival of MWS Scheme",2012-2013,5.00000,4.99950,"15 Sep 2012","03 Mar 2014",2024-06-07
Karnataka,"Bengaluru Urban","Bangalore East",Kannamangala,Kannamangala,"Kannamangala Colony",0001622946,0004872127,4799004,"Deep Tubewell","Ground Water","Colony road","Revival of MWS Scheme",2012-2013,5.00000,4.99988,"15 Sep 2012","22 Feb 2013",2024-06-07
Karnataka,"Bengaluru Urban","Bangalore East",Mandur,Hancharahalli,Hancharahalli,0000374323,0004872134,4799011,"Deep Tubewell","Ground Water","Colony road","Revival of MWS Scheme",2012-2013,5.00000,4.21675,"15 Sep 2012","31 Jan 2013",2024-06-07
Karnataka,"Bengaluru Urban","Bangalore East",Bidarahalli,Gundur,Gundur,0000374310,0006994214,4799034,"Deep Tubewell","Ground Water","Colony road","G TFC050515 Electrification to Existing Borewell at Gundur Habitation, Bidarahalli G.P",2015-2016,2.78000,2.76850,"21 Jul 2015","31 Mar 2017",2024-06-07
Karnataka,"Bengaluru Urban","Bangalore East",Bidarahalli,Margondanahalli,Margondanahalli,0000374312,0004872160,4799037,"Deep Tubewell","Ground Water","Main road","Revival of MWS Scheme",2012-2013,5.00000,4.99980,"25 Sep 2012","20 Mar 2013",2024-06-07
Karnataka,"Bengaluru Urban","Bangalore East",Kannur,"Kadu Sonnappanahalli","Kadu Sonnappanahalli",0000374367,0004880175,4806588,"Deep Tubewell","Ground Water","Village limit","Revival of PWS Scheme",2012-2013,5.00000,4.99897,"15 Sep 2012","05 Dec 2012",2024-06-07
Karnataka,"Bengaluru Urban","Bangalore East",Kannur,Yerappanahalli,Yerappanahalli,0000374369,0004880272,4806682,"Deep Tubewell","Ground Water","Tank Bed","Revival of MWS Scheme",2012-2013,10.00000,8.42409,"15 Sep 2012","12 Dec 2012",2024-06-07
Karnataka,"Bengaluru Urban","Bangalore East",Doddagubbi,Rampura,Rampura,0000374370,0004933392,4854264,"Deep Tubewell","Ground Water",GHPS,"School Water Supply",2012-2013,1.00000,0.95518,"10 Sep 2012","15 Mar 2013",2024-06-07
Karnataka,"Bengaluru Urban","Bangalore East",Doddagubbi,Anagalpura,Anagalpura,0000374376,0004933394,4854266,"Deep Tubewell","Ground Water",GHPS,"School Water Supply",2012-2013,1.00000,0.95518,"10 Sep 2012","20 Mar 2013",2024-06-07
Karnataka,"Bengaluru Urban","Bangalore East",Kodathi,Kodathi,Kodathi,0000374288,0004933397,4854269,"Deep Tubewell","Ground Water",GHPS,"School Water Supply",2012-2013,1.00000,0.99858,"10 Sep 2012","15 Mar 2013",2024-06-07
Karnataka,"Bengaluru Urban","Bangalore East",Kannur,Nadagowdanahalli,Nadagowdanahalli,0000374368,0005219881,5163107,"Deep Tubewell","Ground Water","Near School","Revival of PWS",2012-2013,3.50000,0.00000,"26 Dec 2012","20 Mar 2013",2024-06-07
Karnataka,"Bengaluru Urban","Bangalore East",Kannur,"Bande Bommasandra","Bande Bommasandra",0000374361,0005219887,5163113,"Deep Tubewell","Ground Water","towards colony road","Revival of MWS",2012-2013,4.00000,3.34000,"26 Dec 2012","20 Mar 2013",2024-06-07
Karnataka,"Bengaluru Urban","Bangalore East",Mandur,Mandur,Mandur,0000374317,0000697095,126318,"Deep Tubewell","Ground Water",NA,"village limit",2007-2008,4.00000,2.83000,"08 Apr 2008","27 Jun 2008",2024-06-07
Karnataka,"Bengaluru Urban","Bangalore East",Kannur,Kannur,Kannur,0000374363,0000444723,126762,"Deep Tubewell","Ground Water",NA,"village limit",2007-2008,5.00000,0.01000,"23 Nov 2007","08 Jul 2008",2024-06-07
Karnataka,"Bengaluru Urban","Bangalore East",Bidarahalli,Bidarahalli,Bidarahalli,0000374307,0001757854,1506935,"Deep Tubewell","Ground Water","Near Gundur Road","Near Old Tank",2008-2009,15.00000,0.74000,"02 Mar 2009","30 May 2010",2024-06-07
Karnataka,"Bengaluru Urban","Bangalore East",Kannur,"Chikka Gubbi","Chikka Gubbi",0000374362,0001765660,1514973,"Deep Tubewell","Ground Water","Outside Village","Village Limit",2008-2009,4.58000,2.31000,"18 Jan 2009","30 May 2010",2024-06-07
Karnataka,"Bengaluru Urban","Bangalore East",Bidarahalli,Adur,Adur,0000374315,0002597469,2402799,"Deep Tubewell","Ground Water","Village Limits","Village Limits",2010-2011,5.00000,0.00000,"30 Jun 2010","31 Mar 2011",2024-06-07
Karnataka,"Bengaluru Urban","Bangalore East",Kannamangala,Kannamangala,"Kannamangala Colony",0001622946,0002597490,2402818,"Deep Tubewell","Ground Water","Village limits","Providing community terrafil unit at Kannamangala colony village at Bangalore East Taluk",2010-2011,0.55000,0.00000,"01 Apr 2010","01 Jul 2010",2024-06-07
Karnataka,"Bengaluru Urban","Bangalore East",Bidarahalli,Gundur,Gundur,0000374310,0002597608,2402912,"Deep Tubewell","Ground Water","Village limits","Providing community terrafil unit at Gundur village in Bangalore East Taluk",2010-2011,2.20000,0.00000,"01 Apr 2010","01 Jul 2010",2024-06-07
Karnataka,"Bengaluru Urban","Bangalore East",Kodathi,Sullikunte,"Sulikunte Colony",0000374287,0002599202,2404650,"Deep Tubewell","Ground Water","Village limits","Providing community terrafil unit at Sulikunte village in Bangalore East Taluk",2010-2011,1.65000,0.00000,"01 Apr 2010","01 Jul 2010",2024-06-07
Karnataka,"Bengaluru Urban","Bangalore East",Kodathi,Mullur,Mullur,0000374284,0007148968,2404675,"Deep Tubewell","Ground Water","Village Limits","SW Drinking Water Facility to Primary School",2015-2016,1.00000,0.00000,"25 Oct 2015","31 Mar 2016",2024-06-07
Karnataka,"Bengaluru Urban","Bangalore East",Mandur,Lagumenahalli,Lagumenahalli,0000374326,0002599280,2404734,"Deep Tubewell","Ground Water","Village limits","Providing Community terrafil unit at Laghumenahalli village in Bangalore East Taluk",2010-2011,0.55000,0.00000,"01 Apr 2010","01 Jul 2010",2024-06-07
Karnataka,"Bengaluru Urban","Bangalore East",Doddabanahalli,"Bidare Agrahara","Bidare Agrahara",0000374346,0007154720,2404743,"Deep Tubewell","Ground Water","Village limits","ST COLONY Revival of PWS Scheme",2015-2016,3.00000,0.00000,"25 Oct 2015","31 Mar 2016",2024-06-07
Karnataka,"Bengaluru Urban","Bangalore East",Doddabanahalli,Bandapura,Bandapura,0000374345,0002599411,2404879,"Deep Tubewell","Ground Water","Village limits","Providing community terrafil unit at Bandapura village in Bangalore East Taluk",2010-2011,1.10000,0.00000,"01 Apr 2010","01 Jul 2010",2024-06-07
Karnataka,"Bengaluru Urban","Bangalore East",Mandur,Thirumenahalli,Thirumenahalli,0000374322,0002599428,2404896,"Deep Tubewell","Ground Water","Village limits","Providing community terrafil unit at Thirumenahalli village in Bangalore East Taluk",2010-2011,1.10000,0.00000,"01 Apr 2010","28 Feb 2012",2024-06-07
Karnataka,"Bengaluru Urban","Bangalore East",Mandur,Hancharahalli,Hancharahalli,0000374323,0002599482,2404961,"Deep Tubewell","Ground Water","Village limits","Providing community terrafil unit at Hancharahalli village in Bangalore East Taluk",2010-2011,2.75000,0.00000,"01 Apr 2010","28 Feb 2012",2024-06-07
Karnataka,"Bengaluru Urban","Bangalore East",Halanayakanahalli,Chikkanayakanahalli,Chikkanayakanahalli,0000374291,0003110359,2956430,"Deep Tubewell","Ground Water","Beside Kodathi Road College-1, Chikkanayakanahalli Dinne","Beside Kodathi Road College-1, Chikkanayakanahalli Dinne","Not Known",0.90000,0.00000,"23 Nov 2010","23 Nov 2010",2024-06-07
Karnataka,"Bengaluru Urban","Bangalore East",Halanayakanahalli,"Hado Siddapura","Hado Siddapura",0000374290,0003110386,2956457,"Deep Tubewell","Ground Water","Near Burial Ground, Kodandarampura","Near Burial Ground, Kodandarampura","Not Known",0.90000,0.00000,"23 Nov 2010","23 Nov 2010",2024-06-07
Karnataka,"Bengaluru Urban","Bangalore East",Halanayakanahalli,Chikkanayakanahalli,Chikkanayakanahalli,0000374291,0003110426,2956497,"Deep Tubewell","Ground Water","Near Ravi Shankar House","Near Ravi Shankar House","Not Known",0.90000,0.00000,"23 Nov 2010","23 Nov 2010",2024-06-07
Karnataka,"Bengaluru Urban","Bangalore East",Halanayakanahalli,Halanayakanahalli,Halanayakanahalli,0000374292,0003168162,3018692,"Deep Tubewell","Ground Water","Near Kerkodi","Near Kerkodi","Not Known",0.90000,0.00000,"25 Nov 2010","25 Nov 2010",2024-06-07
Karnataka,"Bengaluru Urban","Bangalore East",Kodathi,Kodathi,Kodathi,0000374288,0003173175,3023945,"Deep Tubewell","Ground Water","Ayyappa Swamy Temple","Government Lake","Not Known",0.90000,0.00000,"25 Nov 2010","25 Nov 2010",2024-06-07
Karnataka,"Bengaluru Urban","Bangalore East",Kodathi,Kodathi,"Kodathi Colony",0000374289,0003173182,3023952,"Deep Tubewell","Ground Water","Near Government Pond","Near Government Pond","Not Known",0.90000,0.00000,"25 Nov 2010","25 Nov 2010",2024-06-07
Karnataka,"Bengaluru Urban","Bangalore East",Kodathi,Mullur,Mullur,0000374284,0003175994,3026847,"Deep Tubewell","Ground Water","Near Gowramana Lake","Near Gowramana Lake","Not Known",0.90000,0.00000,"26 Nov 2010","26 Nov 2010",2024-06-07
Karnataka,"Bengaluru Urban","Bangalore East",Kodathi,Mullur,Mullur,0000374284,0006998222,3026847,"Deep Tubewell","Ground Water","Near Gowramana Lake","G TFC050515 Drilling of Borewell with Electrification and laying of Pipe line to existing Borewell at Mullur Habitation, Kodathi G.P",2015-2016,2.50000,0.00001,"21 Jul 2015","31 Oct 2019",2024-06-07
Karnataka,"Bengaluru Urban","Bangalore East",Kodathi,Sullikunte,Sullikunte,0000374286,0007573062,250170008,"Deep Tubewell","Ground Water",Sulikunte,"TFC221116 Drilling of Borewell at Sulikunte Habitation, Kodathi GP, Bangalore East Taluk",2016-2017,2.20000,2.12863,"15 Jan 2017","28 Feb 2018",2024-06-07
Karnataka,"Bengaluru Urban","Bangalore East",Doddagubbi,Rampura,Rampura,0000374370,0007573068,250170014,"Deep Tubewell","Ground Water",Rampura,"TFC221116 Drilling of Borewell at Rampura Habitation, Doddagubbi GP, Bangalore East Taluk",2016-2017,2.00000,1.99694,"15 Jan 2017","31 Mar 2018",2024-06-07
Karnataka,"Bengaluru Urban","Bangalore East",Kittaganuru,"Kurudu Sonnenahalli","Kurudu Sonnenahalli",0000374333,0007637592,250185513,"Deep Tubewell","Ground Water","Colony Road","TFC220217 Drilling of Borewell at kurudusonnenahalli Habitation, kittaganur  GP, Bangalore East Taluk",2016-2017,2.00000,1.95921,"05 May 2017","31 Mar 2018",2024-06-07
Karnataka,"Bengaluru Urban","Bangalore East",Mandur,Nimbekaipura,Nimbekaipura,0000374331,0007637605,250185516,"Deep Tubewell","Ground Water","towards MI Tank","TFC220217 Providing and Erection of Pump and Motor at Nimbekayipura Near Anjaneya Temple Habitation, Mandur G.P, Bangalore East Taluk",2016-2017,3.35000,3.34704,"05 May 2017","31 Mar 2018",2024-06-07
Karnataka,"Bengaluru Urban","Bangalore East",Kodathi,Valepura,Valepura,0000374255,0007642285,250186419,"Deep Tubewell","Ground Water","Towards Muthasandra Village Road","TFC220217 Drilling of Borewell at Valepura Habitation, Kodathi GP, Bangalore East Taluk.",2016-2017,2.20000,2.19717,"05 May 2017","31 Mar 2018",2024-06-07
Karnataka,"Bengaluru Urban","Bangalore East",Avalahalli,Avalahalli,Avalahalli,0000374335,0007701581,250196110,"Deep Tubewell","Ground Water","Village limit","TFC170417 Drilling of Borewell at Avalahalli Habitation, Avalahalli  G.P Bangalore East Taluk",2017-2018,2.40000,2.25496,"10 Jul 2017","31 Mar 2018",2024-06-07
Karnataka,"Bengaluru Urban","Bangalore East",Bidarahalli,Gundur,Gundur,0000374310,0007701833,250196204,"Deep Tubewell","Ground Water","Colony road","TFC170417 Drilling of Borewell at Gunduru Habitation, Bidarahalli  GP, Bangalore East Taluk",2017-2018,2.40000,2.37398,"10 Jul 2017","31 Mar 2018",2024-06-07
Karnataka,"Bengaluru Urban","Bangalore East",Bidarahalli,Gundur,Gundur,0000374310,0007739442,250205260,"Deep Tubewell","Ground Water","village limit","WPP1 SCP (3000 Series)  Gunduru Habitation,Bidarahalli G.P, Bangalore East Taluk, Bangalore Urban District",2017-2018,12.00000,9.59255,"25 Nov 2017","31 Mar 2019",2024-06-07
Karnataka,"Bengaluru Urban","Bangalore East",Kannamangala,Kannamangala,"Kannamangala Dinnur",0001847725,0007807500,250221265,"Deep Tubewell","Ground Water","village limit","Revival of MWS at Kannamangala Dinnur",2017-2018,0.10000,0.00000,"05 May 2017","03 May 2023",2024-06-07
Karnataka,"Bengaluru Urban","Bangalore East",Mandur,Mandur,Mandur,0000374317,0007846589,250240785,"Deep Tubewell","Ground Water","Village Limit","G Revival of PWS scheme at Mandur Habitation, Mandur Village Mandur GP, Bangalore East Taluk",2018-2019,2.50000,2.49413,"05 Oct 2018","31 Jul 2019",2024-06-07
Karnataka,"Bengaluru Urban","Bangalore East",Bidarahalli,Margondanahalli,Margondanahalli,0000374312,0007850880,250244925,"Deep Tubewell","Ground Water","Village Limit","G Revival of PWS scheme at Margondanahalli Habitation, Margondanahalli Village Bidarahalli GP, Bangalore East Taluk",2018-2019,5.00000,0.00000,"12 Oct 2018","03 May 2023",2024-06-07
Karnataka,"Bengaluru Urban","Bangalore East",Bidarahalli,Bidarahalli,Bidarahalli,0000374307,0007850911,250244956,"Deep Tubewell","Ground Water","Village Limit","G Revival of PWS scheme at Bidarahalli Habitation, Bidarahalli Village, Bidarahalli GP, Bangalore East Taluk",2018-2019,4.00000,0.00000,"12 Oct 2018","03 May 2023",2024-06-07
Karnataka,"Bengaluru Urban","Bangalore East",Kodathi,Kodathi,Kodathi,0000374288,0007852504,250246367,"Deep Tubewell","Ground Water","village limit","G Revival of MWS scheme at Kodathi Habitation, Kodathi Village, Kodathi GP, Bangalore East Taluk",2018-2019,2.50000,2.49626,"05 Sep 2018","31 Mar 2019",2024-06-07
Karnataka,"Bengaluru Urban","Bangalore East",Kittaganuru,Halehalli,Halehalli,0000374338,0007852507,250246370,"Deep Tubewell","Ground Water","Village limit","G Revival of MWS scheme at Halehallli Habitation, Halehallli Village, Kithaganuru GP, Bangalore East Taluk",2018-2019,2.50000,0.00000,"05 Sep 2018","03 May 2023",2024-06-07
Karnataka,"Bengaluru Urban","Bangalore East",Bidarahalli,Byappanahalli,Byappanahalli,0000374308,0007852511,250246373,"Deep Tubewell","Ground Water","Village Limit","G Revival of PWS scheme at Byappanahalli Habitation, Byappanahallii Village, Bidarahalli GP, Bangalore East Taluk",2018-2019,5.00000,0.00000,"05 Sep 2018","03 May 2023",2024-06-07
Karnataka,"Bengaluru Urban","Bangalore East",Avalahalli,Cheemasandra,Cheemasandra,0000374332,0007852512,250246374,"Deep Tubewell","Ground Water","Village limit","G Revival of PWS scheme at Cheemasandra Habitation, Cheemasandra Village, Avalahalli GP, Bangalore East Taluk",2018-2019,8.00000,7.68495,"05 Sep 2018","31 Mar 2019",2024-06-07
Karnataka,"Bengaluru Urban","Bangalore East",Kannur,"Bande Hosur","Bande Hosur",0000374364,0003308517,3164956,"Deep Tubewell","Ground Water","Hosur Bande Hosur main road","Hosur Bande Hosur main road","Not Known",0.90000,0.00000,"01 Jan 1900","01 Jan 1900",2024-06-07
Karnataka,"Bengaluru Urban","Bangalore East",Kannur,Yerappanahalli,Yerappanahalli,0000374369,0003308622,3165059,"Deep Tubewell","Ground Water","Yarappanahalli layout road","Yarappanahalli layout road","Not Known",0.90000,0.00000,"01 Jan 1900","01 Jan 1900",2024-06-07
Karnataka,"Bengaluru Urban","Bangalore East",Doddagubbi,Rampura,Rampura,0000374370,0003309044,3165569,"Deep Tubewell","Ground Water","Rampura near OHT","Rampura near OHT","Not Known",0.90000,0.00000,"27 Nov 2010","27 Nov 2010",2024-06-07
Karnataka,"Bengaluru Urban","Bangalore East",Doddagubbi,Doddagubbi,Doddagubbi,0000374377,0003309054,3165577,"Deep Tubewell","Ground Water","Doddagubbi near Bhargavi house","Doddagubbi near Bhargavi house","Not Known",0.90000,0.00000,"27 Nov 2010","27 Nov 2010",2024-06-07
Karnataka,"Bengaluru Urban","Bangalore East",Doddagubbi,Doddagubbi,Doddagubbi,0000374377,0003309061,3165594,"Deep Tubewell","Ground Water","Ramprua Yellamma temple","Ramprua Yellamma temple","Not Known",0.90000,0.00000,"27 Nov 2010","27 Nov 2010",2024-06-07
Karnataka,"Bengaluru Urban","Bangalore East",Doddagubbi,Doddagubbi,Doddagubbi,0000374377,0003309106,3165637,"Deep Tubewell","Ground Water","Doddagubbi nesar house","Doddagubbi nesar house","Not Known",0.90000,0.00000,"27 Nov 2010","27 Nov 2010",2024-06-07
Karnataka,"Bengaluru Urban","Bangalore East",Kannur,Nadagowdanahalli,Nadagowdanahalli,0000374368,0003621172,3485964,"Deep Tubewell","Ground Water","Village Limits","Pipeline Extension",2011-2012,1.20000,0.00000,"15 Jul 2011","15 Mar 2012",2024-06-07
Karnataka,"Bengaluru Urban","Bangalore East",Doddabanahalli,"Bidare Agrahara","Bidare Agrahara",0000374346,0003645131,3509912,"Deep Tubewell","Ground Water","village main road","Additional Cistern",2006-2007,1.50000,0.90000,"30 Apr 2006","30 Nov 2006",2024-06-07
Karnataka,"Bengaluru Urban","Bangalore East",Bidarahalli,"Kada Agrahara","Kada Agrahara",0000374316,0003729346,3594003,"Deep Tubewell","Ground Water","Govt. Primary School","School Water Supply",2011-2012,1.00000,0.00000,"15 Aug 2011","15 Feb 2012",2024-06-07
Karnataka,"Bengaluru Urban","Bangalore East",Bidarahalli,Kammasandra,Kammasandra,0000374309,0003729360,3594017,"Deep Tubewell","Ground Water","Govt. Primary School","School Water Supply",2011-2012,1.00000,0.00000,"15 Aug 2011","15 Feb 2012",2024-06-07
Karnataka,"Bengaluru Urban","Bangalore East",Doddabanahalli,Konadasapura,Konadasapura,0000374342,0003729479,3594137,"Deep Tubewell","Ground Water","Govt. Primary School","School Water Supply",2011-2012,1.00000,0.00000,"15 Aug 2011","15 Feb 2012",2024-06-07
Karnataka,"Bengaluru Urban","Bangalore East",Kannur,Yerappanahalli,Yerappanahalli,0000374369,0003729491,3594149,"Deep Tubewell","Ground Water","Govt. Primary School","School Water Supply",2011-2012,1.00000,0.00000,"15 Aug 2011","15 Feb 2012",2024-06-07
Karnataka,"Bengaluru Urban","Bangalore East",Mandur,"Kattu Gollahalli","Kattu Gollahalli",0000374319,0003729568,3594226,"Deep Tubewell","Ground Water","Govt. Primary School","School Water Supply",2011-2012,1.00000,0.00000,"15 Aug 2011","15 Feb 2012",2024-06-07
Karnataka,"Bengaluru Urban","Bangalore East",Avalahalli,Veeranahlli,Veeranahalli,0000374334,0003870410,3736900,"Deep Tubewell","Ground Water","Village Main Road","Revival of PWS",2011-2012,6.00000,0.00000,"17 Aug 2011","21 Aug 2012",2024-06-07
Karnataka,"Bengaluru Urban","Bangalore East",Bidarahalli,Hirandahalli,"Hirandahalli Colony",0000374314,0003870446,3736936,"Deep Tubewell","Ground Water","Road Side","Revival of MWS",2011-2012,5.50000,0.00000,"21 Aug 2011","24 Jan 2012",2024-06-07
Karnataka,"Bengaluru Urban","Bangalore East",Doddagubbi,Doddagubbi,"Doddagubbi Colony",0000374378,0003870705,3737195,"Deep Tubewell","Ground Water","Towards Main Road","Revival of MWS",2011-2012,5.50000,0.00000,"23 Aug 2011","24 Jan 2012",2024-06-07
Karnataka,"Bengaluru Urban","Bangalore East",Mandur,Raghuvenahalli,Raghuvenahalli,0000374324,0003870869,3737360,"Deep Tubewell","Ground Water","Towards Village Limits","Revival of PWS",2011-2012,6.00000,0.00000,"21 Aug 2011","25 Jan 2012",2024-06-07
Karnataka,"Bengaluru Urban","Bangalore East",Halanayakanahalli,Halanayakanahalli,Krishnappanagara,0001726549,0004124475,4003927,"Deep Tubewell","Ground Water","Near Village Main Road","Providing Piped Water Supply",2011-2012,20.00000,5.96499,"01 Sep 2011","20 Mar 2013",2024-06-07
Karnataka,"Bengaluru Urban","Bangalore East",Doddabanahalli,Konadasapura,Konadasapura,0000374342,0004872123,4799000,"Deep Tubewell","Ground Water","Main Road","Providing Piped Water Supply Scheme",2012-2013,15.00000,16.02850,"15 Sep 2012","30 Mar 2015",2024-06-07
Karnataka,"Bengaluru Urban","Bangalore East",Doddabanahalli,Gorvigere,Gorvigere,0000374344,0004872129,4799006,"Deep Tubewell","Ground Water","Towards main road","Revival of MWS Scheme",2012-2013,5.00000,4.97680,"25 Sep 2012","31 Mar 2013",2024-06-07
Karnataka,"Bengaluru Urban","Bangalore East",Mandur,Jyothipura,Jyothipura,0000374321,0004872132,4799009,"Deep Tubewell","Ground Water","Near Temple","Providing Piped Water Supply Scheme",2012-2013,15.00000,17.50650,"15 Sep 2012","28 Feb 2014",2024-06-07
Karnataka,"Bengaluru Urban","Bangalore East",Mandur,Huskur,Huskur,0000374329,0004872136,4799013,"Deep Tubewell","Ground Water","Colony Limit","Revival of MWS Scheme",2012-2013,10.00000,9.52004,"15 Sep 2012","20 Mar 2013",2024-06-07
Karnataka,"Bengaluru Urban","Bangalore East",Kannur,"Chikka Gubbi","Chikka Gubbi",0000374362,0004872143,4799020,"Deep Tubewell","Ground Water","Extension  area road","Revival of MWS Scheme",2012-2013,10.00000,10.00000,"15 Sep 2012","20 Mar 2013",2024-06-07
Karnataka,"Bengaluru Urban","Bangalore East",Kannur,"Bande Bommasandra","Bande Bommasandra",0000374361,0004872146,4799023,"Deep Tubewell","Ground Water","Towards Main Road","SCP Providing Piped Water Supply Scheme",2012-2013,15.00000,15.50247,"15 Sep 2012","31 Mar 2016",2024-06-07
Karnataka,"Bengaluru Urban","Bangalore East",Kodathi,Valepura,Valepura,0000374255,0004932562,4853445,"Deep Tubewell","Ground Water",GHPS,"School Water Supply",2012-2013,1.00000,0.99458,"15 Sep 2012","20 Mar 2013",2024-06-07
Karnataka,"Bengaluru Urban","Bangalore East",Mandur,Huskur,"Huskur Kodi",0000374330,0004933395,4854267,"Deep Tubewell","Ground Water",GHPS,"School Water Supply",2012-2013,1.00000,0.95518,"10 Sep 2012","20 Mar 2013",2024-06-07
Karnataka,"Bengaluru Urban","Bangalore East",Doddabanahalli,Bandapura,Bandapura,0000374345,0005219857,5163068,"Deep Tubewell","Ground Water","Bandapura Cross-NH4","Revival of MWS",2012-2013,2.00000,2.02342,"28 Dec 2012","20 Mar 2013",2024-06-07
Karnataka,"Bengaluru Urban","Bangalore East",Doddabanahalli,Konadasapura,Konadasapura,0000374342,0005219858,5163069,"Deep Tubewell","Ground Water","Near School","Revival of MWS",2012-2013,5.00000,2.56870,"28 Dec 2012","20 Mar 2013",2024-06-07
Karnataka,"Bengaluru Urban","Bangalore East",Doddabanahalli,Chikkabanahalli,Chikkabanahalli,0000374349,0005219859,5163070,"Deep Tubewell","Ground Water",Colony,"Revival of MWS",2012-2013,3.00000,2.92727,"22 Dec 2012","20 Mar 2013",2024-06-07
Karnataka,"Bengaluru Urban","Bangalore East",Doddabanahalli,Katamnallur,Katamnallur,0000374343,0005219860,5163071,"Deep Tubewell","Ground Water","Towards NH4","Revival of PWS",2012-2013,4.00000,1.59756,"22 Dec 2012","15 Mar 2013",2024-06-07
Karnataka,"Bengaluru Urban","Bangalore East",Kannamangala,"Khaji Sonnenahalli","Khaji Sonnenahalli",0001622936,0005219862,5163084,"Deep Tubewell","Ground Water","towards main road","Revival of PWS",2012-2013,5.00000,4.83964,"22 Dec 2012","20 Mar 2013",2024-06-07
Karnataka,"Bengaluru Urban","Bangalore East",Seegehalli,Seegehalli,Seegehalli,0000374350,0008208616,250143111,"Deep Tubewell","Ground Water","Village limit","Providing  Water Supply to Anganawadi fitting of Taps to Kitchen  and Toilets at Seegehalli Village Seegehalli GP Bangalore east Taluk",2020-2021,0.14500,0.11648,"25 Dec 2020","03 May 2023",2024-06-07
Karnataka,"Bengaluru Urban","Bangalore East",Kodathi,Kodathi,Kodathi,0000374288,0007527600,250143159,"Deep Tubewell","Ground Water","village limit","SCP Providing Piped Water Supply Scheme. Construction of OHT and House Hold Connection HH 45 at Kodathi Village in Kodathi G.P Bangalore East Taluk",2016-2017,16.00000,13.12794,"01 Sep 2016","31 Mar 2018",2024-06-07
Karnataka,"Bengaluru Urban","Bangalore East",Mandur,Nimbekaipura,Nimbekaipura,0000374331,0007528042,250143503,"Deep Tubewell","Ground Water","Village Limit","SCP Revival of PWS Scheme and House Hold Connections HH 50 at  Nimbekayipura Village  in Mandur G.P Bangalore East Taluk",2016-2017,8.00000,0.00000,"01 Sep 2016","03 May 2023",2024-06-07
Karnataka,"Bengaluru Urban","Bangalore East",Mandur,Nimbekaipura,Nimbekaipura,0000374331,0007528046,250143507,"Deep Tubewell","Ground Water","Village Limit","SCP Revival of PWS Scheme and House Hold Connections HH 50 at  Nimbekayipura Village  in Mandur G.P Bangalore East Taluk",2016-2017,8.00000,7.79937,"01 Sep 2016","31 Mar 2018",2024-06-07
Karnataka,"Bengaluru Urban","Bangalore East",Bidarahalli,Margondanahalli,Margondanahalli,0000374312,0007528649,250144006,"Deep Tubewell","Ground Water","Village Limit","SCP Revival of PWS Scheme  and House Hold Connection HH 40 at Maragondanahalli Village in Bidarahalli G.P Bangalore East Taluk",2016-2017,20.00000,0.00000,"01 Sep 2016","03 May 2023",2024-06-07
Karnataka,"Bengaluru Urban","Bangalore East",Kannur,Yerappanahalli,Yerappanahalli,0000374369,0007530574,250145926,"Deep Tubewell","Ground Water","Village Limit","SCP Revival of MWS Scheme(SAGY) at Yerappanahalli Bande Habitation in Kannur G.P Bangalore East Taluk",2016-2017,6.00000,3.93520,"01 Sep 2016","31 Mar 2018",2024-06-07
Karnataka,"Bengaluru Urban","Bangalore East",Doddagubbi,Rampura,Rampura,0000374370,0007530887,250146210,"Deep Tubewell","Ground Water","Village Limit","SCP Revival of MWS Scheme  and House Hold Connection HH 50 at Rampura Habitation in Doddagubbi G.P Bangalore East Taluk",2016-2017,10.00000,9.33215,"01 Sep 2016","31 Dec 2018",2024-06-07
Karnataka,"Bengaluru Urban","Bangalore East",Doddabanahalli,Konadasapura,Konadasapura,0000374342,0008035742,250146473,"Deep Tubewell","Ground Water","Village Limit","10 Crore 22052020 Drilling of Borewell scheme at Konadasapura village Doddabanahalli GP Bangalore east taluk",2020-2021,2.90000,2.65487,"08 Sep 2020","03 May 2023",2024-06-07
Karnataka,"Bengaluru Urban","Bangalore East",Kannamangala,Kannamangala,Kannamangala,0001622947,0007531198,250146492,"Deep Tubewell","Ground Water","Village Limit","TSP Revival of PWS Scheme at Kannamangala Village in Kannamangala G.P Bangalore East Taluk",2016-2017,6.00000,0.00000,"01 Sep 2016","03 May 2023",2024-06-07
Karnataka,"Bengaluru Urban","Bangalore East",Kannur,Nadagowdanahalli,Nadagowdanahalli,0000374368,0007531715,250146947,"Deep Tubewell","Ground Water","Village Limit","G Revival of PWS Scheme  at Nadagowdanahalli Village in Kannur G.P Bangalore East Taluk",2016-2017,7.00000,4.13802,"01 Sep 2016","31 Mar 2018",2024-06-07
Karnataka,"Bengaluru Urban","Bangalore East",Kittaganuru,Kithaganur,Kithaganur,0000374340,0008215915,250147506,"Deep Tubewell","Ground Water","Village limit","15 Crore 12102020 Drilling of Borewell at Kithaganuru village Kithaganuru GP Bangalore East taluk",2020-2021,3.00000,2.72102,"22 Feb 2021","03 May 2023",2024-06-07
Karnataka,"Bengaluru Urban","Bangalore East",Kannamangala,Kannamangala,"Kannamangala Colony",0001622946,0007532522,250147665,"Deep Tubewell","Ground Water","Village limit","G Revival of PWS Scheme at Kannamangala Bevinamara Colony Habitation in Kannamangala G.P Bangalore East Taluk",2016-2017,6.00000,0.00000,"01 Sep 2016","03 May 2023",2024-06-07
Karnataka,"Bengaluru Urban","Bangalore East",Kannamangala,"Khaji Sonnenahalli","Khaji Sonnenahalli",0001622936,0007532537,250147677,"Deep Tubewell","Ground Water","Village limit","G Revival of PWS Scheme at Kajisonnenahalli Village  in Kannamangala G.P Bangalore East Taluk",2016-2017,8.00000,0.00000,"01 Sep 2016","03 May 2023",2024-06-07
Karnataka,"Bengaluru Urban","Bangalore East",Kannamangala,"Khaji Sonnenahalli","Khaji Sonnenahalli",0001622936,0008208625,250147679,"Deep Tubewell","Ground Water","Village limit","Providing  Water Supply to Anganawadi  fitting of Taps to Kitchen and Toilets at Kajisonnenalli  Village Kannamangala  GP Bangalore east Taluk",2020-2021,0.14000,0.11648,"25 Dec 2020","03 May 2023",2024-06-07
Karnataka,"Bengaluru Urban","Bangalore East",Kannamangala,"Khaji Sonnenahalli","Khaji Sonnenahalli",0001622936,0008215918,250147679,"Deep Tubewell","Ground Water","Village limit","15 Crore 12102020 Drilling of Borewell at Kajisonnenalli village Kannamangala GP Bangalore East taluk",2020-2021,3.00000,2.45956,"24 Feb 2021","03 May 2023",2024-06-07
Karnataka,"Bengaluru Urban","Bangalore East",Kodathi,Kachamaranahalli,Kachamaranahalli,0000374282,0007532604,250147747,"Deep Tubewell","Ground Water","Village limit","SCP Revival of MWS Scheme and House Hold Connections HH 25 at Kachamaranahalli Habitationin Kodathi G.P Bangalore East Taluk",2016-2017,10.00000,8.99696,"01 Sep 2016","31 Mar 2018",2024-06-07
Karnataka,"Bengaluru Urban","Bangalore East",Kannamangala,Kannamangala,Kannamangala,0001622947,0008208629,250147764,"Deep Tubewell","Ground Water","Village limit","Providing  Water Supply to Anganawadi  fitting of Taps to Kitchen and Toilets at Kannamangala  Village Kannamangala  GP Bangalore east Taluk",2020-2021,0.14500,0.11648,"25 Dec 2020","03 May 2023",2024-06-07
Karnataka,"Bengaluru Urban","Bangalore East",Kannamangala,Kannamangala,Kannamangala,0001622947,0008208633,250147764,"Deep Tubewell","Ground Water","Village limit","Providing  Water Supply to Anganawadi  fitting of Taps to Kitchen and Toilets at Kannamangala  Dinnuru Kannamangala  GP Bangalore east Taluk",2020-2021,0.14500,0.00000,"25 Dec 2020","03 May 2023",2024-06-07
Karnataka,"Bengaluru Urban","Bangalore East",Mandur,Thirumenahalli,Thirumenahalli,0000374322,0007572799,250169758,"Deep Tubewell","Ground Water","Hosakote kere Angala","TFC221116 Drilling of Borewell at Thirumenahalli (Hosakote kere Angala) Habitation, Mandur GP, Bangalore East Taluk",2016-2017,2.00000,1.92533,"15 Jan 2017","28 Feb 2018",2024-06-07
Karnataka,"Bengaluru Urban","Bangalore East",Mandur,Huskur,"Huskur Kodi",0000374330,0007572902,250169867,"Deep Tubewell","Ground Water","Near Smashana","TFC221116 Drilling of Borewell at Huskur kodi (Near Smashana) Habitation, Manduru GP, Bangalore East Taluk",2016-2017,2.00000,1.61855,"15 Jan 2017","28 Feb 2018",2024-06-07
Karnataka,"Bengaluru Urban","Bangalore East",Halanayakanahalli,"Hado Siddapura","Hado Siddapura",0000374290,0006849787,250076131,"Deep Tubewell","Ground Water","Near road side","G TFC 20.10.2014 Drilling of Borewell,Errection of Pumpset with Pipe line and Energisationin Hadosiddapura Habitation.",2014-2015,5.00000,4.99000,"10 Dec 2014","31 Mar 2017",2024-06-07
Karnataka,"Bengaluru Urban","Bangalore East",Doddabanahalli,Katamnallur,Katamnallur,0000374343,0006849791,250076135,"Deep Tubewell","Ground Water","Near tank bed","G TFC 20.10.2014 Drilling of Borewell,Errection of Pumpset with Pipe line and  Energisation in Katamnalluru Habitation",2014-2015,5.00000,4.57111,"10 Dec 2014","31 Dec 2015",2024-06-07
Karnataka,"Bengaluru Urban","Bangalore East",Doddagubbi,Doddagubbi,Doddagubbi,0000374377,0006849800,250076142,"Deep Tubewell","Ground Water","Near road side","G TFC 20.10.2014 Drilling of Borewell,Errection of Pumpset with Pipe line and Energisation in Doddagubbi Habitation.",2014-2015,5.00000,4.98900,"10 Dec 2014","31 Mar 2017",2024-06-07
Karnataka,"Bengaluru Urban","Bangalore East",Kittaganuru,Halehalli,Halehalli,0000374338,0006942998,250080170,"Deep Tubewell","Ground Water","Main Road near Arali tree","SCP  TFC130315 Drilling of Borewell at Halehalli Habitation, Avalahalli GP, Bangalore East Taluk",2014-2015,2.50000,2.49055,"20 Apr 2015","01 Sep 2015",2024-06-07
Karnataka,"Bengaluru Urban","Bangalore East",Kodathi,Kodathi,"Kodathi Gate",0001725229,0006943711,250080214,"Deep Tubewell","Ground Water","In Tank bed area","G TFC130315 Drilling of Borewells(two) at Kadathi Gate Habitation, Kodathi GP, Bangalore East Taluk",2014-2015,4.13000,4.12500,"20 Apr 2015","01 Sep 2015",2024-06-07
Karnataka,"Bengaluru Urban","Bangalore East",Halanayakanahalli,Chikkanayakanahalli,Chikkanayakanahalli,0000374291,0006943751,250080220,"Deep Tubewell","Ground Water","Near Burial ground","G TFC130315 Drilling of Borewell at Chikkanayakanahalli Habitation, Halanayakanahalli GP, Bangalore East Taluk",2014-2015,2.50000,2.49556,"20 Apr 2015","01 Sep 2015",2024-06-07
Karnataka,"Bengaluru Urban","Bangalore East",Mandur,Raghuvenahalli,Raghuvenahalli,0000374324,0006994441,250083561,"Deep Tubewell","Ground Water","Near Village","SCP TFC050515 Drilling of Borewell with Electrification at Raghuvanahalli Habitation, Manduru  G.P",2015-2016,2.47000,2.09950,"21 Jul 2015","18 Mar 2016",2024-06-07
Karnataka,"Bengaluru Urban","Bangalore East",Mandur,Jyothipura,Jyothipura,0000374321,0006994453,250083562,"Deep Tubewell","Ground Water","Near Tank","G TFC050515 Drilling of Borewell with Electrification at Jyothipura Habitation, Manduru  G.P",2015-2016,2.25000,1.99959,"21 Jul 2015","18 Mar 2016",2024-06-07
Karnataka,"Bengaluru Urban","Bangalore East",Kannur,Mittaganahalli,Mittaganahalli,0000374366,0006998163,250083609,"Deep Tubewell","Ground Water","Near Neelagiri Topu","SCP TFC050515 Erection of Pumpset  and energisation to existing Borewell at Mitaganahalli Habitation, Kannur G.P",2015-2016,2.76000,2.75960,"21 Jul 2015","31 Mar 2016",2024-06-07
Karnataka,"Bengaluru Urban","Bangalore East",Kodathi,Kodathi,Kodathi,0000374288,0006998206,250083611,"Deep Tubewell","Ground Water","Near Ayyappa Swamy Temple","G TFC050515 Drilling of Borewell with Electrification at Kodathi  Habitation, Kodathi G.P",2015-2016,2.16000,1.89986,"21 Jul 2015","31 Mar 2019",2024-06-07
Karnataka,"Bengaluru Urban","Bangalore East",Kannur,Kannur,Kannur,0000374363,0006849871,250088492,"Deep Tubewell","Ground Water",kannur,"G TFC 20.10.2014 Errection of Pumpset with Pipe line and Energisation in Chikkagubbi Habitation.",2014-2015,5.00000,2.05079,"10 Dec 2014","31 Dec 2015",2024-06-07
Karnataka,"Bengaluru Urban","Bangalore East",Kittaganuru,Kithaganur,Kithaganur,0000374340,0007148161,250090230,"Deep Tubewell","Ground Water","village limit","G Providing  piped water supply Scheme",2015-2016,20.00000,0.00000,"25 Oct 2015","31 Mar 2016",2024-06-07
Karnataka,"Bengaluru Urban","Bangalore East",Doddabanahalli,Katamnallur,Katamnallur,0000374343,0007406456,250120625,"Deep Tubewell","Ground Water","village limit","TFC190316 Drilling of Borewell at Katamnallur Habitation, Doddabanahalli GP, Bangalore East Taluk",2016-2017,2.25000,2.25000,"12 Apr 2016","28 Feb 2018",2024-06-07
Karnataka,"Bengaluru Urban","Bangalore East",Bidarahalli,Margondanahalli,Margondanahalli,0000374312,0007406493,250120644,"Deep Tubewell","Ground Water",NA,"TFC190316 Drilling of Borewell at Maragondanahalli Habitation, Bidarahalli GP, Bangalore East Taluk",2016-2017,4.00000,0.00000,"12 Apr 2016","03 May 2023",2024-06-07
Karnataka,"Bengaluru Urban","Bangalore East",Bidarahalli,Adur,Adur,0000374315,0007406531,250120687,"Deep Tubewell","Ground Water","village limit","TFC190316 Providing Electrification for Drilled Borewell at  Adur Habitation,Bidarahalli GP, Bangalore East Taluk",2016-2017,4.00000,3.84721,"12 Apr 2016","31 Dec 2018",2024-06-07
Karnataka,"Bengaluru Urban","Bangalore East",Avalahalli,Avalahalli,"Avalahalli Jhc",0000374336,0008132936,250141697,"Deep Tubewell","Ground Water","Village limit","One Time Settelment Bescom Bills Bangalore East Talu",2020-2021,13.08000,13.07990,"21 Sep 2020","31 Dec 2020",2024-06-07
Karnataka,"Bengaluru Urban","Bangalore East",Avalahalli,Veeranahlli,Veeranahalli,0000374334,0008215898,250141726,"Deep Tubewell","Ground Water","Village limit","Providing water supply to Anganwadi fitting of taps to kitchen and toilet at Veerenahalli Habitation Avalahalli GP Bangalore east taluk",2020-2021,0.14000,0.11648,"25 Dec 2020","03 May 2023",2024-06-07
Karnataka,"Bengaluru Urban","Bangalore East",Kannur,Kannur,Kannur,0000374363,0007526281,250142012,"Deep Tubewell","Ground Water","Village limit","G Revival Of PWS Scheme at Kannur, Mother Teresa Layout, Kannur GP, Bangalore East Taluk",2016-2017,7.60000,7.60000,"01 Sep 2016","31 Mar 2018",2024-06-07
Karnataka,"Bengaluru Urban","Bangalore East",Kannamangala,Kannamangala,"Kannamangala Colony",0001622946,0005219903,5163134,"Deep Tubewell","Ground Water","Bevinamarada Colony","Revival of MWS",2012-2013,3.00000,4.99997,"28 Dec 2012","20 Jan 2014",2024-06-07
Karnataka,"Bengaluru Urban","Bangalore East",Kittaganuru,Kithaganur,"Kithaganur Colony",0000374341,0005219911,5163145,"Deep Tubewell","Ground Water",Colony,"Revival of MWS",2012-2013,3.00000,1.78354,"27 Dec 2012","21 Mar 2013",2024-06-07
Karnataka,"Bengaluru Urban","Bangalore East",Kittaganuru,Kithaganur,Kithaganur,0000374340,0005219915,5163149,"Deep Tubewell","Ground Water","Padmeshwari Badavane","Revival of MWS",2012-2013,3.00000,2.15000,"27 Dec 2012","20 Mar 2013",2024-06-07
Karnataka,"Bengaluru Urban","Bangalore East",Bidarahalli,Byappanahalli,Byappanahalli,0000374308,0005363371,5300399,"Deep Tubewell","Ground Water","Village limit","Drilling of BW",2012-2013,2.00000,2.48051,"07 Mar 2013","03 Mar 2014",2024-06-07
Karnataka,"Bengaluru Urban","Bangalore East",Mandur,Lagumenahalli,Lagumenahalli,0000374326,0005363413,5300451,"Deep Tubewell","Ground Water","Village limit","Drilling of BW",2012-2013,2.00000,2.19269,"07 Mar 2013","30 Mar 2013",2024-06-07
Karnataka,"Bengaluru Urban","Bangalore East",Kannur,Nadagowdanahalli,Nadagowdanahalli,0000374368,0005363458,5300496,"Deep Tubewell","Ground Water","Village limit","Drilling of BW",2012-2013,2.00000,0.00000,"07 Mar 2013","10 May 2013",2024-06-07
Karnataka,"Bengaluru Urban","Bangalore East",Doddabanahalli,Katamnallur,Katamnallur,0000374343,0005363485,5300523,"Deep Tubewell","Ground Water","Village limit","Drilling of BW",2012-2013,2.00000,1.99600,"07 Mar 2013","03 Mar 2014",2024-06-07
Karnataka,"Bengaluru Urban","Bangalore East",Kannur,Mittaganahalli,Mittaganahalli,0000374366,0005363500,5300538,"Deep Tubewell","Ground Water","Village limit","Drilling of BW",2012-2013,2.00000,2.00829,"07 Mar 2013","03 Mar 2014",2024-06-07
Karnataka,"Bengaluru Urban","Bangalore East",Kodathi,Mullur,Mullur,0000374284,0005363554,5300585,"Deep Tubewell","Ground Water","Village limit","Drilling of BW",2012-2013,2.00000,0.00000,"07 Mar 2013","10 May 2013",2024-06-07
Karnataka,"Bengaluru Urban","Bangalore East",Mandur,Bommenahalli,Bommenahalli,0000374327,0005530221,5474205,"Deep Tubewell","Ground Water","Colony limit","Revival of PWS Scheme",2013-2014,5.00000,5.61929,"10 Sep 2013","14 Oct 2014",2024-06-07
Karnataka,"Bengaluru Urban","Bangalore East",Mandur,Raghuvenahalli,Raghuvenahalli,0000374324,0005530222,5474206,"Deep Tubewell","Ground Water","Colony limit","Revival of MWS Scheme",2013-2014,5.00000,4.00007,"25 Aug 2013","13 Oct 2014",2024-06-07
Karnataka,"Bengaluru Urban","Bangalore East",Bidarahalli,Gundur,"Gundur Colony",0000374311,0005530801,5474862,"Deep Tubewell","Ground Water","Village limit","Revival of MWS Scheme",2013-2014,6.00000,0.00000,"15 Sep 2013","25 Feb 2014",2024-06-07
Karnataka,"Bengaluru Urban","Bangalore East",Mandur,Mandur,Mandur,0000374317,0005531254,5475273,"Deep Tubewell","Ground Water","Village limit","Revival of PWS Scheme",2013-2014,5.00000,3.96145,"15 Sep 2013","28 Jan 2014",2024-06-07
Karnataka,"Bengaluru Urban","Bangalore East",Mandur,Mandur,"Mandur Colony",0000374318,0005531718,5475682,"Deep Tubewell","Ground Water","Village limit","Revival of MWS Scheme",2013-2014,5.00000,4.26230,"10 Sep 2013","20 Mar 2014",2024-06-07
Karnataka,"Bengaluru Urban","Bangalore East",Bidarahalli,"Kada Agrahara","Kada Agrahara",0000374316,0005553965,5507491,"Deep Tubewell","Ground Water","Village limit","Revival of MWS Scheme",2013-2014,7.00000,5.31140,"10 Sep 2013","01 Mar 2014",2024-06-07
Karnataka,"Bengaluru Urban","Bangalore East",Bidarahalli,Hirandahalli,Hirandahalli,0000374313,0005628075,5593390,"Deep Tubewell","Ground Water","Village limit","Drinking Water Facility to Anganawadi",2013-2014,1.00000,0.99958,"22 Sep 2013","03 Mar 2014",2024-06-07
Karnataka,"Bengaluru Urban","Bangalore East",Avalahalli,Veeranahlli,Veeranahalli,0000374334,0007154705,5593406,"Deep Tubewell","Ground Water","Village limit","ST COLONY Revival of PWS Scheme",2015-2016,4.00000,0.00000,"25 Oct 2015","31 Mar 2016",2024-06-07
Karnataka,"Bengaluru Urban","Bangalore East",Avalahalli,Cheemasandra,Cheemasandra,0000374332,0005628121,5593443,"Deep Tubewell","Ground Water","Village limit","Drinking Water Facility to Anganawadi",2013-2014,1.00000,0.99978,"22 Sep 2013","20 Jan 2014",2024-06-07
Karnataka,"Bengaluru Urban","Bangalore East",Mandur,Hancharahalli,Hancharahalli,0000374323,0005628149,5593474,"Deep Tubewell","Ground Water","Village limit","Drinking Water Facility to Anganawadi",2013-2014,1.00000,0.98719,"22 Sep 2013","20 Mar 2014",2024-06-07
Karnataka,"Bengaluru Urban","Bangalore East",Mandur,Nimbekaipura,Nimbekaipura,0000374331,0005628180,5593512,"Deep Tubewell","Ground Water","Village limit","Drinking Water Facility to Anganawadi",2013-2014,1.00000,0.98719,"20 Sep 2013","20 Mar 2014",2024-06-07
Karnataka,"Bengaluru Urban","Bangalore East",Doddagubbi,Anagalpura,Anagalpura,0000374376,0005628246,5593584,"Deep Tubewell","Ground Water","Village limit","G Drinking Water Facility to Anganawadi",2013-2014,1.00000,0.00000,"20 Sep 2013","01 Mar 2015",2024-06-07
Karnataka,"Bengaluru Urban","Bangalore East",Bidarahalli,Byappanahalli,Byappanahalli,0000374308,0005628272,5593615,"Deep Tubewell","Ground Water","Village limit","Drinking Water Facility to Anganawadi",2013-2014,1.00000,0.99479,"22 Sep 2013","25 Mar 2014",2024-06-07
Karnataka,"Bengaluru Urban","Bangalore East",Kannur,"Bande Bommasandra","Bande Bommasandra",0000374361,0005628317,5593660,"Deep Tubewell","Ground Water","Village limit","Drinking Water Facility to Anganawadi",2013-2014,1.00000,0.00000,"22 Sep 2013","20 Mar 2014",2024-06-07
Karnataka,"Bengaluru Urban","Bangalore East",Bidarahalli,Hirandahalli,"Hirandahalli Colony",0000374314,0005812426,250006717,"Deep Tubewell","Ground Water","Village limit","Revival of MWS Scheme",2013-2014,7.00000,7.00125,"10 Sep 2013","03 Mar 2014",2024-06-07
Karnataka,"Bengaluru Urban","Bangalore East",Avalahalli,Avalahalli,Avalahalli,0000374335,0006133960,250020892,"Deep Tubewell","Ground Water","Village limit","Drilling of Borewell",2013-2014,1.95000,1.94950,"18 Jul 2013","31 Mar 2019",2024-06-07
Karnataka,"Bengaluru Urban","Bangalore East",Mandur,Hancharahalli,Hancharahalli,0000374323,0006135880,250021203,"Deep Tubewell","Ground Water","Near Kodigehalli","Drilling of Borewell",2013-2014,2.47000,2.46950,"18 Jul 2013","10 Mar 2014",2024-06-07
Karnataka,"Bengaluru Urban","Bangalore East",Doddagubbi,Doddagubbi,"Doddagubbi Colony",0000374378,0006374330,250034827,"Deep Tubewell","Ground Water","Village limit","Revival of MWS Scheme",2013-2014,6.00000,5.97727,"28 Apr 2014","18 Feb 2015",2024-06-07
Karnataka,"Bengaluru Urban","Bangalore East",Halanayakanahalli,"Hado Siddapura","Hado Siddapura",0000374290,0006374331,250034828,"Deep Tubewell","Ground Water","Village limit","Revival of MWS Scheme",2013-2014,6.00000,2.20155,"29 Apr 2014","30 Nov 2015",2024-06-07
Karnataka,"Bengaluru Urban","Bangalore East",Bidarahalli,Hirandahalli,"Hirandahalli Colony",0000374314,0006670225,250068024,"Deep Tubewell","Ground Water","Colony limit","G Individual House Connections",2014-2015,4.90000,4.86013,"20 Sep 2014","22 Oct 2015",2024-06-07
Karnataka,"Bengaluru Urban","Bangalore East",Bidarahalli,Hirandahalli,Hirandahalli,0000374313,0007148630,250073768,"Deep Tubewell","Ground Water","Village limit","SW Drinking Water Facility to School",2015-2016,1.00000,0.00000,"25 Oct 2015","31 Mar 2016",2024-06-07
Karnataka,"Bengaluru Urban","Bangalore East",Kittaganuru,Kithaganur,Kithaganur,0000374340,0006686265,250073774,"Deep Tubewell","Ground Water","At Mathru Badavane","G Drilling of borewell",2014-2015,2.00000,1.98097,"19 Jul 2014","31 Mar 2019",2024-06-07
Karnataka,"Bengaluru Urban","Bangalore East",Avalahalli,Avalahalli,Avalahalli,0000374335,0006849770,250076116,"Deep Tubewell","Ground Water","Near road side","G TFC 20.10.2014 Drilling of Borewell,Errection of Pumpset with Pipe line and Energisation in Avalahalli Habitation.",2014-2015,8.00000,9.17489,"10 Dec 2014","31 Mar 2019",2024-06-07
Karnataka,"Bengaluru Urban","Bangalore East",Avalahalli,Avalahalli,"Avalahalli Jhc",0000374336,0007913729,250283951,"Deep Tubewell","Ground Water","Village limit","SC ST  Revival of PWS scheme Drilling of Borewell Erection of pumpset with  pipeline at Avalahalli JHC  Avalahalli GP Bangalore east taluk",2019-2020,10.00000,10.00000,"10 Oct 2019","29 Feb 2020",2024-06-07
Karnataka,"Bengaluru Urban","Bangalore East",Doddabanahalli,Bandapura,Bandapura,0000374345,0007913784,250284005,"Deep Tubewell","Ground Water","Village limit","G  Revival of PWS scheme Drilling of Borewell and pipeline at Bandapura Village  Doddabanahall  GP Bangalore east taluk",2019-2020,3.50000,3.49571,"10 Oct 2019","03 May 2023",2024-06-07
Karnataka,"Bengaluru Urban","Bangalore East",Kannamangala,Kannamangala,"Kannamangala Colony",0001622946,0007913802,250284019,"Deep Tubewell","Ground Water","Village limit","SCP Revival of PWS scheme Drilling of Borewell and pipeline at Kannamangala colony  Kannamangala GP Bangalore east taluk",2019-2020,3.25000,3.24170,"10 Oct 2019","03 May 2023",2024-06-07
Karnataka,"Bengaluru Urban","Bangalore East",Bidarahalli,Gundur,"Gundur Colony",0000374311,0007966245,250289750,"Deep Tubewell","Ground Water","Village limit","TFC CEO 080319 Drilling of Borewell to Gunduru Colony,  Bidarahalli Gram Panchayath Bangalore East Taluk",2019-2020,2.70000,2.69024,"01 Apr 2020","31 Mar 2020",2024-06-07
Karnataka,"Bengaluru Urban","Bangalore East",Kannamangala,"Khaji Sonnenahalli","Khaji Sonnenahalli",0001622936,0008008866,250290419,"Deep Tubewell","Ground Water","In smashana","CAP 1 Driiling of Borewell at Kajisonnenahalli habitation Kannamangala GP Bangalore East Taluk",2020-2021,2.90000,2.89847,"08 Jun 2020","03 May 2023",2024-06-07
Karnataka,"Bengaluru Urban","Bangalore East",Kannamangala,Kannamangala,Kannamangala,0001622947,0008008890,250290420,"Deep Tubewell","Ground Water","kannamangala main road Shanimahatma temple beside","CAP 1 Driiling of Borewell at Kannamangala habitation Kannamangala GP Bangalore East Taluk",2020-2021,2.90000,2.89982,"08 Jun 2020","03 May 2023",2024-06-07
Karnataka,"Bengaluru Urban","Bangalore East",Doddabanahalli,Chikkabanahalli,Chikkabanahalli,0000374349,0008008911,250290425,"Deep Tubewell","Ground Water","OHT and RO plan opposite road","CAP 2  Driiling of Borewell at Chikkabanahalli habitation Doddabanahalli GP Bangalore East Taluk",2020-2021,2.90000,2.59439,"08 Jun 2020","03 May 2023",2024-06-07
Karnataka,"Bengaluru Urban","Bangalore East",Doddabanahalli,Gorvigere,Gorvigere,0000374344,0008008918,250290428,"Deep Tubewell","Ground Water","goravigere main road","CAP 1 Driiling of Borewell at Goravigere habitation Doddabanahalli GP Bangalore East Taluk",2020-2021,3.00000,2.99361,"08 Jun 2020","03 May 2023",2024-06-07
Karnataka,"Bengaluru Urban","Bangalore East",Kannur,Nadagowdanahalli,Nadagowdanahalli,0000374368,0008009712,250290472,"Deep Tubewell","Ground Water","Doddagubbu lake","CAP 1 Driiling of Borewell at N.G.Gollahalli  habitation Kannur GP Bangalore East Taluk",2020-2021,3.00000,2.99924,"01 Jun 2020","03 May 2023",2024-06-07
Karnataka,"Bengaluru Urban","Bangalore East",Kodathi,Kodathi,Kodathi,0000374288,0008009722,250290473,"Deep Tubewell","Ground Water","GP Opposite Bus stop beside","CAP 1 Driiling of Borewell at Kodathi habitation Kodathi GP Bangalore East Taluk",2020-2021,3.00000,2.94800,"01 Jun 2020","03 May 2023",2024-06-07
Karnataka,"Bengaluru Urban","Bangalore East",Kodathi,Sullikunte,Sullikunte,0000374286,0008009732,250290475,"Deep Tubewell","Ground Water","Sulikute Tank bed","CAP 1 Driiling of Borewell at Sulikute habitation Kodathi GP Bangalore East Taluk",2020-2021,3.40000,3.39389,"01 Jun 2020","03 May 2023",2024-06-07
Karnataka,"Bengaluru Urban","Bangalore East",Kodathi,Mullur,Mullur,0000374284,0008009741,250290479,"Deep Tubewell","Ground Water","Gouramma lake Corner road side","CAP 2 Driiling of Borewell at Mullur habitation Kodathi GP Bangalore East Taluk",2020-2021,2.90000,2.89830,"01 Jun 2020","03 May 2023",2024-06-07
Karnataka,"Bengaluru Urban","Bangalore East",Kodathi,Valepura,"Valepura Colony",0000374256,0008009752,250290481,"Deep Tubewell","Ground Water","Chennakeshava Layout Near RajaKaluve","CAP 2 Driiling of Borewell at Valepura Colony habitation Kodathi GP Bangalore East Taluk",2020-2021,2.95000,2.94733,"01 Jun 2020","03 May 2023",2024-06-07
Karnataka,"Bengaluru Urban","Bangalore East",Kannur,Yerappanahalli,Yerappanahalli,0000374369,0008009753,250290482,"Deep Tubewell","Ground Water","Near Gangamma Temple","CAP 2 Driiling of Borewell at Yerappanahalli habitation Kannur GP Bangalore East Taluk",2020-2021,2.95000,2.93942,"01 Jun 2020","03 May 2023",2024-06-07
Karnataka,"Bengaluru Urban","Bangalore East",Seegehalli,Seegehalli,Seegehalli,0000374350,0008040998,250294519,"Deep Tubewell","Ground Water","Kaluve gadde","CAP3 CEO Drilling of Borewell scheme at Seegehalli village Seegehalli GP Bangalore east taluk",2020-2021,2.35000,2.34515,"02 Aug 2020","03 May 2023",2024-06-07
Karnataka,"Bengaluru Urban","Bangalore East",Seegehalli,Dommasandra,Dommasandra,0001725531,0008041021,250294524,"Deep Tubewell","Ground Water","GRAVYYARD ROAD","CAP3 CEO Drilling of Borewell scheme at Dommasandra village Seegehalli GP Bangalore east taluk",2020-2021,2.85000,2.84482,"02 Aug 2020","03 May 2023",2024-06-07
Karnataka,"Bengaluru Urban","Bangalore East",Kannur,Mittaganahalli,Mittaganahalli,0000374366,0008045084,250294687,"Deep Tubewell","Ground Water","Mittaganahalli Bus stop Back side Near big Banyana tree","10 Crore 22052020 Drilling of Borewell Scheme at Mittaganahalli Village,Kannur GP,Bangalore East Tq",2020-2021,2.80000,2.55183,"16 Jul 2020","03 May 2023",2024-06-07
Karnataka,"Bengaluru Urban","Bangalore East",Kannur,"Chikka Gubbi","Chikka Gubbi",0000374362,0008045181,250294689,"Deep Tubewell","Ground Water","Near HAllow Block Factory towards N..G Gollahalli road","10 Crore 22052020 Drilling of Borewell Scheme at Chikkagubbi Village Kannur GP Bangaloreb East tq",2020-2021,2.80000,2.55787,"16 Jul 2020","03 May 2023",2024-06-07
Karnataka,"Bengaluru Urban","Bangalore East",Mandur,Huskur,"Huskur Kodi",0000374330,0008045184,250294691,"Deep Tubewell","Ground Water","Near Ro plant Opposite side in huskur  kodi village","10 Crore 22052020 Drilling of Borewell Scheme at ChikHuskur Kodi Village Mandur  GP Bangalore East tq",2020-2021,3.40000,3.14155,"16 Jul 2020","03 May 2023",2024-06-07
Karnataka,"Bengaluru Urban","Bangalore East",Kodathi,Sullikunte,"Sulikunte Colony",0000374287,0008045200,250294694,"Deep Tubewell","Ground Water","GHS Inside Near Play ground Compound side","10 Crore 22052020 Drilling of Borewell Scheme at Sulikute Colony Village Kodathi  GP Bangalore East tq",2020-2021,3.30000,2.81720,"16 Jul 2020","03 May 2023",2024-06-07
Karnataka,"Bengaluru Urban","Bangalore East",Bidarahalli,Margondanahalli,Margondanahalli,0000374312,0008045208,250294697,"Deep Tubewell","Ground Water","Kateramma Temple Road Near RO Plant","CAP 3  Drilling of Borewell Scheme at Margondanahalli Village Bidarahalli  GP Bangalore East tq",2020-2021,3.50000,3.49927,"02 Aug 2020","03 May 2023",2024-06-07
Karnataka,"Bengaluru Urban","Bangalore East",Avalahalli,Avalahalli,Avalahalli,0000374335,0008208669,250299002,"Deep Tubewell","Ground Water","near anganwadi","Providing  Water Supply to Anganawadi  fitting of Taps to Kitchen and Toilets at Avalahalli Village Avalahalli GP Bangalore east Taluk",2020-2021,0.15000,0.11648,"25 Dec 2020","03 May 2023",2024-06-07
Karnataka,"Bengaluru Urban","Bangalore East",Bidarahalli,Kammasandra,Kammasandra,0000374309,0008210056,250299136,"Deep Tubewell","Ground Water","Village limit","Providing Water Supply to School  fitting of Taps to Kitchen and Toilets at Kammasandra Village Bidarahalli GP Bangalore east Taluk",2020-2021,0.20000,0.11648,"28 Nov 2020","03 May 2023",2024-06-07
Karnataka,"Bengaluru Urban","Bangalore East",Kannur,"Bande Bommasandra","Bande Bommasandra",0000374361,0008210070,250269164,"Deep Tubewell","Ground Water","Near Road side","Providing Water Supply to School fitting of Taps to Kitchen and Toilets at Bandebommasandra Village Kannur GP Bangalore east Taluk",2020-2021,0.20000,0.11648,"29 Nov 2020","03 May 2023",2024-06-07
Karnataka,"Bengaluru Urban","Bangalore East",Mandur,Bendiganahalli,Bendiganahalli,0000374328,0008210092,250299138,"Deep Tubewell","Ground Water","tank bed hosakote","10Cr Saving amount Providing and Errection of Pump motar and Laying pipeline Scheme at Bendiganahali habitation Mandur GP Bangalore East Taluk",2020-2021,3.85000,3.84644,"15 Feb 2021","03 May 2023",2024-06-07
Karnataka,"Bengaluru Urban","Bangalore East",Mandur,Bendiganahalli,Bendiganahalli,0000374328,0008220776,250299716,"Deep Tubewell","Ground Water","Near 5Lakh liter Sump","15 Crore 12102020 Drilling of Borewell at  Bendiganahalli Village Mandur  GP Bangalore East taluk",2020-2021,3.00000,2.18691,"27 Feb 2021","03 May 2023",2024-06-07
Karnataka,"Bengaluru Urban","Bangalore East",Mandur,Huskur,Huskur,0000374329,0008220781,250299721,"Deep Tubewell","Ground Water","Hosakote Tank bed near Bendiganahalli service Road","15 Crore 12102020 Drilling of Borewell at  Huskur Village Mandur  GP Bangalore East taluk",2020-2021,3.00000,2.10677,"25 Feb 2021","03 May 2023",2024-06-07
Karnataka,"Bengaluru Urban","Bangalore East",Bidarahalli,Kammasandra,Kammasandra,0000374309,0008220800,250299739,"Deep Tubewell","Ground Water","Amoga layout","15 Crore 12102020 Providing and erection of Pump and motor at Kammasandra Village Bidarahalli GP Bangalore East",2020-2021,4.25000,4.24051,"14 Feb 2021","03 May 2023",2024-06-07
Karnataka,"Bengaluru Urban","Bangalore East",Halanayakanahalli,Halanayakanahalli,Krishnappanagara,0001726549,0008225301,250300373,"Deep Tubewell","Ground Water","Near Ro plant towards A. Krishnappanagara Road side","15 Crore 12102020 Providing and erection of Pump and motor at A.Krishnappanagara Village HAlanayakanahalli GP Bangalore East Tq",2020-2021,3.00000,2.99885,"14 Feb 2021","03 May 2023",2024-06-07
Karnataka,"Bengaluru Urban","Bangalore East",Bidarahalli,Margondanahalli,Margondanahalli,0000374312,0008225306,250300374,"Deep Tubewell","Ground Water","Subramani Layout Entry","15 Crore 12102020 Providing and erection of Pump and motor at Margondanahalli(Subramani Layout) Village Bidarahalli GP Bangalore East Tq",2020-2021,4.25000,4.24050,"14 Feb 2021","03 May 2023",2024-06-07
Karnataka,"Bengaluru Urban","Bangalore East",Doddagubbi,Doddagubbi,Doddagubbi,0000374377,0007853470,250247101,"Deep Tubewell","Ground Water","Village limit","TFC NAC 2018 G Drilling of Borewell 1 No laying of  Pipe line   Erection of Pump Motor for Revival of  Water Supply Scheme at Doddagubbi Habitation, Doddagubbi GP Bangalore East Taluk",2018-2019,7.50000,2.19921,"05 Sep 2018","03 May 2023",2024-06-07
Karnataka,"Bengaluru Urban","Bangalore East",Kannur,"Chikka Gubbi","Chikka Gubbi",0000374362,0007853471,250247102,"Deep Tubewell","Ground Water","village limit","TFC NAC 2018 SCP Drilling of Borewell 1 No for Revival of  Water Supply Scheme at Chikkagubbi Habitation, Kannuru GP Bangalore East Taluk",2018-2019,2.30000,1.95244,"05 Sep 2018","31 Mar 2019",2024-06-07
Karnataka,"Bengaluru Urban","Bangalore East",Kodathi,Sullikunte,"Sulikunte Colony",0000374287,0007853483,250247110,"Deep Tubewell","Ground Water","village limit","TFC NAC 2018 SCP Drilling of Borewell 1 No for Revival of  Water Supply Scheme at Sulikunte Colony  Habitation, Kodathi GP Bangalore East Taluk",2018-2019,2.97000,2.64784,"05 Sep 2018","31 Mar 2019",2024-06-07
Karnataka,"Bengaluru Urban","Bangalore East",Kannur,Nadagowdanahalli,Nadagowdanahalli,0000374368,0007854056,250247623,"Deep Tubewell","Ground Water","village limit","G Revival of MWS Scheme at Nadagowda gollahalli  Habitation Nadagowda gollahalli  i village Kannuru GP Bangalore East TaluK",2018-2019,2.00000,0.00000,"05 Sep 2018","03 May 2023",2024-06-07
Karnataka,"Bengaluru Urban","Bangalore East",Bidarahalli,Margondanahalli,Margondanahalli,0000374312,0007854408,250247970,"Deep Tubewell","Ground Water","village limit","G Revival of MWS Scheme at Maragondanahalli(Kateramma Layout)Habitation Maragondanahalli village Bidrahalli GP Bangalore East Taluk",2018-2019,2.00000,1.99879,"05 Sep 2018","31 Mar 2019",2024-06-07
Karnataka,"Bengaluru Urban","Bangalore East",Bidarahalli,"Kada Agrahara","Kada Agrahara",0000374316,0007868785,250260603,"Deep Tubewell","Ground Water","Village limit","TFC CEO 060418 Drilling of borewell pumpmotor,lying pipeline at Bidarahalli GP ,Kadagrahara Village Bangalore East",2018-2019,7.50000,6.98985,"31 Jan 2019","03 May 2023",2024-06-07
Karnataka,"Bengaluru Urban","Bangalore East",Doddabanahalli,Bandapura,Bandapura,0000374345,0007868789,250260605,"Deep Tubewell","Ground Water","Village limit","TFC CEO 060418 Drilling of borewell at Doddabanahalli GP Bandapura Village Bangalore East",2018-2019,2.50000,2.49864,"31 Jan 2019","31 Mar 2019",2024-06-07
Karnataka,"Bengaluru Urban","Bangalore East",Kannur,Nadagowdanahalli,Nadagowdanahalli,0000374368,0007878090,250265206,"Deep Tubewell","Ground Water","village limit","TFC  24122018 Drilling of Borewell at N G Gollahalli Habitation, Kannuru GP Bangalore East Taluk",2018-2019,2.25000,2.21336,"11 Mar 2019","31 Jul 2019",2024-06-07
Karnataka,"Bengaluru Urban","Bangalore East",Kannur,Nadagowdanahalli,Nadagowdanahalli,0000374368,0007908207,250278835,"Deep Tubewell","Ground Water","Near Yarappanahalli Road","G Revival of PWS Drilling of Bore well aT NG Gollahalli Habitation, Kannur GP, East Taluk.",2019-2020,6.00000,5.44182,"01 Oct 2019","03 May 2023",2024-06-07
Karnataka,"Bengaluru Urban","Bangalore East",Doddagubbi,Doddagubbi,Doddagubbi,0000374377,0007908542,250279192,"Deep Tubewell","Ground Water","Village limit","SCP Revival of PWS Drilling of Bore well at Anagalpura Habitation Doddagubbi GP  East Taluk",2019-2020,3.50000,3.48086,"01 Oct 2019","31 Mar 2020",2024-06-07
Karnataka,"Bengaluru Urban","Bangalore East",Bidarahalli,Margondanahalli,Margondanahalli,0000374312,0007912957,250283324,"Deep Tubewell","Ground Water","Village limit","G Revival of PWS Drilling of Borewell,Errection of pumpset with pipeline",2019-2020,10.00000,10.00000,"25 Oct 2019","29 Feb 2020",2024-06-07
Karnataka,"Bengaluru Urban","Bangalore East",Kodathi,Kachamaranahalli,Kachamaranahalli,0000374282,0007912962,250283329,"Deep Tubewell","Ground Water","Village limit","G REvival of PWS Drilling of Borewell Scheme at Kachamaranahlli Habitation Kodathi GP",2019-2020,3.50000,3.48027,"10 Oct 2019","31 Mar 2020",2024-06-07
Karnataka,"Bengaluru Urban","Bangalore East",Doddabanahalli,Bandapura,Bandapura,0000374345,0000444745,124511,"Deep Tubewell","Ground Water",NA,"village limit",2007-2008,4.50000,4.00000,"22 Nov 2007","25 Sep 2008",2024-06-07
Karnataka,"Bengaluru Urban","Bangalore East",Mandur,Hancharahalli,Hancharahalli,0000374323,0000019035,124623,"Deep Tubewell","Ground Water","village limit","in the village",2004-2005,12.00000,10.68000,"19 May 2005","24 Apr 2006",2024-06-07
Karnataka,"Bengaluru Urban","Bangalore East",Kodathi,Valepura,Valepura,0000374255,0000444724,126511,"Deep Tubewell","Ground Water",NA,"village limit",2007-2008,5.00000,0.01000,"09 Nov 2007","16 Jul 2008",2024-06-07
Karnataka,"Bengaluru Urban","Bangalore East",Mandur,Bendiganahalli,Bendiganahalli,0000374328,0001757974,1507057,"Deep Tubewell","Ground Water",NearPond,"Lagumenahalli Village road turning",2008-2009,15.00000,0.60000,"02 Mar 2009","30 May 2010",2024-06-07
Karnataka,"Bengaluru Urban","Bangalore East",Avalahalli,Avalahalli,Avalahalli,0000374335,0001757993,1507077,"Deep Tubewell","Ground Water","Inside Avalahalli colony","Avalahalli Colony",2008-2009,15.00000,2.22000,"13 Mar 2009","30 May 2010",2024-06-07
Karnataka,"Bengaluru Urban","Bangalore East",Bidarahalli,Gundur,Gundur,0000374310,0002597610,2402914,"Deep Tubewell","Ground Water","Village limits","Providing community terrafil unit at Gundur village in Bangalore East Taluk",2010-2011,2.20000,0.00000,"01 Apr 2010","01 Jul 2010",2024-06-07
Karnataka,"Bengaluru Urban","Bangalore East",Doddabanahalli,Konadasapura,Konadasapura,0000374342,0007148699,2404704,"Deep Tubewell","Ground Water","Village limits","AW Drinking Water Facility to Anganawadi",2015-2016,1.00000,0.00000,"25 Oct 2015","31 Mar 2016",2024-06-07
Karnataka,"Bengaluru Urban","Bangalore East",Mandur,Huskur,Huskur,0000374329,0007149033,2404844,"Deep Tubewell","Ground Water","Village limits","AW Drinking Water Facility to Anganawadi",2015-2016,1.00000,0.00000,"25 Oct 2015","31 Mar 2016",2024-06-07
Karnataka,"Bengaluru Urban","Bangalore East",Kodathi,Sullikunte,Sullikunte,0000374286,0002599445,2404918,"Deep Tubewell","Ground Water","Village limits","Providing community terrafil unit at Sulikunte village in Bangalore East Taluk",2010-2011,2.75000,0.00000,"01 Apr 2010","28 Feb 2012",2024-06-07
Karnataka,"Bengaluru Urban","Bangalore East",Halanayakanahalli,Halanayakanahalli,Halanayakanahalli,0000374292,0003168187,3018717,"Deep Tubewell","Ground Water","Leprosy Patients Colony","Leprosy Patients Colony","Not Known",0.90000,0.00000,"25 Nov 2010","25 Nov 2010",2024-06-07
Karnataka,"Bengaluru Urban","Bangalore East",Kodathi,Sullikunte,Sullikunte,0000374286,0003175965,3026813,"Deep Tubewell","Ground Water","In Front of Abappana House","In Front of Abappana House","Not Known",0.90000,0.00000,"26 Nov 2010","26 Nov 2010",2024-06-07
Karnataka,"Bengaluru Urban","Bangalore East",Kodathi,Mullur,Mullur,0000374284,0003175970,3026818,"Deep Tubewell","Ground Water","In Front of Abappana House","Mulluru Government School","Not Known",0.90000,0.00000,"26 Nov 2010","26 Nov 2010",2024-06-07
Karnataka,"Bengaluru Urban","Bangalore East",Kodathi,Mullur,"Mullur Colony",0000374285,0003176006,3026862,"Deep Tubewell","Ground Water","Anjaneyaswamy Temple","Anjaneyaswamy Temple","Not Known",0.90000,0.00000,"26 Nov 2010","26 Nov 2010",2024-06-07
Karnataka,"Bengaluru Urban","Bangalore East",Bidarahalli,Adur,Adur,0000374315,0005628267,5593610,"Deep Tubewell","Ground Water","Village limit","Drinking Water Facility to Anganawadi",2013-2014,1.00000,0.99985,"22 Sep 2013","03 Mar 2014",2024-06-07
Karnataka,"Bengaluru Urban","Bangalore East",Bidarahalli,"Kada Agrahara","Kada Agrahara",0000374316,0005628278,5593621,"Deep Tubewell","Ground Water","Village limit","Drinking Water Facility to Anganawadi",2013-2014,1.00000,0.99986,"22 Sep 2013","03 Mar 2014",2024-06-07
Karnataka,"Bengaluru Urban","Bangalore East",Bidarahalli,Bidarahalli,Bidarahalli,0000374307,0005628283,5593626,"Deep Tubewell","Ground Water","Village limit","Drinking Water Facility to Anganawadi",2013-2014,1.00000,0.98425,"22 Sep 2013","20 Jan 2014",2024-06-07
Karnataka,"Bengaluru Urban","Bangalore East",Bidarahalli,Gundur,Gundur,0000374310,0005628309,5593652,"Deep Tubewell","Ground Water","Village limit","Drinking Water Facility to Anganawadi",2013-2014,1.00000,0.99479,"22 Sep 2013","25 Mar 2014",2024-06-07
Karnataka,"Bengaluru Urban","Bangalore East",Bidarahalli,Hirandahalli,Hirandahalli,0000374313,0006133932,250020884,"Deep Tubewell","Ground Water","Village limit","Drilling of Borewell",2013-2014,1.33000,1.32950,"11 Jul 2013","05 Mar 2014",2024-06-07
Karnataka,"Bengaluru Urban","Bangalore East",Kannur,"Kadu Sonnappanahalli","Kadu Sonnappanahalli",0000374367,0006134406,250020971,"Deep Tubewell","Ground Water","Village limit","Drilling of Borewell",2013-2014,1.47000,1.46950,"03 Jul 2013","03 Mar 2014",2024-06-07
Karnataka,"Bengaluru Urban","Bangalore East",Mandur,Mandur,Mandur,0000374317,0007149095,250020974,"Deep Tubewell","Ground Water","Village limit","AW Drinking Water Facility to Anganawadi",2015-2016,1.00000,0.00000,"25 Oct 2015","31 Mar 2016",2024-06-07
Karnataka,"Bengaluru Urban","Bangalore East",Kodathi,Kachamaranahalli,Kachamaranahalli,0000374282,0006135616,250021130,"Deep Tubewell","Ground Water","Village limit","Drilling of Borewell",2013-2014,2.34000,2.33980,"10 Jul 2013","10 Mar 2014",2024-06-07
Karnataka,"Bengaluru Urban","Bangalore East",Halanayakanahalli,"Hado Siddapura","Hado Siddapura",0000374290,0006135866,250021199,"Deep Tubewell","Ground Water",Kodandaramanagara,"Drilling of Borewell",2013-2014,1.68000,1.67980,"15 Jul 2013","03 Mar 2014",2024-06-07
Karnataka,"Bengaluru Urban","Bangalore East",Kodathi,Kodathi,"Kodathi Colony",0000374289,0006374335,250065311,"Deep Tubewell","Ground Water","Colony Limit","G Revival of MWS Scheme",2013-2014,6.00000,0.00000,"28 Apr 2014","31 Mar 2018",2024-06-07
Karnataka,"Bengaluru Urban","Bangalore East",Seegehalli,Seegehalli,"Seegehalli Jogi Colony",0000374351,0006374341,250065317,"Deep Tubewell","Ground Water","Colony Limit","Revival of MWS Scheme",2013-2014,6.00000,5.39529,"29 Apr 2014","19 Jan 2015",2024-06-07
Karnataka,"Bengaluru Urban","Bangalore East",Avalahalli,Cheemasandra,Cheemasandra,0000374332,0006670201,250068008,"Deep Tubewell","Ground Water","Village limit","G Drilling of BW,Errection of Pumpset with Pipe line and Energisation",2014-2015,8.00000,10.28298,"25 Sep 2014","31 Dec 2015",2024-06-07
Karnataka,"Bengaluru Urban","Bangalore East",Kittaganuru,Kithaganur,"Kithaganur Colony",0000374341,0006670220,250068020,"Deep Tubewell","Ground Water","Colony limit","Individual House Connections",2014-2015,5.25000,5.22983,"20 Sep 2014","27 Mar 2015",2024-06-07
Karnataka,"Bengaluru Urban","Bangalore East",Doddagubbi,Doddagubbi,"Doddagubbi Colony",0000374378,0006670234,250068032,"Deep Tubewell","Ground Water","Colony limit","SCP Individual House Connections",2014-2015,4.75000,4.40343,"20 Sep 2014","31 Dec 2015",2024-06-07
Karnataka,"Bengaluru Urban","Bangalore East",Kannur,"Bande Hosur","Bande Hosur",0000374364,0006670248,250068042,"Deep Tubewell","Ground Water","Colony limit","SCP Individual House Connections",2014-2015,7.50000,6.73785,"20 Sep 2014","01 Oct 2015",2024-06-07
Karnataka,"Bengaluru Urban","Bangalore East",Mandur,Kodigehalli,Kodigehalli,0000374325,0006686220,250073609,"Deep Tubewell","Ground Water","village limit","SCP Drilling of borewell",2014-2015,2.00000,1.92573,"19 Jul 2014","10 Feb 2017",2024-06-07
Karnataka,"Bengaluru Urban","Bangalore East",Kodathi,Kodathi,Kodathi,0000374288,0006686257,250073622,"Deep Tubewell","Ground Water","village limit","Drilling of borewell",2014-2015,1.79000,1.78857,"19 Jul 2014","11 Aug 2014",2024-06-07
Karnataka,"Bengaluru Urban","Bangalore East",Halanayakanahalli,Halanayakanahalli,Halanayakanahalli,0000374292,0007148961,250073781,"Deep Tubewell","Ground Water","Village limit","SW Drinking Water Facility to Primary School",2015-2016,1.00000,0.00000,"25 Oct 2015","31 Mar 2016",2024-06-07
Karnataka,"Bengaluru Urban","Bangalore East",Mandur,Mandur,Mandur,0000374317,0006849764,250076110,"Deep Tubewell","Ground Water","Near pond side","G TFC 20.10.2014 Drilling of Borewell,Errection of Pumpset with Pipe line and Energisation in Mandur Habitation.",2014-2015,5.00000,4.95846,"10 Dec 2014","31 Dec 2015",2024-06-07
Karnataka,"Bengaluru Urban","Bangalore East",Kannur,Mittaganahalli,Mittaganahalli,0000374366,0006849766,250076112,"Deep Tubewell","Ground Water","near road side","SCP  TFC 20.10.2014 Drilling of Borewell,Errection of Pumpset with Pipe line and Energisation in Mittaganahalli Habitation.",2014-2015,5.00000,4.54950,"10 Dec 2014","31 Aug 2015",2024-06-07
Karnataka,"Bengaluru Urban","Bangalore East",Kannur,"Bande Bommasandra","Bande Bommasandra",0000374361,0006849767,250076113,"Deep Tubewell","Ground Water","Near Road side","SCP  TFC 20.10.2014 Drilling of Borewell,Errection of Pumpset with Pipe line and Energisation in Bandebommasandra Habitation.",2014-2015,5.00000,4.98700,"10 Dec 2014","31 Dec 2015",2024-06-07
Karnataka,"Bengaluru Urban","Bangalore East",Avalahalli,Cheemasandra,Cheemasandra,0000374332,0006849774,250076120,"Deep Tubewell","Ground Water","Near temple","G TFC 20.10.2014Drilling of Borewell,Errection of Pumpset with Pipe line and Energisation in Cheemasandra Habitation.",2014-2015,8.00000,7.95467,"10 Dec 2014","31 Mar 2017",2024-06-07
Karnataka,"Bengaluru Urban","Bangalore East",Bidarahalli,Hirandahalli,Hirandahalli,0000374313,0006849778,250076124,"Deep Tubewell","Ground Water","Near Burial Ground","G TFC 20.10.2014 Drilling of Borewell,Errection of Pumpset with Pipeline and Energisation in  HIRANDAHALLI Habitation",2014-2015,7.00000,7.30999,"10 Dec 2014","31 Mar 2017",2024-06-07
Karnataka,"Bengaluru Urban","Bangalore East",Kodathi,Kodathi,"Kodathi Colony",0000374289,0006849780,250076126,"Deep Tubewell","Ground Water","Near burial grand","G TFC 20.10.2014 Drilling of Borewell,Errection of Pumpset with Pipe line and Energisation in Kodathi Colony Habitation.",2014-2015,5.00000,4.90385,"10 Dec 2014","31 Dec 2015",2024-06-07
Karnataka,"Bengaluru Urban","Bangalore East",Kodathi,Kachamaranahalli,Kachamaranahalli,0000374282,0006849782,250076128,"Deep Tubewell","Ground Water","Near road","G TFC 20.10.2014 Drilling of Borewell,Errection of Pumpset with Pipe line and Energisation in Kachamaranahalli Habitation.",2014-2015,5.00000,2.79190,"10 Dec 2014","31 Mar 2019",2024-06-07
Karnataka,"Bengaluru Urban","Bangalore East",Kannur,"Kadu Sonnappanahalli","Kadu Sonnappanahalli",0000374367,0007573052,250169998,"Deep Tubewell","Ground Water",Kadusonnappanahalli,"TFC221116 Drilling of Borewell at Kadusonnappanahalli Habitation, Kannur GP, Bangalore East Taluk",2016-2017,2.20000,2.19850,"15 Jan 2017","28 Feb 2018",2024-06-07
Karnataka,"Bengaluru Urban","Bangalore East",Halanayakanahalli,Chikkanayakanahalli,Chikkanayakanahalli,0000374291,0007573081,250170029,"Deep Tubewell","Ground Water",Chikkanayakanahalli,"TFC221116 Drilling of Borewell at Chikkanayakanahalli Habitation, Halanayakanahalli GP, Bangalore East Taluk",2016-2017,2.20000,2.19162,"15 Jan 2017","31 Mar 2018",2024-06-07
Karnataka,"Bengaluru Urban","Bangalore East",Kodathi,Kodathi,Kodathi,0000374288,0007642217,250186409,"Deep Tubewell","Ground Water","Village limit","TFC220217 Drilling of Borewell at Kodathi Habitation, Kodathi  GP , Bangalore East Taluk",2016-2017,2.20000,2.19747,"05 May 2017","31 Mar 2018",2024-06-07
Karnataka,"Bengaluru Urban","Bangalore East",Bidarahalli,Gundur,Gundur,0000374310,0007642437,250186449,"Deep Tubewell","Ground Water","Colony road","TFC220217 Drilling of Borewell at Gundur habitation, Bidarahalli GP, Bangalore East Taluk",2016-2017,2.00000,1.94563,"05 May 2017","31 Mar 2018",2024-06-07
Karnataka,"Bengaluru Urban","Bangalore East",Kodathi,Kachamaranahalli,Kachamaranahalli,0000374282,0007701769,250196181,"Deep Tubewell","Ground Water","Village limit","TFC170417 Drilling of Borewell at Kachamaranahalli Habitation, Kodathi  GP, Bangalore East Taluk",2017-2018,2.40000,2.39833,"10 Jul 2017","31 Mar 2018",2024-06-07
Karnataka,"Bengaluru Urban","Bangalore East",Kodathi,Valepura,Valepura,0000374255,0007701778,250196186,"Deep Tubewell","Ground Water","Towards Muthasandra Village Road","TFC170417 Drilling of Borewell at Valepura Habitation, Kodathi  GP, Bangalore East Taluk",2017-2018,2.40000,2.39909,"10 Jul 2017","31 Mar 2018",2024-06-07
Karnataka,"Bengaluru Urban","Bangalore East",Halanayakanahalli,Halanayakanahalli,Halanayakanahalli,0000374292,0007846723,250240862,"Deep Tubewell","Ground Water","village limit","G Revival of MWS scheme at Halanayakanahalli Habitation, Halanayakanahalli Village Halanayakanahalli GP, Bangalore East Taluk",2018-2019,2.50000,2.49798,"05 Oct 2018","31 Mar 2019",2024-06-07
Karnataka,"Bengaluru Urban","Bangalore East",Halanayakanahalli,Halanayakanahalli,Krishnappanagara,0001726549,0007846732,250240871,"Deep Tubewell","Ground Water","village limit","G Revival of MWS scheme at A.Krishnappanagar Habitation, Halanayakanahalli Village Halanayakanahalli GP, Bangalore East Taluk",2018-2019,2.50000,2.49621,"05 Oct 2018","31 Mar 2019",2024-06-07
Karnataka,"Bengaluru Urban","Bangalore East",Kannur,"Kadu Sonnappanahalli","Kadu Sonnappanahalli",0000374367,0007846756,250240897,"Deep Tubewell","Ground Water","village limit","G Revival of PWS scheme at Kadusonnappanahalli Habitation, Kadusonnappanahalli Village Kannur GP, Bangalore East Taluk",2018-2019,2.25000,0.00000,"05 Oct 2018","03 May 2023",2024-06-07
Karnataka,"Bengaluru Urban","Bangalore East",Avalahalli,Veeranahlli,Veeranahalli,0000374334,0007850882,250244927,"Deep Tubewell","Ground Water","Village Limit","G Revival of MWS scheme at Veerenahalli Habitation, Veerenahalli Village, Avalahalli GP, Bangalore East Taluk",2018-2019,2.50000,0.00000,"12 Oct 2018","03 May 2023",2024-06-07
Karnataka,"Bengaluru Urban","Bangalore East",Kannur,Yerappanahalli,Yerappanahalli,0000374369,0007850902,250244946,"Deep Tubewell","Ground Water","Village Limit","G Revival of PWS scheme at Yerappanahalli Habitation, Yerappanahalli Village, Kannuru GP, Bangalore East Taluk",2018-2019,2.50000,0.00000,"12 Oct 2018","03 May 2023",2024-06-07
Karnataka,"Bengaluru Urban","Bangalore East",Kannamangala,"Khaji Sonnenahalli","Khaji Sonnenahalli",0001622936,0007851119,250245179,"Deep Tubewell","Ground Water","Village Limit","G Revival of PWS scheme at Kajisonnenahalli Habitation, Kajisonnenahalli Village, Kannamangala GP, Bangalore East Taluk",2018-2019,4.00000,3.99302,"05 Sep 2018","31 Mar 2019",2024-06-07
Karnataka,"Bengaluru Urban","Bangalore East",Kodathi,Mullur,Mullur,0000374284,0007852503,250246366,"Deep Tubewell","Ground Water","Village limit","G Revival of MWS scheme at MulluruHabitation, Mulluru Village, Kodathi GP, Bangalore East Taluk",2018-2019,5.00000,4.07782,"05 Sep 2018","03 May 2023",2024-06-07
Karnataka,"Bengaluru Urban","Bangalore East",Kittaganuru,Kithaganur,Kithaganur,0000374340,0007852509,250246371,"Deep Tubewell","Ground Water","Village limit","G Revival of MWS scheme at Kithaganuru Habitation, Kithaganuru Village, Kithaganuru GP, Bangalore East Taluk",2018-2019,4.00000,0.00000,"05 Sep 2018","03 May 2023",2024-06-07
Karnataka,"Bengaluru Urban","Bangalore East",Doddabanahalli,Katamnallur,Katamnallur,0000374343,0007852510,250246372,"Deep Tubewell","Ground Water","Village limit","G Revival of PWS scheme at Katamnallur Habitation, Katamnallur Village, Doddabanahalli GP, Bangalore East Taluk",2018-2019,2.45000,2.44644,"05 Sep 2018","31 Mar 2019",2024-06-07
Karnataka,"Bengaluru Urban","Bangalore East",Mandur,Bommenahalli,Bommenahalli,0000374327,0007966228,250143362,"Deep Tubewell","Ground Water","Village limit","TFC CEO 080319 Drilling of Borewell toBommenahalli Village,  Mandur Gram Panchayath Bangalore East Taluk",2019-2020,3.20000,3.19377,"01 Apr 2020","31 Mar 2020",2024-06-07
Karnataka,"Bengaluru Urban","Bangalore East",Halanayakanahalli,Chikkanayakanahalli,Chikkanayakanahalli,0000374291,0007528036,250143496,"Deep Tubewell","Ground Water","village limit","G Revival of MWS scheme at Chikkanayakanahalli Habitation Halanayakanahalli G.P Bangalore East Taluk",2016-2017,7.00000,0.00000,"01 Sep 2016","03 May 2023",2024-06-07
Karnataka,"Bengaluru Urban","Bangalore East",Kittaganuru,"Kurudu Sonnenahalli","Kurudu Sonnenahalli",0000374333,0007528512,250143875,"Deep Tubewell","Ground Water","Village Limit","SCP Revival of PWS Scheme  and House Hold Connection HH 35 at Kurudusonnenahalli Village in Kithaganur G.P Bangalore East Taluk",2016-2017,12.00000,0.00000,"01 Sep 2016","03 May 2023",2024-06-07
Karnataka,"Bengaluru Urban","Bangalore East",Kodathi,Valepura,Valepura,0000374255,0007528667,250144021,"Deep Tubewell","Ground Water","Village limit","G Revival of MWS scheme at Valepura Habitation Kodathi G.P Bangalore East Taluk",2016-2017,7.50000,7.73332,"01 Sep 2016","31 Mar 2018",2024-06-07
Karnataka,"Bengaluru Urban","Bangalore East",Kannur,Mittaganahalli,Mittaganahalli,0000374366,0007530294,250145650,"Deep Tubewell","Ground Water","Village Limit","SCP Revival of MWS Scheme  and House Hold Connection HH 40 at Mittiganahalli Village in Kiannur G.P Bangalore East Taluk",2016-2017,7.00000,3.26980,"01 Sep 2016","31 Mar 2018",2024-06-07
Karnataka,"Bengaluru Urban","Bangalore East",Bidarahalli,Byappanahalli,Byappanahalli,0000374308,0007531665,250146910,"Deep Tubewell","Ground Water","Village Limit","G Revival of PWS Scheme  at Byappanahalli Village in Bidarahalli G.P Bangalore East Taluk",2016-2017,15.00000,9.93395,"01 Sep 2016","31 Dec 2018",2024-06-07
Karnataka,"Bengaluru Urban","Bangalore East",Kittaganuru,Kithaganur,Kithaganur,0000374340,0008040910,250147506,"Deep Tubewell","Ground Water","Village limit","10 Crore 22052020 Drilling of Borewell scheme and providing pump and motor at Kithaganur village Kithaganuru GP Bangalore east taluk",2020-2021,7.10000,6.27748,"02 Sep 2020","03 May 2023",2024-06-07
Karnataka,"Bengaluru Urban","Bangalore East",Bidarahalli,"Kada Agrahara","Kada Agrahara",0000374316,0008220130,250147525,"Deep Tubewell","Ground Water","Village limit","Providing Water Supply to School fitting of Taps to Kitchen and Toilets at Kadaagrahara Village Bidarahalii GP Bangalore east",2020-2021,0.20000,0.11648,"15 Mar 2021","03 May 2023",2024-06-07
Karnataka,"Bengaluru Urban","Bangalore East",Bidarahalli,"Kada Agrahara","Kada Agrahara",0000374316,0008220772,250147525,"Deep Tubewell","Ground Water","Village limit","15 Crore 12102020 Drilling of Borewell at  Kadaagrahara Village Bidarahalli  GP Bangalore East taluk",2020-2021,3.25000,2.94116,"26 Feb 2021","03 May 2023",2024-06-07
Karnataka,"Bengaluru Urban","Bangalore East",Kannamangala,Kannamangala,"Kannamangala Colony",0001622946,0007532523,250147666,"Deep Tubewell","Ground Water","Village limit","G Revival of PWS Scheme at Kannamangala Bevinamara Colony Habitation in Kannamangala G.P Bangalore East Taluk",2016-2017,6.00000,5.69617,"01 Sep 2016","31 Mar 2018",2024-06-07
Karnataka,"Bengaluru Urban","Bangalore East",Kannamangala,"Khaji Sonnenahalli","Khaji Sonnenahalli",0001622936,0007532538,250147678,"Deep Tubewell","Ground Water","Village limit","G Revival of PWS Scheme at Kajisonnenahalli Village  in Kannamangala G.P Bangalore East Taluk",2016-2017,8.00000,0.00000,"01 Sep 2016","03 May 2023",2024-06-07
Karnataka,"Bengaluru Urban","Bangalore East",Bidarahalli,Hirandahalli,Hirandahalli,0000374313,0007544190,250156838,"Deep Tubewell","Ground Water","village limit","G Providing Water Supply To School at Hirandahalli habitation in Bidarahalli GP. Bangalore East Taluk",2016-2017,2.00000,1.43867,"01 Sep 2016","31 Dec 2018",2024-06-07
Karnataka,"Bengaluru Urban","Bangalore East",Kodathi,Kodathi,Kodathi,0000374288,0008210088,250156840,"Deep Tubewell","Ground Water","village limit","Providing Water Supply to Anganawadi fitting of Taps to Kitchen and Toilets at Kodathi Gate Village Kodathi GP Bangalore east Taluk",2020-2021,0.14300,0.11648,"29 Nov 2020","03 May 2023",2024-06-07
Karnataka,"Bengaluru Urban","Bangalore East",Kannur,"Kadu Sonnappanahalli","Kadu Sonnappanahalli",0000374367,0007544193,250156841,"Deep Tubewell","Ground Water","village limit","G Providing Water Supply To Anganawadi at Kadusonnappanahalli habitation in Kannuru GP. Bangalore East Taluk",2016-2017,1.00000,0.63343,"01 Sep 2016","03 May 2023",2024-06-07
Karnataka,"Bengaluru Urban","Bangalore East",Kodathi,Mullur,Mullur,0000374284,0007544194,250156842,"Deep Tubewell","Ground Water","village limit","G Providing Water Supply To School at Mulluru habitation in Kodathi GP. Bangalore East Taluk",2016-2017,1.00000,0.61201,"01 Sep 2016","31 Dec 2018",2024-06-07
Karnataka,"Bengaluru Urban","Bangalore East",Avalahalli,Avalahalli,Avalahalli,0000374335,0007572730,250169690,"Deep Tubewell","Ground Water","Avalahalli Colony","TFC221116 Drilling of Borewell at Avalahalli Colony ,Avalahalli GP, Bangalore East Taluk",2016-2017,2.30000,0.00000,"10 Jan 2017","03 May 2023",2024-06-07
Karnataka,"Bengaluru Urban","Bangalore East",Avalahalli,Avalahalli,Avalahalli,0000374335,0007572731,250169691,"Deep Tubewell","Ground Water","Avalahalli Colony","TFC221116 Drilling of Borewell at Avalahalli Colony ,Avalahalli GP, Bangalore East Taluk",2016-2017,2.30000,0.00000,"10 Jan 2017","03 May 2023",2024-06-07
Karnataka,"Bengaluru Urban","Bangalore East",Avalahalli,Cheemasandra,Cheemasandra,0000374332,0007572756,250169710,"Deep Tubewell","Ground Water",Cheemasandra,"TFC221116 Drilling of Borewell and Erection of Pumpset at Cheemasandra Habitation,Avalahalli GP, Bangalore East Taluk",2016-2017,5.00000,4.99766,"15 Jan 2017","31 Mar 2018",2024-06-07
Karnataka,"Bengaluru Urban","Bangalore East",Doddabanahalli,Katamnallur,Katamnallur,0000374343,0007572960,250169921,"Deep Tubewell","Ground Water",Katamnallur,"TFC221116 Drilling of Borewell at Katamnallur Habitation, Doddabanahalli GP, Bangalore East Taluk",2016-2017,2.20000,0.00000,"15 Jan 2017","31 Mar 2018",2024-06-07
Karnataka,"Bengaluru Urban","Bangalore East",Kannur,Yerappanahalli,Yerappanahalli,0000374369,0003308495,3164932,"Deep Tubewell","Ground Water","Yarappanahalli Kada Agrahara road","Yarappanahalli Kada Agrahara road","Not Known",0.90000,0.00000,"01 Jan 1900","01 Jan 1900",2024-06-07
Karnataka,"Bengaluru Urban","Bangalore East",Kannur,"Kadu Sonnappanahalli","Kadu Sonnappanahalli",0000374367,0003308505,3164946,"Deep Tubewell","Ground Water","Kadusonnappanahalli near Milk dairy","Kadusonnappanahalli near Milk dairy","Not Known",0.90000,0.00000,"01 Jan 1900","01 Jan 1900",2024-06-07
Karnataka,"Bengaluru Urban","Bangalore East",Kannur,Kannur,Kannur,0000374363,0003308536,3164981,"Deep Tubewell","Ground Water","NG Gollahalli near Muniramanna house","NG Gollahalli near Muniramanna house","Not Known",0.90000,0.00000,"01 Jan 1900","01 Jan 1900",2024-06-07
Karnataka,"Bengaluru Urban","Bangalore East",Kannur,Yerappanahalli,Yerappanahalli,0000374369,0003308571,3165010,"Deep Tubewell","Ground Water","Yarappanahalli lake Borewell","Yarappanahalli lake  Borewell","Not Known",0.90000,0.00000,"01 Jan 1900","01 Jan 1900",2024-06-07
Karnataka,"Bengaluru Urban","Bangalore East",Kannur,"Kadu Sonnappanahalli","Kadu Sonnappanahalli",0000374367,0003308637,3165070,"Deep Tubewell","Ground Water","Kadusonnappanahalli Opp Savithramma house","Kadusonnappanahalli Opp Savithramma house","Not Known",0.90000,0.00000,"01 Jan 1900","01 Jan 1900",2024-06-07
Karnataka,"Bengaluru Urban","Bangalore East",Kannur,Mittaganahalli,Mittaganahalli,0000374366,0003308686,3165129,"Deep Tubewell","Ground Water","Mitaganahalli Brick factory road","Mitaganahalli Brick factory road","Not Known",0.90000,0.00000,"01 Jan 1900","01 Jan 1900",2024-06-07
Karnataka,"Bengaluru Urban","Bangalore East",Kannur,"Bande Bommasandra","Bande Bommasandra",0000374361,0003308720,3165196,"Deep Tubewell","Ground Water","Bandebommasandra near near Narayana Reddy house","Bandebommasandra near near Narayana Reddy house","Not Known",0.90000,0.00000,"01 Jan 1900","01 Jan 1900",2024-06-07
Karnataka,"Bengaluru Urban","Bangalore East",Doddabanahalli,Doddabanahalli,Doddabanahalli,0000374347,0003309094,3165625,Openwell,"Ground Water","Doddagubbi near Gowramma house","Doddagubbi near Gowramma house","Not Known",0.90000,0.00000,"27 Nov 2010","27 Nov 2010",2024-06-07
Karnataka,"Bengaluru Urban","Bangalore East",Mandur,Huskur,Huskur,0000374329,0003588082,3452672,"Deep Tubewell","Ground Water","Near Road Side","Construction of OHT",2011-2012,15.00000,0.00000,"15 Jun 2011","20 Feb 2013",2024-06-07
Karnataka,"Bengaluru Urban","Bangalore East",Bidarahalli,Bidarahalli,Bidarahalli,0000374307,0003621009,3485799,"Deep Tubewell","Ground Water","Village Limits","Pipeline Extension",2011-2012,4.70000,0.00000,"15 Jul 2011","15 Mar 2012",2024-06-07
Karnataka,"Bengaluru Urban","Bangalore East",Avalahalli,Cheemasandra,Cheemasandra,0000374332,0003621054,3485845,"Deep Tubewell","Ground Water","Near Road Side","Pipeline Extension",2011-2012,1.45000,0.00000,"15 Jul 2011","15 Mar 2012",2024-06-07
Karnataka,"Bengaluru Urban","Bangalore East",Kannamangala,"Khaji Sonnenahalli","Khaji Sonnenahalli",0001622936,0003621142,3485934,"Deep Tubewell","Ground Water","Near Road Side","Pipeline Extension",2011-2012,1.45000,0.00000,"15 Jul 2011","15 Mar 2012",2024-06-07
Karnataka,"Bengaluru Urban","Bangalore East",Doddabanahalli,Bandapura,Bandapura,0000374345,0003621156,3485948,"Deep Tubewell","Ground Water","Near Road Side","Pipeline Extension",2011-2012,1.70000,0.00000,"15 Jul 2011","15 Mar 2012",2024-06-07
Karnataka,"Bengaluru Urban","Bangalore East",Seegehalli,Seegehalli,Seegehalli,0000374350,0003639466,3504233,"Deep Tubewell","Ground Water","Village Limits","Pipeline Extension",2011-2012,5.00000,0.00000,"20 Jul 2011","15 Mar 2012",2024-06-07
Karnataka,"Bengaluru Urban","Bangalore East",Bidarahalli,Margondanahalli,Margondanahalli,0000374312,0003729379,3594037,"Deep Tubewell","Ground Water","Govt. Primary School","School Water Supply",2011-2012,1.00000,0.00000,"15 Aug 2011","15 Feb 2012",2024-06-07
Karnataka,"Bengaluru Urban","Bangalore East",Doddabanahalli,Gorvigere,Gorvigere,0000374344,0003729451,3594109,"Deep Tubewell","Ground Water","Govt. Primary School","School Water Supply",2011-2012,1.00000,0.00000,"15 Aug 2011","15 Feb 2012",2024-06-07
Karnataka,"Bengaluru Urban","Bangalore East",Kodathi,Mullur,"Mullur Colony",0000374285,0003729508,3594166,"Deep Tubewell","Ground Water","Govt. Primary School","School Water Supply",2011-2012,1.00000,0.00000,"15 Aug 2011","15 Feb 2012",2024-06-07
Karnataka,"Bengaluru Urban","Bangalore East",Mandur,Lagumenahalli,Lagumenahalli,0000374326,0003729577,3594235,"Deep Tubewell","Ground Water","Govt. Primary school","School Water Supply",2011-2012,1.00000,0.00000,"15 Aug 2011","15 Feb 2012",2024-06-07
Karnataka,"Bengaluru Urban","Bangalore East",Doddagubbi,Anagalpura,Anagalpura,0000374376,0003870689,3737179,"Deep Tubewell","Ground Water","Road Side","Revival of MWS",2011-2012,5.50000,0.00000,"24 Aug 2011","27 Jan 2012",2024-06-07
Karnataka,"Bengaluru Urban","Bangalore East",Kannur,"Chikka Gubbi","Chikka Gubbi",0000374362,0003999537,3870889,"Deep Tubewell","Ground Water","towards main road","replacement of pipe line",2011-2012,5.00000,0.00000,"20 Aug 2011","25 Feb 2012",2024-06-07
Karnataka,"Bengaluru Urban","Bangalore East",Doddabanahalli,Doddabanahalli,Doddabanahalli,0000374347,0007148637,4798999,"Deep Tubewell","Ground Water","Village Limit","SW Drinking Water Facility to School",2015-2016,1.00000,0.00000,"25 Oct 2015","31 Mar 2016",2024-06-07
Karnataka,"Bengaluru Urban","Bangalore East",Mandur,"Kattu Gollahalli","Kattu Gollahalli",0000374319,0004872135,4799012,"Deep Tubewell","Ground Water","Towards Main road","Revival of MWS Scheme",2012-2013,5.00000,5.14778,"15 Sep 2012","03 Dec 2012",2024-06-07
Karnataka,"Bengaluru Urban","Bangalore East",Bidarahalli,Adur,Adur,0000374315,0004893580,4818879,"Deep Tubewell","Ground Water","Village limit","Revival of MWS Scheme",2012-2013,6.00000,6.12166,"15 Sep 2012","14 Feb 2013",2024-06-07
Karnataka,"Bengaluru Urban","Bangalore East",Bidarahalli,Hirandahalli,Hirandahalli,0000374313,0004893606,4818899,"Deep Tubewell","Ground Water","Main road","Revival of PWS Scheme",2012-2013,6.00000,5.92538,"15 Sep 2012","20 Mar 2013",2024-06-07
Karnataka,"Bengaluru Urban","Bangalore East",Halanayakanahalli,Chikkanayakanahalli,Chikkanayakanahalli,0000374291,0004902454,4826833,"Deep Tubewell","Ground Water","Village limit","Revival of PWS Scheme",2012-2013,10.00000,9.99941,"15 Sep 2012","20 Mar 2013",2024-06-07
Karnataka,"Bengaluru Urban","Bangalore East",Doddagubbi,Doddagubbi,Doddagubbi,0000374377,0004933393,4854265,"Deep Tubewell","Ground Water",GHPS,"School Water Supply",2012-2013,1.00000,0.95518,"10 Sep 2012","20 Mar 2013",2024-06-07
Karnataka,"Bengaluru Urban","Bangalore East",Mandur,Jyothipura,Jyothipura,0000374321,0005219844,5163055,"Deep Tubewell","Ground Water","towards MI Tank","Revival of MWS",2012-2013,3.00000,2.18278,"25 Dec 2012","25 Mar 2013",2024-06-07
Karnataka,"Bengaluru Urban","Bangalore East",Bidarahalli,Kammasandra,Kammasandra,0000374309,0005219863,5163085,"Deep Tubewell","Ground Water","village limit","Revival of MWS",2012-2013,3.00000,2.99900,"26 Dec 2012","20 Mar 2013",2024-06-07
Karnataka,"Bengaluru Urban","Bangalore East",Kodathi,Kodathi,"Kodathi Colony",0000374289,0005219866,5163088,"Deep Tubewell","Ground Water","towards colony","Revival of MWS",2012-2013,3.00000,2.35058,"26 Dec 2012","20 Mar 2013",2024-06-07
Karnataka,"Bengaluru Urban","Bangalore East",Kannur,Kannur,Kannur,0000374363,0005219883,5163109,"Deep Tubewell","Ground Water","Balappa layut","Revival of MWS",2012-2013,3.50000,4.02275,"26 Dec 2012","20 Mar 2013",2024-06-07
Karnataka,"Bengaluru Urban","Bangalore East",Kannamangala,Kannamangala,Kannamangala,0001622947,0005219899,5163125,"Deep Tubewell","Ground Water","Main road","Revival of PWS",2012-2013,2.00000,1.99826,"28 Dec 2012","01 Mar 2013",2024-06-07
Karnataka,"Bengaluru Urban","Bangalore East",Kannur,"Bande Hosur","Bande Hosur",0000374364,0005363365,5300392,"Deep Tubewell","Ground Water",Hosurbande,"Drilling of BW",2012-2013,2.00000,2.21141,"07 Mar 2013","30 Mar 2013",2024-06-07
Karnataka,"Bengaluru Urban","Bangalore East",Halanayakanahalli,Halanayakanahalli,Halanayakanahalli,0000374292,0005363604,5300631,"Deep Tubewell","Ground Water","Village limit","Revival of MWS",2012-2013,2.75000,2.74990,"07 Mar 2013","03 Mar 2014",2024-06-07
Karnataka,"Bengaluru Urban","Bangalore East",Doddabanahalli,Doddabanahalli,"Doddabanahalli Colony",0000374348,0005530202,5474124,"Deep Tubewell","Ground Water","Village limit","G Revival of MWS Scheme",2013-2014,7.00000,5.40641,"10 Sep 2013","01 Mar 2014",2024-06-07
Karnataka,"Bengaluru Urban","Bangalore East",Doddabanahalli,Katamnallur,Katamnallur,0000374343,0005530205,5474141,"Deep Tubewell","Ground Water","Village limit","Providing Piped Water Supply Scheme",2013-2014,25.00000,25.00906,"25 Aug 2013","20 Mar 2014",2024-06-07
Karnataka,"Bengaluru Urban","Bangalore East",Kannamangala,Kannamangala,Kannamangala,0001622947,0005530207,5474151,"Deep Tubewell","Ground Water","Village limit","Revival of PWS Scheme",2013-2014,8.00000,7.27449,"15 Sep 2013","12 Mar 2014",2024-06-07
Karnataka,"Bengaluru Urban","Bangalore East",Seegehalli,Dommasandra,Dommasandra,0001725531,0005530213,5474174,"Deep Tubewell","Ground Water","Village limit","Revival of MWS Scheme",2013-2014,8.00000,7.91716,"10 Sep 2013","08 Jul 2014",2024-06-07
Karnataka,"Bengaluru Urban","Bangalore East",Mandur,Lagumenahalli,Lagumenahalli,0000374326,0005530219,5474190,"Deep Tubewell","Ground Water","Village limit","Revival of MWS Scheme",2013-2014,5.00000,5.16208,"10 Sep 2013","20 Mar 2014",2024-06-07
Karnataka,"Bengaluru Urban","Bangalore East",Mandur,Thirumenahalli,Thirumenahalli,0000374322,0005530220,5474191,"Deep Tubewell","Ground Water","Village limit","Revival of MWS Scheme",2013-2014,5.00000,2.39329,"10 Sep 2013","10 Mar 2014",2024-06-07
Karnataka,"Bengaluru Urban","Bangalore East",Doddabanahalli,"Bidare Agrahara","Bidare Agrahara",0000374346,0005530224,5474208,"Deep Tubewell","Ground Water","Village limit","Providing Piped Water Supply Scheme",2013-2014,25.00000,23.68632,"10 Sep 2013","20 Jan 2015",2024-06-07
Karnataka,"Bengaluru Urban","Bangalore East",Kannur,Kannur,Kannur,0000374363,0005530714,5474809,"Deep Tubewell","Ground Water","Village limit","Revival of PWS Scheme",2013-2014,10.00000,3.55740,"10 Sep 2013","10 Mar 2014",2024-06-07
Karnataka,"Bengaluru Urban","Bangalore East",Kannur,Yerappanahalli,"Yarappanahalli Colon",0001622940,0005530753,5474821,"Deep Tubewell","Ground Water","Colony limit","Revival mof PWS Scheme",2013-2014,8.00000,0.00000,"12 Sep 2013","25 Feb 2014",2024-06-07
Karnataka,"Bengaluru Urban","Bangalore East",Doddagubbi,Anagalpura,Anagalpura,0000374376,0005530771,5474838,"Deep Tubewell","Ground Water","Colony limit","Revival of MWS Scheme",2013-2014,7.00000,6.03244,"10 Sep 2013","10 Mar 2014",2024-06-07
Karnataka,"Bengaluru Urban","Bangalore East",Bidarahalli,Bidarahalli,Bidarahalli,0000374307,0005530788,5474852,"Deep Tubewell","Ground Water","Village limit","Revival of PWS Scheme",2013-2014,7.50000,0.00000,"10 Sep 2013","15 Feb 2014",2024-06-07
Karnataka,"Bengaluru Urban","Bangalore East",Bidarahalli,Gundur,"Gundur Colony",0000374311,0005530800,5474861,"Deep Tubewell","Ground Water","Village limit","Revival of MWS Scheme",2013-2014,6.00000,1.90062,"15 Sep 2013","31 Jan 2014",2024-06-07
Karnataka,"Bengaluru Urban","Bangalore East",Kittaganuru,Kithaganur,"Kithaganur Colony",0000374341,0005530822,5474882,"Deep Tubewell","Ground Water","Village limit","Providing Piped Water Supply Scheme",2013-2014,25.00000,0.00000,"15 Sep 2013","28 Dec 2014",2024-06-07
Karnataka,"Bengaluru Urban","Bangalore East",Kannur,"Bande Hosur","Bande Hosur Colony",0000374365,0005531188,5475206,"Deep Tubewell","Ground Water","Village limit","Revival of MWS Scheme",2013-2014,8.00000,7.15126,"15 Sep 2013","03 Mar 2014",2024-06-07
Karnataka,"Bengaluru Urban","Bangalore East",Mandur,Huskur,"Huskur Kodi",0000374330,0005595471,5555439,"Deep Tubewell","Ground Water","School limit","Drinking Water Facility to School",2013-2014,1.00000,0.00000,"15 Oct 2013","18 Feb 2015",2024-06-07
Karnataka,"Bengaluru Urban","Bangalore East",Mandur,Jyothipura,Jyothipura,0000374321,0005628058,5593368,"Deep Tubewell","Ground Water","Village limit","Drinking Water Facility to Anganawadi",2013-2014,1.00000,0.99777,"22 Sep 2013","02 Dec 2013",2024-06-07
Karnataka,"Bengaluru Urban","Bangalore East",Kittaganuru,"Kurudu Sonnenahalli","Kurudu Sonnenahalli",0000374333,0005628080,5593395,"Deep Tubewell","Ground Water","Village limit","Drinking Water Facility to Anganawadi",2013-2014,1.00000,0.99843,"22 Sep 2013","20 Jan 2014",2024-06-07
Karnataka,"Bengaluru Urban","Bangalore East",Avalahalli,Veeranahlli,Veeranahalli,0000374334,0005628091,5593406,"Deep Tubewell","Ground Water","Village limit","Drinking Water Facility to Anganawadi",2013-2014,1.00000,0.99826,"22 Sep 2013","20 Jan 2014",2024-06-07
Karnataka,"Bengaluru Urban","Bangalore East",Kittaganuru,Kithaganur,"Kithaganur Colony",0000374341,0005628114,5593429,"Deep Tubewell","Ground Water","Village limit","Drinking Water Facility to Anganawadi",2013-2014,1.00000,0.99309,"22 Sep 2013","20 Jan 2014",2024-06-07
Karnataka,"Bengaluru Urban","Bangalore East",Halanayakanahalli,Halanayakanahalli,Krishnappanagara,0001726549,0008220799,250299738,"Deep Tubewell","Ground Water","Village Limit","15 Crore 12102020 Drilling of Borewell at  A.Krishnappanagara  Village Halanayakanahalli  GP Bangalore East taluk",2020-2021,3.00000,2.72231,"25 Feb 2021","03 May 2023",2024-06-07
Karnataka,"Bengaluru Urban","Bangalore East",Bidarahalli,Margondanahalli,Margondanahalli,0000374312,0008225307,250300375,"Deep Tubewell","Ground Water","Cas cad medowes layout","15 Crore 12102020 Providing and erection of Pump and motor at Margondanahalli(Cas Cad Medoes Layout) Village Bidarahalli GP Bangalore East Tq",2020-2021,4.25000,4.24794,"14 Feb 2021","03 May 2023",2024-06-07
Karnataka,"Bengaluru Urban","Bangalore East",Mandur,Huskur,"Huskur Kodi",0000374330,0008231806,250300793,"Deep Tubewell","Ground Water",Anganawadi,"Providing Water Supply to Anganawadi fitting of Taps to Kitchen and Toilets at Huskur Kodi Village Mandur GP Bangalore eas",2020-2021,0.14500,0.00000,"02 Jan 2021","03 May 2023",2024-06-07
Karnataka,"Bengaluru Urban","Bangalore East",Kittaganuru,"Kurudu Sonnenahalli","Kurudu Sonnenahalli",0000374333,0007913686,250283912,"Deep Tubewell","Ground Water","Village limit","SCP Revival of PWS scheme Drilling of Borewell and pipeline at Kurudusonnenahalli village kithaganuru GP Bangalore east taluk",2019-2020,7.00000,6.35171,"10 Oct 2019","03 May 2023",2024-06-07
Karnataka,"Bengaluru Urban","Bangalore East",Kittaganuru,Halehalli,Halehalli,0000374338,0007913704,250283926,"Deep Tubewell","Ground Water","Village limit","SCP Revival of PWS scheme Drilling of Borewell and pipeline at Halehalli village kithaganuru GP Bangalore east taluk",2019-2020,3.50000,3.49005,"10 Oct 2019","03 May 2023",2024-06-07
Karnataka,"Bengaluru Urban","Bangalore East",Avalahalli,Cheemasandra,Cheemasandra,0000374332,0007913738,250283961,"Deep Tubewell","Ground Water","Village limit","G Revival of PWS scheme Drilling of Borewell and pipeline at Cheemasandra village Avalahalli GP Bangalore east taluk",2019-2020,7.00000,7.00000,"10 Oct 2019","29 Feb 2020",2024-06-07
Karnataka,"Bengaluru Urban","Bangalore East",Avalahalli,Veeranahlli,Veeranahalli,0000374334,0007913745,250283969,"Deep Tubewell","Ground Water","Village limit","G Revival of PWS scheme Drilling of Borewell and pipeline at Veerenahalli colony  Avalahalli GP Bangalore east taluk",2019-2020,3.50000,3.49330,"10 Oct 2019","03 May 2023",2024-06-07
Karnataka,"Bengaluru Urban","Bangalore East",Doddabanahalli,Doddabanahalli,"Doddabanahalli Colony",0000374348,0007913771,250283993,"Deep Tubewell","Ground Water","Village limit","SCP Revival of PWS scheme Drilling of Borewell and pipeline at Doddabanahalli colony  Doddabanahall GP Bangalore east taluk",2019-2020,3.50000,3.46948,"10 Oct 2019","03 May 2023",2024-06-07
Karnataka,"Bengaluru Urban","Bangalore East",Seegehalli,Seegehalli,Seegehalli,0000374350,0007913805,250284022,"Deep Tubewell","Ground Water","Village Limit","SCP Revival of PWS scheme Drilling of Borewell and pipeline at Seegehalli colony  Seegehalli GP Bangalore east taluk",2019-2020,7.00000,6.69701,"10 Oct 2019","03 May 2023",2024-06-07
Karnataka,"Bengaluru Urban","Bangalore East",Bidarahalli,Hirandahalli,Hirandahalli,0000374313,0007966941,250289873,"Deep Tubewell","Ground Water","Village limit","One Time Settelment Bescom Bills Bangalore East Taluk",2019-2020,20.00000,20.00000,"25 Nov 2019","31 Mar 2020",2024-06-07
Karnataka,"Bengaluru Urban","Bangalore East",Kodathi,Valepura,"Valepura Colony",0000374256,0007967720,250289935,"Deep Tubewell","Ground Water","Village limit","SCP Revival of PWS Drilling of Borewell scheme at Valepura colony village Kodathi GP Bangalore",2019-2020,3.50000,3.47324,"18 Sep 2019","31 Mar 2020",2024-06-07
Karnataka,"Bengaluru Urban","Bangalore East",Avalahalli,Avalahalli,Avalahalli,0000374335,0008008909,250290423,"Deep Tubewell","Ground Water","Pillekamma temple beside","CAP 1 Driiling of Borewell at Avalahalli habitation Avalahalli GP Bangalore East Taluk",2020-2021,3.00000,2.99666,"08 Jun 2020","03 May 2023",2024-06-07
Karnataka,"Bengaluru Urban","Bangalore East",Kodathi,Kodathi,"Kodathi Colony",0000374289,0008009747,250290480,"Deep Tubewell","Ground Water",Graveyard,"CAP 2 Driiling of Borewell at Kodathi Colony habitation Kodathi GP Bangalore East Taluk",2020-2021,2.95000,2.94575,"01 Jun 2020","03 May 2023",2024-06-07
Karnataka,"Bengaluru Urban","Bangalore East",Doddabanahalli,Bandapura,Bandapura,0000374345,0008035138,250293321,"Deep Tubewell","Ground Water","Village limit","10 Crore 22052020 Drilling of Borewell scheme at Bandapura village Doddabanahalli GP Bangalore east taluk",2020-2021,2.90000,2.63475,"07 Sep 2020","03 May 2023",2024-06-07
Karnataka,"Bengaluru Urban","Bangalore East",Kannur,Yerappanahalli,Yerappanahalli,0000374369,0008045058,250294684,"Deep Tubewell","Ground Water","Colony Main Road near Muneshwara temple","10 Crore 22052020 Drilling of borewell at Yerappanahalli Village Kannur GP Bangalore East tq",2020-2021,2.90000,2.64285,"16 Jul 2020","03 May 2023",2024-06-07
Karnataka,"Bengaluru Urban","Bangalore East",Mandur,Huskur,Huskur,0000374329,0008045183,250294690,"Deep Tubewell","Ground Water","Hosakote Tank Bed Near cmr layout","10 Crore 22052020 Drilling of Borewell Scheme at ChikHuskur Village Mandur  GP Bangalore East tq",2020-2021,3.30000,3.12884,"16 Jul 2020","03 May 2023",2024-06-07
Karnataka,"Bengaluru Urban","Bangalore East",Kannamangala,Kannamangala,Kannamangala,0001622947,0008208651,250299000,"Deep Tubewell","Ground Water","Near Anganwadi","Providing Water Supply to Anganawadi fitting of Taps to Kitchen and Toilets at Jyothi bapule nagar Kannamangala GP Bangalore east Taluk",2020-2021,0.15000,0.11648,"25 Dec 2020","03 May 2023",2024-06-07
Karnataka,"Bengaluru Urban","Bangalore East",Kittaganuru,Kithaganur,"Kithaganur Colony",0000374341,0008215922,250299353,"Deep Tubewell","Ground Water","Karnashri layout","15 Crore 12102020 Providing and erection of Pump and motor  and pipeline at Kithaganuru Colony (Karnashri layout) Kithaganuru GP Bangalore East taluk",2020-2021,4.50000,4.49650,"27 Feb 2021","03 May 2023",2024-06-07
Karnataka,"Bengaluru Urban","Bangalore East",Kannur,"Bande Bommasandra","Bande Bommasandra",0000374361,0008220159,250269164,"Deep Tubewell","Ground Water","Near Road side","Providing Water Supply to Anganawadi fitting of Taps to Kitchen and Toilets at Gundur Village Bidarahalii GP Bangalore east",2020-2021,0.14000,0.11648,"15 Feb 2021","03 May 2023",2024-06-07
Karnataka,"Bengaluru Urban","Bangalore East",Kannur,Kannur,Kannur,0000374363,0008220791,250299731,"Deep Tubewell","Ground Water","Kolimuniyappa layout near Ramesh house road side","15 Crore 12102020 Drilling of Borewell at  Kannur Village Kannur  GP Bangalore East taluk",2020-2021,2.85000,2.60277,"11 Feb 2021","03 May 2023",2024-06-07
Karnataka,"Bengaluru Urban","Bangalore East",Kannur,Yerappanahalli,Yerappanahalli,0000374369,0008220792,250299732,"Deep Tubewell","Ground Water","gravye land at KMT layout","15 Crore 12102020 Drilling of Borewell at  Yerappanahalli Village Kannur  GP Bangalore East taluk",2020-2021,2.85000,2.58364,"13 Feb 2021","03 May 2023",2024-06-07
Karnataka,"Bengaluru Urban","Bangalore East",Kodathi,Mullur,Mullur,0000374284,0007853460,250247093,"Deep Tubewell","Ground Water","Village limit","TFC NAC 2018 SCP Drilling of Borewell (1 No), laying of  Pipe line  for Revival of  Water Supply Scheme at Mullur Habitation, Kodathi GP Bangalore East Taluk",2018-2019,3.90000,0.00000,"05 Sep 2018","03 May 2023",2024-06-07
Karnataka,"Bengaluru Urban","Bangalore East",Kodathi,Kodathi,"Kodathi Gate",0001725229,0007853467,250247099,"Deep Tubewell","Ground Water","village limit","TFC NAC 2018 SCP Drilling of Borewell 1 No laying of pipeline and erection of Pump motor for Revival of water supply scheme at kodathi gate kodathi GP Bangalore east taluk",2018-2019,7.70000,2.36752,"05 Sep 2018","03 May 2023",2024-06-07
Karnataka,"Bengaluru Urban","Bangalore East",Mandur,Huskur,"Huskur Kodi",0000374330,0007853480,250247108,"Deep Tubewell","Ground Water","Village limit","TFC NAC 2018 G Drilling of Borewell 1 No for Revival of  Water Supply Scheme at Huskuru Kodi (Near Burial Ground) Habitation, Mandudru GP Bangalore East Taluk",2018-2019,2.00000,1.95921,"05 Sep 2018","31 Mar 2019",2024-06-07
Karnataka,"Bengaluru Urban","Bangalore East",Mandur,Huskur,"Huskur Kodi",0000374330,0007854035,250247603,"Deep Tubewell","Ground Water","Village limit","G Revival of PWS Scheme at Katugollahalli Habitation Katugollahalli  village Mandur  GP Bangalore East TaluK",2018-2019,2.00000,0.00000,"05 Sep 2018","03 May 2023",2024-06-07
Karnataka,"Bengaluru Urban","Bangalore East",Mandur,Huskur,"Huskur Kodi",0000374330,0007854041,250247609,"Deep Tubewell","Ground Water","Village limit","G Revival of PWS Scheme at Huskur Habitation Huskur Kodi  village Mandur  GP Bangalore East TaluK",2018-2019,2.00000,1.99663,"05 Sep 2018","31 Jul 2019",2024-06-07
Karnataka,"Bengaluru Urban","Bangalore East",Bidarahalli,Bidarahalli,Bidarahalli,0000374307,0007854065,250247633,"Deep Tubewell","Ground Water","Village limit","G Revival of MWS Scheme at Bidarahalli  Habitation Bidarahalli  village Bidarahalli GP Bangalore East TaluK",2018-2019,2.00000,0.00000,"05 Sep 2018","03 May 2023",2024-06-07
Karnataka,"Bengaluru Urban","Bangalore East",Kittaganuru,"Kurudu Sonnenahalli","Kurudu Sonnenahalli",0000374333,0007854068,250247636,"Deep Tubewell","Ground Water","village limit","G Revival of MWS Scheme at Kurudusonnehalli  Habitation Kurudusonnehalli  village Kithaganuru GP Bangalore East TaluK",2018-2019,2.00000,1.99940,"05 Sep 2018","28 Feb 2019",2024-06-07
Karnataka,"Bengaluru Urban","Bangalore East",Mandur,Jyothipura,Jyothipura,0000374321,0007854171,250247735,"Deep Tubewell","Ground Water","village limit","G Revival of PWS Scheme at Jyothipura  Habitation Jyothipura  village mandur GP Bangalore East TaluK",2018-2019,5.00000,4.99604,"05 Sep 2018","03 May 2023",2024-06-07
Karnataka,"Bengaluru Urban","Bangalore East",Doddagubbi,Doddagubbi,Doddagubbi,0000374377,0007854377,250247940,"Deep Tubewell","Ground Water","Village limit","G Revival of MWS Scheme at Doddagubbi Habitation Doddagubbi village Doddagubbi  GP Bangalore East Taluk",2018-2019,4.00000,3.97884,"05 Sep 2018","31 Mar 2019",2024-06-07
Karnataka,"Bengaluru Urban","Bangalore East",Bidarahalli,Byappanahalli,Byappanahalli,0000374308,0007854386,250247949,"Deep Tubewell","Ground Water","Village Limit","G Revival of MWS Scheme at Byappanahalli Habitation Byappanahalli  village Bidarahalli  GP Bangalore East Taluk",2018-2019,3.50000,3.48765,"05 Sep 2018","31 Jul 2019",2024-06-07
Karnataka,"Bengaluru Urban","Bangalore East",Kittaganuru,Halehalli,Halehalli,0000374338,0008215930,250247952,"Deep Tubewell","Ground Water","village limit","10 Crore 22052020  (Savings amount) Providing and erection of Pump and motor at Halehalli Village Kithaganuru GP Bangalore East taluk",2020-2021,3.84000,3.83973,"13 Feb 2021","03 May 2023",2024-06-07
Karnataka,"Bengaluru Urban","Bangalore East",Halanayakanahalli,Chikkanayakanahalli,Chikkanayakanahalli,0000374291,0007878065,250265193,"Deep Tubewell","Ground Water","village limit","TFC  24122018 Drilling of Borewell at Chikkanayakanahalli  Habitation, HalanayakanahalliGP Bangalore East Taluk",2018-2019,2.25000,2.24788,"11 Mar 2019","31 Mar 2019",2024-06-07
Karnataka,"Bengaluru Urban","Bangalore East",Kannur,Yerappanahalli,"Yarappanahalli Colon",0001622940,0007878094,250265208,"Deep Tubewell","Ground Water","village limit","TFC  24122018 Drilling of Borewell at Yarappanahalli colony Habitation, Kannuru GP Bangalore East Taluk",2018-2019,2.35000,2.14168,"11 Mar 2019","31 May 2019",2024-06-07
Karnataka,"Bengaluru Urban","Bangalore East",Kannur,"Bande Hosur","Bande Hosur",0000374364,0007878098,250265212,"Deep Tubewell","Ground Water","village limit","TFC  24122018 Drilling of Borewell at Bande hosuru Habitation, Kannuru GP Bangalore East Taluk",2018-2019,2.25000,2.23953,"11 Mar 2019","31 Jul 2019",2024-06-07
Karnataka,"Bengaluru Urban","Bangalore East",Avalahalli,Avalahalli,"Avalahalli Jhc",0000374336,0007890073,250269158,"Deep Tubewell","Ground Water","Village limit","GOI shifted to GOK G Revival Of PWS Scheme at Avalahalli village Avalahalli GP Bidarahalli Hobali,Bangalore East tq",2018-2019,2.32000,2.31329,"05 Sep 2018","31 Mar 2019",2024-06-07
Karnataka,"Bengaluru Urban","Bangalore East",Bidarahalli,Bidarahalli,Bidarahalli,0000374307,0007912958,250283325,"Deep Tubewell","Ground Water","Village limit","G Revival of PWS Drilling OF Borewell,Errection of Pumpset with pipeline Scheme at BIdarahalli Habitation Bidarahalli GP",2019-2020,10.00000,10.06373,"25 Oct 2019","03 May 2023",2024-06-07
Karnataka,"Bengaluru Urban","Bangalore East",Mandur,Lagumenahalli,Lagumenahalli,0000374326,0007912963,250283330,"Deep Tubewell","Ground Water","Village limit","G Revival of PWS Drilling of borewell with sump Scheme at Lagumenahalli(Bendiganahalli) Habitation Mandur GP",2019-2020,40.00000,38.99758,"25 Oct 2019","03 May 2023",2024-06-07
Karnataka,"Bengaluru Urban","Bangalore East",Halanayakanahalli,Halanayakanahalli,"Halanayakanahalli Colony",0000374293,0007912975,250283342,"Deep Tubewell","Ground Water","Village limit","SCP Revival of PWS Drilling of Borewell scheme at Halanayakanahalli colony Halanayakanahalli GP",2019-2020,3.50000,3.34854,"10 Oct 2019","03 May 2023",2024-06-07
Karnataka,"Bengaluru Urban","Bangalore East",Halanayakanahalli,Chikkanayakanahalli,Chikkanayakanahalli,0000374291,0007912977,250283344,"Deep Tubewell","Ground Water","Village limit","SCP Revival of PWS Drilling of Borewell Scheme at Chikkanayakanahalli Habitation Halanayakanahalli GP",2019-2020,3.25000,3.23018,"10 Oct 2019","03 May 2023",2024-06-07
Karnataka,"Bengaluru Urban","Bangalore East",Halanayakanahalli,Halanayakanahalli,Halanayakanahalli,0000374292,0006849785,250076130,"Deep Tubewell","Ground Water","Near temple","G TFC 20.10.2014 Drilling of Borewell,Errection of Pumpset with Pipe line and Energisationin Halanayakanahalli Habitation .",2014-2015,5.00000,4.09897,"10 Dec 2014","31 Dec 2015",2024-06-07
Karnataka,"Bengaluru Urban","Bangalore East",Kannur,"Chikka Gubbi","Chikka Gubbi",0000374362,0006849804,250076146,"Deep Tubewell","Ground Water","Near main road","G TFC 20.10.2014 Drilling of Borewell,Errection of Pumpset with Pipe line and Energisation in Chikkagubbi Habtation.",2014-2015,5.00000,5.52822,"10 Dec 2014","31 Mar 2019",2024-06-07
Karnataka,"Bengaluru Urban","Bangalore East",Kodathi,Sullikunte,Sullikunte,0000374286,0006998193,250083610,"Deep Tubewell","Ground Water","Near Sulikunte Kere","SCP TFC050515 Drilling of Borewell with Electrification at Sulikunte Kere, Sulikunte Dinne Habitation, Kodathi G.P",2015-2016,4.75000,4.32876,"21 Jul 2015","31 Mar 2016",2024-06-07
Karnataka,"Bengaluru Urban","Bangalore East",Halanayakanahalli,Chikkanayakanahalli,Chikkanayakanahalli,0000374291,0006998232,250083613,"Deep Tubewell","Ground Water","Near Gravyard","G TFC050515 Drilling of Borewell with Electrification at Chikkanayakanahalli Habitation, Halanayakanahalli G.P",2015-2016,2.50000,2.19852,"21 Jul 2015","18 Mar 2016",2024-06-07
Karnataka,"Bengaluru Urban","Bangalore East",Kannur,Yerappanahalli,"Yarappanahalli Colon",0001622940,0007146057,250090213,"Deep Tubewell","Ground Water","near colony","SCP Providing Piped water supply scheme",2015-2016,20.00000,0.00000,"25 Oct 2015","31 Mar 2016",2024-06-07
Karnataka,"Bengaluru Urban","Bangalore East",Kodathi,Mullur,"Mullur Colony",0000374285,0007148976,250090239,"Deep Tubewell","Ground Water","village limit","G Providing  piped water supply Scheme",2015-2016,22.00000,0.00000,"25 Oct 2015","31 Mar 2016",2024-06-07
Karnataka,"Bengaluru Urban","Bangalore East",Mandur,Mandur,Mandur,0000374317,0007406387,250120568,"Deep Tubewell","Ground Water","village limit","TFC190316 Drilling of Borewell at Mandur Habitation, Mandur GP, Bangalore East Taluk",2016-2017,2.00000,2.00000,"12 Apr 2016","28 Feb 2018",2024-06-07
Karnataka,"Bengaluru Urban","Bangalore East",Doddabanahalli,Doddabanahalli,"Doddabanahalli Colony",0000374348,0007406456,250120626,"Deep Tubewell","Ground Water","Village limit","TFC190316 Drilling of Borewell at Katamnallur Habitation, Doddabanahalli GP, Bangalore East Taluk",2016-2017,2.25000,2.25000,"12 Apr 2016","28 Feb 2018",2024-06-07
Karnataka,"Bengaluru Urban","Bangalore East",Halanayakanahalli,Halanayakanahalli,Halanayakanahalli,0000374292,0007406484,250120640,"Deep Tubewell","Ground Water",Amruthnagar,"TFC190316 Drilling of Borewell at Halanayakanahalli Habitation, Halnayakanahalli GP, Bangalore East Taluk",2016-2017,2.00000,2.00000,"12 Apr 2016","28 Feb 2018",2024-06-07
Karnataka,"Bengaluru Urban","Bangalore East",Halanayakanahalli,Halanayakanahalli,Halanayakanahalli,0000374292,0007406484,250120641,"Deep Tubewell","Ground Water","towards Village main road","TFC190316 Drilling of Borewell at Halanayakanahalli Habitation, Halnayakanahalli GP, Bangalore East Taluk",2016-2017,2.00000,2.00000,"12 Apr 2016","28 Feb 2018",2024-06-07
Karnataka,"Bengaluru Urban","Bangalore East",Halanayakanahalli,Halanayakanahalli,Halanayakanahalli,0000374292,0007407365,250121344,"Deep Tubewell","Ground Water",GLPS,"TFC190316 Drilling of Borewell at Halanayakanahalli (Amruthanagara)  Habitation, Halnayakanahalli GP, Bangalore East Taluk",2016-2017,2.00000,1.99665,"12 Apr 2016","28 Feb 2018",2024-06-07
Karnataka,"Bengaluru Urban","Bangalore East",Avalahalli,Avalahalli,"Avalahalli Jhc",0000374336,0007525935,250141703,"Deep Tubewell","Ground Water","Village limit","G Revival Of MWS Scheme at Avalahalli JHC village,Avalahalli GP, Bangalore East Taluk",2016-2017,10.00000,9.89025,"01 Sep 2016","31 Mar 2018",2024-06-07
Karnataka,"Bengaluru Urban","Bangalore East",Mandur,Huskur,"Huskur Kodi",0000374330,0007526120,250141874,"Deep Tubewell","Ground Water","Village limit","G Revival Of PWS Scheme at Huskur Kodi village,Mandur GP, Bangalore East Taluk",2016-2017,8.00000,7.96268,"01 Sep 2016","31 Mar 2018",2024-06-07
Karnataka,"Bengaluru Urban","Bangalore East",Mandur,Huskur,"Huskur Kodi",0000374330,0008232263,250141874,"Deep Tubewell","Ground Water","Village limit","Providing water supply to Anganwadi fitting of taps to kitchen and toilet at Huskur Kodi Habitation Manduru GP Bangalore East Taluk",2020-2021,0.14500,0.11648,"02 Jan 2021","03 May 2023",2024-06-07
Karnataka,"Bengaluru Urban","Bangalore East",Kannur,Kannur,Kannur,0000374363,0008220156,250142012,"Deep Tubewell","Ground Water","Village limit","Providing Water Supply to Anganawadi fitting of Taps to Kitchen and Toilets at Kannur Village Kannur GP Bangalore east",2020-2021,0.14500,0.11648,"15 Mar 2021","03 May 2023",2024-06-07
Karnataka,"Bengaluru Urban","Bangalore East",Seegehalli,Seegehalli,Seegehalli,0000374350,0000444743,125057,"Deep Tubewell","Ground Water",NA,"village limit",2007-2008,5.00000,5.00000,"16 Nov 2007","24 Sep 2008",2024-06-07
Karnataka,"Bengaluru Urban","Bangalore East",Doddagubbi,Rampura,Rampura,0000374370,0000732495,128483,"Deep Tubewell","Ground Water",NA,villagelimit,2007-2008,4.00000,3.99000,"24 Jan 2008","29 Aug 2008",2024-06-07
Karnataka,"Bengaluru Urban","Bangalore East",Doddagubbi,Doddagubbi,Doddagubbi,0000374377,0001758014,1507098,"Deep Tubewell","Ground Water","Near Gangadhar Temple","Near Burial Ground",2008-2009,15.00000,9.60000,"20 Mar 2009","20 Oct 2010",2024-06-07
Karnataka,"Bengaluru Urban","Bangalore East",Kittaganuru,Kithaganur,Kithaganur,0000374340,0002597416,2402754,"Deep Tubewell","Ground Water","Village limits","Providing community terrafil unit at Kithaganur village in Bangalore East Taluk",2010-2011,1.65000,0.00000,"01 Apr 2010","01 Jul 2010",2024-06-07
Karnataka,"Bengaluru Urban","Bangalore East",Seegehalli,Seegehalli,Seegehalli,0000374350,0002597517,2402841,"Deep Tubewell","Ground Water","Village limits","Providing community terrafil unit at Seegehalli village in Bangalore East Taluk",2010-2011,0.55000,0.00000,"01 Apr 2010","28 Feb 2012",2024-06-07
Karnataka,"Bengaluru Urban","Bangalore East",Kodathi,Kodathi,Kodathi,0000374288,0002599178,2404626,"Deep Tubewell","Ground Water","Village Limits","Providing community terrafil unit at Kodathi village in Bangalore East Taluk",2010-2011,2.75000,0.00000,"01 Apr 2010","01 Jul 2010",2024-06-07
Karnataka,"Bengaluru Urban","Bangalore East",Doddabanahalli,"Bidare Agrahara","Bidare Agrahara",0000374346,0002599289,2404743,"Deep Tubewell","Ground Water","Village limits","Providing community terrafil unit at Bidare Agrahara village in Bangalore East Taluk",2010-2011,2.75000,0.00000,"01 Apr 2010","28 Feb 2012",2024-06-07
Karnataka,"Bengaluru Urban","Bangalore East",Kannur,"Bande Bommasandra","Bande Bommasandra",0000374361,0002599351,2404815,"Deep Tubewell","Ground Water","Village limits","Providing community terrafil unit at Bandebommasandra village in Bangalore East Taluk",2010-2011,12.10000,0.00000,"01 Apr 2010","28 Feb 2012",2024-06-07
Karnataka,"Bengaluru Urban","Bangalore East",Doddagubbi,Rampura,Rampura,0000374370,0002599397,2404862,"Deep Tubewell","Ground Water","Village limits","Providing community terrafil unit at Rampura village in Bangalore East Taluk",2010-2011,4.95000,0.00000,"01 Apr 2010","01 Jul 2010",2024-06-07
Karnataka,"Bengaluru Urban","Bangalore East",Halanayakanahalli,Chikkanayakanahalli,Chikkanayakanahalli,0000374291,0003110370,2956441,"Deep Tubewell","Ground Water","Near Venkatesh House","Near Venkatesh House","Not Known",0.90000,0.00000,"23 Nov 2010","23 Nov 2010",2024-06-07
Karnataka,"Bengaluru Urban","Bangalore East",Halanayakanahalli,"Hado Siddapura","Hado Siddapura",0000374290,0003110379,2956450,"Deep Tubewell","Ground Water","Near Manjunaths House","Near Manjunaths House","Not Known",0.90000,0.00000,"23 Nov 2010","23 Nov 2010",2024-06-07
Karnataka,"Bengaluru Urban","Bangalore East",Kodathi,Kodathi,Kodathi,0000374288,0003173168,3023938,"Deep Tubewell","Ground Water","Ayyappa Swamy Temple","Ayyappa Swamy Temple","Not Known",0.90000,0.00000,"25 Nov 2010","25 Nov 2010",2024-06-07
Karnataka,"Bengaluru Urban","Bangalore East",Kodathi,Kodathi,Kodathi,0000374288,0003173202,3023973,"Deep Tubewell","Ground Water","In Burial Ground","In Burial Ground","Not Known",0.90000,0.00000,"25 Nov 2010","25 Nov 2010",2024-06-07
Karnataka,"Bengaluru Urban","Bangalore East",Kodathi,Sullikunte,Sullikunte,0000374286,0003175949,3026797,"Deep Tubewell","Ground Water","Sulikunte Lake","Sulikunte Otikere","Not Known",0.90000,0.00000,"26 Nov 2010","26 Nov 2010",2024-06-07
Karnataka,"Bengaluru Urban","Bangalore East",Kodathi,Mullur,Mullur,0000374284,0003175983,3026833,"Deep Tubewell","Ground Water","In Front of Renu House","In Front of Renu House","Not Known",0.90000,0.00000,"26 Nov 2010","26 Nov 2010",2024-06-07
Karnataka,"Bengaluru Urban","Bangalore East",Kodathi,Mullur,Mullur,0000374284,0003175987,3026840,"Deep Tubewell","Ground Water","Near Sarasamma Bricks Factory","Near Sarasamma Bricks Factory","Not Known",0.90000,0.00000,"26 Nov 2010","26 Nov 2010",2024-06-07
Karnataka,"Bengaluru Urban","Bangalore East",Kannur,"Kadu Sonnappanahalli","Kadu Sonnappanahalli",0000374367,0003308473,3164910,"Deep Tubewell","Ground Water","Kadu Sonnappanahalli Opp Gurusiddappa house","Kadu Sonnappanahalli Opp Gurusiddappa house","Not Known",0.90000,0.00000,"01 Jan 1900","01 Jan 1900",2024-06-07
Karnataka,"Bengaluru Urban","Bangalore East",Seegehalli,Dommasandra,Dommasandra,0001725531,0007527948,250143410,"Deep Tubewell","Ground Water","In the village limit","G Revival of MWS Scheme at  Dommasandra Habitation in Seegehalli G P Bangalore East Taluk",2016-2017,8.00000,7.97875,"01 Sep 2016","31 Mar 2018",2024-06-07
Karnataka,"Bengaluru Urban","Bangalore East",Kittaganuru,Kithaganur,Kithaganur,0000374340,0007528266,250143687,"Deep Tubewell","Ground Water","Village Limit","SCP Revival of MWS Scheme  and House Hold Connection HH 20 at Halehalli Village in KithaganurG.P Bangalore East Taluk",2016-2017,12.00000,10.03154,"01 Sep 2016","03 May 2023",2024-06-07
Karnataka,"Bengaluru Urban","Bangalore East",Kittaganuru,Halehalli,Halehalli,0000374338,0007528266,250143688,"Deep Tubewell","Ground Water","Main road","SCP Revival of MWS Scheme  and House Hold Connection HH 20 at Halehalli Village in KithaganurG.P Bangalore East Taluk",2016-2017,12.00000,10.03154,"01 Sep 2016","03 May 2023",2024-06-07
Karnataka,"Bengaluru Urban","Bangalore East",Kodathi,Mullur,Mullur,0000374284,0007528314,250143730,"Deep Tubewell","Ground Water","Village limit","G Revival of MWS scheme at Mullur at Entrance Habitation Kodathi G.P Bangalore East Taluk",2016-2017,8.00000,6.70649,"01 Sep 2016","31 Mar 2018",2024-06-07
Karnataka,"Bengaluru Urban","Bangalore East",Bidarahalli,Margondanahalli,Margondanahalli,0000374312,0007528642,250143997,"Deep Tubewell","Ground Water","Village Limit","SCP Revival of PWS Scheme  and House Hold Connection HH 40 at Maragondanahalli Village in Bidarahalli G.P Bangalore East Taluk",2016-2017,20.00000,0.00000,"01 Sep 2016","03 May 2023",2024-06-07
Karnataka,"Bengaluru Urban","Bangalore East",Kannur,Yerappanahalli,Yerappanahalli,0000374369,0007530462,250145811,"Deep Tubewell","Ground Water","Village Limit","SCP Revival of MWS Scheme  and House Hold Connection HH 20 at Yarappanahalli Village in Kannur G.P Bangalore East Taluk",2016-2017,6.00000,0.00000,"01 Sep 2016","03 May 2023",2024-06-07
Karnataka,"Bengaluru Urban","Bangalore East",Kodathi,Sullikunte,Sullikunte,0000374286,0007530629,250145978,"Deep Tubewell","Ground Water","Village Limit","SCP Revival of PWS Scheme  at Sulikunte Village in Kodathi G.P Bangalore East Taluk",2016-2017,8.00000,7.97310,"01 Sep 2016","31 Mar 2018",2024-06-07
Karnataka,"Bengaluru Urban","Bangalore East",Doddabanahalli,Konadasapura,Konadasapura,0000374342,0008220101,250146473,"Deep Tubewell","Ground Water","Village Limit","Providing  Water Supply to Anganawadi fitting of Taps to Kitchen and Toilets at konadasapura Village Doddabanahalli GP Bangalore East taluk",2020-2021,0.14000,0.11648,"15 Mar 2021","03 May 2023",2024-06-07
Karnataka,"Bengaluru Urban","Bangalore East",Bidarahalli,Byappanahalli,Byappanahalli,0000374308,0008210041,250146910,"Deep Tubewell","Ground Water","Village Limit","Providing Water Supply to School fitting of Taps to Kitchen and Toilets at Byappanahalli Village Bidarahalli GP Bangalore east Taluk",2020-2021,0.19500,0.11648,"28 Nov 2020","03 May 2023",2024-06-07
Karnataka,"Bengaluru Urban","Bangalore East",Kittaganuru,Kithaganur,Kithaganur,0000374340,0008208679,250147506,"Deep Tubewell","Ground Water","Village limit","Providing  Water Supply to Anganawadi  fitting of Taps to Kitchen and Toilets at Kithaganur Village Kithaganur GP Bangalore east Taluk",2020-2021,0.14500,0.11648,"25 Dec 2020","03 May 2023",2024-06-07
Karnataka,"Bengaluru Urban","Bangalore East",Mandur,Huskur,Huskur,0000374329,0007532397,250147544,"Deep Tubewell","Ground Water","Village limit","G Providing Piped Water Supply Scheme at Huskur Village in Mandur G.P Bangalore East Taluk",2016-2017,20.00000,19.35074,"01 Sep 2016","31 Mar 2018",2024-06-07
Karnataka,"Bengaluru Urban","Bangalore East",Doddabanahalli,Bandapura,Bandapura,0000374345,0007532409,250147557,"Deep Tubewell","Ground Water","Village limit","G Providing Piped Water Supply Scheme at Bandapura Village in Doddabanahalli G.P Bangalore East Taluk",2016-2017,22.00000,19.40564,"01 Sep 2016","03 May 2023",2024-06-07
Karnataka,"Bengaluru Urban","Bangalore East",Doddabanahalli,"Bidare Agrahara","Bidare Agrahara",0000374346,0007532451,250147603,"Deep Tubewell","Ground Water","Village limit","G Revival of MWS Scheme at Chinnagenahalli  (Bidareagrahara) in Doddabanahalli G.P Bangalore East Taluk",2016-2017,8.00000,0.00000,"01 Sep 2016","03 May 2023",2024-06-07
Karnataka,"Bengaluru Urban","Bangalore East",Doddabanahalli,"Bidare Agrahara","Bidare Agrahara",0000374346,0008208595,250147605,"Deep Tubewell","Ground Water","Village limit","Providing  Water Supply to G H P S fitting of Taps to Kitchen  and Toilets at Bidarae Agrahara Village Doddabanahalli GP Bangalore east Taluk",2020-2021,0.19000,0.11648,"25 Dec 2020","03 May 2023",2024-06-07
Karnataka,"Bengaluru Urban","Bangalore East",Kannamangala,"Khaji Sonnenahalli","Khaji Sonnenahalli",0001622936,0007532540,250147679,"Deep Tubewell","Ground Water","Village limit","G Revival of PWS Scheme at Kajisonnenahalli Village  in Kannamangala G.P Bangalore East Taluk",2016-2017,8.00000,7.45354,"01 Sep 2016","31 Mar 2018",2024-06-07
Karnataka,"Bengaluru Urban","Bangalore East",Bidarahalli,Margondanahalli,Margondanahalli,0000374312,0008009769,250147718,"Deep Tubewell","Ground Water","Village limit","CAP 2 Driiling of Borewell at Margondanahalli (Gangothri Layout) habitation Bidarahalli GP Bangalore East Taluk",2020-2021,1.60000,1.59621,"01 Jun 2020","03 May 2023",2024-06-07
Karnataka,"Bengaluru Urban","Bangalore East",Mandur,Thirumenahalli,Thirumenahalli,0000374322,0007532587,250147731,"Deep Tubewell","Ground Water","Village limit","SCP Revival of MWS Scheme and House Hold Connections HH 20 at Thirumenahalli Village in Mandur G.P Bangalore East Taluk",2016-2017,8.00000,7.97743,"01 Sep 2016","31 Mar 2018",2024-06-07
Karnataka,"Bengaluru Urban","Bangalore East",Mandur,Kodigehalli,Kodigehalli,0000374325,0007532594,250147738,"Deep Tubewell","Ground Water","Village limit","SCP Revival of MWS Scheme and House Hold Connections HH 20 at Kodigehalli Village in Mandur G.P Bangalore East Taluk",2016-2017,8.00000,7.76983,"01 Sep 2016","31 Dec 2018",2024-06-07
Karnataka,"Bengaluru Urban","Bangalore East",Bidarahalli,Margondanahalli,Margondanahalli,0000374312,0007544191,250156839,"Deep Tubewell","Ground Water","village limit","G Providing Water Supply To Anganawadi at Maragondanahalli habitation in Bidarahalli GP. Bangalore East Taluk",2016-2017,1.00000,0.88805,"01 Sep 2016","31 Dec 2018",2024-06-07
Karnataka,"Bengaluru Urban","Bangalore East",Avalahalli,Avalahalli,Avalahalli,0000374335,0007572733,250169692,"Deep Tubewell","Ground Water","Avalahalli Colony","TFC221116 Drilling of Borewell at Avalahalli Colony ,Avalahalli GP, Bangalore East Taluk",2016-2017,2.30000,2.29296,"15 Jan 2017","31 Mar 2018",2024-06-07
Karnataka,"Bengaluru Urban","Bangalore East",Kittaganuru,Kithaganur,Kithaganur,0000374340,0007572788,250169746,"Deep Tubewell","Ground Water","Shreenivasa Badavane","TFC221116 Drilling of Borewell at Kittaganuru (Shreenivasa Badavane) Habitation, Kittaganuru GP, Bangalore East Taluk",2016-2017,2.25000,2.13947,"15 Jan 2017","31 Mar 2018",2024-06-07
Karnataka,"Bengaluru Urban","Bangalore East",Kannur,Mittaganahalli,Mittaganahalli,0000374366,0005628191,5593523,"Deep Tubewell","Ground Water","Village limit","Drinking Water Facility to Anganawadi",2013-2014,1.00000,0.99774,"20 Sep 2013","20 Mar 2014",2024-06-07
Karnataka,"Bengaluru Urban","Bangalore East",Bidarahalli,Bidarahalli,Bidarahalli,0000374307,0006133944,250020887,"Deep Tubewell","Ground Water","Village limit","Drilling of Borewell",2013-2014,1.29000,1.28950,"13 Jul 2013","03 Mar 2014",2024-06-07
Karnataka,"Bengaluru Urban","Bangalore East",Avalahalli,Avalahalli,Virgonagar,0000374337,0006374326,250034823,"Deep Tubewell","Ground Water","Village limit","G Revival of MWS Scheme",2013-2014,6.00000,5.97946,"25 Apr 2014","31 Mar 2018",2024-06-07
Karnataka,"Bengaluru Urban","Bangalore East",Bidarahalli,Hirandahalli,Hirandahalli,0000374313,0006374329,250034826,"Deep Tubewell","Ground Water","Village limit","G Revival of MWS Scheme",2013-2014,8.00000,8.27116,"25 Apr 2014","01 Sep 2015",2024-06-07
Karnataka,"Bengaluru Urban","Bangalore East",Mandur,Shringaripura,Shringaripura,0000374320,0006374340,250034834,"Deep Tubewell","Ground Water","Village limit","Revival of MWS Scheme",2013-2014,6.00000,0.00000,"25 Apr 2014","11 Apr 2015",2024-06-07
Karnataka,"Bengaluru Urban","Bangalore East",Avalahalli,Avalahalli,Avalahalli,0000374335,0006670208,250068012,"Deep Tubewell","Ground Water","Village limit","G Drilling of BW,Errection of Pumpset with Pipe line and Energisation",2014-2015,8.00000,6.26620,"20 Sep 2014","31 Dec 2015",2024-06-07
Karnataka,"Bengaluru Urban","Bangalore East",Kodathi,Sullikunte,"Sulikunte Colony",0000374287,0006670253,250068046,"Deep Tubewell","Ground Water","Colony limit","SCP  Individual House Connections",2014-2015,5.15000,5.10211,"20 Sep 2014","01 Oct 2015",2024-06-07
Karnataka,"Bengaluru Urban","Bangalore East",Kannur,Nadagowdanahalli,Nadagowdanahalli,0000374368,0006686556,250073772,"Deep Tubewell","Ground Water","Village limit","Drilling of Borewell",2014-2015,2.00000,2.00635,"19 Jul 2014","31 Mar 2015",2024-06-07
Karnataka,"Bengaluru Urban","Bangalore East",Doddabanahalli,Katamnallur,Katamnallur,0000374343,0006686566,250073775,"Deep Tubewell","Ground Water","Village limit","Drilling of Borewell",2014-2015,2.00000,2.49412,"19 Jul 2014","31 Mar 2015",2024-06-07
Karnataka,"Bengaluru Urban","Bangalore East",Doddagubbi,Anagalpura,Anagalpura,0000374376,0006686573,250073780,"Deep Tubewell","Ground Water","Village limit","G Drilling of Borewell",2014-2015,2.00000,0.00000,"19 Jul 2014","20 Feb 2016",2024-06-07
Karnataka,"Bengaluru Urban","Bangalore East",Kannur,"Bande Hosur","Bande Hosur",0000374364,0006849768,250076114,"Deep Tubewell","Ground Water","Near Tank bund","SCP  TFC 20.10.2014 Drilling of Borewell,Errection of Pumpset with Pipe line and EnergisationinBandehosur Habitation.",2014-2015,5.00000,4.78383,"10 Dec 2014","31 Mar 2019",2024-06-07
Karnataka,"Bengaluru Urban","Bangalore East",Kannur,"Kadu Sonnappanahalli","Kadu Sonnappanahalli",0000374367,0006849769,250076115,"Deep Tubewell","Ground Water","Near Road side","G TFC 20.10.2014 Drilling of Borewell,Errection of Pumpset with Pipe line and Energisation in Kadusonnappanahalli Habitation.",2014-2015,5.00000,6.87053,"10 Dec 2014","31 Mar 2019",2024-06-07
Karnataka,"Bengaluru Urban","Bangalore East",Kodathi,Valepura,Valepura,0000374255,0006849783,250076129,"Deep Tubewell","Ground Water","Near burial ground","G TFC 20.10.2014 Drilling of Borewell,Errection of Pumpset with Pipe line and Energisation in Valepura Habitation.",2014-2015,5.00000,4.79946,"10 Dec 2014","31 Dec 2015",2024-06-07
Karnataka,"Bengaluru Urban","Bangalore East",Kittaganuru,Kithaganur,Kithaganur,0000374340,0005219909,5163143,"Deep Tubewell","Ground Water","Village limit","Revival of PWS",2012-2013,4.00000,3.60359,"28 Dec 2012","20 Mar 2013",2024-06-07
Karnataka,"Bengaluru Urban","Bangalore East",Kittaganuru,Kithaganur,Kithaganur,0000374340,0005219914,5163148,"Deep Tubewell","Ground Water","Padmeshwari Badavane","Revival of MWS",2012-2013,3.00000,1.84000,"27 Dec 2012","20 Mar 2013",2024-06-07
Karnataka,"Bengaluru Urban","Bangalore East",Kittaganuru,Kithaganur,Kithaganur,0000374340,0005219916,5163150,"Deep Tubewell","Ground Water","Padmeshwari Badavane","Revival of MWS",2012-2013,3.00000,0.00000,"27 Dec 2012","20 Feb 2013",2024-06-07
Karnataka,"Bengaluru Urban","Bangalore East",Doddabanahalli,Bandapura,Bandapura,0000374345,0005363447,5300485,"Deep Tubewell","Ground Water","Villoage limit","Drilling of BW",2012-2013,2.00000,1.79869,"07 Mar 2013","03 Mar 2014",2024-06-07
Karnataka,"Bengaluru Urban","Bangalore East",Mandur,"Kattu Gollahalli","Kattu Gollahalli",0000374319,0005363467,5300505,"Deep Tubewell","Ground Water","Village limit","Drilling of BW",2012-2013,2.00000,1.59332,"07 Mar 2013","10 May 2013",2024-06-07
Karnataka,"Bengaluru Urban","Bangalore East",Kittaganuru,Kithaganur,Kithaganur,0000374340,0005363509,5300545,"Deep Tubewell","Ground Water","Village limit","Drilling of BW",2012-2013,2.00000,3.70799,"07 Mar 2013","02 Sep 2013",2024-06-07
Karnataka,"Bengaluru Urban","Bangalore East",Bidarahalli,Bidarahalli,Bidarahalli,0000374307,0005363693,5300720,"Deep Tubewell","Ground Water","Village limit","Construction of Sump Tank",2012-2013,8.00000,0.00000,"07 Mar 2013","25 Mar 2014",2024-06-07
Karnataka,"Bengaluru Urban","Bangalore East",Doddabanahalli,Bandapura,Bandapura,0000374345,0005530198,5474096,"Deep Tubewell","Ground Water","Village limit","Revival of MWS Scheme",2013-2014,8.00000,7.89385,"10 Sep 2013","02 Jul 2014",2024-06-07
Karnataka,"Bengaluru Urban","Bangalore East",Mandur,Jyothipura,Jyothipura,0000374321,0005530214,5474175,"Deep Tubewell","Ground Water","Village limit","Revival of PWS Scheme",2013-2014,5.00000,0.00000,"12 Sep 2013","10 Mar 2014",2024-06-07
Karnataka,"Bengaluru Urban","Bangalore East",Avalahalli,Avalahalli,Avalahalli,0000374335,0005530225,5474209,"Deep Tubewell","Ground Water","Village limit","Improvements to Water Supply Scheme",2013-2014,25.00000,26.33810,"10 Sep 2013","18 Feb 2015",2024-06-07
Karnataka,"Bengaluru Urban","Bangalore East",Avalahalli,Cheemasandra,Cheemasandra,0000374332,0005530234,5474223,"Deep Tubewell","Ground Water","Village limit","Providing Piped Water Supply Scheme",2013-2014,25.00000,0.00000,"25 Sep 2013","28 Dec 2014",2024-06-07
Karnataka,"Bengaluru Urban","Bangalore East",Kannur,"Chikka Gubbi","Chikka Gubbi",0000374362,0005530781,5474848,"Deep Tubewell","Ground Water","Village limit","Revival of MWS Scheme",2013-2014,10.00000,0.00000,"10 Sep 2013","15 Mar 2014",2024-06-07
Karnataka,"Bengaluru Urban","Bangalore East",Bidarahalli,Gundur,"Gundur Colony",0000374311,0005530802,5474863,"Deep Tubewell","Ground Water","Village limit","Revival of MWS Scheme",2013-2014,6.00000,0.00000,"15 Sep 2013","25 Feb 2014",2024-06-07
Karnataka,"Bengaluru Urban","Bangalore East",Mandur,Huskur,"Huskur Kodi",0000374330,0005534441,5478753,"Deep Tubewell","Ground Water","Village limit","Revival of MWS Scheme",2013-2014,5.00000,4.37096,"20 Sep 2013","03 Mar 2014",2024-06-07
Karnataka,"Bengaluru Urban","Bangalore East",Seegehalli,Seegehalli,Seegehalli,0000374350,0005595484,5555452,"Deep Tubewell","Ground Water","School limit","Drinking Water Facility to School",2013-2014,1.00000,0.99468,"10 Nov 2013","10 Mar 2014",2024-06-07
Karnataka,"Bengaluru Urban","Bangalore East",Doddabanahalli,Chikkabanahalli,Chikkabanahalli,0000374349,0005627804,5593053,"Deep Tubewell","Ground Water","Village limit","Drinking Water Facility to Anganawadi",2013-2014,1.00000,0.99986,"22 Sep 2013","04 Mar 2014",2024-06-07
Karnataka,"Bengaluru Urban","Bangalore East",Avalahalli,Avalahalli,Avalahalli,0000374335,0005628065,5593380,"Deep Tubewell","Ground Water","Village limit","Drinking Water Facility to Anganawadi",2013-2014,1.00000,0.99875,"22 Sep 2013","20 Jan 2014",2024-06-07
Karnataka,"Bengaluru Urban","Bangalore East",Kittaganuru,Kithaganur,Kithaganur,0000374340,0005628105,5593420,"Deep Tubewell","Ground Water","Village limit","Drinking Water Facility to Anganawadi",2013-2014,1.00000,0.97604,"20 Sep 2013","17 Mar 2014",2024-06-07
Karnataka,"Bengaluru Urban","Bangalore East",Mandur,Huskur,Huskur,0000374329,0005628129,5593452,"Deep Tubewell","Ground Water","Village limit","Drinking Water Facility to Anganawadi",2013-2014,1.00000,0.00000,"22 Sep 2013","15 Feb 2014",2024-06-07
Karnataka,"Bengaluru Urban","Bangalore East",Kannamangala,Kannamangala,"Kannamangala Colony",0001622946,0006849796,250076139,"Deep Tubewell","Ground Water","Near gundu thopu","G TFC 20.10.2014 Drilling of Borewell,Errection of Pumpset with Pipe line and Energisation in kannamangala habitation",2014-2015,5.00000,4.94281,"10 Dec 2014","31 Dec 2015",2024-06-07
Karnataka,"Bengaluru Urban","Bangalore East",Kannur,"Kadu Sonnappanahalli","Kadu Sonnappanahalli",0000374367,0006943379,250080201,"Deep Tubewell","Ground Water","Near main road","G TFC130315 Drilling of Borewell with pipe line at Kadusonnappanahalli  Habitation, Kannur GP, Bangalore East Taluk",2014-2015,4.00000,3.47497,"20 Apr 2015","31 Aug 2015",2024-06-07
Karnataka,"Bengaluru Urban","Bangalore East",Kannur,Kannur,Kannur,0000374363,0006943390,250080203,"Deep Tubewell","Ground Water","Near School","G TFC130315 Drilling of Borewell  near school at Kannur Habitation,Kannur GP, Bangalore East Taluk",2014-2015,2.50000,2.49927,"20 Apr 2015","31 Mar 2016",2024-06-07
Karnataka,"Bengaluru Urban","Bangalore East",Halanayakanahalli,Halanayakanahalli,Halanayakanahalli,0000374292,0006943743,250080219,"Deep Tubewell","Ground Water","In tank bed","G TFC130315 Drilling of Borewell at Halanayakanahalli Habitation, Halanayakanahalli GP, Bangalore East Taluk",2014-2015,2.50000,2.49462,"20 Apr 2015","31 Mar 2019",2024-06-07
Karnataka,"Bengaluru Urban","Bangalore East",Kittaganuru,Halehalli,Halehalli,0000374338,0006994110,250083556,"Deep Tubewell","Ground Water","Near School","SCP TFC050515 Drilling of Borewell with Electrification and Erection of Pumpset at Halehalli Habitation, Avalahalli G.P",2015-2016,3.50000,3.39341,"21 Jul 2015","31 Mar 2016",2024-06-07
Karnataka,"Bengaluru Urban","Bangalore East",Bidarahalli,Byappanahalli,Byappanahalli,0000374308,0006994352,250083560,"Deep Tubewell","Ground Water","Near Gravyard","G TFC050515 Drilling of Borewell with Electrification at Byappanahalli Habitation, Bidarahalli  G.P",2015-2016,2.47000,2.18964,"21 Jul 2015","31 Mar 2019",2024-06-07
Karnataka,"Bengaluru Urban","Bangalore East",Mandur,Bommenahalli,Bommenahalli,0000374327,0007146679,250090224,"Deep Tubewell","Ground Water","near village","SCP Providing Piped water supply scheme",2015-2016,20.00000,0.00000,"25 Oct 2015","31 Mar 2016",2024-06-07
Karnataka,"Bengaluru Urban","Bangalore East",Doddabanahalli,Doddabanahalli,"Doddabanahalli Colony",0000374348,0007162716,250110759,"Deep Tubewell","Ground Water","Village limits","ST COLONY Providing piped water supply scheme",2015-2016,20.00000,0.00000,"25 Oct 2015","31 Mar 2016",2024-06-07
Karnataka,"Bengaluru Urban","Bangalore East",Avalahalli,Avalahalli,Avalahalli,0000374335,0007406303,250120525,"Deep Tubewell","Ground Water","Village limit","TFC19032016 Drilling of Borewell and erection of Pumpset at veerenahalli Habitation, Avalahalli GP, Bangalore East Taluk",2016-2017,3.00000,0.00000,"12 Apr 2016","03 May 2023",2024-06-07
Karnataka,"Bengaluru Urban","Bangalore East",Avalahalli,Cheemasandra,Cheemasandra,0000374332,0007406343,250120547,"Deep Tubewell","Ground Water","village limit","TFC190316 Drilling of Borewell at Cheemasandra Habitation, Avalahalli GP, Bangalore East Taluk",2016-2017,2.00000,1.99902,"12 Apr 2016","28 Feb 2018",2024-06-07
Karnataka,"Bengaluru Urban","Bangalore East",Mandur,Nimbekaipura,Nimbekaipura,0000374331,0007406454,250120622,"Deep Tubewell","Ground Water","village limit","TFC190316 Drilling of Borewell at Nimbekayipura Habitation, Mandur GP, Bangalore East Taluk",2016-2017,2.00000,2.00000,"12 Apr 2016","28 Feb 2018",2024-06-07
Karnataka,"Bengaluru Urban","Bangalore East",Doddabanahalli,Katamnallur,Katamnallur,0000374343,0007406553,250120704,"Deep Tubewell","Ground Water",NA,"TFC190316 Drilling of Borewell and Erection of Pumpset and Pipeline at Katamnallur Habitation, Doddabanahalli GP, Bangalore East Taluk",2016-2017,3.00000,3.00000,"12 Apr 2016","28 Feb 2018",2024-06-07
Karnataka,"Bengaluru Urban","Bangalore East",Kodathi,Sullikunte,"Sulikunte Colony",0000374287,0007406714,250120897,"Deep Tubewell","Ground Water","village limit","TFC190316 Drilling of Borewell and Providing of Pipeline at Sulikunte colony Habitation Kodathi GP Bangalore East Taluk",2016-2017,4.00000,3.95850,"12 Apr 2016","31 Mar 2018",2024-06-07
Karnataka,"Bengaluru Urban","Bangalore East",Kodathi,Kodathi,Kodathi,0000374288,0007406715,250120898,"Deep Tubewell","Ground Water","Outskirts of the village","TFC190316 Drilling of Borewell and Erection of Pumpset at Kodathi Habitation, Kodathi GP, Bangalore East Taluk",2016-2017,4.00000,3.97495,"12 Apr 2016","28 Feb 2018",2024-06-07
Karnataka,"Bengaluru Urban","Bangalore East",Bidarahalli,Gundur,Gundur,0000374310,0007406478,250121318,"Deep Tubewell","Ground Water","village limit","TFC190316 Drilling of Borewell and Erection of Pumpset and Pipeline at Gundur Habitation, BidrahalliGP, Bangalore East Taluk",2016-2017,3.50000,3.49000,"12 Apr 2016","28 Feb 2018",2024-06-07
Karnataka,"Bengaluru Urban","Bangalore East",Avalahalli,Veeranahlli,Veeranahalli,0000374334,0007525977,250141726,"Deep Tubewell","Ground Water","Village limit","G Revival Of MWS Scheme at Veerenahalli village,Avalahalli GP, Bangalore East Taluk",2016-2017,10.00000,8.85634,"01 Sep 2016","31 Mar 2018",2024-06-07
Karnataka,"Bengaluru Urban","Bangalore East",Doddagubbi,Doddagubbi,Doddagubbi,0000374377,0003308774,3165264,"Deep Tubewell","Ground Water","Doddagubbi near Obalappa house","Doddagubbi near Obalappa house","Not Known",0.90000,0.00000,"01 Jan 1900","01 Jan 1900",2024-06-07
Karnataka,"Bengaluru Urban","Bangalore East",Doddagubbi,Doddagubbi,Doddagubbi,0000374377,0003308979,3165478,"Deep Tubewell","Ground Water","Doddagubbi Marammana Temple","Doddagubbi Marammana Temple","Not Known",0.90000,0.00000,"27 Nov 2010","27 Nov 2010",2024-06-07
Karnataka,"Bengaluru Urban","Bangalore East",Doddagubbi,Doddagubbi,Doddagubbi,0000374377,0003308989,3165489,"Deep Tubewell","Ground Water","Doddagubbi Gangamma Temple","Doddagubbi Gangamma Temple","Not Known",0.90000,0.00000,"27 Nov 2010","27 Nov 2010",2024-06-07
Karnataka,"Bengaluru Urban","Bangalore East",Bidarahalli,Adur,Adur,0000374315,0003621032,3485822,"Deep Tubewell","Ground Water","Village Limits","Pipeline Extension",2011-2012,1.60000,0.00000,"15 Jul 2011","15 Mar 2012",2024-06-07
Karnataka,"Bengaluru Urban","Bangalore East",Kittaganuru,Kithaganur,Kithaganur,0000374340,0003621067,3485858,"Deep Tubewell","Ground Water","Near Road Side","Pipeline Extension",2011-2012,1.70000,0.00000,"15 Jul 2011","15 Mar 2012",2024-06-07
Karnataka,"Bengaluru Urban","Bangalore East",Avalahalli,Avalahalli,Avalahalli,0000374335,0003639378,3504149,"Deep Tubewell","Ground Water","Near Road Side","Pipeline Extension",2011-2012,5.00000,0.00000,"20 Jul 2011","15 Mar 2012",2024-06-07
Karnataka,"Bengaluru Urban","Bangalore East",Kannur,Kannur,Kannur,0000374363,0003639391,3504162,"Deep Tubewell","Ground Water","Village Limits","Pipeline Extension",2011-2012,5.00000,0.00000,"20 Jul 2011","15 Mar 2012",2024-06-07
Karnataka,"Bengaluru Urban","Bangalore East",Bidarahalli,Gundur,Gundur,0000374310,0003639451,3504219,"Deep Tubewell","Ground Water","Village Limits","Pipeline Extension",2011-2012,4.00000,0.00000,"20 Jul 2011","15 Mar 2012",2024-06-07
Karnataka,"Bengaluru Urban","Bangalore East",Kodathi,Kachamaranahalli,Kachamaranahalli,0000374282,0003729712,3594373,"Deep Tubewell","Ground Water","Govy. Primary School","School Water Supply",2011-2012,1.00000,0.00000,"15 Aug 2011","15 Feb 2012",2024-06-07
Karnataka,"Bengaluru Urban","Bangalore East",Halanayakanahalli,"Hado Siddapura","Hado Siddapura",0000374290,0003870475,3736965,"Deep Tubewell","Ground Water","Towards Village Limits","Revival of MWS",2011-2012,5.50000,0.00000,"21 Aug 2011","26 Jan 2012",2024-06-07
Karnataka,"Bengaluru Urban","Bangalore East",Doddabanahalli,Chikkabanahalli,Chikkabanahalli,0000374349,0003870493,3736983,"Deep Tubewell","Ground Water","Road Side","Revival of PWS",2011-2012,6.00000,0.00000,"19 Aug 2011","28 Jan 2012",2024-06-07
Karnataka,"Bengaluru Urban","Bangalore East",Kannur,Yerappanahalli,"Yarappanahalli Colon",0001622940,0003870737,3737227,"Deep Tubewell","Ground Water","Towards Village Limits","Revival of MWS",2011-2012,5.50000,0.00000,"21 Aug 2011","25 Jan 2012",2024-06-07
Karnataka,"Bengaluru Urban","Bangalore East",Kodathi,Kodathi,"Kodathi Colony",0000374289,0003870744,3737234,"Deep Tubewell","Ground Water","Road Side","Revival of MWS",2011-2012,5.50000,0.00000,"21 Aug 2011","25 Jan 2012",2024-06-07
Karnataka,"Bengaluru Urban","Bangalore East",Kodathi,Mullur,Mullur,0000374284,0004870234,4797261,"Deep Tubewell","Ground Water","Village Limit","G Providing Piped Water Supply Scheme",2012-2013,20.00000,18.87440,"25 Sep 2012","31 Mar 2018",2024-06-07
Karnataka,"Bengaluru Urban","Bangalore East",Kannur,"Bande Hosur","Bande Hosur",0000374364,0004872140,4799017,"Deep Tubewell","Ground Water","Bande Road","Revival of MWS Scheme",2012-2013,15.00000,13.98577,"20 Sep 2012","20 Mar 2013",2024-06-07
Karnataka,"Bengaluru Urban","Bangalore East",Kannur,Nadagowdanahalli,Nadagowdanahalli,0000374368,0004872142,4799019,"Deep Tubewell","Ground Water","Towards Main road","Revival of PWS Scheme",2012-2013,9.00000,8.13122,"15 Sep 2012","31 Oct 2012",2024-06-07
Karnataka,"Bengaluru Urban","Bangalore East",Bidarahalli,Gundur,Gundur,0000374310,0004872157,4799034,"Deep Tubewell","Ground Water","Colony road","Revival of MWS Scheme",2012-2013,5.00000,4.99900,"15 Sep 2012","20 Mar 2013",2024-06-07
Karnataka,"Bengaluru Urban","Bangalore East",Kannur,"Chikka Gubbi","Chikka Gubbi",0000374362,0004932620,4853499,"Deep Tubewell","Ground Water",GUPS,"School Water Supply",2012-2013,1.00000,0.95518,"10 Sep 2012","15 Mar 2013",2024-06-07
Karnataka,"Bengaluru Urban","Bangalore East",Kannur,Nadagowdanahalli,Nadagowdanahalli,0000374368,0004933386,4854258,"Deep Tubewell","Ground Water",GLPS,"School Water Supply",2012-2013,1.00000,0.95518,"15 Sep 2012","20 Mar 2013",2024-06-07
Karnataka,"Bengaluru Urban","Bangalore East",Kannur,"Bande Hosur","Bande Hosur",0000374364,0004933387,4854259,"Deep Tubewell","Ground Water",GLPS,"School Water Supply",2012-2013,1.00000,0.99625,"10 Sep 2012","15 Mar 2013",2024-06-07
Karnataka,"Bengaluru Urban","Bangalore East",Kannur,"Bande Bommasandra","Bande Bommasandra",0000374361,0004933388,4854260,"Deep Tubewell","Ground Water",GLPS,"School Water Supply",2012-2013,1.00000,1.66071,"10 Sep 2012","25 Oct 2012",2024-06-07
Karnataka,"Bengaluru Urban","Bangalore East",Doddabanahalli,Katamnallur,Katamnallur,0000374343,0004933396,4854268,"Deep Tubewell","Ground Water",GHPS,"School Water Supply",2012-2013,1.00000,0.99985,"10 Sep 2012","15 Mar 2013",2024-06-07
Karnataka,"Bengaluru Urban","Bangalore East",Mandur,Huskur,Huskur,0000374329,0005219846,5163057,"Deep Tubewell","Ground Water","Towards main road","Revival of PWS",2012-2013,2.00000,1.86737,"28 Dec 2012","15 Feb 2013",2024-06-07
Karnataka,"Bengaluru Urban","Bangalore East",Mandur,Huskur,Huskur,0000374329,0005219848,5163059,"Deep Tubewell","Ground Water","Towards main road","Revival of PWS",2012-2013,2.00000,0.00000,"28 Dec 2012","15 Feb 2013",2024-06-07
Karnataka,"Bengaluru Urban","Bangalore East",Mandur,Nimbekaipura,Nimbekaipura,0000374331,0005219854,5163065,"Deep Tubewell","Ground Water","towards MI Tank","Revival of MWS",2012-2013,5.00000,4.96767,"28 Dec 2012","28 Feb 2014",2024-06-07
Karnataka,"Bengaluru Urban","Bangalore East",Doddabanahalli,Bandapura,Bandapura,0000374345,0005219856,5163067,"Deep Tubewell","Ground Water","towards Main road","Revival of MWS",2012-2013,3.00000,4.00666,"28 Dec 2012","15 Feb 2013",2024-06-07
Karnataka,"Bengaluru Urban","Bangalore East",Kannur,Nadagowdanahalli,Nadagowdanahalli,0000374368,0005219880,5163106,"Deep Tubewell","Ground Water","Near School","Revival of PWS",2012-2013,3.50000,2.02820,"26 Dec 2012","20 Mar 2013",2024-06-07
Karnataka,"Bengaluru Urban","Bangalore East",Kannur,Mittaganahalli,Mittaganahalli,0000374366,0005219885,5163111,"Deep Tubewell","Ground Water","Towards Main road","Revival of MWS",2012-2013,4.00000,3.99936,"26 Dec 2012","20 Mar 2013",2024-06-07
Karnataka,"Bengaluru Urban","Bangalore East",Kannur,"Bande Bommasandra","Bande Bommasandra",0000374361,0005219888,5163114,"Deep Tubewell","Ground Water","towards colony road","Revival of MWS",2012-2013,4.00000,3.34475,"26 Dec 2012","20 Mar 2013",2024-06-07
Karnataka,"Bengaluru Urban","Bangalore East",Doddagubbi,Rampura,Rampura,0000374370,0005219894,5163120,"Deep Tubewell","Ground Water","Main road","Revival of PWS",2012-2013,6.00000,5.99120,"26 Dec 2012","28 Feb 2014",2024-06-07
Karnataka,"Bengaluru Urban","Bangalore East",Seegehalli,Seegehalli,Seegehalli,0000374350,0005219897,5163123,"Deep Tubewell","Ground Water","main road","Revival of PWS",2012-2013,3.00000,3.14517,"28 Dec 2012","19 Mar 2013",2024-06-07
Karnataka,"Bengaluru Urban","Bangalore East",Kannamangala,Kannamangala,Kannamangala,0001622947,0005219901,5163132,"Deep Tubewell","Ground Water","Kannamangala Dinnur","Revival of MWS",2012-2013,3.00000,2.99674,"28 Dec 2012","01 Mar 2013",2024-06-07
Karnataka,"Bengaluru Urban","Bangalore East",Kodathi,Mullur,Mullur,0000374284,0007573071,250170017,"Deep Tubewell","Ground Water",Mullur,"TFC221116 Drilling of Borewell at Mulluru Habitation, Kodathi GP, Bangalore East Taluk",2016-2017,2.20000,2.19610,"15 Jan 2017","28 Feb 2018",2024-06-07
Karnataka,"Bengaluru Urban","Bangalore East",Kodathi,Kodathi,Kodathi,0000374288,0007573083,250170031,"Deep Tubewell","Ground Water",Kodathi,"TFC221116 Drilling of Borewell at Kodathi Habitation, Kodathi GP, Bangalore East Taluk",2016-2017,2.20000,0.00000,"15 Jan 2017","03 May 2023",2024-06-07
Karnataka,"Bengaluru Urban","Bangalore East",Kodathi,Kodathi,Kodathi,0000374288,0007573084,250170032,"Deep Tubewell","Ground Water",Kodathi,"TFC221116 Drilling of Borewell at Kodathi Habitation, Kodathi GP, Bangalore East Taluk",2016-2017,2.20000,2.19574,"15 Jan 2017","28 Feb 2018",2024-06-07
Karnataka,"Bengaluru Urban","Bangalore East",Bidarahalli,Adur,Adur,0000374315,0007573088,250170036,"Deep Tubewell","Ground Water",Aduru,"TFC221116 Drilling of Borewell at Aduru Habitation, Bidarahalli GP, Bangalore East Taluk",2016-2017,2.20000,0.00000,"15 Jan 2017","03 May 2023",2024-06-07
Karnataka,"Bengaluru Urban","Bangalore East",Bidarahalli,Adur,Adur,0000374315,0007573089,250170037,"Deep Tubewell","Ground Water",Aduru,"TFC221116 Drilling of Borewell at Aduru Habitation, Bidarahalli GP, Bangalore East Taluk",2016-2017,2.20000,2.19562,"15 Jan 2017","31 Mar 2018",2024-06-07
Karnataka,"Bengaluru Urban","Bangalore East",Kittaganuru,Kithaganur,Kithaganur,0000374340,0007637467,250185503,"Deep Tubewell","Ground Water","Village limit","TFC220217 Drilling of Borewell at kittaganur  Habitation, kittaganur  GP, Bangalore East Taluk",2016-2017,2.20000,2.15573,"05 May 2017","31 Mar 2018",2024-06-07
Karnataka,"Bengaluru Urban","Bangalore East",Kittaganuru,Halehalli,Halehalli,0000374338,0007637576,250185511,"Deep Tubewell","Ground Water","Main road","TFC220217 Drilling of Borewell at Halehalli Habitation, kittaganur  GP, Bangalore East Taluk",2016-2017,2.25000,2.24861,"05 May 2017","31 Mar 2018",2024-06-07
Karnataka,"Bengaluru Urban","Bangalore East",Doddabanahalli,Bandapura,Bandapura,0000374345,0007637863,250185553,"Deep Tubewell","Ground Water","Bandapura Cross-NH4","TFC220217 Drilling of Borewell at Bandapura Habitation, Doddabanahalli GP, Bangalore East Taluk",2016-2017,2.20000,0.00000,"05 May 2017","03 May 2023",2024-06-07
Karnataka,"Bengaluru Urban","Bangalore East",Doddabanahalli,Bandapura,Bandapura,0000374345,0007637884,250185557,"Deep Tubewell","Ground Water","Bandapura Cross-NH4","TFC220217 Drilling of Borewell at Bandapura Habitation, Doddabanahalli GP, Bangalore East Taluk",2016-2017,2.20000,2.19682,"05 May 2017","31 Mar 2018",2024-06-07
Karnataka,"Bengaluru Urban","Bangalore East",Kannur,"Kadu Sonnappanahalli","Kadu Sonnappanahalli",0000374367,0007637898,250185560,"Deep Tubewell","Ground Water","Main road","TFC220217 Drilling of Borewell at Kadusonnappanahalli Habitation, Kannur GP, Bangalore East Taluk",2016-2017,2.00000,1.99836,"05 May 2017","31 Mar 2018",2024-06-07
Karnataka,"Bengaluru Urban","Bangalore East",Kannur,"Bande Bommasandra","Bande Bommasandra",0000374361,0007640872,250186085,"Deep Tubewell","Ground Water","Colony limit","TFC220217 Drilling of Borewell at Bandebommasandra Habitation, Kannur GP, Bangalore East Taluk",2016-2017,2.20000,1.97954,"05 May 2017","31 Mar 2018",2024-06-07
Karnataka,"Bengaluru Urban","Bangalore East",Kodathi,Mullur,Mullur,0000374284,0007701802,250196197,"Deep Tubewell","Ground Water","Village Limit","TFC170417 Drilling of Borewell at Mulluru Habitation, Kodathi  GP, Bangalore East Taluk",2017-2018,2.40000,2.39863,"10 Jul 2017","31 Mar 2018",2024-06-07
Karnataka,"Bengaluru Urban","Bangalore East",Kannur,Yerappanahalli,Yerappanahalli,0000374369,0007702043,250196228,"Deep Tubewell","Ground Water","Tank Bed","TFC170417  Providing and Erection of Pumpset at Yerappanahalli Habitation, Kannur GP, Bangalore East Taluk",2017-2018,3.50000,3.49348,"10 Jul 2017","31 Mar 2018",2024-06-07
Karnataka,"Bengaluru Urban","Bangalore East",Doddabanahalli,Chikkabanahalli,Chikkabanahalli,0000374349,0007739461,250205267,"Deep Tubewell","Ground Water","village limit","WPP2 Gen (3000 Series) Chikkabanahalli Habitation, Doddabanahalli G.P, Bangalore East Taluk, Bangalore Urban District",2017-2018,12.00000,0.00000,"25 Nov 2017","03 May 2023",2024-06-07
Karnataka,"Bengaluru Urban","Bangalore East",Doddabanahalli,Doddabanahalli,Doddabanahalli,0000374347,0007739465,250205270,"Deep Tubewell","Ground Water","village limit","WPP3 SCP (3000 Series) Doddabanahalli Habitation,DoddabanahalliG.P, Bangalore East Taluk, Bangalore Urban District",2017-2018,12.00000,8.92800,"25 Nov 2017","31 Mar 2021",2024-06-07
Karnataka,"Bengaluru Urban","Bangalore East",Kannamangala,Kannamangala,"Kannamangala Bevinamara Colony",0001847726,0007807498,250221264,"Deep Tubewell","Ground Water","village limit","Revival of MWS at Kannamangala Bevinamara Colony",2017-2018,0.10000,0.00000,"05 May 2017","03 May 2023",2024-06-07
Karnataka,"Bengaluru Urban","Bangalore East",Seegehalli,Seegehalli,Seegehalli,0000374350,0008215919,250240853,"Deep Tubewell","Ground Water","village limit","15 Crore 12102020 Drilling of Borewell at Seegehalli village Seegehalli  GP Bangalore East taluk",2020-2021,3.00000,2.71464,"22 Feb 2021","03 May 2023",2024-06-07
Karnataka,"Bengaluru Urban","Bangalore East",Halanayakanahalli,"Hado Siddapura","Hado Siddapura",0000374290,0007846741,250240880,"Deep Tubewell","Ground Water","village limit","G Revival of MWS scheme at Hadosiddapura Habitation, Hadosiddapura Village Halanayakanahalli GP, Bangalore East Taluk",2018-2019,2.50000,2.49365,"05 Oct 2018","31 Mar 2019",2024-06-07
Karnataka,"Bengaluru Urban","Bangalore East",Kodathi,Sullikunte,Sullikunte,0000374286,0007846753,250240894,"Deep Tubewell","Ground Water","village limit","G Revival of MWS scheme at Sulikunte Habitation, Sulikunte Village Kodathi GP, Bangalore East Taluk",2018-2019,2.50000,2.49809,"05 Oct 2018","28 Feb 2019",2024-06-07
Karnataka,"Bengaluru Urban","Bangalore East",Kittaganuru,"Kurudu Sonnenahalli","Kurudu Sonnenahalli",0000374333,0007850881,250244926,"Deep Tubewell","Ground Water","Village Limit","G Revival of MWS scheme at Kurudusonnenahalli Habitation, Kurudusonnenahalli Village, Kittaganuru GP, Bangalore East Taluk",2018-2019,2.50000,0.00000,"12 Oct 2018","03 May 2023",2024-06-07
Karnataka,"Bengaluru Urban","Bangalore East",Mandur,Jyothipura,Jyothipura,0000374321,0007850922,250244967,"Deep Tubewell","Ground Water","Village Limit","G Revival of PWS scheme at Jyothipura Habitation, Jyothipura Village, Manduru GP, Bangalore East Taluk",2018-2019,4.25000,0.00000,"05 Sep 2018","03 May 2023",2024-06-07
Karnataka,"Bengaluru Urban","Bangalore East",Kannamangala,Kannamangala,Kannamangala,0001622947,0007851056,250245109,"Deep Tubewell","Ground Water","Village Limit","G Revival of PWS scheme at Kannamangala Habitation, Kannamangala Village, Kannamangala GP, Bangalore East Taluk",2018-2019,4.00000,3.99652,"05 Sep 2018","31 Mar 2019",2024-06-07
Karnataka,"Bengaluru Urban","Bangalore East",Mandur,Bommenahalli,Bommenahalli,0000374327,0007852515,250246377,"Deep Tubewell","Ground Water","Village limit","SCP Revival of MWS scheme at Bommenahalli Habitation, Bommenahalli Village, Manduru GP, Bangalore East Taluk",2018-2019,4.00000,3.99706,"05 Sep 2018","31 Mar 2019",2024-06-07
Karnataka,"Bengaluru Urban","Bangalore East",Bidarahalli,Byappanahalli,Byappanahalli,0000374308,0007852701,250246570,"Deep Tubewell","Ground Water","Village limit","Drilling of Borewells (1 No)  for Revival of Water Supply Scheme at Byrappanahalli Bannerughatta GP Anekal Taluk",2018-2019,2.95000,0.00000,"12 Oct 2018","03 May 2023",2024-06-07
Karnataka,"Bengaluru Urban","Bangalore East",Kannur,"Chikka Gubbi","Chikka Gubbi",0000374362,0008220794,250299734,"Deep Tubewell","Ground Water","Panchavati Layout","15 Crore 12102020 Drilling of Borewell at  Chikkagubbi Village Kannur  GP Bangalore East taluk",2020-2021,2.85000,2.60038,"14 Feb 2021","03 May 2023",2024-06-07
Karnataka,"Bengaluru Urban","Bangalore East",Kodathi,Kachamaranahalli,Kachamaranahalli,0000374282,0008220795,250299735,"Deep Tubewell","Ground Water","Village limit","15 Crore 12102020 Drilling of Borewell at  Kachamaranahalli Village Kodathi  GP Bangalore East taluk",2020-2021,3.00000,2.72698,"25 Feb 2021","03 May 2023",2024-06-07
Karnataka,"Bengaluru Urban","Bangalore East",Mandur,Huskur,Huskur,0000374329,0008225297,250300372,"Deep Tubewell","Ground Water","Hosakote Tak bed","15 Crore 12102020 Providing and erection of Pump and motor at Huskur Village Mandur GP Bangalore East Tq",2020-2021,4.50000,4.49492,"14 Feb 2021","03 May 2023",2024-06-07
Karnataka,"Bengaluru Urban","Bangalore East",Bidarahalli,Hirandahalli,Hirandahalli,0000374313,0008225311,250300376,"Deep Tubewell","Ground Water","Venkatapathi layout","15 Crore 12102020 Providing and erection of Pump and motor at Hirandahalli  Village Bidarahalli GP Bangalore East Tq",2020-2021,4.25000,4.24344,"14 Feb 2021","03 May 2023",2024-06-07
Karnataka,"Bengaluru Urban","Bangalore East",Kodathi,Kodathi,Kodathi,0000374288,0007853463,250247096,"Deep Tubewell","Ground Water","village limit","TFC NAC 2018 SCP Drilling of Borewell(1 No) for Revival of Water Supply Scheme at Kodathi Habitation, Kodathi GP Bangalore East Taluk",2018-2019,2.35000,2.34706,"05 Sep 2018","31 Mar 2019",2024-06-07
Karnataka,"Bengaluru Urban","Bangalore East",Mandur,Jyothipura,Jyothipura,0000374321,0007853479,250247107,"Deep Tubewell","Ground Water","village limit","TFC NAC 2018 G Drilling of Borewell 1 No for Revival of  Water Supply Scheme at Jyothipura Habitation, Mandudru GP Bangalore East Taluk",2018-2019,2.00000,1.95921,"05 Sep 2018","31 Mar 2019",2024-06-07
Karnataka,"Bengaluru Urban","Bangalore East",Kittaganuru,Kithaganur,Kithaganur,0000374340,0007853516,250247144,"Deep Tubewell","Ground Water","Village limit","TFC CEO 060 418 Drilling of Borewell at Kittaganur Habitation, Kittaganur GP Bangalore East Taluk",2018-2019,2.50000,2.49874,"05 Sep 2018","31 Mar 2019",2024-06-07
Karnataka,"Bengaluru Urban","Bangalore East",Kannur,"Kadu Sonnappanahalli","Kadu Sonnappanahalli",0000374367,0008231757,250247614,"Deep Tubewell","Ground Water","Main road","15 Crore 12102020 Providing Water Supply to Veternity  at  Kadusonnapanahalli Village Kannur GP Bangalore East Tq",2020-2021,1.10000,1.09712,"14 Mar 2021","03 May 2023",2024-06-07
Karnataka,"Bengaluru Urban","Bangalore East",Kannur,Yerappanahalli,Yerappanahalli,0000374369,0007854059,250247626,"Deep Tubewell","Ground Water","village limit","G Revival of MWS Scheme at Yerrappanahalli  Habitation Yerrappanahalli    village Kannuru GP Bangalore East TaluK",2018-2019,2.00000,1.99691,"05 Sep 2018","31 Mar 2019",2024-06-07
Karnataka,"Bengaluru Urban","Bangalore East",Bidarahalli,Margondanahalli,Margondanahalli,0000374312,0007854383,250247946,"Deep Tubewell","Ground Water","village limit","G Revival of MWS Scheme at Maragondanahalli (Pratishtana Leyout)Habitation Maragondanahalli  village Bidarahalli  GP Bangalore East Taluk",2018-2019,2.00000,0.00000,"05 Sep 2018","03 May 2023",2024-06-07
Karnataka,"Bengaluru Urban","Bangalore East",Kittaganuru,Halehalli,Halehalli,0000374338,0008035754,250247952,"Deep Tubewell","Ground Water","village limit","10 Crore 22052020 Drilling of Borewell scheme at halehalli village Kithaganur GP Bangalore east taluk",2020-2021,2.90000,2.70874,"08 Sep 2020","03 May 2023",2024-06-07
Karnataka,"Bengaluru Urban","Bangalore East",Bidarahalli,Margondanahalli,Margondanahalli,0000374312,0007854405,250247967,"Deep Tubewell","Ground Water","village limit","G Revival of MWS Scheme at Maragondanahalli(Sanni Layout)Habitation Maragondanahalli village Bidrahalli GP Bangalore East Taluk",2018-2019,2.00000,1.99879,"05 Sep 2018","31 Mar 2019",2024-06-07
Karnataka,"Bengaluru Urban","Bangalore East",Kodathi,Kodathi,Kodathi,0000374288,0007876686,250264418,"Deep Tubewell","Ground Water","near village",TFC1805,2018-2019,2.00000,0.00000,"07 Mar 2019","03 May 2023",2024-06-07
Karnataka,"Bengaluru Urban","Bangalore East",Kodathi,Kachamaranahalli,Kachamaranahalli,0000374282,0007878082,250265202,"Deep Tubewell","Ground Water","village limit","TFC  24122018 Drilling of Borewell at Kachamaranahalli Habitation, Kodathi GP Bangalore East Taluk",2018-2019,2.25000,2.24467,"11 Mar 2019","31 Mar 2019",2024-06-07
Karnataka,"Bengaluru Urban","Bangalore East",Kodathi,Valepura,Valepura,0000374255,0007878086,250265204,"Deep Tubewell","Ground Water","village limit","TFC  24122018 Drilling of Borewell at  Valepura Habitation, Kodathi GP Bangalore East Taluk",2018-2019,2.25000,2.24054,"11 Mar 2019","31 May 2019",2024-06-07
Karnataka,"Bengaluru Urban","Bangalore East",Kodathi,Valepura,Valepura,0000374255,0008045202,250294695,"Deep Tubewell","Ground Water","Sulikute Dinne 1st Cross Road Near Sushila House","10 Crore 22052020 Drilling of Borewell Scheme at Valepura Village Kodathi  GP Bangalore East tq",2020-2021,3.30000,2.98372,"16 Jul 2020","03 May 2023",2024-06-07
Karnataka,"Bengaluru Urban","Bangalore East",Kannamangala,Kannamangala,"Kannamangala Colony",0001622946,0007878099,250265213,"Deep Tubewell","Ground Water","village limit","TFC  24122018 Drilling of Borewell at Kannamangala Colony Habitation, Kannamangala GP Bangalore East Taluk",2018-2019,2.30000,2.07764,"11 Mar 2019","31 Jul 2019",2024-06-07
Karnataka,"Bengaluru Urban","Bangalore East",Doddabanahalli,Doddabanahalli,Doddabanahalli,0000374347,0007878102,250265214,"Deep Tubewell","Ground Water","village limit","TFC  24122018 Drilling of Borewell at Doddabanahalli Habitation, Doddabanahalli GP Bangalore East Taluk",2018-2019,2.25000,2.24922,"11 Mar 2019","31 Mar 2019",2024-06-07
Karnataka,"Bengaluru Urban","Bangalore East",Doddabanahalli,Doddabanahalli,"Doddabanahalli Colony",0000374348,0007878105,250265217,"Deep Tubewell","Ground Water","village limit","TFC  24122018 Drilling of Borewell at Doddabanahalli Colony Habitation, Doddabanahalli GP Bangalore East Taluk",2018-2019,2.30000,2.29947,"11 Mar 2019","31 Mar 2019",2024-06-07
Karnataka,"Bengaluru Urban","Bangalore East",Doddagubbi,Rampura,Rampura,0000374370,0007890087,250269167,"Deep Tubewell","Ground Water","Village Limit","GOI shifted to GOK G Revival  Of MWS Scheme at Rampura Village,Doddagubbi GP Bidarahalli Hobali,Bangalore East tq",2018-2019,2.00000,1.99443,"05 Sep 2018","03 May 2023",2024-06-07
Karnataka,"Bengaluru Urban","Bangalore East",Kannur,Nadagowdanahalli,Nadagowdanahalli,0000374368,0007912404,250283042,"Deep Tubewell","Ground Water","Near Yarappanahalli Road side","SCP Revival of PWS scheme drilling of borewell at Yarappanahalli Colony Kannur GP",2019-2020,3.50000,3.48554,"01 Oct 2019","03 May 2023",2024-06-07
Karnataka,"Bengaluru Urban","Bangalore East",Kannur,Yerappanahalli,"Yarappanahalli Colon",0001622940,0007912404,250283323,"Deep Tubewell","Ground Water","Village limit","SCP Revival of PWS scheme drilling of borewell at Yarappanahalli Colony Kannur GP",2019-2020,3.50000,3.48554,"01 Oct 2019","03 May 2023",2024-06-07
Karnataka,"Bengaluru Urban","Bangalore East",Doddabanahalli,"Bidare Agrahara","Bidare Agrahara",0000374346,0007913788,250284008,"Deep Tubewell","Ground Water","Village limit","G  Revival of PWS scheme Drilling of Borewell and pipeline at Bidare agrahara Village  Doddabanahall  GP Bangalore east taluk",2019-2020,3.50000,3.48541,"10 Oct 2019","03 May 2023",2024-06-07
Karnataka,"Bengaluru Urban","Bangalore East",Avalahalli,Avalahalli,Avalahalli,0000374335,0008008910,250290424,"Deep Tubewell","Ground Water","Ward no 6","CAP 2 Driiling of Borewell at Avalahalli habitation Avalahalli GP Bangalore East Taluk",2020-2021,2.90000,2.57615,"08 Jun 2020","03 May 2023",2024-06-07
Karnataka,"Bengaluru Urban","Bangalore East",Bidarahalli,Byappanahalli,Byappanahalli,0000374308,0008009760,250290483,"Deep Tubewell","Ground Water","Sai Layout Main road side","CAP 2  Driiling of Borewell at Byiappanahalli habitation Bidarahalli GP Bangalore East Taluk",2020-2021,2.95000,2.94296,"01 Jun 2020","03 May 2023",2024-06-07
Karnataka,"Bengaluru Urban","Bangalore East",Kodathi,Mullur,Mullur,0000374284,0008009773,250290484,"Deep Tubewell","Ground Water","H.V Narayanareddy Layout near Roadside","CAP 3 Driiling of Borewell at Mullur habitation Kodathi GP Bangalore East Taluk",2020-2021,2.50000,2.49857,"01 Jun 2020","03 May 2023",2024-06-07
Karnataka,"Bengaluru Urban","Bangalore East",Bidarahalli,Kammasandra,Kammasandra,0000374309,0008045037,250294679,"Deep Tubewell","Ground Water","Near smashana towards mandur road junction","10 Crore 22052020 Drilling of borewell at Kammasandra Village Bidarahalli GP Bangalore East tq",2020-2021,3.00000,2.73555,"16 Jul 2020","03 May 2023",2024-06-07
Karnataka,"Bengaluru Urban","Bangalore East",Doddagubbi,Doddagubbi,Doddagubbi,0000374377,0008045040,250294680,"Deep Tubewell","Ground Water","BW-1 in colony,BW-2 in byrathi bande road turning road,BW-2 park opposite","10 Crore 22052020 Drilling of borewell at  Doddagubbi(2NO) Village Bidarahalli GP Bangalore East tq",2020-2021,5.80000,5.33355,"16 Jul 2020","03 May 2023",2024-06-07
Karnataka,"Bengaluru Urban","Bangalore East",Halanayakanahalli,"Hado Siddapura","Hado Siddapura",0000374290,0008045195,250294693,"Deep Tubewell","Ground Water","In Gomala land Survey no 23","10 Crore 22052020 Drilling of Borewell Scheme at Hodusiddapura Village Halanayakanahalli  GP Bangalore East tq",2020-2021,3.40000,3.15340,"16 Jul 2020","03 May 2023",2024-06-07
Karnataka,"Bengaluru Urban","Bangalore East",Kannur,"Chikka Gubbi","Chikka Gubbi",0000374362,0008045210,250294698,"Deep Tubewell","Ground Water","Air Humanitarian Inside Compound","CAP 3  Drilling of Borewell 1 Scheme at Chikkagubbi Village Kannur  GP Bangalore East tq",2020-2021,3.00000,2.99251,"02 Aug 2020","03 May 2023",2024-06-07
Karnataka,"Bengaluru Urban","Bangalore East",Seegehalli,Seegehalli,"Seegehalli Thopu",0000374352,0008215924,250299354,"Deep Tubewell","Ground Water","Seegehalli Gate","15 Crore 12102020 Providing and erection of Pump and motor at Seegehalli Thopu Seegehalli GP Bangalore East taluk",2020-2021,4.00000,3.99921,"27 Feb 2021","03 May 2023",2024-06-07
Karnataka,"Bengaluru Urban","Bangalore East",Bidarahalli,Gundur,Gundur,0000374310,0008220764,250299706,"Deep Tubewell","Ground Water","Village Limit","15 Crore 12102020 Drilling of Borewell at  Gundur Village Bidarahalli  GP Bangalore East taluk",2020-2021,3.25000,2.94591,"25 Feb 2021","03 May 2023",2024-06-07
Karnataka,"Bengaluru Urban","Bangalore East",Bidarahalli,"Kada Agrahara","Kada Agrahara",0000374316,0008220772,250299713,"Deep Tubewell","Ground Water","Vilage limit towards yerappanahalli road","15 Crore 12102020 Drilling of Borewell at  Kadaagrahara Village Bidarahalli  GP Bangalore East taluk",2020-2021,3.25000,2.94116,"26 Feb 2021","03 May 2023",2024-06-07
Karnataka,"Bengaluru Urban","Bangalore East",Doddagubbi,Anagalpura,Anagalpura,0000374376,0008220789,250299729,"Deep Tubewell","Ground Water","Near Naveen House or sarkaari kunte backside","15 Crore 12102020 Drilling of Borewell at  Anagalapura  Village Doddagubbi   GP Bangalore East taluk",2020-2021,3.00000,2.72699,"15 Feb 2021","03 May 2023",2024-06-07
