state_name,district_name,block_name,panchayat_name,village_name,habitation_name,habitation_id,scheme_id,schemes_sources_id,source_type,sourcetype_category,location,scheme_name,sanction_year,estimated_cost,expenditure,dateof_commencement,dateof_completion,update_date
Karnataka,"Bengaluru Urban","Bangalore South",Agara,Agara,Agara,0000374137,0004933474,4854350,"Deep Tubewell","Ground Water",GUPS,"School Water Supply",2012-2013,1.00000,0.99586,"10 Sep 2012","28 Feb 2013",2024-06-07
Karnataka,"Bengaluru Urban","Bangalore South","Dodda Thogur",Homadevanahalli,Homadevanahalli,0000373972,0004933482,4854358,"Deep Tubewell","Ground Water",GUPS,"School Water Supply",2012-2013,1.00000,0.00000,"10 Sep 2012","15 Mar 2013",2024-06-07
Karnataka,"Bengaluru Urban","Bangalore South",Kumbalagodu,Gerupalya,Gerupalya,0000374186,0004956278,4879879,"Deep Tubewell","Ground Water","Village limit","Revival of MWS Scheme",2012-2013,5.00000,5.00298,"15 Sep 2012","20 Mar 2013",2024-06-07
Karnataka,"Bengaluru Urban","Bangalore South",Chunchanakuppe,Punagamaranahalli,Punagamaranahalli,0000374431,0005221925,5165331,"Deep Tubewell","Ground Water","School Road","Revival of MWS",2012-2013,3.00000,4.26754,"16 Jan 2013","01 Mar 2014",2024-06-07
Karnataka,"Bengaluru Urban","Bangalore South",Chunchanakuppe,Lakkaiahnapalya,Lakkaiahanapalya,0000374441,0005221933,5165339,"Deep Tubewell","Ground Water","Colony Road","Revival of MWS",2012-2013,5.00000,0.00000,"16 Jan 2013","25 Mar 2013",2024-06-07
Karnataka,"Bengaluru Urban","Bangalore South",Chunchanakuppe,Lakkaiahnapalya,Lakkaiahanapalya,0000374441,0005221936,5165342,"Deep Tubewell","Ground Water","Colony Road","Revival of MWS",2012-2013,5.00000,0.00000,"16 Jan 2013","25 Mar 2013",2024-06-07
Karnataka,"Bengaluru Urban","Bangalore South",Chunchanakuppe,Sheshigiripura,Sheshigiripura,0000374451,0007150200,5165354,"Deep Tubewell","Ground Water","Village limit","G BESCOM Revival of MWS Scheme",2015-2016,0.15000,0.00000,"25 Oct 2015","31 Mar 2016",2024-06-07
Karnataka,"Bengaluru Urban","Bangalore South",Ramohalli,Challaghatta,Challaghatta,0000374189,0005221969,5165375,"Deep Tubewell","Ground Water","Village limit","Revival of MWS",2012-2013,6.50000,6.48000,"07 Jan 2013","20 Mar 2013",2024-06-07
Karnataka,"Bengaluru Urban","Bangalore South",Chikkanahalli,Chikkanahalli,Chikkanahalli,0000374222,0005225284,5168770,"Deep Tubewell","Ground Water","Village limit","Revival of MWS",2012-2013,6.50000,6.48698,"07 Jan 2013","20 Mar 2013",2024-06-07
Karnataka,"Bengaluru Urban","Bangalore South","K. Golahalli",Thittahalli,Thittahalli,0000374148,0005225317,5168803,"Deep Tubewell","Ground Water","Village limit","Revival of MWS",2012-2013,3.50000,3.29985,"07 Jan 2013","01 Mar 2014",2024-06-07
Karnataka,"Bengaluru Urban","Bangalore South",Channenahalli,Kempegowdanagara,Kempegowdanagara,0000374383,0005227894,5171782,"Deep Tubewell","Ground Water",Kuvempunagara,"Revival of MWS",2012-2013,4.30000,4.29500,"07 Jan 2013","15 Mar 2013",2024-06-07
Karnataka,"Bengaluru Urban","Bangalore South",Tavarekere,Basavanapalya,Basavanapalya,0000374384,0005227896,5171784,"Deep Tubewell","Ground Water","Village limit","Revival of MWS",2012-2013,3.75000,3.75000,"07 Jan 2013","20 Mar 2014",2024-06-07
Karnataka,"Bengaluru Urban","Bangalore South",Somanahalli,Somanahalli,Somanahalli,0000374089,0006849533,5171791,"Deep Tubewell","Ground Water","main road","G TFC 20.10.2014 Errection of Pumpset with Pipe line and Energisation to revival of MWS in SOMANAHALLI Habitation",2014-2015,3.00000,2.53115,"10 Dec 2014","26 Mar 2015",2024-06-07
Karnataka,"Bengaluru Urban","Bangalore South",Somanahalli,Vaddarapalya,Gadipalya,0000374081,0005227913,5171801,"Deep Tubewell","Ground Water","Colony limit","Revival of MWS",2012-2013,10.50000,9.99000,"07 Jan 2013","20 Mar 2013",2024-06-07
Karnataka,"Bengaluru Urban","Bangalore South",Kumbalagodu,Kumbalagodu,Kumbalagodu,0000374184,0005227924,5171812,"Deep Tubewell","Ground Water","Ist Block","Revival of PWS",2012-2013,6.50000,6.49000,"10 Jan 2013","15 Mar 2013",2024-06-07
Karnataka,"Bengaluru Urban","Bangalore South",Kumbalagodu,Kanaminake,"Kanaminake Colony",0000374178,0005227928,5171816,"Deep Tubewell","Ground Water","Colony limit","Revival of PWS",2012-2013,6.50000,6.50860,"07 Jan 2013","25 Mar 2014",2024-06-07
Karnataka,"Bengaluru Urban","Bangalore South",Cholanayakanahalli,Bychaguppe,Bychaguppe,0000374406,0005235049,5179360,"Deep Tubewell","Ground Water","Village limit","Drilling of BW",2012-2013,1.50000,0.00000,"16 Jan 2013","28 Mar 2014",2024-06-07
Karnataka,"Bengaluru Urban","Bangalore South",Cholanayakanahalli,Kempegowdanahalli,Yellapanapalya,0000374423,0005235056,5179367,"Deep Tubewell","Ground Water","Village limit","Revival of MWS",2012-2013,5.00000,3.70601,"16 Jan 2013","20 Mar 2013",2024-06-07
Karnataka,"Bengaluru Urban","Bangalore South",Kaggalipura,Dinnepalya,Dinnepalya,0000374055,0005235079,5179390,"Deep Tubewell","Ground Water","Village limit","Revival of MWS",2012-2013,5.00000,0.00000,"07 Jan 2013","20 Mar 2013",2024-06-07
Karnataka,"Bengaluru Urban","Bangalore South","Dodda Thogur",Homadevanahalli,Homadevanahalli,0000373972,0005235096,5179407,"Deep Tubewell","Ground Water","Hommadevanahalli Colony","Revival of MWS",2012-2013,5.00000,4.99988,"07 Jan 2013","20 Mar 2013",2024-06-07
Karnataka,"Bengaluru Urban","Bangalore South","Dodda Thogur","Dodda Thogur","Dodda Thogur",0000373963,0005235100,5179411,"Deep Tubewell","Ground Water","Village limit","Revival of PWS",2012-2013,5.00000,4.99917,"07 Jan 2013","20 Mar 2013",2024-06-07
Karnataka,"Bengaluru Urban","Bangalore South",Kaggalipura,"O.b. Choodahalli","O.b. Choodahalli",0000374065,0008067199,5292478,"Deep Tubewell","Ground Water","Village limit","CAP4 Drilling of Borewell at O B Choodahalli Habitation,Kaggalipura  GP,Bangalore South Taluk",2020-2021,1.50000,1.49676,"16 Jul 2020","03 May 2023",2024-06-07
Karnataka,"Bengaluru Urban","Bangalore South","Dodda Thogur",Mailasandra,Mailasandra,0000373955,0005508558,5444477,"Deep Tubewell","Ground Water","Towards Main road","Revival of PWS Scheme",2013-2014,16.00000,16.33429,"25 Aug 2013","03 Mar 2014",2024-06-07
Karnataka,"Bengaluru Urban","Bangalore South","Dodda Thogur",Mailasandra,Mailasandra,0000373955,0006943840,250080225,"Deep Tubewell","Ground Water","Near Begur Rajareddy Land","G TFC130315 Drilling of Borewell at Mailasandra Habitaion, Doddathogur GP, Bangalore South Taluk",2014-2015,2.20000,2.18287,"20 Apr 2015","31 Mar 2016",2024-06-07
Karnataka,"Bengaluru Urban","Bangalore South","Dodda Thogur",Mailasandra,Mailasandra,0000373955,0007532034,250147223,"Deep Tubewell","Ground Water","village limit","G Revival of MWS scheme at Mylasandra Habitation,Doddathoguru GP, Bangalore south taluk",2016-2017,10.00000,8.69085,"01 Sep 2016","31 Dec 2018",2024-06-07
Karnataka,"Bengaluru Urban","Bangalore South","Dodda Thogur",Mailasandra,Mailasandra,0000373955,0007999575,250147223,"Deep Tubewell","Ground Water","village limit","10crore Revival of PWS scheme, Providing Pump Motor at Mailsandra village, Doddathoguru GP, Bangalore South Taluk",2020-2021,5.00000,4.97366,"16 Jun 2020","03 May 2023",2024-06-07
Karnataka,"Bengaluru Urban","Bangalore South","K. Golahalli",Thippur,Thippur,0000374151,0005359182,5295799,"Deep Tubewell","Ground Water","Village limit","Drilling of BW",2012-2013,1.00000,0.00000,"19 Mar 2013","20 May 2013",2024-06-07
Karnataka,"Bengaluru Urban","Bangalore South",Taralu,Gulakamale,Gulakamale,0000374066,0005359436,5296071,"Deep Tubewell","Ground Water","Village Limits","Drilling of Borewell",2012-2013,1.00000,1.20712,"19 Mar 2013","30 Mar 2013",2024-06-07
Karnataka,"Bengaluru Urban","Bangalore South","K. Golahalli",Tagachaguppe,"Tagachaguppe Colony",0000374175,0005360192,5296843,"Deep Tubewell","Ground Water",Rangajangamashale,"Drilling of BW",2012-2013,1.00000,0.99856,"19 Mar 2013","03 Mar 2014",2024-06-07
Karnataka,"Bengaluru Urban","Bangalore South",Ramohalli,Kodipalya,Kodipalya,0000374193,0005360209,5296865,"Deep Tubewell","Ground Water","Siddarooda ashram","Drilling of BW",2012-2013,1.00000,1.72472,"19 Mar 2013","01 Mar 2014",2024-06-07
Karnataka,"Bengaluru Urban","Bangalore South",Sullikere,Ramasandra,Ramasandra,0000374214,0005360223,5296879,"Deep Tubewell","Ground Water","Village limit","Drilling of BW",2012-2013,1.00000,1.94820,"19 Mar 2013","01 Mar 2014",2024-06-07
Karnataka,"Bengaluru Urban","Bangalore South",Chunchanakuppe,Chunchanakuppe,Chunchanakuppe,0000374434,0005360257,5296908,"Deep Tubewell","Ground Water","Village limit","Errection of Cistern",2012-2013,2.50000,2.45896,"19 Mar 2013","01 Mar 2014",2024-06-07
Karnataka,"Bengaluru Urban","Bangalore South","Konappana Agrahara",Govindashettipalya,Govindashettipalya,0000373979,0005363300,5300310,"Deep Tubewell","Ground Water","Village limit","Drilling of BW",2012-2013,1.60000,1.87910,"07 Mar 2013","31 Mar 2013",2024-06-07
Karnataka,"Bengaluru Urban","Bangalore South",Agara,Banjarupalya,Banjarupalya,0000374140,0005364413,5301421,"Deep Tubewell","Ground Water","Village limit","Drilling of BW",2012-2013,1.63000,1.63000,"22 Oct 2012","31 Mar 2013",2024-06-07
Karnataka,"Bengaluru Urban","Bangalore South",Chikkanahalli,Chikkanahalli,Gundappanapalya,0000374227,0005517803,5455859,"Deep Tubewell","Ground Water","Village limit","Revival of MWS Scheme",2013-2014,5.00000,5.02240,"15 Sep 2013","31 Mar 2015",2024-06-07
Karnataka,"Bengaluru Urban","Bangalore South",Taralu,Gulakamale,Gulakamale,0000374066,0005518844,5457329,"Deep Tubewell","Ground Water","Village limit","Revival of MWS Scheme",2013-2014,5.00000,5.45873,"15 Sep 2013","15 Jan 2015",2024-06-07
Karnataka,"Bengaluru Urban","Bangalore South",Kaggalipura,Baadekatte,Baddekate,0000374056,0005518948,5457501,"Deep Tubewell","Ground Water","Village limit","Revival of MWS Scheme",2013-2014,5.00000,4.77889,"10 Sep 2013","14 Jan 2015",2024-06-07
Karnataka,"Bengaluru Urban","Bangalore South",Nelaguli,Veerasandra,Veerasandra,0000374086,0005519109,5457845,"Deep Tubewell","Ground Water","Village limit","Revival of MWS Scheme",2013-2014,5.00000,4.62614,"10 Sep 2013","01 Mar 2015",2024-06-07
Karnataka,"Bengaluru Urban","Bangalore South",Somanahalli,Thopuru,Thopuru,0000374083,0005519127,5457860,"Deep Tubewell","Ground Water","Village limit","Revival of MWS Scheme",2013-2014,5.00000,4.60589,"10 Sep 2013","22 Jul 2014",2024-06-07
Karnataka,"Bengaluru Urban","Bangalore South","K. Golahalli","K. Gollahalli",Vasantanahalli,0000374160,0005519200,5457988,"Deep Tubewell","Ground Water","Village limit","Revival of MWS Scheme",2013-2014,10.00000,0.00000,"10 Sep 2013","15 Mar 2014",2024-06-07
Karnataka,"Bengaluru Urban","Bangalore South",Agara,Agara,"Agara Jhc",0000374138,0005519285,5458101,"Deep Tubewell","Ground Water","Village limit","Revival of MWS Scheme",2013-2014,5.00000,4.97747,"10 Sep 2013","20 Mar 2014",2024-06-07
Karnataka,"Bengaluru Urban","Bangalore South",Chikkanahalli,Dodderi,"D.r. Thandya",0000374478,0005554108,5507654,"Deep Tubewell","Ground Water","Village limit","Revival of MWS Scheme",2013-2014,5.00000,4.85699,"15 Sep 2013","02 Jan 2015",2024-06-07
Karnataka,"Bengaluru Urban","Bangalore South",Kumbalagodu,Kanaminake,Kanaminake,0000374177,0005581649,5541622,"Deep Tubewell","Ground Water","Village limit","Revival of PWS Scheme",2013-2014,8.00000,8.15396,"12 Sep 2013","03 Mar 2014",2024-06-07
Karnataka,"Bengaluru Urban","Bangalore South",Ramohalli,Bheemanakuppe,Bheemanakuppe,0000374190,0005587690,5547541,"Deep Tubewell","Ground Water","Village limit","Revival of MWS Scheme",2013-2014,5.00000,4.83615,"15 Sep 2013","20 Jan 2014",2024-06-07
Karnataka,"Bengaluru Urban","Bangalore South",Agara,Thataguni,Tataguni,0000374141,0004865018,4791875,"Deep Tubewell","Ground Water","Village Limit","Revival of PWS Scheme",2012-2013,10.00000,9.98998,"15 Sep 2012","03 Dec 2012",2024-06-07
Karnataka,"Bengaluru Urban","Bangalore South",Ramohalli,Maragondanahalli,Maragondanahalli,0000374200,0004865552,4792381,"Deep Tubewell","Ground Water","Village Limit","Revival of MWS Scheme",2012-2013,5.00000,0.00000,"15 Sep 2012","25 Feb 2013",2024-06-07
Karnataka,"Bengaluru Urban","Bangalore South",Kumbalagodu,Kambipura,Kambipura,0000374180,0004866011,4792847,"Deep Tubewell","Ground Water","Towards Main Road","Revival of MWS Scheme",2012-2013,5.00000,4.98251,"13 Sep 2012","20 Mar 2013",2024-06-07
Karnataka,"Bengaluru Urban","Bangalore South",Kumbalagodu,Kaarubele,Karabele,0000374183,0004866029,4792862,"Deep Tubewell","Ground Water","Village Limit","Revival of MWS Scheme",2012-2013,5.00000,4.70908,"15 Sep 2012","20 Mar 2013",2024-06-07
Karnataka,"Bengaluru Urban","Bangalore South",Nelaguli,"Kere Choodahalli","Kere Choodahalli",0000374094,0004866140,4792957,"Deep Tubewell","Ground Water","Towards Main Road","Revival of MWS Scheme",2012-2013,5.00000,4.99956,"15 Sep 2012","20 Mar 2013",2024-06-07
Karnataka,"Bengaluru Urban","Bangalore South",Taralu,Vaasudevapura,Vasudevapura,0000374067,0004866227,4793043,"Deep Tubewell","Ground Water","Village Limit","Revival of MWS Scheme",2012-2013,5.00000,4.99970,"15 Sep 2012","20 Mar 2013",2024-06-07
Karnataka,"Bengaluru Urban","Bangalore South",Taralu,Taralu,Taralu,0000374070,0004866257,4793067,"Deep Tubewell","Ground Water","Village Limit","Revival of MWS Scheme",2012-2013,5.00000,5.04485,"15 Sep 2012","20 Mar 2013",2024-06-07
Karnataka,"Bengaluru Urban","Bangalore South",Somanahalli,Somanahalli,Somanahalli,0000374089,0004866284,4793090,"Deep Tubewell","Ground Water","Village Road Side","Revival of MWS Scheme",2012-2013,10.00000,9.99200,"13 Sep 2012","15 Mar 2013",2024-06-07
Karnataka,"Bengaluru Urban","Bangalore South",Kaggalipura,"Saalu Hunase",Salahunse,0000374063,0004866371,4793174,"Deep Tubewell","Ground Water","Main Road","Revival of MWS Scheme",2012-2013,5.00000,5.21773,"13 Sep 2012","01 Mar 2013",2024-06-07
Karnataka,"Bengaluru Urban","Bangalore South",Kaggalipura,"A K Colony","Kaggalipura Akc",0000374060,0004867527,4794482,"Deep Tubewell","Ground Water","Towards Colony Road","Revival of MWS Scheme",2012-2013,5.00000,4.99978,"15 Sep 2012","01 Mar 2013",2024-06-07
Karnataka,"Bengaluru Urban","Bangalore South",Kaggalipura,Kaggalipura,Kaggalipura,0000374057,0004867540,4794493,"Deep Tubewell","Ground Water","Main Road","Revival of MWS Scheme",2012-2013,5.00000,0.00000,"15 Sep 2012","20 Feb 2013",2024-06-07
Karnataka,"Bengaluru Urban","Bangalore South","K. Golahalli",Kenchanapalya,Kenchanapalya,0000374167,0004886637,4812665,"Deep Tubewell","Ground Water","Village limit","Revival of MWS Scheme",2012-2013,5.00000,3.69044,"15 Sep 2012","04 Dec 2012",2024-06-07
Karnataka,"Bengaluru Urban","Bangalore South",Cholanayakanahalli,Varthur,Varthur,0000374412,0004892578,4818085,"Deep Tubewell","Ground Water","Village limit","Providing Piped Water Supply Scheme",2012-2013,12.00000,12.67768,"15 Sep 2012","01 Mar 2014",2024-06-07
Karnataka,"Bengaluru Urban","Bangalore South",Chunchanakuppe,Kolur,Kolur,0000374440,0004893880,4819201,"Deep Tubewell","Ground Water","Chikkellur road","Providing Piped Water Supply Scheme",2012-2013,20.00000,0.00000,"15 Sep 2012","20 Feb 2014",2024-06-07
Karnataka,"Bengaluru Urban","Bangalore South","K. Golahalli",Gonipura,Gonipura,0000374158,0004898988,4823907,"Deep Tubewell","Ground Water","Towards Main Road","Revival of MWS scheme",2012-2013,5.00000,4.99000,"15 Sep 2012","20 Mar 2013",2024-06-07
Karnataka,"Bengaluru Urban","Bangalore South","K. Golahalli",Hampapura,Hampapura,0000374156,0004899220,4824134,"Deep Tubewell","Ground Water","Village limit","Revival of MWS  Scheme",2012-2013,5.00000,2.10144,"20 Sep 2012","31 Oct 2012",2024-06-07
Karnataka,"Bengaluru Urban","Bangalore South",Sullikere,Chikkabasthi,"Chikka Basthi",0000374220,0004899537,4824431,"Deep Tubewell","Ground Water","Village limit","Revival of MWS Scheme",2012-2013,6.00000,5.99700,"15 Sep 2012","20 Mar 2013",2024-06-07
Karnataka,"Bengaluru Urban","Bangalore South",Agara,Byrasandra,Byrasandra,0000374144,0004902484,4826860,"Deep Tubewell","Ground Water","Colony limit","Revival of MWS Scheme",2012-2013,5.00000,5.25000,"15 Sep 2012","31 Oct 2012",2024-06-07
Karnataka,"Bengaluru Urban","Bangalore South",Agara,Hosapalya,Hosapalya,0000374146,0004902486,4826862,"Deep Tubewell","Ground Water","Village limit","Revival of MWS Scheme",2012-2013,5.00000,4.99997,"15 Sep 2012","12 Dec 2012",2024-06-07
Karnataka,"Bengaluru Urban","Bangalore South",Sullikere,Sullikere,Sullikere,0000374211,0004932577,4853460,"Deep Tubewell","Ground Water",GHPS,"School Water Supply",2012-2013,1.00000,0.99879,"10 Sep 2012","20 Mar 2013",2024-06-07
Karnataka,"Bengaluru Urban","Bangalore South","K. Golahalli","K. Gollahalli","K. Gollahalli",0000374164,0004932586,4853469,"Deep Tubewell","Ground Water",GHPS,"School Water Supp",2012-2013,1.00000,0.99000,"10 Sep 2012","04 Jan 2013",2024-06-07
Karnataka,"Bengaluru Urban","Bangalore South","Dodda Thogur",Mailasandra,Mailasandra,0000373955,0001753631,1502192,"Deep Tubewell","Ground Water","Near Temple","Bodagutte (Near Temple)",2008-2009,3.00000,1.45000,"31 Jan 2009","30 May 2010",2024-06-07
Karnataka,"Bengaluru Urban","Bangalore South","Konappana Agrahara",Govindashettipalya,Govindashettipalya,0000373979,0001753686,1502249,"Deep Tubewell","Ground Water","Vimochanagere Main Road","Vimochanagere Main Road",2008-2009,2.44000,1.54000,"30 Jan 2009","30 May 2010",2024-06-07
Karnataka,"Bengaluru Urban","Bangalore South",Cholanayakanahalli,Metipalya,Metipalya,0000374413,0001765829,1515143,"Deep Tubewell","Ground Water","Near Varthur","Near Varthur Main Road",2008-2009,3.70000,0.00001,"21 Jan 2009","30 May 2010",2024-06-07
Karnataka,"Bengaluru Urban","Bangalore South",Kumbalagodu,Kumbalagodu,"Kumbalagodu Jhc",0000374185,0001766138,1515454,"Deep Tubewell","Ground Water","Village Limit",JHC,2008-2009,3.00000,1.18000,"29 Jan 2009","30 May 2010",2024-06-07
Karnataka,"Bengaluru Urban","Bangalore South",Chunchanakuppe,Kethohalli,Kethohalli,0000374433,0001766876,1516196,"Deep Tubewell","Ground Water","Near Temple","Near AKC",2008-2009,1.00000,0.00001,"27 Jan 2009","09 Jul 2009",2024-06-07
Karnataka,"Bengaluru Urban","Bangalore South",Chunchanakuppe,Kethohalli,Kethohalli,0000374433,0006849550,1516196,"Deep Tubewell","Ground Water","Near Temple","TFC 20.10.2014 Errection of Pumpset with Pipe line and Energisation to reival of PWS in KETHOHALLI HAbitation",2014-2015,4.00000,3.58527,"10 Dec 2014","09 Mar 2015",2024-06-07
Karnataka,"Bengaluru Urban","Bangalore South",Channenahalli,Chennanahalli,Chennanahalli,0000374399,0002595010,2400190,"Deep Tubewell","Ground Water","village limits","Providing Community Terrafil Units at Channenahalli in Bangalore South Taluk",2009-2010,1.10000,0.00100,"10 Feb 2010","15 Mar 2011",2024-06-07
Karnataka,"Bengaluru Urban","Bangalore South",Ajjanahalli,Madapatna,Madapatna,0000374466,0002595133,2400320,"Deep Tubewell","Ground Water","VILLAGE LIMITS","Providing Community Terrafil Units at Madapatna Colony in Bangalore South Taluk",2009-2010,0.55000,0.00100,"10 Feb 2010","15 Mar 2011",2024-06-07
Karnataka,"Bengaluru Urban","Bangalore South",Ajjanahalli,Hunnigere,Unnigere,0000374461,0002595634,2400842,"Deep Tubewell","Ground Water","village limits","Providing Community Terrafil Units at Unnigere in Bangalore South Taluk",2009-2010,0.55000,0.00100,"10 Feb 2010","15 Mar 2011",2024-06-07
Karnataka,"Bengaluru Urban","Bangalore South",Chikkanahalli,Donnenahalli,Chanappanapalya,0000374484,0002596403,2401683,"Deep Tubewell","Ground Water","village limits","Providing Community Terrafil Units at Channappana Palya in Bangalore South Taluk",2010-2011,1.65000,0.00000,"15 Nov 2010","15 Feb 2011",2024-06-07
Karnataka,"Bengaluru Urban","Bangalore South",Chikkanahalli,Dodderi,Dodderi,0000374476,0002596604,2401899,"Deep Tubewell","Ground Water","Village Limits","Village Limits",2010-2011,4.40000,0.00000,"30 Jun 2010","31 Mar 2011",2024-06-07
Karnataka,"Bengaluru Urban","Bangalore South",Cholanayakanahalli,Cholanayakanahalli,Channamaraiahanapalya,0000374417,0002596754,2402071,"Deep Tubewell","Ground Water","Village Limits","Village Limits",2010-2011,4.00000,0.00000,"30 Jun 2010","31 Mar 2011",2024-06-07
Karnataka,"Bengaluru Urban","Bangalore South",Chunchanakuppe,Punagamaranahalli,Punagamaranahalli,0000374431,0002596857,2402168,"Deep Tubewell","Ground Water","village limits","Community Terrafil Units",2010-2011,0.55000,0.00000,"15 Nov 2010","15 Feb 2011",2024-06-07
Karnataka,"Bengaluru Urban","Bangalore South","Dodda Thogur","Dodda Thogur","Dodda Thogur",0000373963,0002596877,2402189,"Deep Tubewell","Ground Water","village limits","Community Terrafil Units",2010-2011,11.00000,0.00000,"15 Nov 2010","28 Feb 2012",2024-06-07
Karnataka,"Bengaluru Urban","Bangalore South","H. Gollahalli","H. Gollahalli","H. Gollahalli",0000374115,0002596920,2402231,"Deep Tubewell","Ground Water","village limits","Community Terrafil Units",2010-2011,1.65000,0.00000,"15 Nov 2010","15 Feb 2011",2024-06-07
Karnataka,"Bengaluru Urban","Bangalore South","K. Golahalli",Gaviyanapalya,Gaviyanapalya,0000374162,0002596978,2402287,"Deep Tubewell","Ground Water","village limits","Community Terrafil Units",2010-2011,1.10000,0.00000,"15 Nov 2010","28 Dec 2011",2024-06-07
Karnataka,"Bengaluru Urban","Bangalore South","K. Golahalli",Seegehalli,Seegehalli,0000374149,0002597163,2402487,"Deep Tubewell","Ground Water","Village Limits","Village Limits",2010-2011,4.00000,0.00000,"30 Jun 2010","31 Mar 2011",2024-06-07
Karnataka,"Bengaluru Urban","Bangalore South",Ramohalli,Bheemanakuppe,Bheemanakuppe,0000374190,0006942103,2402556,"Deep Tubewell","Ground Water","Near temple","G TFC130315 Providing  Erection of Pumpset with Pipe line to Borewell at  Bhimanakuppe Habitation,Ramohalli GP Bangalore South Taluk",2014-2015,4.50000,4.49604,"20 Apr 2015","31 Mar 2017",2024-06-07
Karnataka,"Bengaluru Urban","Bangalore South",Channenahalli,"C Jattipalya","Chennanahalli Jattipalya",0000374400,0002597405,2402743,"Deep Tubewell","Ground Water","Village Limits","Village Limits",2010-2011,4.00000,0.00000,"30 Jun 2010","31 Mar 2011",2024-06-07
Karnataka,"Bengaluru Urban","Bangalore South",Ramohalli,Maragondanahalli,Maragondanahalli,0000374200,0002599342,2404804,"Deep Tubewell","Ground Water","village limits","Community Terrafil Units",2010-2011,2.20000,0.00000,"15 Nov 2010","28 Nov 2011",2024-06-07
Karnataka,"Bengaluru Urban","Bangalore South",Taralu,Vaasudevapura,Vasudevapura,0000374067,0002597043,2405031,"Deep Tubewell","Ground Water",NA,"Village Limits",2010-2011,4.00000,0.00000,"30 Jun 2010","31 Mar 2011",2024-06-07
Karnataka,"Bengaluru Urban","Bangalore South",Taralu,Vaasudevapura,Vasudevapura,0000374067,0002599642,2405126,"Deep Tubewell","Ground Water","village limits","Community Terrafil Units",2010-2011,1.65000,0.00000,"15 Nov 2010","28 Dec 2011",2024-06-07
Karnataka,"Bengaluru Urban","Bangalore South",Chikkanahalli,Chikkanahalli,Shanthinagara,0000374223,0002599742,2405227,"Deep Tubewell","Ground Water","Village Limits","Village Limits",2010-2011,4.00000,1.10000,"30 Jun 2010","12 Oct 2011",2024-06-07
Karnataka,"Bengaluru Urban","Bangalore South",Chunchanakuppe,Kethohalli,Kethohalli,0000374433,0002600326,2405826,"Deep Tubewell","Ground Water","village limits","Community Terrafil Units",2009-2010,2.20000,0.00100,"10 Feb 2010","15 Mar 2011",2024-06-07
Karnataka,"Bengaluru Urban","Bangalore South",Chikkanahalli,Chikkanahalli,Pachepalya,0000374224,0002605970,2411670,"Deep Tubewell","Ground Water","Village Limits","Village Limits",2010-2011,4.00000,0.00000,"30 Jun 2010","31 Mar 2011",2024-06-07
Karnataka,"Bengaluru Urban","Bangalore South",Cholanayakanahalli,Cholanayakanahalli,Bandepalya,0000374416,0002605986,2411686,"Deep Tubewell","Ground Water","Village Limits","Village Limits",2010-2011,4.00000,1.45000,"30 Jun 2010","10 Oct 2011",2024-06-07
Karnataka,"Bengaluru Urban","Bangalore South","H. Gollahalli",Doddabele,Doddabele,0000374113,0002613446,2419649,"Deep Tubewell","Ground Water","village limits","Community Terrafil Units",2010-2011,2.20000,0.00000,"15 Nov 2010","28 Dec 2011",2024-06-07
Karnataka,"Bengaluru Urban","Bangalore South",Channenahalli,Honnaganahatti,Honnaganahatti,0000374398,0003606765,3471559,"Deep Tubewell","Ground Water","Near Road Side","Additional Pipe Line",2011-2012,2.50000,0.00000,"15 Jun 2011","15 Mar 2012",2024-06-07
Karnataka,"Bengaluru Urban","Bangalore South","K. Golahalli",Kenchanapalya,Kenchanapalya,0000374167,0003619701,3484470,"Deep Tubewell","Ground Water","Near Road Side","Pipeline Extension",2011-2012,1.00000,0.00000,"15 Jul 2011","15 Mar 2012",2024-06-07
Karnataka,"Bengaluru Urban","Bangalore South","K. Golahalli",Tagachaguppe,Tagachaguppe,0000374174,0003619857,3484631,"Deep Tubewell","Ground Water","Near Road Side","Pipeline Extension",2011-2012,3.00000,0.00000,"15 Jul 2011","15 Mar 2012",2024-06-07
Karnataka,"Bengaluru Urban","Bangalore South",Kaggalipura,Kaggalipura,Kaggalipura,0000374057,0003620021,3484796,"Deep Tubewell","Ground Water","Village Limits","Pipeline Extension",2011-2012,4.50000,0.00000,"15 Jul 2011","15 Mar 2012",2024-06-07
Karnataka,"Bengaluru Urban","Bangalore South",Taralu,Gulakamale,Gulakamale,0000374066,0003620236,3485013,"Deep Tubewell","Ground Water","Village Limits","Pipeline Extension",2011-2012,2.30000,0.00000,"15 Jul 2011","15 Mar 2012",2024-06-07
Karnataka,"Bengaluru Urban","Bangalore South",Taralu,Gulakamale,Gulakamale,0000374066,0007169431,3485013,"Deep Tubewell","Ground Water","Village Limits","SCP Revival of  MWS Scheme",2015-2016,6.00000,0.00000,"25 Oct 2015","31 Mar 2016",2024-06-07
Karnataka,"Bengaluru Urban","Bangalore South",Ramohalli,Challaghatta,Challaghatta,0000374189,0003620884,3485673,"Deep Tubewell","Ground Water","Near Road Side","Pipeline Extension",2011-2012,3.75000,0.00000,"15 Jul 2011","15 Mar 2012",2024-06-07
Karnataka,"Bengaluru Urban","Bangalore South",Ramohalli,Bheemanakuppe,Bettanapalya,0000374208,0003620929,3485719,"Deep Tubewell","Ground Water","Near Road Side","Pipeline Extension",2011-2012,3.75000,0.00000,"15 Jul 2011","15 Mar 2012",2024-06-07
Karnataka,"Bengaluru Urban","Bangalore South",Ramohalli,Bheemanakuppe,Bheemanakuppe,0000374190,0003620970,3485761,"Deep Tubewell","Ground Water","Near Road Side","Pipeline Extension",2011-2012,3.75000,0.00000,"15 Jul 2011","15 Mar 2012",2024-06-07
Karnataka,"Bengaluru Urban","Bangalore South",Ajjanahalli,Ankaiahnapalya,Ankaiahanapalya,0000374467,0003727458,3592074,"Deep Tubewell","Ground Water",NA,"Pipe line extension",2011-2012,4.00000,0.00000,"28 Jul 2011","15 Mar 2012",2024-06-07
Karnataka,"Bengaluru Urban","Bangalore South",Nelaguli,Gudipalya,Gudipalya,0000374097,0003729750,3594412,"Deep Tubewell","Ground Water","Govt. Primary School","School Water Supply",2011-2012,1.00000,0.99858,"15 Aug 2011","20 Mar 2013",2024-06-07
Karnataka,"Bengaluru Urban","Bangalore South",Sullikere,Kenchanapura,Kenchanapura,0000374213,0003926528,3795230,"Deep Tubewell","Ground Water","Road Side","Revival of MWS",2011-2012,5.50000,0.00000,"21 Aug 2011","25 Jan 2012",2024-06-07
Karnataka,"Bengaluru Urban","Bangalore South",Agara,Agara,Agara,0000374137,0006941253,4783735,"Deep Tubewell","Ground Water","Near Siddayanapalya Road","G TFC130315 Providing   Erection of Pumpset with Pipe line to Borewell at Agara Habitation, Agara GP, Bangalore South Taluk",2014-2015,4.00000,3.69954,"20 Apr 2015","01 Aug 2015",2024-06-07
Karnataka,"Bengaluru Urban","Bangalore South","Dodda Thogur",Homadevanahalli,Homadevanahalli,0000373972,0004857005,4784068,"Deep Tubewell","Ground Water","Towards Bannerughatta Main Road","Revival of PWS Scheme",2012-2013,10.00000,9.61887,"24 Aug 2012","31 Oct 2012",2024-06-07
Karnataka,"Bengaluru Urban","Bangalore South","Konappana Agrahara","Konappana Agrahara","Konappana Agrahara",0000373978,0004861551,4788540,"Deep Tubewell","Ground Water","Near Village Main Road","Revival ofPWS Scheme",2012-2013,15.00000,14.99578,"22 Sep 2012","25 Feb 2013",2024-06-07
Karnataka,"Bengaluru Urban","Bangalore South",Cholanayakanahalli,Kempegowdanahalli,Kempegowdanahalli,0000374422,0004863460,4790440,"Deep Tubewell","Ground Water","Left side of Main Road","Revival of MWS Scheme",2012-2013,5.00000,1.04425,"10 Sep 2012","31 Oct 2012",2024-06-07
Karnataka,"Bengaluru Urban","Bangalore South",Cholanayakanahalli,Marenahalli,Marenahalli,0000374426,0004863501,4790476,"Deep Tubewell","Ground Water","Right side of Main Road","Revival of PWS",2012-2013,2.00000,0.00000,"12 Sep 2012","20 Feb 2013",2024-06-07
Karnataka,"Bengaluru Urban","Bangalore South",Cholanayakanahalli,Marenahalli,Marenahalli,0000374426,0004863512,4790485,"Deep Tubewell","Ground Water","Rightn side of Main Road","Rev ival of PWS Scheme",2012-2013,2.00000,0.00000,"12 Sep 2012","20 Feb 2013",2024-06-07
Karnataka,"Bengaluru Urban","Bangalore South",Cholanayakanahalli,Marenahalli,Marenahalli,0000374426,0004863513,4790486,"Deep Tubewell","Ground Water","Rightn side of Main Road","Rev ival of PWS Scheme",2012-2013,2.00000,0.00000,"12 Sep 2012","20 Feb 2013",2024-06-07
Karnataka,"Bengaluru Urban","Bangalore South",Cholanayakanahalli,Marenahalli,Marenahalli,0000374426,0004863525,4790498,"Deep Tubewell","Ground Water","Right side of the Village road","Revival of MWS Scheme",2012-2013,5.00000,4.99611,"12 Sep 2012","20 Mar 2013",2024-06-07
Karnataka,"Bengaluru Urban","Bangalore South",Cholanayakanahalli,Karekallupalya,Karekalpalya,0000374420,0004863566,4790536,"Deep Tubewell","Ground Water","Right side of the Road","Revival of MWS Scheme",2012-2013,5.00000,4.91527,"15 Sep 2012","02 Jan 2013",2024-06-07
Karnataka,"Bengaluru Urban","Bangalore South",Chikkanahalli,Kurubarapalya,Kurubarapalya,0000374485,0004863585,4790555,"Deep Tubewell","Ground Water","Left side of Main Road","Revival of MWS Scheme",2012-2013,5.00000,4.99982,"15 Sep 2012","20 Mar 2013",2024-06-07
Karnataka,"Bengaluru Urban","Bangalore South",Chikkanahalli,Basammanahalli,Bassamanahalli,0000374225,0004863804,4790750,"Deep Tubewell","Ground Water","Left side of Main Road","Revival of MWS Scheme",2012-2013,5.00000,4.99752,"12 Sep 2012","23 Mar 2013",2024-06-07
Karnataka,"Bengaluru Urban","Bangalore South",Channenahalli,Kurubarahalli,Kurubarahalli,0000374388,0004864790,4791642,"Deep Tubewell","Ground Water","Near Tank Bed","Revival of MWS Scheme",2012-2013,5.00000,4.99955,"15 Sep 2012","04 Jan 2013",2024-06-07
Karnataka,"Bengaluru Urban","Bangalore South",Agara,Agara,Agara,0000374137,0004864984,4791845,"Deep Tubewell","Ground Water","Towards Main Road","Providing Piped Water Supply Scheme",2012-2013,25.00000,24.62495,"20 Sep 2012","03 Mar 2014",2024-06-07
Karnataka,"Bengaluru Urban","Bangalore South",Nelaguli,Veerasandra,Veerasandra,0000374086,0003729800,3594462,"Deep Tubewell","Ground Water","Govt. Primary School","School Water Supply",2011-2012,1.00000,0.00000,"15 Aug 2011","15 Feb 2012",2024-06-07
Karnataka,"Bengaluru Urban","Bangalore South",Channenahalli,Honnaganahatti,Honnaganahatti,0000374398,0003729856,3594519,"Deep Tubewell","Ground Water","Govt. High School","School Water Supply",2011-2012,1.00000,0.00000,"15 Aug 2011","15 Dec 2012",2024-06-07
Karnataka,"Bengaluru Urban","Bangalore South","Konappana Agrahara","Dodda Nagamangala","Dodda Nagamangala",0000373977,0003733666,3598343,"Deep Tubewell","Ground Water","Village Limit","Extension of Pipe Line",2011-2012,5.00000,0.00000,"25 Jul 2011","15 Mar 2012",2024-06-07
Karnataka,"Bengaluru Urban","Bangalore South",Agara,Hosapalya,Hosapalya,0000374146,0003915153,3783583,"Deep Tubewell","Ground Water","Towards Village Limits","Revival of MWS",2011-2012,5.50000,0.00000,"21 Aug 2011","25 Jan 2012",2024-06-07
Karnataka,"Bengaluru Urban","Bangalore South",Agara,Basappanapalya,Basappanapalya,0000374131,0003915233,3783663,"Deep Tubewell","Ground Water","Towards Village Limits","Revival of MWS",2011-2012,5.00000,0.00000,"21 Aug 2011","25 Jan 2012",2024-06-07
Karnataka,"Bengaluru Urban","Bangalore South",Ajjanahalli,"Chandrappa Circle","Chandrappa Circle",0000374465,0003915384,3783815,"Deep Tubewell","Ground Water","Towards Village Limits","Revival of PWS",2011-2012,6.00000,0.00000,"21 Aug 2011","25 Jan 2012",2024-06-07
Karnataka,"Bengaluru Urban","Bangalore South",Cholanayakanahalli,Hosapalya,"Hosapalya Cholanayakanahalli",0000374415,0003915563,3783998,"Deep Tubewell","Ground Water","Towards Village Limits","Revival of MWS",2011-2012,5.50000,0.00000,"21 Aug 2011","25 Jan 2012",2024-06-07
Karnataka,"Bengaluru Urban","Bangalore South",Chunchanakuppe,Chunchanakuppe,Puttaiahanapalya,0000374435,0003915735,3784172,"Deep Tubewell","Ground Water","Road Side","Revival of MWS",2011-2012,5.00000,1.95916,"21 Aug 2011","25 Dec 2012",2024-06-07
Karnataka,"Bengaluru Urban","Bangalore South","H. Gollahalli",Rachamanamadu,"Rachamanamadu Colony",0000374125,0003915921,3784393,"Deep Tubewell","Ground Water","Towards Village Limits","Revival of MWS",2011-2012,6.00000,0.00000,"21 Aug 2011","25 Jan 2012",2024-06-07
Karnataka,"Bengaluru Urban","Bangalore South","K. Golahalli",Chinnakurchi,Chinnakurchi,0000374147,0006849524,3784405,"Deep Tubewell","Ground Water","Road Side","G TFC 20.10.2014 Errection of Pumpset with Pipe line and Energisation to revival of MWS in  Thittahalli of CHINNAKURCHI Habitation",2014-2015,1.50000,1.40073,"10 Dec 2014","31 Mar 2017",2024-06-07
Karnataka,"Bengaluru Urban","Bangalore South","K. Golahalli",Thittahalli,Thittahalli,0000374148,0003915944,3784417,"Deep Tubewell","Ground Water","Road Side","Revival of MWS",2011-2012,5.00000,0.00000,"21 Aug 2011","25 Jan 2012",2024-06-07
Karnataka,"Bengaluru Urban","Bangalore South","K. Golahalli",Kullegowdanapalya,Srinivasapura,0000374168,0003916140,3784636,"Deep Tubewell","Ground Water","Towards Village Limits","Revival of MWS",2011-2012,5.50000,0.00000,"21 Aug 2011","25 Jan 2012",2024-06-07
Karnataka,"Bengaluru Urban","Bangalore South",Nelaguli,"Kere Choodahalli","Kere Choodahalli",0000374094,0003926304,3795004,"Deep Tubewell","Ground Water","Towards Village Limits","Revival of MWS",2011-2012,5.50000,0.00000,"21 Aug 2011","25 Jan 2012",2024-06-07
Karnataka,"Bengaluru Urban","Bangalore South",Nelaguli,Mallipalya,Mallipalya,0000374100,0003926310,3795010,"Deep Tubewell","Ground Water","Towards Village Limits","Revival of MWS",2011-2012,5.00000,0.00000,"21 Aug 2011","25 Jan 2012",2024-06-07
Karnataka,"Bengaluru Urban","Bangalore South",Nelaguli,Bolaare,Bolare,0000374085,0003926347,3795047,"Deep Tubewell","Ground Water","Road Side","Revival of PWS",2011-2012,6.00000,0.00000,"21 Aug 2011","25 Jan 2012",2024-06-07
Karnataka,"Bengaluru Urban","Bangalore South",Nelaguli,Nettigere,"Gundanjeneya Temple",0000374087,0003926353,3795053,"Deep Tubewell","Ground Water","Road Side","Revival of MWS",2011-2012,5.00000,0.00000,"21 Aug 2011","25 Jan 2012",2024-06-07
Karnataka,"Bengaluru Urban","Bangalore South",Sullikere,Sulikerepalya,Sullikerepalya,0000374212,0007880269,250266033,"Deep Tubewell","Ground Water","Village limit","TFC241218 Drilling of Borewell at Archakara Colony Habitation Sulikere GP Bangalore South Taluk",2018-2019,2.50000,2.48593,"15 Feb 2019","31 Mar 2019",2024-06-07
Karnataka,"Bengaluru Urban","Bangalore South",Channenahalli,Honnaganahatti,Honnaganahatti,0000374398,0007880317,250266047,"Deep Tubewell","Ground Water","Village limit","TFC241218 Drilling of Borewell at Honnaganahatti Habitation Channenahalli GP Bangalore South Taluk",2018-2019,2.50000,2.49876,"15 Feb 2019","31 Oct 2019",2024-06-07
Karnataka,"Bengaluru Urban","Bangalore South","K. Golahalli","Devagere Colony","Devegere Colony",0000374172,0007889299,250268722,"Deep Tubewell","Ground Water","Colony Limit","GOI shifted to GOK G Revival of MWS Scheme at Devagere Colony Habitation K Gollahalli GP Bangalore South Taluk",2018-2019,2.00000,1.99476,"01 Mar 2019","31 Mar 2019",2024-06-07
Karnataka,"Bengaluru Urban","Bangalore South",Sullikere,Sullikere,Sullikere,0000374211,0007889341,250282130,"Deep Tubewell","Ground Water","Village Limit","GOI shifted to GOK G Providing Piped water Supply Scheme(Construction of OHT ) in sulikere habitations sulikere Gp Bangalore South Taluk",2018-2019,20.00000,0.00000,"01 Mar 2019","03 May 2023",2024-06-07
Karnataka,"Bengaluru Urban","Bangalore South",Channenahalli,Channadasipalya,Channadasipalya,0000374381,0007900297,250271438,"Deep Tubewell","Ground Water","village limit","G Revival of MWS Scheme  at Channadasipalya Habitation, Tavarekere GP, Bangalore South Taluk. (Scheme Id 7530062 Continuation)",2018-2019,7.00000,0.29780,"05 Sep 2018","03 May 2023",2024-06-07
Karnataka,"Bengaluru Urban","Bangalore South",Kumbalagodu,Kumbalagodu,Kumbalagodu,0000374184,0007904491,250274864,"Deep Tubewell","Ground Water","Village Limit","G Revival of  MWS  drilling of borewell, Erection of Pump motor and Providing Pipe line at Kumbalagodu Habitation, Kumbalagodu GP, Bangalore South Taluk.",2019-2020,9.00000,8.25762,"18 Sep 2019","03 May 2023",2024-06-07
Karnataka,"Bengaluru Urban","Bangalore South","Dodda Thogur",Bettadasanapura,Bettadasanapura,0000373960,0007905015,250275412,"Deep Tubewell","Ground Water","village limit","G Revival of  MWS Drilling of Bore well, Erection of Pump motor  at Bettadasanapura Habitation, Doddathoguru GP, Bangalore South Taluk.",2019-2020,7.00000,13.85510,"18 Sep 2019","03 May 2023",2024-06-07
Karnataka,"Bengaluru Urban","Bangalore South",Ajjanahalli,Madapatna,"Madapatna Akc",0000374469,0007911261,250282149,"Deep Tubewell","Ground Water","village limit","SC  Revival  of MWS drilling of borewell ,pump motor scheme at Madapatna Habitation, Ajjanahalli GP Bangalore South Taluk",2019-2020,6.00000,5.35396,"27 Sep 2019","03 May 2023",2024-06-07
Karnataka,"Bengaluru Urban","Bangalore South",Chunchanakuppe,Kolur,Kolur,0000374440,0007911419,250282307,"Deep Tubewell","Ground Water","Village Limit","G Revival of  MWS Errection of pumpmotor and pipeline at Koluru Habitation, Chunchanakuppe GP Bangalore South Taluk",2019-2020,10.00000,9.04348,"27 Sep 2019","03 May 2023",2024-06-07
Karnataka,"Bengaluru Urban","Bangalore South",Tavarekere,Tavarekere,Tavarekere,0000374379,0007914094,250284265,"Deep Tubewell","Ground Water","village limit","G Revival of MWS Driling of borewell,pump motor with pipeline scheme at  Tavarekere SPG Colony, Tavarekere G.P, Bangalore South Taluk",2019-2020,3.00000,2.99460,"02 Oct 2019","03 May 2023",2024-06-07
Karnataka,"Bengaluru Urban","Bangalore South",Cholanayakanahalli,Kempegowdanahalli,Kempegowdanahalli,0000374422,0007914100,250284271,"Deep Tubewell","Ground Water","Colony Limit","SC ST Revival of MWS scheme  drilling of borewell ,pump motor scheme at Kempegowdanahalli Habitation, Cholanayakanahalli G.P, Bangalore South Taluk",2019-2020,6.00000,5.45873,"02 Oct 2019","03 May 2023",2024-06-07
Karnataka,"Bengaluru Urban","Bangalore South",Nelaguli,Nelaguli,Nelaguli,0000374103,0007915708,250285123,"Deep Tubewell","Ground Water","village limit","SCP Revival of MWS Driling of borewell,pump motor scheme at Nelaguli Habitation, Nelaguli G.P, Bangalore South Taluk",2019-2020,9.00000,4.52629,"09 Oct 2019","03 May 2023",2024-06-07
Karnataka,"Bengaluru Urban","Bangalore South",Ramohalli,Challaghatta,Challaghatta,0000374189,0007918846,250286002,"Deep Tubewell","Ground Water","village limit","G Revival of MWS scheme at Challaghatta Habitation, Ramohalli G.P, Bangalore South Taluk",2019-2020,7.00000,6.28184,"14 Oct 2019","03 May 2023",2024-06-07
Karnataka,"Bengaluru Urban","Bangalore South",Agara,Thataguni,Tataguni,0000374141,0007919032,250286031,"Deep Tubewell","Ground Water","Thathaguni Colony","G Revival of MWS Drilling of borewell ,punp motor with pipeline scheme at Tataguni Habitation, Agara G.P, Bangalore South Taluk",2019-2020,10.00000,8.95059,"15 Oct 2019","03 May 2023",2024-06-07
Karnataka,"Bengaluru Urban","Bangalore South",Kaggalipura,Udipalya,Udipalya,0000374062,0007919145,250286044,"Deep Tubewell","Ground Water","Near Village main road","G Revival of MWS Drilling of borewell ,pump motor with pipeline scheme at Udipalya Habitation, Kaggalipura G.P, Bangalore South Taluk",2019-2020,3.00000,2.99049,"15 Oct 2019","31 Mar 2020",2024-06-07
Karnataka,"Bengaluru Urban","Bangalore South",Nelaguli,Veerasandra,Veerasandra,0000374086,0007919158,250286047,"Deep Tubewell","Ground Water","village limit","G Revival of MWS Driling of borewell,pump motor with pipeline scheme at Veersandra Habitation, Nelaguli G.P, Bangalore South Taluk",2019-2020,7.00000,3.68929,"15 Oct 2019","03 May 2023",2024-06-07
Karnataka,"Bengaluru Urban","Bangalore South",Chikkanahalli,Sulivara,Sulivara,0000374473,0007951941,250288698,"Deep Tubewell","Ground Water","village limit","TFC CEO 080319 Drilling of Borewell  at Sulivara habitation ,Chikkanalli Gp ,Banglore South Tq.",2019-2020,2.60000,2.59222,"10 Apr 2019","03 May 2023",2024-06-07
Karnataka,"Bengaluru Urban","Bangalore South",Chunchanakuppe,Kolur,Kolur,0000374440,0008216792,5549686,"Deep Tubewell","Ground Water","Village limit","Providing water supply to Anganwadi fitting of taps to kitchen and toilet at Koluru Habitation Chunchanakuppe GP Bangalore South Taluk",2020-2021,0.15000,0.15000,"17 Dec 2020","03 May 2023",2024-06-07
Karnataka,"Bengaluru Urban","Bangalore South",Kaggalipura,"Saalu Hunase",Salahunse,0000374063,0008217246,250299418,"Deep Tubewell","Ground Water",salahunase,"Providing water supply to Anganwadi fitting of taps to kitchen and toilet at Salunase Habitation Kaggalipura GP Bangalore South Taluk",2020-2021,0.14800,0.00000,"11 Dec 2020","03 May 2023",2024-06-07
Karnataka,"Bengaluru Urban","Bangalore South",Kaggalipura,Udipalya,Udipalya,0000374062,0008217247,250286044,"Deep Tubewell","Ground Water","Near Village main road","Providing water supply to Anganwadi fitting of taps to kitchen and toilet at udipalya Habitation Kaggalipura GP Bangalore South Taluk",2020-2021,0.13500,0.13500,"17 Dec 2020","03 May 2023",2024-06-07
Karnataka,"Bengaluru Urban","Bangalore South",Kaggalipura,"O.b. Choodahalli","O.b. Choodahalli",0000374065,0008217251,5457475,"Deep Tubewell","Ground Water","Towards Main road","Providing water supply to Anganwadi fitting of taps to kitchen and toilet at O B Choodahalli Habitation Kaggalipura GP Bangalore South Taluk",2020-2021,0.13500,0.13500,"17 Dec 2020","03 May 2023",2024-06-07
Karnataka,"Bengaluru Urban","Bangalore South",Chunchanakuppe,Kolur,Kolur,0000374440,0008217258,5549686,"Deep Tubewell","Ground Water","Village limit","Providing water supply to GHPS fitting of taps to kitchen and toilet at Koluru Habitation Chunchanakuppe GP Bangalore South Taluk",2020-2021,0.19600,0.19580,"17 Dec 2020","03 May 2023",2024-06-07
Karnataka,"Bengaluru Urban","Bangalore South","Konappana Agrahara","Konappana Agrahara","Konappana Agrahara",0000373978,0008223165,250196510,"Deep Tubewell","Ground Water","Village limit","15 Crore 12102020 Revival of PWS Scheme Providing Pump motor and Laying Pipeline at  Konappana Agrahara  Village  Konappana Agrahara GP Bangalore south  Taluk",2020-2021,5.00000,4.92617,"25 Feb 2021","03 May 2023",2024-06-07
Karnataka,"Bengaluru Urban","Bangalore South","Dodda Thogur",Bettadasanapura,Bettadasanapura,0000373960,0008223181,250121296,"Deep Tubewell","Ground Water","village limit","15 Crore 12102020 Revival of PWS Scheme Providing Pump motor and Laying Pipeline at  Bettadasanapura  Village Doddathogoru GP Bangalore south  Taluk",2020-2021,5.00000,4.98863,"25 Feb 2021","03 May 2023",2024-06-07
Karnataka,"Bengaluru Urban","Bangalore South","K. Golahalli",Gonipura,Gonipura,0000374158,0008224433,250143750,"Deep Tubewell","Ground Water","village limit","15 cr 04022021 Revival of PWS scheme providing Pumpmotor at Gonipura habitation K Gollahalli GP Bangalore South Taluk",2020-2021,4.00000,3.98929,"27 Feb 2021","03 May 2023",2024-06-07
Karnataka,"Bengaluru Urban","Bangalore South",Kumbalagodu,Hosapalya,Hosapalya,0000374179,0008224716,250196519,"Deep Tubewell","Ground Water","Village limit","15 cr 04022021 Revival of PWS scheme Drilling of Borewell at Hosapalya habitation Kumbalagodu GP Bangalore South Taluk",2020-2021,2.50000,2.24648,"21 Feb 2021","03 May 2023",2024-06-07
Karnataka,"Bengaluru Urban","Bangalore South",Ajjanahalli,Huluvenahalli,Kudusiddanapalya,0000374464,0008228656,250121170,"Deep Tubewell","Ground Water","Near Ajjanahalli","15CR 04022021 Revival of PWS scheme Drilling of Borewell at Kalaiahnapalya Habitation Ajjanahalli GP Bangalore South",2020-2021,2.50000,2.23792,"21 Feb 2021","03 May 2023",2024-06-07
Karnataka,"Bengaluru Urban","Bangalore South",Ajjanahalli,Huluvenahalli,Huluvenahalli,0000374458,0008228673,250300644,"Deep Tubewell","Ground Water",village,"15CR 04022021 Revival of PWS scheme Drilling of Borewell at Huluvenahalli Habitation Ajjanahalli GP Bangalore South",2020-2021,2.25000,2.15627,"21 Feb 2021","03 May 2023",2024-06-07
Karnataka,"Bengaluru Urban","Bangalore South",Sullikere,Kommaghatta,Kommaghatta,0000374205,0008228693,250146813,"Deep Tubewell","Ground Water","Near Village Main road","15CR 04022021Revival of PWS scheme laying pipe line at Kommagatta habitation Sulikere GP Bangalore south taluk",2020-2021,2.50000,2.48011,"21 Feb 2021","03 May 2023",2024-06-07
Karnataka,"Bengaluru Urban","Bangalore South",Sullikere,Sulikerepalya,Sullikerepalya,0000374212,0008229457,250266033,"Deep Tubewell","Ground Water","Village limit","15 cr 04022021 Revival of PWS scheme,laying pipeline at Doddabasthi habitation Sulikere GP Bangalore South Taluk",2020-2021,2.50000,2.46687,"21 Feb 2021","03 May 2023",2024-06-07
Karnataka,"Bengaluru Urban","Bangalore South",Channenahalli,Chennanahalli,Chennanahalli,0000374399,0008231202,250246636,"Deep Tubewell","Ground Water","village limit","15 Cr  Revival of PWS Scheme  provididng pump motor and  laying pipe line at Puttaihanpalya village Channenahalli  Gp Banglore South Banglore Urban District",2020-2021,5.00000,4.48232,"25 Feb 2021","03 May 2023",2024-06-07
Karnataka,"Bengaluru Urban","Bangalore South",Channenahalli,Chennanahalli,Chennanahalli,0000374399,0008231207,250246636,"Deep Tubewell","Ground Water","village limit","15 Cr  Revival of PWS Scheme  Drilling of Borewell at Hakki Pikki Colony village Channenahalli  Gp Banglore South Banglore Urban District",2020-2021,2.25000,2.03949,"25 Feb 2021","03 May 2023",2024-06-07
Karnataka,"Bengaluru Urban","Bangalore South",Kaggalipura,"O.b. Choodahalli","O.b. Choodahalli",0000374065,0008231209,250286043,"Deep Tubewell","Ground Water","Near Village main road","15 Cr  Revival of PWS Scheme  provididng pump motor  and laying pipe line at Kagalipura 1st Block village Kagalipura Gp Banglore South Banglore Urban District",2020-2021,5.00000,4.48131,"25 Feb 2021","03 May 2023",2024-06-07
Karnataka,"Bengaluru Urban","Bangalore South",Kaggalipura,"O.b. Choodahalli","O.b. Choodahalli",0000374065,0008232471,250286043,"Deep Tubewell","Ground Water","Near Village main road","15 Cr  Revival of PWS Scheme Drilling of Bore Well  at Dinnepalya village  Kaggalipura Gp Banglore South Banglore Urban District",2020-2021,2.00000,1.82240,"25 Feb 2021","03 May 2023",2024-06-07
Karnataka,"Bengaluru Urban","Bangalore South",Chunchanakuppe,Chunchanakuppe,Chunchanakuppe,0000374434,0008232474,250246468,"Deep Tubewell","Ground Water","Main road","15 Cr  Revival of PWS Scheme   Drilling of Borewell  at    Subbarayappanpalya village Chuchanakuppe  Gp Banglore South Banglore Urban District",2020-2021,2.50000,2.25090,"25 Feb 2021","03 May 2023",2024-06-07
Karnataka,"Bengaluru Urban","Bangalore South",Channenahalli,Chennanahalli,Chennanahalli,0000374399,0008232480,250246636,"Deep Tubewell","Ground Water","village limit","15 Cr  Revival of PWS Scheme 2Nos  Drilling of Borewell  at Channenahalli village Channenahalli Gp Banglore South Banglore Urban District",2020-2021,4.50000,4.07087,"25 Feb 2021","03 May 2023",2024-06-07
Karnataka,"Bengaluru Urban","Bangalore South",Channenahalli,Honnaganahatti,Honnaganahatti,0000374398,0008232482,250246644,"Deep Tubewell","Ground Water","Village limit","15 Cr  Revival of PWS Scheme 2nos   Drilling Of Borewell   at Honnaganatti village Channenahalli Gp Banglore South Banglore Urban District",2020-2021,4.50000,4.06623,"25 Feb 2021","03 May 2023",2024-06-07
Karnataka,"Bengaluru Urban","Bangalore South",Chunchanakuppe,Chunchanakuppe,Chunchanakuppe,0000374434,0007852610,250246468,"Deep Tubewell","Ground Water","Main road","G  Revival of MWS Scheme at  Chunchanakuppe Colony  Habitation Chunchanakuppe GP Bangalore south Taluk",2018-2019,4.30000,4.29896,"12 Oct 2018","31 Mar 2019",2024-06-07
Karnataka,"Bengaluru Urban","Bangalore South",Agara,Doddipalya,Doddipalya,0000374129,0007852658,250246522,"Deep Tubewell","Ground Water","Village limit","G  Revival of MWS Scheme at  Doddipalya (Near Tank) Agara GP Bangalore south Taluk",2018-2019,5.00000,4.99393,"12 Oct 2018","31 Mar 2019",2024-06-07
Karnataka,"Bengaluru Urban","Bangalore South",Tavarekere,Tavarekere,"Tavarekere Jhc",0000374387,0007852767,250246626,"Deep Tubewell","Ground Water","Rangappa badavane","G Revival of MWS Scheme at Tavarekere Habitation,Tavarekere G P, Tavrekere Hobli, Bangalore South Taluk.",2018-2019,1.60000,1.56621,"15 Sep 2018","31 Mar 2019",2024-06-07
Karnataka,"Bengaluru Urban","Bangalore South",Channenahalli,Honnaganahatti,Honnaganahatti,0000374398,0007852786,250246644,"Deep Tubewell","Ground Water","Village limit","G Revival of MWS Scheme at Honnaganahatti Habitation Channenahalli GP Tavarekre Hobli Bangalore South Taluk",2018-2019,1.80000,1.75865,"15 Sep 2018","31 Mar 2019",2024-06-07
Karnataka,"Bengaluru Urban","Bangalore South",Sullikere,Kenchanapura,Kenchanapura,0000374213,0007852795,250246654,"Deep Tubewell","Ground Water","village limit","G  Revival of MWS Scheme at Sulikere (Bangale) Habitation Sulikere GP Kengeri Hobli Bangalore South Taluk",2018-2019,5.00000,0.00000,"15 Sep 2018","03 May 2023",2024-06-07
Karnataka,"Bengaluru Urban","Bangalore South",Nelaguli,Nettigere,Nettigere,0000374084,0007852833,250246694,"Deep Tubewell","Ground Water","Near lake","G Revival of MWS Scheme at Nettigere Habitation Nelaguli GP Uttarahalli Hobli Bangalore South Taluk",2018-2019,2.00000,1.99751,"15 Sep 2018","31 Jul 2019",2024-06-07
Karnataka,"Bengaluru Urban","Bangalore South",Chikkanahalli,Chikkanahalli,Chikkanahalli,0000374222,0007852856,250246717,"Deep Tubewell","Ground Water","Village limit","G Revival of MWS Scheme at Naganahalli Habitation  CHIKKANAHALLI G P,  Banglore south taluk",2018-2019,3.15000,3.14682,"12 Oct 2018","31 Mar 2019",2024-06-07
Karnataka,"Bengaluru Urban","Bangalore South","K. Golahalli",Gonipura,Gonipura,0000374158,0007852864,250246726,"Deep Tubewell","Ground Water","village limit","G Providing Piped water supply Scheme(Construction of OHT) at Gonipura K Gollahalli G P Banglore south",2018-2019,20.00000,0.00000,"12 Oct 2018","03 May 2023",2024-06-07
Karnataka,"Bengaluru Urban","Bangalore South","K. Golahalli",Chinnakurchi,Chinnakurchi,0000374147,0007853305,250246937,"Deep Tubewell","Ground Water","Near Sanjeevaiah Land","TFC NAC 2018 G Drilling of Borewell(1 No) for Revival of Water Supply Scheme at Chinnakurchi Habitation, K. Gollahalli GP, Bangalore South Tq",2018-2019,1.95000,1.94615,"12 Oct 2018","31 Mar 2019",2024-06-07
Karnataka,"Bengaluru Urban","Bangalore South",Chunchanakuppe,Chunchanakuppe,Chunchanakuppe,0000374434,0007853307,250246939,"Deep Tubewell","Ground Water","At Giriyappanapalya Village","TFC CEO 060418 Drilling of Borewell at Chuhanakuppe Habitation Chuhanakuppe G P Bangalore south",2018-2019,2.00000,1.99603,"12 Oct 2018","31 Mar 2019",2024-06-07
Karnataka,"Bengaluru Urban","Bangalore South","Dodda Thogur",Mailasandra,Mailasandra,0000373955,0007853322,250246955,"Deep Tubewell","Ground Water","Towards Main road","TFC NAC 2018 G Drilling of Borewell(1 No) for Revival of Water Supply Scheme Vaddarapalya (Mailsandra) Habitation Doddathoguru  GP Bangalore south  Taluk",2018-2019,2.50000,2.49470,"12 Oct 2018","31 Mar 2019",2024-06-07
Karnataka,"Bengaluru Urban","Bangalore South",Channenahalli,Chennanahalli,Chennanahalli,0000374399,0007853362,250246996,"Deep Tubewell","Ground Water","Village limit","TFC NAC 2018  G of Borewell(1 No) for Revival of Water Supply Scheme at Chennanahalli 2  Habitation, Channenahalli GP, Bangalore South Tq",2018-2019,1.96000,1.95559,"12 Oct 2018","31 Mar 2019",2024-06-07
Karnataka,"Bengaluru Urban","Bangalore South",Channenahalli,Chennanahalli,Chennanahalli,0000374399,0007853373,250247007,"Deep Tubewell","Ground Water","Village limit","TFC NAC 2018  G of Borewell(1 No) for Revival of Water Supply Scheme at Chennanahalli 3  Habitation, Channenahalli GP, Bangalore South Tq",2018-2019,2.50000,2.49783,"12 Oct 2018","31 Mar 2019",2024-06-07
Karnataka,"Bengaluru Urban","Bangalore South",Ajjanahalli,"Chandrappa Circle","Chandrappa Circle",0000374465,0007952004,250142637,"Deep Tubewell","Ground Water","village limit","TFC231019 Erection of pumpmotor and pipeline Chandrappa circle village at Ajjanahalli GP Bangalore South Taluk",2019-2020,5.00000,4.99725,"25 Oct 2019","03 May 2023",2024-06-07
Karnataka,"Bengaluru Urban","Bangalore South",Agara,Thataguni,Tataguni,0000374141,0007952166,250170718,"Deep Tubewell","Ground Water","village limit","TFC231019  of pumpmotor  Tathaguni  village at Agara  GP Bangalore South Taluk",2019-2020,5.00000,0.00000,"23 Oct 2019","03 May 2023",2024-06-07
Karnataka,"Bengaluru Urban","Bangalore South",Agara,Agara,Agara,0000374137,0007952173,250288704,"Deep Tubewell","Ground Water",navagrama,"TFC231019  Erection of pumpmotor  at Navagrama  village at Agara  GP Bangalore South Taluk",2019-2020,5.00000,0.00000,"23 Oct 2019","03 May 2023",2024-06-07
Karnataka,"Bengaluru Urban","Bangalore South",Agara,Thataguni,Tataguni,0000374141,0007952178,250170718,"Deep Tubewell","Ground Water","village limit","TFC231019  Erection of pumpmotor  Tathaguni  village at Agara  GP Bangalore South Taluk",2019-2020,5.00000,0.00000,"23 Oct 2019","03 May 2023",2024-06-07
Karnataka,"Bengaluru Urban","Bangalore South","H. Gollahalli",Doddabele,Doddabele,0000374113,0007979591,250290010,"Deep Tubewell","Ground Water","village limit","G Revival of MWS Drilling of borewell,erection of pump motor scheme at Doddabele village, H.gollahalli GP,Bangalore south tq",2019-2020,10.00000,9.34190,"26 Nov 2019","03 May 2023",2024-06-07
Karnataka,"Bengaluru Urban","Bangalore South",Sullikere,Sullikere,Sullikere,0000374211,0007979749,250290012,"Deep Tubewell","Ground Water","village limit","G providing PWS scheme (construction of OHT) in sulikere village,sulikere GP,Bangalore south tq",2019-2020,20.00000,19.13496,"25 Oct 2019","03 May 2023",2024-06-07
Karnataka,"Bengaluru Urban","Bangalore South",Chikkanahalli,Sulivara,Sulivara,0000374473,0007998933,250290085,"Deep Tubewell","Ground Water","village limit","CAP1 Drilling of borewell at Sulivara village, Chikkanahalli GP, Bangalore south Taluk",2020-2021,2.50000,2.46954,"29 May 2020","03 May 2023",2024-06-07
Karnataka,"Bengaluru Urban","Bangalore South",Somanahalli,Somanahalli,Rayaradoddi,0000374091,0007999586,250290114,"Deep Tubewell","Ground Water","village limit","10crore Revival of PWS scheme, Providing Pump Motor at Rayaradoddi village, Somanahalli GP, Bangalore South Taluk",2020-2021,5.00000,4.61061,"16 Jun 2020","03 May 2023",2024-06-07
Karnataka,"Bengaluru Urban","Bangalore South","K. Golahalli","K. Gollahalli","K. Gollahalli",0000374164,0008034835,250293277,"Deep Tubewell","Ground Water","Village Limit","g revival of PWS Scheme pump Motor and pipeline atat Hallakere Habitation K.Gollahalli GP Bangalore South",2019-2020,7.50000,0.00000,"18 Jun 2020","03 May 2023",2024-06-07
Karnataka,"Bengaluru Urban","Bangalore South",Agara,Anepalya,Anepalya,0000374128,0008035437,250144238,"Deep Tubewell","Ground Water","Near Village main road","10crore  revival of pws scheme drilling of bore well at B.M.Kaval Habitation,Agara GP,Bangalore south taluk",2020-2021,2.48000,1.98129,"16 Jun 2020","03 May 2023",2024-06-07
Karnataka,"Bengaluru Urban","Bangalore South",Chunchanakuppe,Chunchanakuppe,Chunchanakuppe,0000374434,0008066530,250246468,"Deep Tubewell","Ground Water","Main road","10crore Revival of PWS scheme Errection of pump motor at Subhharayappanapalya A  village, Chunchankuppe GP, bangalore south Taluk",2020-2021,5.00000,4.62846,"17 Jun 2020","03 May 2023",2024-06-07
Karnataka,"Bengaluru Urban","Bangalore South",Chunchanakuppe,Chunchanakuppe,Chunchanakuppe,0000374434,0008066617,250246468,"Deep Tubewell","Ground Water","Main road","10crore Revival of PWS scheme Errection of pump motor at  Chikkelluru  village, Chunchankuppe GP, bangalore south Taluk",2020-2021,5.00000,4.60512,"17 Jun 2020","03 May 2023",2024-06-07
Karnataka,"Bengaluru Urban","Bangalore South",Tavarekere,Tavarekere,"Tavarekere Jhc",0000374387,0008067520,250247024,"Deep Tubewell","Ground Water","Rangappa badavane","CAP4 Drilling of borewell at Tavarekere near ganesh temple village, tavarekere GP, Bangalore south Taluk",2020-2021,2.50000,2.49775,"16 Jul 2020","03 May 2023",2024-06-07
Karnataka,"Bengaluru Urban","Bangalore South",Kumbalagodu,Kanaminake,"Kanaminake Colony",0000374178,0008068079,250142579,"Deep Tubewell","Ground Water","village limit","10 Crore  Drilling of Borewell at Kumbalgodu 1st block Habitation Kumbalgodu Grama Panchayath Bangalore south Taluk.",2020-2021,2.50000,2.25932,"17 Jun 2020","03 May 2023",2024-06-07
Karnataka,"Bengaluru Urban","Bangalore South",Taralu,Gulakamale,Gulakamale,0000374066,0007853461,250247094,"Deep Tubewell","Ground Water","Near Village road","TFC NAC 2018 G of borewell (1 No) for Revival of water supply scheme at taralu gp, Gulakemale  Habitation,Banglore south taluka.",2018-2019,2.00000,1.99995,"12 Oct 2018","31 Mar 2019",2024-06-07
Karnataka,"Bengaluru Urban","Bangalore South",Channenahalli,Gidadapalya,"Giddadapalya (sulikattepalya)",0000374393,0007853562,250247174,"Deep Tubewell","Ground Water","Village limit","TFC NAC 2018  G of Borewell(1 No) for Revival of Water Supply Scheme at Gidadapalya Habitation, Channenahalli GP, Bangalore South Tq",2018-2019,1.10000,1.09483,"12 Oct 2018","31 Mar 2019",2024-06-07
Karnataka,"Bengaluru Urban","Bangalore South",Sullikere,Sullikere,Sullikere,0000374211,0007853581,250247187,"Deep Tubewell","Ground Water","Village limit","TFC NAC 2018 SCP Drilling of Borewell(1 No) for Revival of Water Supply Scheme at Sullikere  Habitation, Sullikere GP, Bangalore South Tq",2018-2019,2.04000,2.03848,"12 Oct 2018","31 Mar 2019",2024-06-07
Karnataka,"Bengaluru Urban","Bangalore South",Sullikere,Hosabyrohalli,Halebyrahalli,0000374206,0007853679,250247279,"Deep Tubewell","Ground Water","Near Extension Side","TFC NAC 2018  G of Borewell(1 No) for Revival of Water Supply Scheme at Halebyrohalli Habitation, Sullikere GP, Bangalore South Tq",2018-2019,1.45000,1.44826,"12 Oct 2018","31 Mar 2019",2024-06-07
Karnataka,"Bengaluru Urban","Bangalore South",Taralu,Gulakamale,Gulakamale,0000374066,0007853685,250247286,"Deep Tubewell","Ground Water","Village limit","TFC NAC 2018 SCP Drilling of Borewell(1 No) for Revival of Water Supply Scheme at Gulakemale 2 Habitation, Taralu GP, Bangalore South Tq",2018-2019,2.40000,2.39831,"12 Oct 2018","31 Mar 2019",2024-06-07
Karnataka,"Bengaluru Urban","Bangalore South",Taralu,"Kunchigara Palya",Kunchigarapalya,0000374069,0007853688,250247290,"Deep Tubewell","Ground Water","Village limit","TFC NAC 2018 SCP Drilling of Borewell(1 No) for Revival of Water Supply Scheme at Kunchugarapalya Habitation, Taralu GP, Bangalore South Tq",2018-2019,1.51000,1.50780,"12 Oct 2018","31 Mar 2019",2024-06-07
Karnataka,"Bengaluru Urban","Bangalore South",Chunchanakuppe,Chikkelur,Chikkelur,0000374450,0007853787,250247398,"Deep Tubewell","Ground Water","Village limit","TFC NAC 2018 SCP Drilling of Bore well(1NO) for revival of water supply scheme At B Rangappanapalya Chunchankuppe G P Banglore south",2018-2019,2.00000,1.99995,"12 Oct 2018","31 Mar 2019",2024-06-07
Karnataka,"Bengaluru Urban","Bangalore South",Chunchanakuppe,"C K Thandya","C.k. Thandya",0000374443,0007853801,250247409,"Deep Tubewell","Ground Water","Village limit","TFC NAC 2018 SCP Drilling of Bore well()1NO for revival of water supply scheme At C.K.Thandya Habitation Chunchankuppe G P Banglore south",2018-2019,2.00000,1.99995,"12 Oct 2018","31 Mar 2019",2024-06-07
Karnataka,"Bengaluru Urban","Bangalore South",Agara,Thataguni,Tataguni,0000374141,0007853846,250247440,"Deep Tubewell","Ground Water","Thathaguni Colony","TFC NAC 2018 SCP Drilling of Bore well for revival of water supply scheme At Tataguni Jyothi College Near  Habitation Agara G P Banglore south",2018-2019,1.59000,1.58446,"12 Oct 2018","31 Mar 2019",2024-06-07
Karnataka,"Bengaluru Urban","Bangalore South",Chikkanahalli,Sulivara,Sulivara,0000374473,0007853854,250247445,"Deep Tubewell","Ground Water","Near Mutaramana Temple","TFC NAC 2018 SCP Drilling of Bore well(1NO) for revival of water supply scheme At Sulivara (Near Kariyappana House) Habitation Chikkanahalli G P Banglore south",2018-2019,2.00000,1.99868,"12 Oct 2018","31 Mar 2019",2024-06-07
Karnataka,"Bengaluru Urban","Bangalore South",Cholanayakanahalli,Bychaguppe,Bychaguppe,0000374406,0007853876,250247473,"Deep Tubewell","Ground Water","Left side of the BWSSB Line","TFC NAC 2018 SCP Drilling of Borewell(1 No) for Revival of Water Supply Scheme  at Bychaguppe 3 Habitation, Cholanayakanahalli GP, Bangalore South Tq",2018-2019,1.69000,1.68418,"12 Oct 2018","31 Mar 2019",2024-06-07
Karnataka,"Bengaluru Urban","Bangalore South",Agara,Agara,Agara,0000374137,0007853946,250247538,"Deep Tubewell","Ground Water","village limit","TFC NAC 2018 SCP Drilling of Borewells (1 No)  for Revival of Water Supply Scheme at  timmegoudanapalya(near rajjanna land) village ,agara gp banglore taluka",2018-2019,1.68000,0.00000,"12 Oct 2018","03 May 2023",2024-06-07
Karnataka,"Bengaluru Urban","Bangalore South",Chikkanahalli,Chikkanahalli,Chikkanahalli,0000374222,0007854463,250248022,"Deep Tubewell","Ground Water","Village limit","TFC NAC 2018 SCP Drilling of Borewells (1 No)  for Revival of Water Supply Scheme at Kallaiahnapalya (Near Hosa Kere) Habitation, Chikkanahalli GP, Bangalore South Tq",2018-2019,2.48000,2.47506,"12 Oct 2018","31 Mar 2019",2024-06-07
Karnataka,"Bengaluru Urban","Bangalore South","Dodda Thogur",Bettadasanapura,Bettadasanapura,0000373960,0007873649,250263389,"Deep Tubewell","Ground Water","village limit","TFC24122018 Drilling of Borewell at Doddathoguru GP Bettadasanapura Habitation Bangalore South Taluk",2018-2019,2.50000,2.48466,"23 Feb 2019","31 Oct 2019",2024-06-07
Karnataka,"Bengaluru Urban","Bangalore South","Dodda Thogur",Mailasandra,Mailasandra,0000373955,0007873653,250263393,"Deep Tubewell","Ground Water","village limit","TFC24122018 Drilling of Borewell at Doddathoguru GP Mailsandra Habitation Bangalore South Taluk",2018-2019,2.50000,2.43000,"23 Feb 2019","31 Oct 2019",2024-06-07
Karnataka,"Bengaluru Urban","Bangalore South",Nelaguli,Nelaguli,Nelaguli,0000374103,0008232492,250246697,"Deep Tubewell","Ground Water","village limit","15 Cr  Revival of PWS Scheme  provididng pump motor And  laying pipe line at Hosadoddi village Nelaguli Gp Banglore South Banglore Urban District",2020-2021,3.50000,2.97832,"25 Feb 2021","03 May 2023",2024-06-07
Karnataka,"Bengaluru Urban","Bangalore South",Cholanayakanahalli,Nagenahalli,Nagenahalli,0000374427,0008232497,250246663,"Deep Tubewell","Ground Water","Village limit","15 Cr  Revival of PWS Scheme Drilling of Borewell  at Marenahalli  village Cholanayakanhalli Gp Banglore South Banglore Urban District",2020-2021,2.50000,2.25090,"25 Feb 2021","03 May 2023",2024-06-07
Karnataka,"Bengaluru Urban","Bangalore South",Cholanayakanahalli,Cholanayakanahalli,Cholanayakanahalli,0000374414,0008232498,250246541,"Deep Tubewell","Ground Water","Right side of Main Road","15 Cr  Revival of PWS Scheme Drilling of Borewell   at Gangappanahalli  village Cholanayakanahalli  Gp Banglore South Banglore Urban District",2020-2021,2.00000,1.82240,"25 Feb 2021","03 May 2023",2024-06-07
Karnataka,"Bengaluru Urban","Bangalore South",Chikkanahalli,Gollahalli,"S. Gollahalli",0000374475,0008232505,250246492,"Deep Tubewell","Ground Water","Near pond","15 Cr  Revival of PWS SchemeDrilling of Borewell  at  Guruvebovipalya village  Chikkanahalli Gp Banglore South Banglore Urban District",2020-2021,2.00000,1.82089,"25 Feb 2021","03 May 2023",2024-06-07
Karnataka,"Bengaluru Urban","Bangalore South",Chunchanakuppe,Kethohalli,"Kethohalli Narsimharajapura",0000374438,0008320272,250302084,"Deep Tubewell","Ground Water","village limit","Drilling of Borewell At Kethohalli Narasimharajapura, Habitation ,Chunchanakuppe Gp, Banglore southTq",2013-2014,2.50000,2.48650,"19 Jul 2013","30 Aug 2013",2024-06-07
Karnataka,"Bengaluru Urban","Bangalore South",Taralu,Taralu,Alakabelalu,0001622949,0008320302,250302090,"Deep Tubewell","Ground Water","village limit","Drilling of Borewell At Alakabelalu Habitation , Taralu Gp , Bangalore south Tq ,Bangalore Urban District",2011-2012,2.00000,1.98650,"17 Jul 2011","24 Aug 2011",2024-06-07
Karnataka,"Bengaluru Urban","Bangalore South","Konappana Agrahara",Govindashettipalya,Govindashettipalya,0000373979,0007574066,250170815,"Deep Tubewell","Ground Water","Village limit","TFC221116 Providing Pump and motor to the Borewell at Govindashettypalya habitation, Konappana Agrahara GP, Anekal Taluk",2016-2017,3.50000,3.49153,"15 Jan 2017","28 Feb 2018",2024-06-07
Karnataka,"Bengaluru Urban","Bangalore South",Ajjanahalli,"Chandrappa Circle","Chandrappa Circle",0000374465,0007574094,250170836,"Deep Tubewell","Ground Water","Village limit","TFC221116 Providing Additional Pipeline to Chandrappa Circle habitation,Ajjanahalli GP, Bangalore South Taluk",2016-2017,2.67000,2.66559,"15 Jan 2017","28 Feb 2018",2024-06-07
Karnataka,"Bengaluru Urban","Bangalore South",Nelaguli,"Kere Choodahalli","Bovi Colony",0000374098,0007574155,250170881,"Deep Tubewell","Ground Water","Bovi palya(Village limit)","TFC221116 Drilling of Borewell at Bovipalya (Bovi colony) habitation,Somanahalli GP, Bangalore South Taluk",2016-2017,1.85000,1.84195,"15 Jan 2017","28 Feb 2018",2024-06-07
Karnataka,"Bengaluru Urban","Bangalore South",Chunchanakuppe,Doddamaranahalli,Muddanapalya,0000374404,0007574631,250171023,"Deep Tubewell","Ground Water","Road Side","TFC22112016 Drilling of Borewell at Muddanaplaya Habitation  Gantiganahalli GP Bangalore North Taluk",2016-2017,2.30000,0.00000,"15 Jan 2017","03 May 2023",2024-06-07
Karnataka,"Bengaluru Urban","Bangalore South",Ramohalli,Ramohalli,Ramohalli,0000374192,0007577219,250174982,"Deep Tubewell","Ground Water","Towards Main Road","TFC221116 Providing and fixing of Energy Meter for existing Borewell in Bangalore South Sub division",2016-2017,3.70000,3.68000,"15 Jan 2017","28 Feb 2018",2024-06-07
Karnataka,"Bengaluru Urban","Bangalore South",Kaggalipura,Uttari,Uttari,0000374054,0007585261,250175125,"Deep Tubewell","Ground Water","Village limit","TFC221116 Drilling of Borewell at Uttari habitation, Kaggalipura GP, Bangalore South Taluk",2016-2017,1.95000,1.90500,"15 Jan 2017","31 Mar 2017",2024-06-07
Karnataka,"Bengaluru Urban","Bangalore South",Nelaguli,Nelaguli,Nelaguli,0000374103,0007637157,250185449,"Deep Tubewell","Ground Water","village limit","TFC220217 Drilling of Borewell at Nelaguli Habitation, Nelaguli GP, Bangalore South Taluk",2016-2017,2.10000,2.09844,"05 May 2017","28 Feb 2019",2024-06-07
Karnataka,"Bengaluru Urban","Bangalore South",Tavarekere,Basavanapalya,Basavanapalya,0000374384,0007637322,250185497,"Deep Tubewell","Ground Water","Village limit","TFC220217 Providing and erection of Pump and Motor to the existing Borewell at Basavanapalya Habitation, Tavarekere GP, Bangalore South Taluk",2016-2017,2.50000,2.47269,"05 May 2017","28 Feb 2019",2024-06-07
Karnataka,"Bengaluru Urban","Bangalore South",Chunchanakuppe,Puradapalya,Puradapalya,0000374429,0007639186,250185820,"Deep Tubewell","Ground Water","Village limit","TFC220217 Providing and Erection of Pump and Motor to the Existing Borewell in Puradapalya Habitation, Chuchanakuppe GP, Bangalore South Taluk",2016-2017,2.00000,1.99992,"05 May 2017","28 Feb 2019",2024-06-07
Karnataka,"Bengaluru Urban","Bangalore South",Chikkanahalli,Dodderi,Dodderi,0000374476,0007639215,250185827,"Deep Tubewell","Ground Water","New extension","TFC220217 TFC220217 Drilling of Borewell at Dodderi Habitation,  Chikkanahalli GP, Bangalore South Taluk",2016-2017,2.00000,0.00000,"05 May 2017","03 May 2023",2024-06-07
Karnataka,"Bengaluru Urban","Bangalore South",Tavarekere,Tavarekere,"Tavarekere Jhc",0000374387,0007651539,250188574,"Deep Tubewell","Ground Water","Rangappa badavane","TFC220217 Drilling of borewell At Tavarekere (Near Lake) Habitation,  Tavarekere GP, Anekal Taluk.",2016-2017,1.33000,0.00000,"18 May 2017","03 May 2023",2024-06-07
Karnataka,"Bengaluru Urban","Bangalore South",Agara,Banjarupalya,Banjarupalya,0000374140,0007651548,250188580,"Deep Tubewell","Ground Water","Village limit","TFCZP220217 Drilling of borewell At Banjarupalya Habitation,  Agara GP, Bangalore South Taluk",2016-2017,2.00000,1.99679,"18 May 2017","28 Feb 2019",2024-06-07
Karnataka,"Bengaluru Urban","Bangalore South","Dodda Thogur",Bettadasanapura,Bettadasanapura,0000373960,0007705954,250196507,"Deep Tubewell","Ground Water",Vaddarapalya,"TFC170417 Drilling of Borewell at Bettadasanapura Habitation, Doddathogur GP, Bangalore South Taluk.",2017-2018,2.20000,1.90500,"10 Jul 2017","12 Feb 2018",2024-06-07
Karnataka,"Bengaluru Urban","Bangalore South",Somanahalli,Somanahalli,Rayaradoddi,0000374091,0007705991,250196512,"Deep Tubewell","Ground Water","Village limit","TFC170417 Providing And Erection of Pump and Motor to the Existing Borewell in Rayaradoddi Habitation, Somanahalli GP, Bangalore South Taluk",2017-2018,1.80000,1.79611,"10 Jul 2017","31 Mar 2019",2024-06-07
Karnataka,"Bengaluru Urban","Bangalore South",Nelaguli,Ravugodlu,Ravugodlu,0000374101,0007706043,250196514,"Deep Tubewell","Ground Water","Village limit","TFC170417 Drilling of Borewell at Ravugodlu Habitation, Nelagulli GP, Bangalore South Taluk",2017-2018,1.90000,1.89905,"10 Jul 2017","31 Mar 2019",2024-06-07
Karnataka,"Bengaluru Urban","Bangalore South",Channenahalli,Honnaganahatti,Honnaganahatti,0000374398,0007706083,250196517,"Deep Tubewell","Ground Water","Village limit","TFC170417 Drilling of Borewell at Honnaganahatti Habitation, Channenahalli GP, Bangalore South Taluk",2017-2018,1.86000,1.85712,"10 Jul 2017","31 Mar 2019",2024-06-07
Karnataka,"Bengaluru Urban","Bangalore South","K. Golahalli",Tagachaguppe,Tagachaguppe,0000374174,0007706122,250196520,"Deep Tubewell","Ground Water","Village Limit","TFC170417 Drilling of Borewell at Tagachaguppe Habitation, K. Gollahalli GP, Bangalore South Taluk",2017-2018,1.80000,1.75589,"10 Jul 2017","31 Mar 2019",2024-06-07
Karnataka,"Bengaluru Urban","Bangalore South",Cholanayakanahalli,Kempegowdanahalli,Kempegowdanahalli,0000374422,0007706157,250196524,"Deep Tubewell","Ground Water","Colony Limit","TFC170417 Drilling of Borewell at Kempegowdanahalli Habitation, Cholanayakanahalli GP, Bangalore South Taluk",2017-2018,1.50000,1.49785,"10 Jul 2017","31 Mar 2019",2024-06-07
Karnataka,"Bengaluru Urban","Bangalore South",Agara,Agara,Agara,0000374137,0007706183,250196527,"Deep Tubewell","Ground Water",Rajeevgandhinagara,"TFC170417 Providing Additional Pipeline at Agara Habitation, Agara GP, Bangalore South Taluk",2017-2018,2.00000,1.99907,"10 Jul 2017","31 Mar 2019",2024-06-07
Karnataka,"Bengaluru Urban","Bangalore South",Chunchanakuppe,Chunchanakuppe,Chunchanakuppe,0000374434,0007706190,250196529,"Deep Tubewell","Ground Water","Main road","TFC170417 Providing Additional Pipeline in Chuchanakuppe Habitation, Chuchanakuppe GP, Bangalore South Taluk",2017-2018,2.00000,1.99907,"10 Jul 2017","31 Mar 2019",2024-06-07
Karnataka,"Bengaluru Urban","Bangalore South",Chikkanahalli,Gollahalli,"S. Gollahalli",0000374475,0007732657,250202381,"Deep Tubewell","Ground Water","Main road","TFC 140317/170417 Drilling of Borewell at S Gollahalli Village chikkanahalli G.P. Bangalore South Taluk",2017-2018,2.50000,1.80423,"22 Sep 2017","31 Mar 2019",2024-06-07
Karnataka,"Bengaluru Urban","Bangalore South",Nelaguli,Nelaguli,Nelaguli,0000374103,0007739601,250205305,"Deep Tubewell","Ground Water","village limit","WPP17 TSP (3000 Series) Nelaguli Habitation, Nelaguli G.P, Bangalore SouthTaluk, Bangalore Urban District",2017-2018,12.00000,9.63163,"25 Nov 2017","31 Mar 2019",2024-06-07
Karnataka,"Bengaluru Urban","Bangalore South",Ramohalli,Ramohalli,Ramohalli,0000374192,0007739798,250205366,"Deep Tubewell","Ground Water","village limit","WPP26 Gen Bettanapalya (3000 Series) Habitation, Ramohalli G.P, Bangalore SouthTaluk, Bangalore Urban District",2017-2018,12.00000,9.63208,"25 Nov 2017","31 Mar 2019",2024-06-07
Karnataka,"Bengaluru Urban","Bangalore South",Channenahalli,Chennanahalli,Chennanahalli,0000374399,0006686527,250073760,"Deep Tubewell","Ground Water","Village limit","Drilling of Borewell",2014-2015,1.63000,0.00000,"19 Jul 2014","20 Oct 2014",2024-06-07
Karnataka,"Bengaluru Urban","Bangalore South",Kumbalagodu,Kaarubele,Karabele,0000374183,0006848486,250075471,"Deep Tubewell","Ground Water","Near church","TFC 20.10.2014 Drilling of Borewell in KARABELE Habitation",2014-2015,1.50000,0.80302,"10 Dec 2014","31 Mar 2015",2024-06-07
Karnataka,"Bengaluru Urban","Bangalore South",Channenahalli,Honnaganahatti,Honnaganahatti,0000374398,0006848583,250075568,"Deep Tubewell","Ground Water","Near Nala","TFC 20.10.2014 Drilling of Borewell in HONNAGANAHATTI Habitation",2014-2015,1.74000,1.73894,"10 Dec 2014","09 Feb 2015",2024-06-07
Karnataka,"Bengaluru Urban","Bangalore South",Taralu,Guttepalya,Guttepalya,0000374071,0006849047,250075802,"Deep Tubewell","Ground Water","Near nala","TFC 20.10.2014 Drilling of Borewell in GUTTEPALYA Habitation",2014-2015,1.45000,1.44707,"10 Dec 2014","26 Mar 2015",2024-06-07
Karnataka,"Bengaluru Urban","Bangalore South",Taralu,Gulakamale,Gulakamale,0000374066,0006849056,250075807,"Deep Tubewell","Ground Water","Near nala","TFC 20.10.2014 Drilling of Borewell in GULAKAMALE Habitation",2014-2015,1.55000,1.54868,"10 Dec 2014","26 Mar 2015",2024-06-07
Karnataka,"Bengaluru Urban","Bangalore South",Ajjanahalli,Huluvenahalli,Huluvenahalli,0000374458,0006849391,250075869,"Deep Tubewell","Ground Water","Near Tank bed","TFC 20.10.2014 Drilling of Borewell-1",2014-2015,1.70000,0.00000,"10 Dec 2014","10 Feb 2015",2024-06-07
Karnataka,"Bengaluru Urban","Bangalore South",Chunchanakuppe,Chikkelur,Chikkelur,0000374450,0006849485,250075898,"Deep Tubewell","Ground Water","Near Laxminarayanappa House","TFC 20.10.2014 Drilling of Borewell in  G Rangappanapalya of CHIKKELUR Habitation",2014-2015,1.65000,1.64978,"10 Dec 2014","26 Mar 2015",2024-06-07
Karnataka,"Bengaluru Urban","Bangalore South","H. Gollahalli",Katanayakanapura,Katanayakanapura,0000374116,0006849499,250075902,"Deep Tubewell","Ground Water",NA,"G TFC 20.10.2014 Drilling of Borewell in KATANAYAKANAPURA Habitation",2014-2015,1.70000,1.69702,"10 Dec 2014","01 Sep 2015",2024-06-07
Karnataka,"Bengaluru Urban","Bangalore South","H. Gollahalli","H. Gollahalli","H. Gollahalli",0000374115,0006849500,250075903,"Deep Tubewell","Ground Water","Near Gurumurthy House","TFC 20.10.2014 Drilling of Borewell in H. GOLLAHALLI Habitation",2014-2015,1.65000,0.00000,"10 Dec 2014","25 May 2015",2024-06-07
Karnataka,"Bengaluru Urban","Bangalore South",Channenahalli,Honnaganahatti,Honnaganahatti,0000374398,0006849525,5547828,"Deep Tubewell","Ground Water","Village limit","G TFC 20.10.2014 Errection of Pumpset with Pipe line and Energisation to MWS revival in HONNAGANAHATTI Habitation",2014-2015,3.00000,2.64211,"10 Dec 2014","16 Mar 2015",2024-06-07
Karnataka,"Bengaluru Urban","Bangalore South",Cholanayakanahalli,Peddanapalya,Peddanapalya,0000374405,0006849572,250075904,"Deep Tubewell","Ground Water","Near burial ground","G TFC 20.10.2014 Errection of Pumpset with Pipe line and Energisation",2014-2015,3.40000,3.05687,"10 Dec 2014","01 Aug 2015",2024-06-07
Karnataka,"Bengaluru Urban","Bangalore South","Konappana Agrahara","Dodda Nagamangala","Dodda Nagamangala",0000373977,0006849600,250075957,"Deep Tubewell","Ground Water","Near nala","TFC 20.10.2014 Drilling of Borewell in DODDA NAGAMANGALA	 Habitation",2014-2015,2.50000,2.98987,"10 Dec 2014","16 Feb 2015",2024-06-07
Karnataka,"Bengaluru Urban","Bangalore South",Chikkanahalli,Dodderi,Dodderi,0000374476,0006850292,250076288,"Deep Tubewell","Ground Water","Near nala","TFC 20.10.2014 Drilling of Borewell at Dodderi Habitaion",2014-2015,1.70000,1.64587,"10 Dec 2014","31 Mar 2015",2024-06-07
Karnataka,"Bengaluru Urban","Bangalore South",Ajjanahalli,Huluvenahalli,Huluvenahalli,0000374458,0006850295,250076290,"Deep Tubewell","Ground Water","Near nala","TFC 20.10.2014 Drilling of Borewell at Huluvenahalli Habitaion",2014-2015,1.70000,1.08136,"10 Dec 2014","30 Mar 2015",2024-06-07
Karnataka,"Bengaluru Urban","Bangalore South",Sullikere,Hosabyrohalli,Halebyrahalli,0000374206,0006999488,250083711,"Deep Tubewell","Ground Water","Near Main Road","G TFC050515 Drilling of Borewell at Halebyrohalli Habitation, Sulikere G.P",2015-2016,1.95000,1.94552,"21 Jul 2015","30 Oct 2015",2024-06-07
Karnataka,"Bengaluru Urban","Bangalore South",Kaggalipura,Baadekatte,Baddekate,0000374056,0006999853,250083750,"Deep Tubewell","Ground Water","Near Lake","G TFC050515 Drilling of Borewell 1 at Badhekatte Habitation, Kaggalipura G.P",2015-2016,2.20000,2.18307,"21 Jul 2015","01 Dec 2015",2024-06-07
Karnataka,"Bengaluru Urban","Bangalore South",Taralu,Thattaguppe,Thattaguppe,0000374077,0006999885,250083757,"Deep Tubewell","Ground Water","Near Gravyard","G TFC050515 Drilling of Borewell at Thattaguppe Habitation, Taralu G.P",2015-2016,0.91000,0.90842,"21 Jul 2015","31 Mar 2016",2024-06-07
Karnataka,"Bengaluru Urban","Bangalore South",Chikkanahalli,Dodderi,"Guru Bhovi Palya",0000374480,0007150049,5602443,"Deep Tubewell","Ground Water","Village limit","G BESCOM Revival of MWS Scheme",2015-2016,1.05000,0.00000,"25 Oct 2015","31 Mar 2016",2024-06-07
Karnataka,"Bengaluru Urban","Bangalore South",Agara,Lakshmipura,Lakshmipura,0000374142,0007151397,250090939,"Deep Tubewell","Ground Water",village,"SC COLONY Revival of  MWS Scheme",2015-2016,10.00000,0.00000,"25 Oct 2015","31 Mar 2016",2024-06-07
Karnataka,"Bengaluru Urban","Bangalore South","Dodda Thogur",Vittasandra,Vittasandrapalya,0000373959,0007165600,250093296,"Deep Tubewell","Ground Water",village,"SCP Revival of  MWS Scheme",2015-2016,8.00000,0.00000,"25 Oct 2015","31 Mar 2016",2024-06-07
Karnataka,"Bengaluru Urban","Bangalore South","H. Gollahalli",Rachamanamadu,"Rachamanamadu Colony",0000374125,0007169446,250093386,"Deep Tubewell","Ground Water","Village Limit","ST COLONY Revival of MWS Scheme",2015-2016,8.00000,0.00000,"25 Oct 2015","31 Mar 2016",2024-06-07
Karnataka,"Bengaluru Urban","Bangalore South",Agara,Agara,Agara,0000374137,0007407003,250121119,"Deep Tubewell","Ground Water","village limit","TFC190316 Drilling of Borewell  at Agara Habitation Agara GP Bangalore South Taluk",2016-2017,1.96000,1.95000,"12 Apr 2016","28 Feb 2018",2024-06-07
Karnataka,"Bengaluru Urban","Bangalore South",Chikkanahalli,Chikkanahalli,Chikkanahalli,0000374222,0007407043,250121143,"Deep Tubewell","Ground Water",Mayasandra,"TFC190316 Drilling of Borewell at Mayasandra Habitation,Chikkanahalli GP, Bangalore South Taluk",2016-2017,1.60000,0.00000,"12 Apr 2016","03 May 2023",2024-06-07
Karnataka,"Bengaluru Urban","Bangalore South",Ajjanahalli,Madapatna,Madapatna,0000374466,0007407064,250121153,"Deep Tubewell","Ground Water","Village limit","TFC190316 Drilling of Borewell at Madapatna Habitation, Hennagara GP, Anekal Taluk",2016-2017,2.90000,0.00000,"12 Apr 2016","03 May 2023",2024-06-07
Karnataka,"Bengaluru Urban","Bangalore South",Ajjanahalli,Madapatna,Madapatna,0000374466,0007407067,250121156,"Deep Tubewell","Ground Water","Village limit","TFC 19032016 Drilling of Borewell and Erection of Pumpset at Madapatna Habitation Haragdde GP Anekal Taluk",2016-2017,2.90000,0.00000,"12 Apr 2016","03 May 2023",2024-06-07
Karnataka,"Bengaluru Urban","Bangalore South",Ajjanahalli,Madapatna,Madapatna,0000374466,0007407071,250121159,"Deep Tubewell","Ground Water","Village limit","TFC190316 Drilling of Borewell and Erection of Pumpset at Madaptna Habitation  Haragadde  GP,Anekal Taluk",2015-2016,2.90000,0.00000,"12 Apr 2016","03 May 2023",2024-06-07
Karnataka,"Bengaluru Urban","Bangalore South",Chunchanakuppe,Subbarayappanapalya,"Subbarayappanapalya A",0000374452,0007407106,250121304,"Deep Tubewell","Ground Water","village limit","TFC190316 Drilling of Borewell at Subbarayanapalya Habitation , Chuchanakuppe G.P Bangalore South Taluk",2016-2017,1.65000,1.64000,"12 Apr 2016","02 Sep 2016",2024-06-07
Karnataka,"Bengaluru Urban","Bangalore South",Chunchanakuppe,"Kethohalli Rampura","Kethohalli Rampura",0000374439,0007407218,250121243,"Deep Tubewell","Ground Water",NA,"TFC190316 Drilling of Borewell  at K.Rampura Habitation Chunchanakuppe GP Bangalore South Taluk",2016-2017,2.14000,2.13000,"12 Apr 2016","28 Feb 2018",2024-06-07
Karnataka,"Bengaluru Urban","Bangalore South",Chikkanahalli,Mayasandra,Mayasandra,0000374483,0007407226,250121255,"Deep Tubewell","Ground Water","village limit","TFC190316 Drilling of Borewell  at Mayasandra Habitation Chikkanahalli GP Bangalore South Taluk",2016-2017,1.60000,1.59461,"12 Apr 2016","28 Feb 2018",2024-06-07
Karnataka,"Bengaluru Urban","Bangalore South",Nelaguli,Gudipalya,Gudipalya,0000374097,0007407229,250121258,"Deep Tubewell","Ground Water","village limit","TFC190316 Drilling of Borewell at Gudipalya Habitation Somanahalli GP Bangalore South Taluk",2016-2017,1.45000,1.45000,"12 Apr 2016","28 Feb 2018",2024-06-07
Karnataka,"Bengaluru Urban","Bangalore South",Somanahalli,Somanahalli,Rameshnagar,0000374092,0007407230,250121259,"Deep Tubewell","Ground Water","village limit","TFC190316 Drilling of Borewell at Rameshnagar Habitation Somanahalli GP Bangalore South Taluk",2016-2017,2.24000,2.23000,"12 Apr 2016","28 Feb 2018",2024-06-07
Karnataka,"Bengaluru Urban","Bangalore South",Kaggalipura,Uttari,Uttari,0000374054,0007407232,250121261,"Deep Tubewell","Ground Water","village limit","TFC190316 Drilling of Borewell at Huttari Habitation Kaggalipura GP Bangalore South Taluk",2016-2017,2.00000,2.00000,"12 Apr 2016","02 Sep 2016",2024-06-07
Karnataka,"Bengaluru Urban","Bangalore South",Tavarekere,"T Jettipalya A","Tavarekere Jattipalya",0000374385,0007407235,250121264,"Deep Tubewell","Ground Water","Village limit","TFC190316 Drilling of Borewell at Jattipalya Habitation Taverekere GP Bangalore South Taluk",2016-2017,2.10000,1.99400,"12 Apr 2016","28 Feb 2018",2024-06-07
Karnataka,"Bengaluru Urban","Bangalore South",Chunchanakuppe,Kethohalli,Kethohalli,0000374433,0007407240,250121267,"Deep Tubewell","Ground Water","village limit","TFC190316 Drilling of Borewell at Kethohalli Habitation in Chunchuguppe GP Bangalore South Taluk",2016-2017,1.96000,1.96000,"12 Apr 2016","02 Sep 2016",2024-06-07
Karnataka,"Bengaluru Urban","Bangalore South","Dodda Thogur","Dodda Thogur","Dodda Thogur",0000373963,0007407290,250121292,"Deep Tubewell","Ground Water","Near nala","TFC190316 Drilling of Borewell at DoddaThuguru Habitation, DoddaThuguru GP, South Taluk",2016-2017,4.60000,4.60000,"12 Apr 2016","02 Sep 2016",2024-06-07
Karnataka,"Bengaluru Urban","Bangalore South",Chikkanahalli,Kurubarapalya,Kurubarapalya,0000374485,0007525793,250141557,"Deep Tubewell","Ground Water","Village Limit","G Revival of MWS Scheme at Kurubarapalya Vllage , Bangalore South Taluk.",2016-2017,7.00000,0.00000,"01 Sep 2016","03 May 2023",2024-06-07
Karnataka,"Bengaluru Urban","Bangalore South",Channenahalli,Kurubarahalli,Kurubarahalli,0000374388,0007525799,250141563,"Deep Tubewell","Ground Water","village limit","G Revival of MWS Scheme at Kurubarahalli Habitation, Tavarekere GP, Bangalore South taluk",2016-2017,8.00000,8.28745,"01 Sep 2016","31 Jan 2019",2024-06-07
Karnataka,"Bengaluru Urban","Bangalore South",Ajjanahalli,Kallupalya,Kallupalya,0000374460,0007526034,250141784,"Deep Tubewell","Ground Water","village limit","G Revival of MWS scheme at Kallupalya Habitation,Chikkanahalli GP, Bangalore south taluk",2016-2017,8.00000,2.28920,"01 Sep 2016","31 Jan 2019",2024-06-07
Karnataka,"Bengaluru Urban","Bangalore South",Sullikere,Dhananayakanahalli,Dhananayakanahalli,0000374215,0007526278,250142009,"Deep Tubewell","Ground Water","Village Limit","SCP  Revival of MWS Scheme At Dananayakanahalli Habitation , Sulikere GP, Bagalore South",2016-2017,7.00000,6.57462,"01 Sep 2016","31 Mar 2018",2024-06-07
Karnataka,"Bengaluru Urban","Bangalore South",Channenahalli,Chikkannanapalya,Chikkananapalya,0000374395,0005587888,5547799,"Deep Tubewell","Ground Water","Village limit","Revival of MWS Scheme",2013-2014,5.00000,4.48686,"15 Sep 2013","20 Mar 2014",2024-06-07
Karnataka,"Bengaluru Urban","Bangalore South",Tavarekere,Tavarekere,Tavarekere,0000374379,0005588011,5547947,"Deep Tubewell","Ground Water","Village limit","Improvements to Water Supply Scheme",2013-2014,15.00000,14.80005,"10 Sep 2013","03 Mar 2014",2024-06-07
Karnataka,"Bengaluru Urban","Bangalore South","Dodda Thogur",Homadevanahalli,Homadevanahalli,0000373972,0005588039,5548012,"Deep Tubewell","Ground Water","Village limit","Improvements to Water Supply Scheme",2013-2014,15.00000,14.92727,"10 Sep 2013","03 Mar 2014",2024-06-07
Karnataka,"Bengaluru Urban","Bangalore South",Kumbalagodu,Kambipura,"Kambipura Colony",0000374182,0005589402,5549715,"Deep Tubewell","Ground Water","Village limit","Revival of MWS Scheme",2013-2014,5.00000,5.17425,"05 Sep 2013","18 Mar 2014",2024-06-07
Karnataka,"Bengaluru Urban","Bangalore South",Kumbalagodu,Kambipura,Kambipura,0000374180,0005595437,5555404,"Deep Tubewell","Ground Water","School limit","Drinking Water Facility to School",2013-2014,1.00000,0.99376,"10 Oct 2013","18 Mar 2014",2024-06-07
Karnataka,"Bengaluru Urban","Bangalore South",Channenahalli,Chennanahalli,Chennanahalli,0000374399,0005626370,5591350,"Deep Tubewell","Ground Water","Village limit","Drinking Water Facility to Anganawadi",2013-2014,1.00000,0.99777,"18 Sep 2013","06 Oct 2014",2024-06-07
Karnataka,"Bengaluru Urban","Bangalore South",Tavarekere,Tavarekere,"Chikka Kariappanapal",0001622950,0005626412,5591394,"Deep Tubewell","Ground Water","Village limit","Drinking Water Facility to Anganawadi",2013-2014,1.00000,0.99898,"25 Sep 2013","18 Mar 2014",2024-06-07
Karnataka,"Bengaluru Urban","Bangalore South",Cholanayakanahalli,Metipalya,Metipalya,0000374413,0005626508,5591501,"Deep Tubewell","Ground Water","Village limit","Drinking Water Facility to Anganawadi",2013-2014,1.00000,0.99258,"22 Sep 2013","20 Mar 2014",2024-06-07
Karnataka,"Bengaluru Urban","Bangalore South",Cholanayakanahalli,Cholanayakanahalli,Cholanayakanahalli,0000374414,0005626529,5591525,"Deep Tubewell","Ground Water","Village limit","G Drinking Water Facility to Anganawadi",2013-2014,1.00000,0.99397,"22 Sep 2013","31 Mar 2017",2024-06-07
Karnataka,"Bengaluru Urban","Bangalore South",Somanahalli,Somanahalli,Somanahalli,0000374089,0005626966,5592099,"Deep Tubewell","Ground Water","Village limit","Drinking Water Facility to Anganawadi",2013-2014,1.00000,0.99974,"22 Sep 2013","20 Mar 2014",2024-06-07
Karnataka,"Bengaluru Urban","Bangalore South","K. Golahalli","K. Gollahalli","K. Gollahalli",0000374164,0005627184,5592345,"Deep Tubewell","Ground Water","Village limit","Drinking Water Facility to Anganawadi",2013-2014,1.00000,0.99822,"15 Sep 2013","20 Mar 2014",2024-06-07
Karnataka,"Bengaluru Urban","Bangalore South",Ramohalli,Challaghatta,Challaghatta,0000374189,0005627447,5592670,"Deep Tubewell","Ground Water","Village limit","Drinking Water Facility to Anganawadi",2013-2014,1.00000,0.99984,"25 Sep 2013","20 Mar 2014",2024-06-07
Karnataka,"Bengaluru Urban","Bangalore South","H. Gollahalli",Katanayakanapura,Katanayakanapura,0000374116,0005627486,5592709,"Deep Tubewell","Ground Water","Village limit","Drinking Water Facility to Anganawadi",2013-2014,1.00000,0.99881,"18 Sep 2013","20 Mar 2014",2024-06-07
Karnataka,"Bengaluru Urban","Bangalore South",Chunchanakuppe,Subbarayappanapalya,"Subbarayappanapalya A",0000374452,0005627703,5592948,"Deep Tubewell","Ground Water","Village limit","Drinking Water Facility to Anganawadi",2013-2014,1.00000,0.95002,"22 Sep 2013","03 Feb 2014",2024-06-07
Karnataka,"Bengaluru Urban","Bangalore South",Chikkanahalli,Dodderi,"D. Karriyappanapalya",0000374479,0005642311,5602494,"Deep Tubewell","Ground Water","Village limit","Revival of MWS Scheme",2013-2014,5.00000,4.97786,"15 Sep 2013","19 Jan 2015",2024-06-07
Karnataka,"Bengaluru Urban","Bangalore South",Somanahalli,Sunkadakatte,Sunkadakatte,0001622948,0006374311,250034808,"Deep Tubewell","Ground Water","Village limit","Revival of MWS Scheme",2013-2014,6.00000,5.79829,"29 Apr 2014","14 Jan 2015",2024-06-07
Karnataka,"Bengaluru Urban","Bangalore South",Somanahalli,Vaddarapalya,Gadipalya,0000374081,0006374312,250065457,"Deep Tubewell","Ground Water","Colony Limit","G Revival of MWS Scheme",2013-2014,6.00000,6.00000,"27 Apr 2014","10 Feb 2015",2024-06-07
Karnataka,"Bengaluru Urban","Bangalore South",Chunchanakuppe,Chunchanakuppe,Chunchanakuppe,0000374434,0006670916,250068572,"Deep Tubewell","Ground Water","Colony limit","SCP Improvements to Water Supply Scheme",2014-2015,10.00000,7.38992,"25 Sep 2014","31 Dec 2018",2024-06-07
Karnataka,"Bengaluru Urban","Bangalore South",Agara,Vaderahalli,"Vadderahalli Colony",0000374134,0006670948,250069082,"Deep Tubewell","Ground Water","Colony limit","G Revival of MWS Scheme",2014-2015,7.00000,4.90624,"22 Sep 2014","01 Nov 2015",2024-06-07
Karnataka,"Bengaluru Urban","Bangalore South",Chunchanakuppe,Chunchanakuppe,Chunchanakuppe,0000374434,0006671110,250069089,"Deep Tubewell","Ground Water","Colony limit","SCP Individual House Connections",2014-2015,6.40000,3.48533,"25 Sep 2014","31 Dec 2018",2024-06-07
Karnataka,"Bengaluru Urban","Bangalore South",Sullikere,Hosabyrohalli,Hosabyrahalli,0000374207,0006671186,250068818,"Deep Tubewell","Ground Water","Colony limit","G Individual House Connections",2014-2015,1.80000,1.59523,"25 Sep 2014","31 Dec 2018",2024-06-07
Karnataka,"Bengaluru Urban","Bangalore South",Agara,Thataguni,Kumbegowdanapalya,0000374130,0006671213,250068843,"Deep Tubewell","Ground Water","Colony limit","G Individual House Connections",2014-2015,4.30000,4.16688,"20 Sep 2014","31 Mar 2016",2024-06-07
Karnataka,"Bengaluru Urban","Bangalore South","H. Gollahalli",Rachamanamadu,Rachamanamadu,0000374124,0006671284,250068914,"Deep Tubewell","Ground Water","Colony limit","G Individual House Connections",2014-2015,1.95000,1.79768,"15 Sep 2014","31 Mar 2016",2024-06-07
Karnataka,"Bengaluru Urban","Bangalore South","Konappana Agrahara","Konappana Agrahara","Konappana Agrahara",0000373978,0006686071,250073525,"Deep Tubewell","Ground Water","Village limit","Drilling of Borewell",2014-2015,1.85000,0.00000,"19 Jul 2014","25 Oct 2014",2024-06-07
Karnataka,"Bengaluru Urban","Bangalore South",Chunchanakuppe,Sheshigiripura,Sheshigiripura,0000374451,0006686443,250073723,Openwell,"Ground Water","At Doddanna Layout","Drilling of Borewell",2014-2015,1.01000,1.00603,"19 Jul 2014","07 Aug 2014",2024-06-07
Karnataka,"Bengaluru Urban","Bangalore South","K. Golahalli",Thippur,Lingapura,0000374152,0006686457,250073729,"Deep Tubewell","Ground Water","Village limit","Drilling of Borewell",2014-2015,1.05000,1.04779,"19 Jul 2014","05 Aug 2014",2024-06-07
Karnataka,"Bengaluru Urban","Bangalore South",Chikkanahalli,Dodderi,"Guru Bhovi Palya",0000374480,0006686478,250073737,"Deep Tubewell","Ground Water","Village limit","Drilling of Borewell",2014-2015,1.47000,1.46551,"19 Jul 2014","08 Aug 2014",2024-06-07
Karnataka,"Bengaluru Urban","Bangalore South",Chunchanakuppe,Kolur,"Kolur Nanjapura",0000374447,0006686481,250073738,"Deep Tubewell","Ground Water","At Nanjundapura Village","Drilling of Borewell",2014-2015,1.28000,1.27762,"19 Jul 2014","07 Aug 2014",2024-06-07
Karnataka,"Bengaluru Urban","Bangalore South",Chikkanahalli,Chikkanahalli,Chikkanahalli,0000374222,0006686495,250073742,"Deep Tubewell","Ground Water","Village limit","Drilling of Borewell",2014-2015,1.61000,1.42842,"19 Jul 2014","31 Mar 2015",2024-06-07
Karnataka,"Bengaluru Urban","Bangalore South",Chunchanakuppe,Kethohalli,Kethohalli,0000374433,0006686506,250073748,"Deep Tubewell","Ground Water","Village limit","Drilling of Borewell",2014-2015,1.69000,0.00000,"19 Jul 2014","20 Oct 2014",2024-06-07
Karnataka,"Bengaluru Urban","Bangalore South",Chunchanakuppe,Punagamaranahalli,Punagamaranahalli,0000374431,0006686508,250073749,"Deep Tubewell","Ground Water","Village limit","Drilling of Borewell",2014-2015,1.79000,1.76283,"19 Jul 2014","06 Aug 2014",2024-06-07
Karnataka,"Bengaluru Urban","Bangalore South",Ramohalli,Ramohalli,Ramohalli,0000374192,0006686513,250073751,"Deep Tubewell","Ground Water","Village limit","Drilling of Borewell",2014-2015,1.72000,0.00000,"19 Jul 2014","20 Oct 2014",2024-06-07
Karnataka,"Bengaluru Urban","Bangalore South",Chikkanahalli,Dodderi,Dodderi,0000374476,0005642504,5602700,"Deep Tubewell","Ground Water","Village limit","G Revival of MWS Scheme",2013-2014,5.00000,5.08297,"15 Sep 2013","30 Nov 2015",2024-06-07
Karnataka,"Bengaluru Urban","Bangalore South",Cholanayakanahalli,Varthur,Varthur,0000374412,0005656801,5619720,"Deep Tubewell","Ground Water","Near colony","Revival of PWS Scheme",2013-2014,5.00000,5.02960,"15 Sep 2013","21 Jul 2014",2024-06-07
Karnataka,"Bengaluru Urban","Bangalore South",Nelaguli,"Kere Choodahalli","Bovi Colony",0000374098,0005785473,250003896,"Deep Tubewell","Ground Water","Village limit","Revival of MWS Scheme",2013-2014,5.00000,5.15206,"10 Sep 2013","02 Dec 2013",2024-06-07
Karnataka,"Bengaluru Urban","Bangalore South",Nelaguli,Ravugodlu,Ravugodlu,0000374101,0005785511,250003906,"Deep Tubewell","Ground Water","Village limit","Revival of MWS Scheme",2013-2014,5.00000,4.89923,"10 Sep 2013","31 Jan 2014",2024-06-07
Karnataka,"Bengaluru Urban","Bangalore South",Agara,Thataguni,Kumbegowdanapalya,0000374130,0005814662,250006839,"Deep Tubewell","Ground Water","Village limit","Revival of MWS Scheme",2013-2014,5.00000,5.04782,"15 Sep 2013","25 Mar 2014",2024-06-07
Karnataka,"Bengaluru Urban","Bangalore South",Somanahalli,Somanahalli,Rameshnagar,0000374092,0005814664,250006841,"Deep Tubewell","Ground Water","Near colony","G Revival of MWS Scheme",2013-2014,5.00000,3.24341,"15 Sep 2013","02 Dec 2013",2024-06-07
Karnataka,"Bengaluru Urban","Bangalore South",Somanahalli,Somanahalli,Rameshnagar,0000374092,0005814664,250064909,"Deep Tubewell","Ground Water","Colony limit","G Revival of MWS Scheme",2013-2014,5.00000,3.24341,"15 Sep 2013","02 Dec 2013",2024-06-07
Karnataka,"Bengaluru Urban","Bangalore South",Channenahalli,Kurubarahalli,Kurubarahalli,0000374388,0005814666,250006842,"Deep Tubewell","Ground Water","Village limit","Revival of MWS Scheme",2013-2014,5.00000,4.95086,"15 Sep 2013","25 Mar 2014",2024-06-07
Karnataka,"Bengaluru Urban","Bangalore South",Tavarekere,Muddaiahanapalya,Muddaiahanapalya,0000374396,0005814667,250006843,"Deep Tubewell","Ground Water","Village limit","Revival of MWS Scheme",2013-2014,5.00000,4.68577,"15 Sep 2013","07 Jan 2014",2024-06-07
Karnataka,"Bengaluru Urban","Bangalore South","H. Gollahalli",Doddabele,Doddabele,0000374113,0006133815,250020864,"Deep Tubewell","Ground Water","Village limit","Drilling of Borewell",2013-2014,1.32000,1.31950,"25 Jul 2013","01 Mar 2014",2024-06-07
Karnataka,"Bengaluru Urban","Bangalore South",Agara,Thataguni,Badamanavarthekaval,0000374127,0006134220,250020941,"Deep Tubewell","Ground Water","Shivakumaraswamy nagara","Drilling of Borewell",2013-2014,1.65000,1.64980,"28 Jun 2013","01 Mar 2014",2024-06-07
Karnataka,"Bengaluru Urban","Bangalore South",Ramohalli,Challaghatta,Challaghatta,0000374189,0006134270,250020950,"Deep Tubewell","Ground Water","Village limit","Drilling of Borewell",2013-2014,0.98000,0.97950,"11 Jul 2013","03 Mar 2014",2024-06-07
Karnataka,"Bengaluru Urban","Bangalore South",Chunchanakuppe,Karekalpalya,Karekalpalya,0000374402,0006134280,250020952,"Deep Tubewell","Ground Water","Village limit","Drilling of Borewell",2013-2014,0.87000,0.86950,"11 Jul 2013","01 Mar 2014",2024-06-07
Karnataka,"Bengaluru Urban","Bangalore South",Ramohalli,Ramohalli,Ramohalli,0000374192,0006139544,250022404,"Deep Tubewell","Ground Water",NA,"Providing shelter to pure drinking water plant Ramohalli  habitation",2013-2014,5.33000,4.00000,"08 Nov 2013","31 Dec 2013",2024-06-07
Karnataka,"Bengaluru Urban","Bangalore South",Agara,Agara,Thimmegowdanapalya,0000374139,0006374254,250034759,"Deep Tubewell","Ground Water","Villlage limit","Revival of MWS Scheme",2013-2014,6.00000,5.91056,"25 Apr 2014","08 Sep 2014",2024-06-07
Karnataka,"Bengaluru Urban","Bangalore South",Ajjanahalli,Huluvenahalli,Kodlipalya,0000374459,0006374260,250034764,"Deep Tubewell","Ground Water","Village limit","Revival of MWS Scheme",2013-2014,6.00000,5.97653,"27 Apr 2014","01 Mar 2015",2024-06-07
Karnataka,"Bengaluru Urban","Bangalore South",Chunchanakuppe,Kolur,"Kolur Shed",0000374442,0006374280,250034780,"Deep Tubewell","Ground Water","Village limit","Revival of MWS Scheme",2013-2014,6.00000,0.00000,"28 Apr 2014","29 Aug 2014",2024-06-07
Karnataka,"Bengaluru Urban","Bangalore South",Taralu,Taralu,Gopalapura,0000374075,0007526934,250142623,"Deep Tubewell","Ground Water","village limit","G Revival of MWS scheme at Gopalpura Habitation,Taralu GP, Bangalore south taluk",2016-2017,8.00000,2.10048,"01 Sep 2016","31 Jan 2019",2024-06-07
Karnataka,"Bengaluru Urban","Bangalore South",Kaggalipura,Udipalya,Udipalya,0000374062,0007528604,250143959,"Deep Tubewell","Ground Water","Near Village main road","G Providing Piped water Supply Scheme(Construction of OHT) at  Udipalya Habitation, Kaggalipura GP, Bangalore South Taluk.",2016-2017,25.00000,22.48811,"30 Sep 2016","03 May 2023",2024-06-07
Karnataka,"Bengaluru Urban","Bangalore South",Agara,Anepalya,Anepalya,0000374128,0007528907,250144238,"Deep Tubewell","Ground Water","Near Village main road","SCP Revival of MWS Scheme  at Anepalya Habitation, Agara GP, Bangalore South",2016-2017,8.00000,6.93304,"30 Sep 2016","31 Dec 2018",2024-06-07
Karnataka,"Bengaluru Urban","Bangalore South",Taralu,Taralu,"Taralu Estate Colony",0000374073,0007530039,250145416,"Deep Tubewell","Ground Water","village limit","G Revival of MWS scheme at Taralu Estate Colony Habitation,Taralu GP, Bangalore south taluk",2016-2017,10.00000,10.00642,"01 Sep 2016","31 Jan 2019",2024-06-07
Karnataka,"Bengaluru Urban","Bangalore South","Dodda Thogur","Dodda Thogur","Dodda Thogur",0000373963,0007530874,250146196,"Deep Tubewell","Ground Water","Near Main Road","SCP Revival of PWS Scheme and House Hold Connection HH 50 at Doddathoguru Habitation in Doddathoguru G.P, Bangalore South Taluk.",2016-2017,15.00000,9.02431,"30 Sep 2016","31 Jan 2019",2024-06-07
Karnataka,"Bengaluru Urban","Bangalore South","Dodda Thogur",Vittasandra,Vittasandra,0000373958,0007530909,250146233,"Deep Tubewell","Ground Water","Near Main Road","SCP Revival of MWS Scheme and House Hold Connection HH 30 at Vittasandra Habitation in Doddathoguru G.P, Bangalore South Taluk.",2016-2017,24.00000,20.79047,"30 Sep 2016","31 Dec 2018",2024-06-07
Karnataka,"Bengaluru Urban","Bangalore South",Nelaguli,Bolaare,Bolare,0000374085,0007531280,250146569,"Deep Tubewell","Ground Water","Near Village Main road","TSP Revival of PWS Scheme and House Hold Connection(SAGY) (HH 10) at Bolare Habitation,  Somanahalli G.P.,Bangalore South Taluk.",2016-2017,6.00000,5.12853,"30 Sep 2016","31 Dec 2018",2024-06-07
Karnataka,"Bengaluru Urban","Bangalore South",Cholanayakanahalli,Kempegowdanahalli,Yellapanapalya,0000374423,0007531601,250146856,"Deep Tubewell","Ground Water","Near Village Main road","TSP Revival of MWS Scheme and House Hold Connection(HH 15) at Yallappanapalya  Habitation, Cholayanakanahalii G.P.,Bangalore South Taluk.",2016-2017,6.00000,5.19795,"30 Sep 2016","31 Dec 2018",2024-06-07
Karnataka,"Bengaluru Urban","Bangalore South",Channenahalli,Chennanahalli,Chennanahalli,0000374399,0007532033,250147222,"Deep Tubewell","Ground Water","village limit","G Revival of PWS scheme at Channenahalli Habitation,Tavarekere GP, Bangalore south taluk",2016-2017,8.00000,3.47884,"01 Sep 2016","31 Jan 2019",2024-06-07
Karnataka,"Bengaluru Urban","Bangalore South",Chikkanahalli,Sulivara,Sulivara,0000374473,0007532559,250147702,"Deep Tubewell","Ground Water","Tank Bed","G Quality Affected Revival of MWS Scheme at Sulivara Habitation, Chikkanahalli  GP, Bangalore South.",2016-2017,6.00000,2.98788,"30 Sep 2016","31 Mar 2019",2024-06-07
Karnataka,"Bengaluru Urban","Bangalore South","K. Golahalli",Thippur,"Thippur Akc",0000374154,0007532571,250147714,"Deep Tubewell","Ground Water","village limit","G Revival of MWS scheme at Thippuru AKC Habitation, K Gollahalli GP, Bangalore south taluk",2016-2017,7.00000,6.19882,"01 Sep 2016","31 Dec 2018",2024-06-07
Karnataka,"Bengaluru Urban","Bangalore South",Chunchanakuppe,Doddamaranahalli,Doddamaranahalli,0000374401,0007533218,250148457,"Deep Tubewell","Ground Water","Near Lake","G Revival of PWS Scheme at Doddamaranahalli Habitation,Chunchanakuppe GP, Bangalore south taluk",2016-2017,10.00000,8.86513,"30 Sep 2016","31 Dec 2018",2024-06-07
Karnataka,"Bengaluru Urban","Bangalore South",Sullikere,Sulikerepalya,Sullikerepalya,0000374212,0007573650,250170492,"Deep Tubewell","Ground Water","Village limit","TFC221116 Drilling of Borewell at Sullikerepalya habitation, Sullikere GP, Bangalore South Taluk",2016-2017,1.24000,1.23684,"15 Jan 2017","28 Feb 2018",2024-06-07
Karnataka,"Bengaluru Urban","Bangalore South",Agara,Saladoddi,Saladoddi,0000374143,0000014029,123174,"Deep Tubewell","Ground Water","Road side",Saladoddi,2005-2006,13.40000,12.84000,"01 Jan 2005","01 Jan 2006",2024-06-07
Karnataka,"Bengaluru Urban","Bangalore South","Dodda Thogur","Dodda Thogur","Dodda Thogur",0000373963,0000444768,124452,"Deep Tubewell","Ground Water",NA,PWSS,2007-2008,2.00000,1.95000,"21 Nov 2007","21 Mar 2008",2024-06-07
Karnataka,"Bengaluru Urban","Bangalore South","K. Golahalli",Tagachaguppe,Tagachaguppe,0000374174,0000547855,124787,"Deep Tubewell","Ground Water",NA,villagelimit,2006-2007,3.00000,2.97000,"20 Sep 2006","21 Feb 2007",2024-06-07
Karnataka,"Bengaluru Urban","Bangalore South",Taralu,Thattaguppe,Thattaguppe,0000374077,0000444749,125023,"Deep Tubewell","Ground Water",NA,"village limit",2007-2008,4.00000,3.10000,"06 Nov 2007","15 Jul 2008",2024-06-07
Karnataka,"Bengaluru Urban","Bangalore South",Taralu,Thattaguppe,Thattaguppe,0000374077,0000548930,125160,"Deep Tubewell","Ground Water",NA,VILLAGELIMIT,2007-2008,4.00000,3.30000,"19 Sep 2007","20 Mar 2008",2024-06-07
Karnataka,"Bengaluru Urban","Bangalore South",Cholanayakanahalli,Nagenahalli,Nagenahalli,0000374427,0000444765,125492,"Deep Tubewell","Ground Water",NA,"village limit",2007-2008,0.70000,0.23000,"24 Oct 2007","23 Jul 2008",2024-06-07
Karnataka,"Bengaluru Urban","Bangalore South",Ajjanahalli,Byalalu,Byalalu,0000374474,0000548849,125889,"Deep Tubewell","Ground Water","Near Lake",VILLAGELIMIT,2006-2007,3.00000,2.72000,"18 Oct 2006","19 Feb 2008",2024-06-07
Karnataka,"Bengaluru Urban","Bangalore South",Taralu,Vaasudevapura,Vasudevapura,0000374067,0000548711,126061,"Deep Tubewell","Ground Water",NA,villagelimit,2006-2007,3.00000,2.78000,"23 Aug 2006","20 Feb 2008",2024-06-07
Karnataka,"Bengaluru Urban","Bangalore South",Kaggalipura,Gandhinagara,Gandhinagara,0000374061,0000907840,126266,"Deep Tubewell","Ground Water",NA,"pattareddypalya village",2007-2008,15.00000,3.14000,"01 Jan 1900","01 Jan 1900",2024-06-07
Karnataka,"Bengaluru Urban","Bangalore South",Ajjanahalli,Ankaiahnapalya,Ankaiahanapalya,0000374467,0000547867,126786,"Deep Tubewell","Ground Water",NA,villagelimit,2006-2007,12.00000,9.98000,"09 Oct 2007","17 Jun 2008",2024-06-07
Karnataka,"Bengaluru Urban","Bangalore South","Konappana Agrahara",Govindashettipalya,Govindashettipalya,0000373979,0000771637,127342,"Deep Tubewell","Ground Water",NA,"village limit",2006-2007,12.90000,13.75000,"20 Sep 2007","25 Sep 2008",2024-06-07
Karnataka,"Bengaluru Urban","Bangalore South",Sullikere,"K. Krishnasagara","K. Krishnasagara",0000374198,0000444755,128098,"Deep Tubewell","Ground Water",NA,MWSS,2007-2008,3.00000,0.00000,"15 Nov 2007","12 Mar 2008",2024-06-07
Karnataka,"Bengaluru Urban","Bangalore South",Kaggalipura,Kaggalipura,Kaggalipura,0000374057,0000547608,128212,"Deep Tubewell","Ground Water",NA,villagelimit,2006-2007,12.00000,7.46000,"09 Aug 2006","13 Dec 2006",2024-06-07
Karnataka,"Bengaluru Urban","Bangalore South",Ajjanahalli,"Chandrappa Circle","Chandrappa Circle",0000374465,0006999935,128372,"Deep Tubewell","Ground Water","Near Hospital opposite road","G TFC050515 Erection of Pumpset with Pipe line and energisation to existing Borewell at Chandrappa Circle Habitation,  Chikkanahalli G.P",2015-2016,5.00000,4.33840,"21 Jul 2015","31 Mar 2016",2024-06-07
Karnataka,"Bengaluru Urban","Bangalore South",Ajjanahalli,Madapatna,Alamanapalya,0000374472,0000548342,128824,"Deep Tubewell","Ground Water",NA,villagelimit,2006-2007,3.00000,3.00000,"07 Sep 2006","03 Jan 2008",2024-06-07
Karnataka,"Bengaluru Urban","Bangalore South",Chikkanahalli,Sulivara,Sulivara,0000374473,0000548235,129615,"Deep Tubewell","Ground Water",NA,villagelimit,2006-2007,3.00000,3.00000,"13 Feb 2007","19 Dec 2007",2024-06-07
Karnataka,"Bengaluru Urban","Bangalore South",Agara,Hosapalya,Hosapalya,0000374146,0000444718,135832,"Deep Tubewell","Ground Water",NA,"village limit",2007-2008,4.00000,0.01500,"16 Nov 2007","30 Jul 2008",2024-06-07
Karnataka,"Bengaluru Urban","Bangalore South",Sullikere,Kenchanapura,Kenchanapura,0000374213,0001752696,1501206,"Deep Tubewell","Ground Water","WW  of Kenchanapura","Near Marappa house",2007-2008,4.70000,2.90000,"03 Jan 2009","30 May 2010",2024-06-07
Karnataka,"Bengaluru Urban","Bangalore South",Cholanayakanahalli,Cholanayakanahalli,Channamaraiahanapalya,0000374417,0005235048,5179359,"Deep Tubewell","Ground Water","Village limit","Drilling of BW",2012-2013,1.50000,0.00000,"16 Jan 2013","20 Feb 2013",2024-06-07
Karnataka,"Bengaluru Urban","Bangalore South",Cholanayakanahalli,Kempegowdanahalli,Kempegowdanahalli,0000374422,0005235052,5179363,"Deep Tubewell","Ground Water","Village limit","Revival of MWS",2012-2013,5.00000,4.40007,"07 Jan 2013","20 Mar 2013",2024-06-07
Karnataka,"Bengaluru Urban","Bangalore South",Agara,Agara,"Agara Jhc",0000374138,0005235055,5179366,"Deep Tubewell","Ground Water","Agara Navagrama","Drilling of BW",2012-2013,1.50000,0.00000,"16 Jan 2013","15 Feb 2013",2024-06-07
Karnataka,"Bengaluru Urban","Bangalore South",Agara,Agara,Agara,0000374137,0005235058,5179369,"Deep Tubewell","Ground Water","Village limit","Revival of PWS",2012-2013,1.00000,1.36630,"07 Jan 2013","20 Mar 2013",2024-06-07
Karnataka,"Bengaluru Urban","Bangalore South",Agara,Lakshmipura,Lakshmipura,0000374142,0005235065,5179376,"Deep Tubewell","Ground Water","Laksmipura gate","Revival of MWS",2012-2013,5.00000,5.00516,"16 Jan 2013","15 Mar 2013",2024-06-07
Karnataka,"Bengaluru Urban","Bangalore South",Taralu,Taralu,Taralu,0000374070,0005235070,5179381,"Deep Tubewell","Ground Water","Village limit","Revival of PWS",2012-2013,3.10000,3.09195,"07 Jan 2013","20 Mar 2013",2024-06-07
Karnataka,"Bengaluru Urban","Bangalore South",Taralu,Gulakamale,Gulakamale,0000374066,0005235073,5179384,"Deep Tubewell","Ground Water","Village limit","Revival of PWS",2012-2013,4.30000,4.29974,"07 Jan 2013","20 Mar 2013",2024-06-07
Karnataka,"Bengaluru Urban","Bangalore South",Kaggalipura,Dinnepalya,Dinnepalya,0000374055,0005235078,5179389,"Deep Tubewell","Ground Water","Village limit","Revival of MWS",2012-2013,5.00000,4.99998,"07 Jan 2013","20 Mar 2013",2024-06-07
Karnataka,"Bengaluru Urban","Bangalore South",Kaggalipura,Dinnepalya,Dinnepalya,0000374055,0005235080,5179391,"Deep Tubewell","Ground Water","Village limit","Revival of MWS",2012-2013,5.00000,0.00000,"07 Jan 2013","20 Mar 2013",2024-06-07
Karnataka,"Bengaluru Urban","Bangalore South","Dodda Thogur",Mailasandra,Mailasandra,0000373955,0005235085,5179396,"Deep Tubewell","Ground Water","Village limit","Revival of PWS",2012-2013,10.75000,9.98914,"07 Jan 2013","20 Mar 2013",2024-06-07
Karnataka,"Bengaluru Urban","Bangalore South","Dodda Thogur",Bettadasanapura,Bettadasanapura,0000373960,0005235091,5179402,"Deep Tubewell","Ground Water",Vaddarapalya,"Revival of MWS",2012-2013,5.00000,4.84278,"07 Jan 2013","20 Mar 2013",2024-06-07
Karnataka,"Bengaluru Urban","Bangalore South","Konappana Agrahara","Konappana Agrahara","Konappana Agrahara",0000373978,0005235102,5179413,"Deep Tubewell","Ground Water","Village limit","Revival of PWS",2012-2013,6.10000,6.09870,"07 Jan 2013","20 Mar 2013",2024-06-07
Karnataka,"Bengaluru Urban","Bangalore South",Kaggalipura,"O.b. Choodahalli","O.b. Choodahalli",0000374065,0005355866,5292478,"Deep Tubewell","Ground Water","Village limit","Drilling of BW",2012-2013,1.00000,1.10890,"19 Mar 2013","31 Mar 2013",2024-06-07
Karnataka,"Bengaluru Urban","Bangalore South",Agara,Thataguni,Tataguni,0000374141,0005355873,5292485,"Deep Tubewell","Ground Water","Thathaguni Colony","Drilling of BW",2012-2013,1.00000,1.37495,"19 Mar 2013","31 Mar 2013",2024-06-07
Karnataka,"Bengaluru Urban","Bangalore South",Agara,Lakshmipura,Lakshmipura,0000374142,0005355881,5292493,"Deep Tubewell","Ground Water",Chowdeswarinagara,"Drilling of BW",2012-2013,1.00000,1.07383,"19 Mar 2013","31 Mar 2013",2024-06-07
Karnataka,"Bengaluru Urban","Bangalore South",Chunchanakuppe,Karekalpalya,Karekalpalya,0000374402,0005359204,5295821,"Deep Tubewell","Ground Water","Village Limits","Drilling of BW",2012-2013,1.00000,1.07701,"19 Mar 2013","01 Mar 2014",2024-06-07
Karnataka,"Bengaluru Urban","Bangalore South",Kumbalagodu,Kambipura,Kambipura,0000374180,0005359268,5295896,"Deep Tubewell","Ground Water","Village Limits","Drilling of BW",2012-2013,1.00000,0.99800,"19 Mar 2013","20 May 2013",2024-06-07
Karnataka,"Bengaluru Urban","Bangalore South",Somanahalli,Somanahalli,Somanahalli,0000374089,0005359353,5295988,"Deep Tubewell","Ground Water","Somanahalli New Layout","Drilling of BW",2012-2013,1.00000,1.49280,"19 Mar 2013","31 Mar 2013",2024-06-07
Karnataka,"Bengaluru Urban","Bangalore South",Agara,Agara,Agara,0000374137,0005359390,5296025,"Deep Tubewell","Ground Water","Village Limits","Drilling of BW",2012-2013,1.00000,1.58952,"19 Mar 2013","30 Mar 2013",2024-06-07
Karnataka,"Bengaluru Urban","Bangalore South","K. Golahalli","K. Gollahalli","K. Gollahalli",0000374164,0005359418,5296053,"Deep Tubewell","Ground Water","Village Limits","Drilling of BW",2012-2013,1.00000,1.93940,"19 Mar 2013","03 Mar 2014",2024-06-07
Karnataka,"Bengaluru Urban","Bangalore South",Nelaguli,Veerasandra,Veerasandra,0000374086,0005359558,5296195,"Deep Tubewell","Ground Water","Muneshwara Temple","Drilling of BW",2012-2013,1.00000,1.00000,"19 Mar 2013","31 Mar 2013",2024-06-07
Karnataka,"Bengaluru Urban","Bangalore South",Ramohalli,Ramohalli,Ramohalli,0000374192,0005360199,5296855,"Deep Tubewell","Ground Water","Village limit","Drilling of BW",2012-2013,1.00000,1.70280,"19 Mar 2013","01 Mar 2014",2024-06-07
Karnataka,"Bengaluru Urban","Bangalore South",Channenahalli,Yelachaguppe,Yelachaguppe,0000374392,0004933485,4854361,"Deep Tubewell","Ground Water",GUPS,"School Water Supply",2012-2013,1.00000,0.99958,"10 Sep 2012","15 Mar 2013",2024-06-07
Karnataka,"Bengaluru Urban","Bangalore South",Chunchanakuppe,Lakkaiahnapalya,Lakkaiahanapalya,0000374441,0005221935,5165341,"Deep Tubewell","Ground Water","Colony Road","Revival of MWS",2012-2013,5.00000,0.00000,"16 Jan 2013","25 Mar 2013",2024-06-07
Karnataka,"Bengaluru Urban","Bangalore South",Chunchanakuppe,Lakkaiahnapalya,Lakkaiahanapalya,0000374441,0005221937,5165343,"Deep Tubewell","Ground Water","Colony Road","Revival of MWS",2012-2013,5.00000,0.00000,"16 Jan 2013","25 Mar 2013",2024-06-07
Karnataka,"Bengaluru Urban","Bangalore South",Chunchanakuppe,Kethohalli,Kethohalli,0000374433,0005221944,5165350,"Deep Tubewell","Ground Water","Main road","Revival of MWS",2012-2013,3.50000,3.49568,"16 Jan 2013","15 Mar 2013",2024-06-07
Karnataka,"Bengaluru Urban","Bangalore South",Chunchanakuppe,Chikkelur,Chikkelur,0000374450,0005221951,5165357,"Deep Tubewell","Ground Water","Colony road","Revival of PWS",2012-2013,5.00000,0.00000,"07 Jan 2013","15 Mar 2013",2024-06-07
Karnataka,"Bengaluru Urban","Bangalore South",Chunchanakuppe,"C K Thandya","C.k. Thandya",0000374443,0005221954,5165360,"Deep Tubewell","Ground Water","Village limit","Revival of MWS",2012-2013,6.50000,5.24547,"28 Dec 2012","15 Mar 2013",2024-06-07
Karnataka,"Bengaluru Urban","Bangalore South",Ramohalli,Kodipalya,Kodipalya,0000374193,0006849509,5165368,"Deep Tubewell","Ground Water","Village limit","G TFC 20.10.2014 Errection of Pumpset with Pipe line and Energisation to revival of MWS in KODIPALYA Habitation",2014-2015,2.80000,2.44465,"10 Dec 2014","09 Mar 2015",2024-06-07
Karnataka,"Bengaluru Urban","Bangalore South",Ramohalli,Maligondanahalli,Maligondanahalli,0000374196,0005221964,5165370,"Deep Tubewell","Ground Water","Village limit","Revival of MWS",2012-2013,4.00000,3.92457,"07 Jan 2013","15 Mar 2013",2024-06-07
Karnataka,"Bengaluru Urban","Bangalore South","K. Golahalli",Devegere,Nityanandanagara,0000374170,0005225326,5168812,"Deep Tubewell","Ground Water",Basaveswaranagara,"Revival of MWS",2012-2013,5.00000,5.87988,"07 Jan 2013","03 Mar 2014",2024-06-07
Karnataka,"Bengaluru Urban","Bangalore South","K. Golahalli",Gonipura,Gonipura,0000374158,0005225332,5168819,"Deep Tubewell","Ground Water","Village limit","Revival of MWS",2012-2013,5.00000,4.98598,"07 Jan 2013","20 Mar 2013",2024-06-07
Karnataka,"Bengaluru Urban","Bangalore South",Tavarekere,Halubhovipalya,Halubhovipalya,0000374380,0005225364,5168851,"Deep Tubewell","Ground Water","Village limit","Drilling of BW",2012-2013,1.50000,0.00000,"10 Jan 2013","28 Jan 2013",2024-06-07
Karnataka,"Bengaluru Urban","Bangalore South",Somanahalli,Somanahalli,"Somanahalli Gate",0000374090,0005227904,5171792,"Deep Tubewell","Ground Water","Main road","Revival of MWS",2012-2013,4.50000,4.49568,"16 Jan 2013","20 Mar 2013",2024-06-07
Karnataka,"Bengaluru Urban","Bangalore South",Nelaguli,Nelaguli,Nelaguli,0000374103,0006942162,5171798,"Deep Tubewell","Ground Water","Tank side","SCP TFC130315 Providing and  Erection of Pumpset with Pipe line to Borewell at Nelaguli Habitation,Somanahalli GP, Bangalore South Taluk",2014-2015,4.50000,3.28899,"20 Apr 2015","18 Mar 2016",2024-06-07
Karnataka,"Bengaluru Urban","Bangalore South",Somanahalli,Mukkodlu,Mukkodlu,0000374080,0006849542,5171804,"Deep Tubewell","Ground Water","Colony limit","G TFC 20.10.2014 Errection of Pumpset with Pipe line and Energisation to revival of MWS in MUKKODLU Habitation",2014-2015,3.00000,2.28141,"10 Dec 2014","01 Aug 2015",2024-06-07
Karnataka,"Bengaluru Urban","Bangalore South",Nelaguli,Ravugodlu,"Ravugodlu Bovi Colony",0000374102,0005227917,5171805,"Deep Tubewell","Ground Water","Towards Main village","Revival of MWS",2012-2013,1.00000,0.99178,"16 Jan 2013","13 Mar 2013",2024-06-07
Karnataka,"Bengaluru Urban","Bangalore South","H. Gollahalli","H. Gollahalli","H. Gollahalli",0000374115,0005227922,5171810,"Deep Tubewell","Ground Water","New extension","Revival of PWS",2012-2013,5.00000,4.99996,"07 Jan 2013","20 Mar 2013",2024-06-07
Karnataka,"Bengaluru Urban","Bangalore South",Ajjanahalli,Kallupalya,Kallupalya,0000374460,0005227936,5171824,"Deep Tubewell","Ground Water",Colony,"Revival of MWS",2012-2013,1.00000,0.99689,"16 Jan 2013","20 Mar 2013",2024-06-07
Karnataka,"Bengaluru Urban","Bangalore South",Sullikere,Hosabyrohalli,Halebyrahalli,0000374206,0005587854,5547759,"Deep Tubewell","Ground Water","Village limit","Revival of MWS Scheme",2013-2014,5.00000,4.48947,"12 Sep 2013","20 Jan 2014",2024-06-07
Karnataka,"Bengaluru Urban","Bangalore South",Channenahalli,Honnaganahatti,Honnaganahatti,0000374398,0005587919,5547828,"Deep Tubewell","Ground Water","Village limit","Revival of PWS Scheme",2013-2014,5.00000,5.07601,"28 Sep 2013","20 Mar 2014",2024-06-07
Karnataka,"Bengaluru Urban","Bangalore South",Chunchanakuppe,"Kethohalli Rampura","Kethohalli Rampura",0000374439,0005587942,250064904,"Deep Tubewell","Ground Water","Colony limit","Revival of MWS Scheme",2013-2014,5.00000,4.57349,"12 Sep 2013","01 Mar 2014",2024-06-07
Karnataka,"Bengaluru Urban","Bangalore South",Chunchanakuppe,Chunchanakuppe,Chunchanakuppe,0000374434,0005587963,5547897,"Deep Tubewell","Ground Water","Village limit","Revival of PWS Scheme",2013-2014,8.00000,5.10362,"15 Sep 2013","01 Mar 2014",2024-06-07
Karnataka,"Bengaluru Urban","Bangalore South","K. Golahalli",Bandayanapalya,Bandaiahnapalya,0000374153,0005589380,5549693,"Deep Tubewell","Ground Water","Village limit","Revival of MWS Scheme",2013-2014,5.00000,4.48400,"10 Sep 2013","31 Dec 2013",2024-06-07
Karnataka,"Bengaluru Urban","Bangalore South",Cholanayakanahalli,Cholanayakanahalli,Cholanayakanahalli,0000374414,0005589768,5550002,"Deep Tubewell","Ground Water","Village limit","Providing Piped Water Supply Scheme",2013-2014,25.00000,0.00000,"15 Sep 2013","25 Dec 2014",2024-06-07
Karnataka,"Bengaluru Urban","Bangalore South","Dodda Thogur",Bettadasanapura,Bettadasanapura,0000373960,0005595464,5555432,"Deep Tubewell","Ground Water","School limit","Drinking Water Facility to School",2013-2014,1.00000,0.99556,"15 Oct 2013","25 Mar 2014",2024-06-07
Karnataka,"Bengaluru Urban","Bangalore South",Agara,Doddipalya,Doddipalya,0000374129,0005625987,5590922,"Deep Tubewell","Ground Water","Village limit","Drinking Water Facility to Anganawadi",2013-2014,1.00000,0.99916,"15 Sep 2013","22 Jan 2014",2024-06-07
Karnataka,"Bengaluru Urban","Bangalore South",Kaggalipura,Pattareddipalya,Pattareddypalya,0000374058,0005626118,5591089,"Deep Tubewell","Ground Water","Village limit","Drinking Water Facility to Anganawadi",2013-2014,1.00000,0.99974,"15 Sep 2013","20 Mar 2014",2024-06-07
Karnataka,"Bengaluru Urban","Bangalore South",Cholanayakanahalli,Devomachohalli,Devomachohalli,0000374419,0005626486,5591472,"Deep Tubewell","Ground Water","Village limit","Drinking Water Facility to Anganawadi",2013-2014,1.00000,0.99256,"14 Sep 2013","20 Mar 2014",2024-06-07
Karnataka,"Bengaluru Urban","Bangalore South",Cholanayakanahalli,Kempegowdanahalli,Kempegowdanahalli,0000374422,0005626594,5591612,"Deep Tubewell","Ground Water","Village limit","Drinking Water Facility to Anganawadi",2013-2014,1.00000,0.00000,"15 Sep 2013","22 Feb 2014",2024-06-07
Karnataka,"Bengaluru Urban","Bangalore South",Taralu,Thattaguppe,Thattaguppe,0000374077,0005626895,5591994,"Deep Tubewell","Ground Water","Village limit","Drinking Water Facility to Anganawadi",2013-2014,1.00000,0.99974,"22 Sep 2013","20 Mar 2014",2024-06-07
Karnataka,"Bengaluru Urban","Bangalore South",Nelaguli,Nettigere,Nettigere,0000374084,0005627017,5592157,"Deep Tubewell","Ground Water","Village limit","Drinking Water Facility to Anganawadi",2013-2014,1.00000,0.99974,"22 Sep 2013","20 Mar 2014",2024-06-07
Karnataka,"Bengaluru Urban","Bangalore South",Nelaguli,Gudipalya,Gudipalya,0000374097,0005627038,5592187,"Deep Tubewell","Ground Water","Village limit","Drinking Water Facility to Anganawadi",2013-2014,1.00000,0.99974,"22 Sep 2013","20 Mar 2014",2024-06-07
Karnataka,"Bengaluru Urban","Bangalore South",Somanahalli,Mukkodlu,Mukkodlu,0000374080,0005627165,5592326,"Deep Tubewell","Ground Water","Village limit","Drinking Water Facility to Anganawadi",2013-2014,1.00000,0.99974,"15 Sep 2013","25 Mar 2014",2024-06-07
Karnataka,"Bengaluru Urban","Bangalore South","K. Golahalli",Gonipura,Gonipura,0000374158,0005627191,5592352,"Deep Tubewell","Ground Water","Village limit","Drinking Water Facility to Anganawadi",2013-2014,1.00000,0.99947,"22 Sep 2013","13 Oct 2014",2024-06-07
Karnataka,"Bengaluru Urban","Bangalore South","K. Golahalli",Hampapura,Hampapura,0000374156,0005627302,5592489,"Deep Tubewell","Ground Water","Village limit","Drinking Water Facility to Anganawadi",2013-2014,1.00000,0.99822,"22 Sep 2013","12 Mar 2014",2024-06-07
Karnataka,"Bengaluru Urban","Bangalore South",Chikkanahalli,Gollahalli,"S. Gollahalli",0000374475,0005627356,5592565,"Deep Tubewell","Ground Water","Village limit","Drinking Water Facility to Anganawadi",2013-2014,1.00000,0.99257,"22 Sep 2013","10 Mar 2014",2024-06-07
Karnataka,"Bengaluru Urban","Bangalore South",Chikkanahalli,Chikkanahalli,Chikkanahalli,0000374222,0005627418,5592637,"Deep Tubewell","Ground Water","Village limit","Drinking Water Facility to Anganawadi",2013-2014,1.00000,0.99257,"22 Sep 2013","25 Mar 2014",2024-06-07
Karnataka,"Bengaluru Urban","Bangalore South","H. Gollahalli",Rachamanamadu,Rachamanamadu,0000374124,0005627472,5592695,"Deep Tubewell","Ground Water","Village limit","Drinking Water Facility to Anganawadi",2013-2014,1.00000,0.99881,"15 Sep 2013","20 Mar 2014",2024-06-07
Karnataka,"Bengaluru Urban","Bangalore South",Sullikere,Chikkabasthi,"Chikka Basthi",0000374220,0005627615,5592846,"Deep Tubewell","Ground Water","Village limit","Drinking Water Facility to Anganawadi",2013-2014,1.00000,0.99836,"22 Sep 2013","10 Mar 2014",2024-06-07
Karnataka,"Bengaluru Urban","Bangalore South",Chunchanakuppe,Subbarayappanapalya,"Subbarayappanapalya A",0000374452,0005627706,5592951,"Deep Tubewell","Ground Water","Village limit","Drinking Water Facility to Anganawadi",2013-2014,1.00000,0.00000,"22 Sep 2013","22 Feb 2014",2024-06-07
Karnataka,"Bengaluru Urban","Bangalore South",Chunchanakuppe,Doddamaranahalli,Doddamaranahalli,0000374401,0005627751,5592996,"Deep Tubewell","Ground Water","Village limit","Drinking Water Facility to Anganawadi",2013-2014,1.00000,0.99916,"22 Sep 2013","20 Jan 2014",2024-06-07
Karnataka,"Bengaluru Urban","Bangalore South","K. Golahalli","K. Gollahalli","K. Gollahalli",0000374164,0005364515,5301521,"Deep Tubewell","Ground Water",Basaveswaranagara,"Drilling of BW",2012-2013,1.96000,1.96000,"22 Oct 2012","31 Mar 2013",2024-06-07
Karnataka,"Bengaluru Urban","Bangalore South","Konappana Agrahara","Konappana Agrahara","Konappana Agrahara",0000373978,0005507156,5443087,"Deep Tubewell","Ground Water","Village limit","Revival of PWS Scheme",2013-2014,20.00000,19.99921,"25 Sep 2013","01 Mar 2014",2024-06-07
Karnataka,"Bengaluru Urban","Bangalore South",Cholanayakanahalli,Peddanapalya,Peddanapalya,0000374405,0005517757,5455770,"Deep Tubewell","Ground Water","Village limit","Revival of MWS Scheme",2013-2014,5.00000,4.88639,"10 Sep 2013","20 Mar 2014",2024-06-07
Karnataka,"Bengaluru Urban","Bangalore South",Chikkanahalli,Donnenahalli,Donnenahalli,0000374481,0005517791,5455847,"Deep Tubewell","Ground Water","Village limit","Revival of MWS Scheme",2013-2014,5.00000,4.81647,"10 Sep 2013","20 Mar 2014",2024-06-07
Karnataka,"Bengaluru Urban","Bangalore South",Nelaguli,Bolaare,Bolare,0000374085,0005518994,5457548,"Deep Tubewell","Ground Water","Village limit","Revival of MWS Scheme",2013-2014,5.00000,5.05371,"15 Sep 2013","03 Mar 2014",2024-06-07
Karnataka,"Bengaluru Urban","Bangalore South",Nelaguli,Nettigere,"Gundanjeneya Temple",0000374087,0005519023,5457618,"Deep Tubewell","Ground Water","Village limit","Revival of MWS Scheme",2013-2014,5.00000,4.88639,"15 Sep 2013","31 Jan 2014",2024-06-07
Karnataka,"Bengaluru Urban","Bangalore South","K. Golahalli",Thippur,"Amrutha Narayana Swamy Betta",0000374155,0005546610,5499485,"Deep Tubewell","Ground Water","Village limit","Revival of MWS Scheme",2013-2014,5.00000,4.99979,"10 Sep 2013","02 Dec 2013",2024-06-07
Karnataka,"Bengaluru Urban","Bangalore South",Channenahalli,Chennanahalli,Thubaiahanapalya,0000374390,0005546703,5499562,"Deep Tubewell","Ground Water","Village limit","Providing Piped Water Supply Scheme",2013-2014,25.00000,0.00000,"25 Sep 2013","25 Dec 2014",2024-06-07
Karnataka,"Bengaluru Urban","Bangalore South",Chunchanakuppe,"Dodda Aaladamara",Alamaradapalya,0000374437,0005546739,5499602,"Deep Tubewell","Ground Water","Village limit","Revival of MWS Scheme",2013-2014,5.00000,4.99481,"15 Sep 2013","01 Mar 2014",2024-06-07
Karnataka,"Bengaluru Urban","Bangalore South",Ajjanahalli,Huluvenahalli,Huluvenahalli,0000374458,0005554051,5507588,"Deep Tubewell","Ground Water","Village limit","Revival of MWS Scheme",2013-2014,5.00000,5.03285,"10 Sep 2013","08 Jul 2014",2024-06-07
Karnataka,"Bengaluru Urban","Bangalore South",Chikkanahalli,Dodderi,"D.r. Thandya",0000374478,0005554108,250064899,"Deep Tubewell","Ground Water","Main road","Revival of MWS Scheme",2013-2014,5.00000,4.85699,"15 Sep 2013","02 Jan 2015",2024-06-07
Karnataka,"Bengaluru Urban","Bangalore South",Chunchanakuppe,Kolur,"Kolur Nanjapura",0000374447,0005554345,5507872,"Deep Tubewell","Ground Water","Village limit","Revival of MWS Scheme",2013-2014,5.00000,0.00000,"10 Sep 2013","25 Mar 2014",2024-06-07
Karnataka,"Bengaluru Urban","Bangalore South",Chunchanakuppe,Kolur,"Kolur Nanjapura",0000374447,0005554348,5507874,"Deep Tubewell","Ground Water","Village limit","Revival of MWS Scheme",2013-2014,5.00000,0.00000,"10 Sep 2013","25 Mar 2014",2024-06-07
Karnataka,"Bengaluru Urban","Bangalore South",Ramohalli,Maragondanahalli,"Bangaluraiah Circle",0000374201,0005587730,5547597,"Deep Tubewell","Ground Water","Village limit","Revival of MWS Scheme",2013-2014,5.00000,4.48912,"12 Sep 2013","08 Jan 2014",2024-06-07
Karnataka,"Bengaluru Urban","Bangalore South",Ramohalli,Ramohalli,Ramohalli,0000374192,0005587745,5547611,"Deep Tubewell","Ground Water","Village limit","Revival of PWS Scheme",2013-2014,8.00000,8.00134,"10 Sep 2013","20 Mar 2014",2024-06-07
Karnataka,"Bengaluru Urban","Bangalore South",Tavarekere,"T Jettipalya A","Tavarekere Jattipalya",0000374385,0005814668,250006844,"Deep Tubewell","Ground Water","Village limit","Revival of MWS Scheme",2013-2014,5.00000,5.03971,"15 Sep 2013","20 Mar 2014",2024-06-07
Karnataka,"Bengaluru Urban","Bangalore South","Konappana Agrahara",Govindashettipalya,Govindashettipalya,0000373979,0006131289,250020483,"Deep Tubewell","Ground Water","Village limit","DDrilling of Borewell",2013-2014,2.04000,2.04000,"26 Jun 2013","01 Mar 2014",2024-06-07
Karnataka,"Bengaluru Urban","Bangalore South","Konappana Agrahara",Govindashettipalya,Govindashettipalya,0000373979,0006131294,250020485,"Deep Tubewell","Ground Water","Colony limit","Drilling of Borewell",2013-2014,2.07000,2.07000,"27 Jun 2013","03 Mar 2014",2024-06-07
Karnataka,"Bengaluru Urban","Bangalore South",Chunchanakuppe,Kolur,"Kolur Nanjapura",0000374447,0006133764,250020857,"Deep Tubewell","Ground Water",Nanjundapura,"Drilling of Borewell",2013-2014,1.28000,1.27950,"19 Jul 2013","01 Mar 2014",2024-06-07
Karnataka,"Bengaluru Urban","Bangalore South",Chunchanakuppe,Chikkelur,Chikkelur,0000374450,0006133782,250020859,"Deep Tubewell","Ground Water","Village limit","Drilling of Borewell",2013-2014,1.00000,0.99950,"18 Jul 2013","01 Mar 2014",2024-06-07
Karnataka,"Bengaluru Urban","Bangalore South","K. Golahalli",Hampapura,"Hampapura Colony",0000374157,0006133826,250020867,"Deep Tubewell","Ground Water","Colony limit","Drilling of Borewell",2013-2014,1.51000,1.50950,"11 Jul 2013","03 Mar 2014",2024-06-07
Karnataka,"Bengaluru Urban","Bangalore South",Ramohalli,Gulgajanahalli,Gulaganjanahalli,0000374202,0006133837,250020870,"Deep Tubewell","Ground Water","Colony limit","Drilling of Borewell",2013-2014,1.95000,1.94950,"12 Jul 2013","01 Mar 2014",2024-06-07
Karnataka,"Bengaluru Urban","Bangalore South",Kumbalagodu,Gerupalya,Gerupalya,0000374186,0006133887,250020877,"Deep Tubewell","Ground Water","Village limit","Drilling of Borewell",2013-2014,1.53000,1.52950,"23 Jul 2013","01 Mar 2014",2024-06-07
Karnataka,"Bengaluru Urban","Bangalore South","Konappana Agrahara",Govindashettipalya,Govindashettipalya,0000373979,0006134171,250020930,"Deep Tubewell","Ground Water","Colony limit","Drilling of Borewell",2013-2014,2.04000,1.96597,"26 Jun 2013","03 Mar 2014",2024-06-07
Karnataka,"Bengaluru Urban","Bangalore South",Channenahalli,Honnaganahatti,Honnaganahatti,0000374398,0006134293,250020954,"Deep Tubewell","Ground Water",Kempegowdanagara,"Drilling of Borewell",2013-2014,1.99000,1.98900,"08 Jul 2013","01 Mar 2014",2024-06-07
Karnataka,"Bengaluru Urban","Bangalore South",Chunchanakuppe,"C K Thandya","C.k. Thandya",0000374443,0006134324,250020959,"Deep Tubewell","Ground Water","Village limit","Drilling of Borewell",2013-2014,1.51000,1.50950,"10 Jul 2013","01 Mar 2014",2024-06-07
Karnataka,"Bengaluru Urban","Bangalore South",Kumbalagodu,Kumbalagodu,Kumbalagodu,0000374184,0006134371,250020965,"Deep Tubewell","Ground Water","Village limit","Drilling of Borewell",2013-2014,1.69000,1.68950,"17 Jul 2013","01 Mar 2014",2024-06-07
Karnataka,"Bengaluru Urban","Bangalore South",Chunchanakuppe,Kethohalli,Kethohalli,0000374433,0006139477,250022358,"Deep Tubewell","Ground Water",NA,"Providing shelter to pure drinking water plant Kethohalli  habitation",2013-2014,5.33000,4.00000,"08 Nov 2013","31 Dec 2013",2024-06-07
Karnataka,"Bengaluru Urban","Bangalore South",Agara,Basappanapalya,Basappanapalya,0000374131,0006374256,250034761,"Deep Tubewell","Ground Water","Village limit","Revival of MWS Scheme",2013-2014,6.00000,5.99268,"27 Apr 2014","28 Feb 2015",2024-06-07
Karnataka,"Bengaluru Urban","Bangalore South",Agara,Siddanapalya,Siddanapalya,0000374136,0006374257,250034762,"Deep Tubewell","Ground Water","Village limit","Revival of MWS Scheme",2013-2014,6.00000,5.68398,"27 Apr 2014","21 Feb 2015",2024-06-07
Karnataka,"Bengaluru Urban","Bangalore South",Ajjanahalli,Madapatna,"Madapatna Akc",0000374469,0006374265,250065410,"Deep Tubewell","Ground Water","Colony Limit","Revival of MWS Scheme",2013-2014,6.00000,5.45809,"25 Apr 2014","21 Feb 2015",2024-06-07
Karnataka,"Bengaluru Urban","Bangalore South",Cholanayakanahalli,Kempegowdanahalli,Kempegowdanahalli,0000374422,0006374271,250065422,"Deep Tubewell","Ground Water","Colony Limit","Revival of MWS Scheme",2013-2014,6.00000,4.24916,"28 Apr 2014","22 Feb 2015",2024-06-07
Karnataka,"Bengaluru Urban","Bangalore South",Chunchanakuppe,Doddamaranahalli,Muddanapalya,0000374404,0006374278,250034778,"Deep Tubewell","Ground Water","Village limit","Revival of MWS Scheme",2013-2014,6.00000,6.00980,"25 Apr 2014","28 Aug 2014",2024-06-07
Karnataka,"Bengaluru Urban","Bangalore South",Chunchanakuppe,Kolur,"Kolur Shed",0000374442,0006374279,250065425,"Deep Tubewell","Ground Water","Colony Limit","G Revival of MWS Scheme",2013-2014,6.00000,7.42440,"28 Apr 2014","30 Nov 2015",2024-06-07
Karnataka,"Bengaluru Urban","Bangalore South",Chunchanakuppe,Kolur,"Ramanayakana Thandya",0000374446,0006374284,250034783,"Deep Tubewell","Ground Water","Village limit","G Revival of MWS Scheme",2013-2014,6.00000,5.46784,"22 Apr 2014","06 Jan 2015",2024-06-07
Karnataka,"Bengaluru Urban","Bangalore South",Chunchanakuppe,Gopalanagara,Gopalanagara,0000374448,0006374287,250034785,"Deep Tubewell","Ground Water","Village limit","Revival of MWS Scheme",2013-2014,6.00000,6.18816,"28 Apr 2014","14 Jan 2015",2024-06-07
Karnataka,"Bengaluru Urban","Bangalore South",Kaggalipura,Gandhinagara,Gandhinagara,0000374061,0006374292,250034789,"Deep Tubewell","Ground Water","Village limit","Revival of MWS Scheme",2013-2014,6.00000,6.75838,"27 Apr 2014","22 Oct 2014",2024-06-07
Karnataka,"Bengaluru Urban","Bangalore South",Kaggalipura,Kanthaiahnapalya,Kantaiahanapalya,0000374059,0006374295,250034792,"Deep Tubewell","Ground Water","Village limit","G Revival of MWS Scheme",2013-2014,6.00000,4.59141,"27 Apr 2014","22 Feb 2015",2024-06-07
Karnataka,"Bengaluru Urban","Bangalore South",Agara,Thataguni,Tataguni,0000374141,0006849558,4791875,"Deep Tubewell","Ground Water","Village Limit","G TFC 20.10.2014 Providing and laying of Pipe line for revival of PWS in TATAGUNI Habitation",2014-2015,1.50000,1.49568,"10 Dec 2014","01 Aug 2015",2024-06-07
Karnataka,"Bengaluru Urban","Bangalore South","K. Golahalli",Gudimavu,Gudimavu,0000374173,0004865045,4791900,"Deep Tubewell","Ground Water","Village Limit","Revival of MWS Scheme",2012-2013,5.00000,4.99628,"15 Sep 2012","23 Mar 2013",2024-06-07
Karnataka,"Bengaluru Urban","Bangalore South","K. Golahalli",Gudimavu,Gudimavu,0000374173,0004865047,4791902,"Deep Tubewell","Ground Water","Village Limit","Revival of MWS Scheme",2012-2013,5.00000,0.00000,"15 Sep 2012","15 Mar 2013",2024-06-07
Karnataka,"Bengaluru Urban","Bangalore South",Sullikere,"K. Krishnasagara","K. Krishnasagara",0000374198,0004865414,4792243,"Deep Tubewell","Ground Water","Village Limit","Revival of MWS Scheme",2012-2013,5.00000,4.99888,"15 Sep 2012","04 Jan 2013",2024-06-07
Karnataka,"Bengaluru Urban","Bangalore South",Ramohalli,Maragondanahalli,Maragondanahalli,0000374200,0004865539,4792368,"Deep Tubewell","Ground Water","Village Limit","Revival of MWS Scheme",2012-2013,5.00000,4.99915,"15 Sep 2012","20 Mar 2013",2024-06-07
Karnataka,"Bengaluru Urban","Bangalore South",Kumbalagodu,Kanaminake,"Kanaminake Colony",0000374178,0004866049,4792880,"Deep Tubewell","Ground Water","Towards Colony Road","Revival of MWS Scheme",2012-2013,5.00000,4.93543,"13 Sep 2012","20 Mar 2013",2024-06-07
Karnataka,"Bengaluru Urban","Bangalore South",Kumbalagodu,Kanaminake,"Kanaminake Colony",0000374178,0004866050,4792881,"Deep Tubewell","Ground Water","Towards Colony Road","Revival of MWS Scheme",2012-2013,5.00000,0.00000,"13 Sep 2012","25 Feb 2013",2024-06-07
Karnataka,"Bengaluru Urban","Bangalore South",Kaggalipura,Kaggalipura,Kaggalipura,0000374057,0004866084,4792909,"Deep Tubewell","Ground Water","Toward Tank Road","Revival of MWS Scheme",2012-2013,5.00000,5.44952,"10 Sep 2012","31 Oct 2012",2024-06-07
Karnataka,"Bengaluru Urban","Bangalore South",Somanahalli,Somanahalli,"Somanahalli Gate",0000374090,0004866208,4793027,"Deep Tubewell","Ground Water","Main Village Road","Revival of MWS Scheme",2012-2013,5.00000,4.99928,"13 Sep 2012","28 Feb 2013",2024-06-07
Karnataka,"Bengaluru Urban","Bangalore South",Kaggalipura,Gandhinagara,Gandhinagara,0000374061,0004866339,4793141,"Deep Tubewell","Ground Water","Kanakapura Road","Revival of MWS Scheme",2012-2013,5.00000,4.99950,"15 Sep 2012","28 Feb 2013",2024-06-07
Karnataka,"Bengaluru Urban","Bangalore South",Kaggalipura,Kaggalipura,Rameshnagar,0000374064,0004867550,4794501,"Deep Tubewell","Ground Water","Main Road","Revival of MWS Scheme",2012-2013,5.00000,4.99986,"15 Sep 2012","23 Mar 2013",2024-06-07
Karnataka,"Bengaluru Urban","Bangalore South","K. Golahalli","Devagere Colony","Devegere Colony",0000374172,0004899145,4824044,"Deep Tubewell","Ground Water","Colony Limit","Revival of MWS Scheme",2012-2013,5.00000,4.38539,"15 Sep 2012","04 Dec 2012",2024-06-07
Karnataka,"Bengaluru Urban","Bangalore South",Ramohalli,Hunsemaradapalya,Hunasemaradapalya,0000374210,0006849507,4824536,"Deep Tubewell","Ground Water","Nesr AMain road","G TFC 20.10.2014 Errection of Pumpset with Pipe line and Energisation to revival of MWS in HUNASEMARADAPALYA Habitation",2014-2015,4.00000,3.63922,"10 Dec 2014","16 Mar 2015",2024-06-07
Karnataka,"Bengaluru Urban","Bangalore South",Chikkanahalli,Chikkanahalli,Chikkanahalli,0000374222,0004899806,4824663,"Deep Tubewell","Ground Water",Someswarabetta,"Revival of MWS Scheme",2012-2013,5.00000,2.10078,"15 Sep 2012","03 Jan 2013",2024-06-07
Karnataka,"Bengaluru Urban","Bangalore South",Agara,Doddipalya,Doddipalya,0000374129,0004902489,4826865,"Deep Tubewell","Ground Water","Village limit","Revival of MWS Scheme",2012-2013,5.00000,4.99990,"15 Sep 2012","01 Mar 2013",2024-06-07
Karnataka,"Bengaluru Urban","Bangalore South",Chunchanakuppe,Chunchanakuppe,"Lakshmipura (chunchanaguppe)",0000374436,0004902493,4826869,"Deep Tubewell","Ground Water","Village limit","Revival of MWS Scheme",2012-2013,5.00000,4.99982,"15 Sep 2012","20 Mar 2013",2024-06-07
Karnataka,"Bengaluru Urban","Bangalore South",Agara,Vaderahalli,Vadderahalli,0000374132,0004902509,4826885,"Deep Tubewell","Ground Water","Village limit","Revival of PWS Scheme",2012-2013,5.00000,4.99950,"10 Sep 2012","01 Mar 2013",2024-06-07
Karnataka,"Bengaluru Urban","Bangalore South","K. Golahalli",Gonipura,Gonipura,0000374158,0004932584,4853467,"Deep Tubewell","Ground Water",GLPS,"School Water Supply",2012-2013,1.00000,0.99852,"10 Sep 2012","04 Jan 2013",2024-06-07
Karnataka,"Bengaluru Urban","Bangalore South",Ajjanahalli,Byalalu,Byalalu,0000374474,0004932596,4853478,"Deep Tubewell","Ground Water",GUPS,"School Water Supply",2012-2013,1.00000,0.99984,"10 Sep 2012","02 Nov 2012",2024-06-07
Karnataka,"Bengaluru Urban","Bangalore South",Chunchanakuppe,"Dodda Aaladamara",Alamaradapalya,0000374437,0007574085,250170825,"Deep Tubewell","Ground Water",Doddaladamaradapalya,"TFC221116 Redrilling of Borewell at DoddaladamaraPalya habitation, Chunchanaguppe GP, Bangalore South Taluk",2016-2017,1.90000,1.89732,"15 Jan 2017","28 Feb 2018",2024-06-07
Karnataka,"Bengaluru Urban","Bangalore South",Ajjanahalli,Madapatna,"Madapatna Akc",0000374469,0007574098,250170841,"Deep Tubewell","Ground Water","Village limit","TFC221116 Drilling of Borewell at Madapatna AKC habitation,Ajjanahalli GP, Bangalore South Taluk",2016-2017,2.00000,1.99858,"15 Jan 2017","28 Feb 2019",2024-06-07
Karnataka,"Bengaluru Urban","Bangalore South",Chunchanakuppe,Doddamaranahalli,Muddanapalya,0000374404,0007574632,250171024,"Deep Tubewell","Ground Water","Road Side","TFC22112016 Drilling of Borewell at Muddanaplaya Habitation  Gantiganahalli GP Bangalore North Taluk",2016-2017,2.30000,0.00000,"15 Jan 2017","03 May 2023",2024-06-07
Karnataka,"Bengaluru Urban","Bangalore South","K. Golahalli",Tagachaguppe,Ramaiahanapalya,0000374176,0007637261,250185485,"Deep Tubewell","Ground Water","Colony Limit","TFC220217 Drilling of Borewell at Ramaiahnapalya Habitation, K Gollahalli GP, Bangalore South Taluk",2016-2017,1.60000,1.59498,"05 May 2017","28 Feb 2019",2024-06-07
Karnataka,"Bengaluru Urban","Bangalore South",Nelaguli,Gudipalya,Gudipalya,0000374097,0007637290,250185492,"Deep Tubewell","Ground Water","Village limit","TFC220217 Drilling of Borewell at Gudipalya Habitation, Nelaguli GP, Bangalore South Taluk",2016-2017,1.80000,1.79567,"05 May 2017","28 Feb 2019",2024-06-07
Karnataka,"Bengaluru Urban","Bangalore South","Dodda Thogur","Dodda Thogur","Dodda Thogur",0000373963,0007637434,250185501,"Deep Tubewell","Ground Water","Village limit","TFC220217 Drilling of Borewell (3 Nos) at Doddatoguru  Habitation, Doddatoguru GP, Bangalore South Taluk",2016-2017,4.80000,4.67913,"05 May 2017","28 Feb 2019",2024-06-07
Karnataka,"Bengaluru Urban","Bangalore South",Chikkanahalli,Dodderi,Dodderi,0000374476,0007639219,250185830,"Deep Tubewell","Ground Water","New extension","TFC220217 TFC220217 Drilling of Borewell at Dodderi Habitation,  Chikkanahalli GP, Bangalore South Taluk",2016-2017,2.00000,1.98632,"05 May 2017","28 Feb 2019",2024-06-07
Karnataka,"Bengaluru Urban","Bangalore South",Channenahalli,Kurubarahalli,Kurubarahalli,0000374388,0007641983,250186320,"Deep Tubewell","Ground Water","Near Tank Bed","TFC220217 Drilling of borewell AtKumbarahalli  Habitation, Haragadde GP, Anekal Taluk.",2016-2017,2.50000,0.00000,"05 May 2017","03 May 2023",2024-06-07
Karnataka,"Bengaluru Urban","Bangalore South",Tavarekere,Tavarekere,"Tavarekere Jhc",0000374387,0007642354,250186429,"Deep Tubewell","Ground Water","Rangappa badavane","TFC220217 Drilling of Borewell at Tavarekere Habitation, Tavarekere  GP, Bangalore South Taluk.",2016-2017,1.70000,1.69292,"05 May 2017","28 Feb 2019",2024-06-07
Karnataka,"Bengaluru Urban","Bangalore South","K. Golahalli",Chinnakurchi,Chinnakurchi,0000374147,0007649242,250187890,"Deep Tubewell","Ground Water","Near Sanjeevaiah Land","TFCZP220217 Drilling of Borewell At Chinnacurchi  Habitation,K.Gollahalli  GP, Banglore South Taluk.",2016-2017,1.80000,1.79384,"18 May 2017","03 May 2023",2024-06-07
Karnataka,"Bengaluru Urban","Bangalore South",Tavarekere,Tavarekere,"Tavarekere Jhc",0000374387,0007651542,250188576,"Deep Tubewell","Ground Water","Rangappa badavane","TFCZP220217 Drilling of borewell At Tavarekere (Near Lake) Habitation,  Tavarekere GP, Bangalore South Taluk.",2016-2017,1.33000,1.32471,"18 May 2017","28 Feb 2019",2024-06-07
Karnataka,"Bengaluru Urban","Bangalore South",Agara,Byrasandra,Byrasandra,0000374144,0007651561,250188584,"Deep Tubewell","Ground Water","Colony limit","TFCZP220217 Drilling of borewell At Byrasandra Habitation,  Agara GP, Bangalore South Taluk",2016-2017,2.00000,1.72901,"18 May 2017","28 Feb 2019",2024-06-07
Karnataka,"Bengaluru Urban","Bangalore South",Kumbalagodu,Kumbalagodu,Kumbalagodu,0000374184,0007651630,250188622,"Deep Tubewell","Ground Water","Ist Block","TFCZP220217 Drilling of borewell At Kumbalagodu Habitation, Kumbalagodu GP, Bangalore South Taluk.",2016-2017,1.80000,1.79646,"18 May 2017","28 Feb 2019",2024-06-07
Karnataka,"Bengaluru Urban","Bangalore South","Konappana Agrahara","Konappana Agrahara","Konappana Agrahara",0000373978,0007705967,250196510,"Deep Tubewell","Ground Water","Village limit","TFC170417 Drilling of Borewell at Konappana Agrahara Habitation, Konappana Agrahara GP, Bangalore South Taluk.",2017-2018,2.50000,2.49967,"10 Jul 2017","31 Mar 2019",2024-06-07
Karnataka,"Bengaluru Urban","Bangalore South",Kumbalagodu,Hosapalya,Hosapalya,0000374179,0007706117,250196519,"Deep Tubewell","Ground Water","Village limit","TFC170417 Drilling of Borewell   at Hosapalya 2 Habitation, Kumbalagodu GP, Bangalore South Taluk",2017-2018,1.70000,1.69652,"10 Jul 2017","31 Mar 2019",2024-06-07
Karnataka,"Bengaluru Urban","Bangalore South",Ajjanahalli,Hunnigere,Unnigere,0000374461,0007739778,250205357,"Deep Tubewell","Ground Water","village limit","WPP21 SCP (3000 Series) Hunnigere Habitation, Ajjanahalli G.P, Bangalore SouthTaluk, Bangalore Urban District",2017-2018,12.00000,9.76064,"25 Nov 2017","31 Jan 2019",2024-06-07
Karnataka,"Bengaluru Urban","Bangalore South",Kaggalipura,"Saalu Hunase",Salahunse,0000374063,0007739811,250205373,"Deep Tubewell","Ground Water","village limit","WPP31 Gen (3000 Series) Salahunase Habitation, Kaggalipura G.P, Bangalore SouthTaluk, Bangalore Urban District",2017-2018,12.00000,9.63100,"25 Nov 2017","31 Mar 2019",2024-06-07
Karnataka,"Bengaluru Urban","Bangalore South",Ramohalli,Maligondanahalli,Maligondanahalli,0000374196,0006374308,250065451,"Deep Tubewell","Ground Water","Colony Limit","Revival of MWS Scheme",2013-2014,6.00000,6.00000,"28 Apr 2014","31 Mar 2015",2024-06-07
Karnataka,"Bengaluru Urban","Bangalore South",Nelaguli,Ravugodlu,"Ravugodlu Bovi Colony",0000374102,0006374309,250065453,"Deep Tubewell","Ground Water","Colony Limit","G Revival of MWS Scheme",2013-2014,6.00000,4.39581,"27 Apr 2014","22 Oct 2014",2024-06-07
Karnataka,"Bengaluru Urban","Bangalore South",Taralu,"Taralu Estate","Taralu Estate",0000374072,0006374318,250065461,"Deep Tubewell","Ground Water","Colony Limit","G Revival of MWS Scheme",2013-2014,6.00000,5.79657,"29 Apr 2014","31 Mar 2015",2024-06-07
Karnataka,"Bengaluru Urban","Bangalore South",Tavarekere,Tavarekere,Karibasaviahanapalya,0000374386,0006374321,250034818,"Deep Tubewell","Ground Water","Village limit","G Revival of MWS Scheme",2013-2014,6.00000,3.66470,"27 Apr 2014","31 Mar 2015",2024-06-07
Karnataka,"Bengaluru Urban","Bangalore South",Ajjanahalli,Byalalu,Byalalu,0000374474,0006669711,250067717,"Deep Tubewell","Ground Water","Village limit","G Providing Installing Commissioning of Pure Drinking Water Plant 500lph Capacity and O and M for 7 years",2014-2015,12.00000,10.33000,"29 Jan 2014","31 Jan 2019",2024-06-07
Karnataka,"Bengaluru Urban","Bangalore South",Chikkanahalli,Sulivara,Sulivara,0000374473,0006669729,250067729,"Deep Tubewell","Ground Water","Village limit","QA Providing  Installing Commissioning of Pure Drinking Water Plant 500lph Capacity and O and M for 7 years",2014-2015,12.00000,10.33000,"29 Jan 2014","31 Jan 2019",2024-06-07
Karnataka,"Bengaluru Urban","Bangalore South","K. Golahalli",Thippur,Thippur,0000374151,0006669752,250067747,"Deep Tubewell","Ground Water","Village limit","G Providing Installing Commissioning of Pure Drinking Water Plant 500lph Capacity and O and M for 7 years",2014-2015,12.00000,10.33000,"29 Jan 2014","31 Jan 2019",2024-06-07
Karnataka,"Bengaluru Urban","Bangalore South",Ramohalli,Ramohalli,Ramohalli,0000374192,0006669757,250067751,"Deep Tubewell","Ground Water","Village limit","QA Providing Installing Commissioning of Pure Drinking Water Plant 1000lph Capacity and O and M for 7 years",2014-2015,12.50000,1.33000,"29 Jan 2014","31 Jan 2019",2024-06-07
Karnataka,"Bengaluru Urban","Bangalore South",Sullikere,Kommaghatta,Kommaghatta,0000374205,0006670968,250068613,"Deep Tubewell","Ground Water","Colony limit","G Drilling of BW,Errection of Pumpset with Pipe line and Energisation",2014-2015,10.00000,7.61749,"25 Sep 2014","30 Nov 2015",2024-06-07
Karnataka,"Bengaluru Urban","Bangalore South",Cholanayakanahalli,Varthur,Varthur,0000374412,0006671086,250068725,"Deep Tubewell","Ground Water","Colony limit","G Individual House Connections",2014-2015,2.40000,1.48523,"20 Sep 2014","31 Dec 2018",2024-06-07
Karnataka,"Bengaluru Urban","Bangalore South",Chunchanakuppe,Chikkelur,Chikkelur,0000374450,0006671104,250068743,"Deep Tubewell","Ground Water","Colony limit","SCP Individual House Connections",2014-2015,8.70000,5.02593,"25 Sep 2014","18 Mar 2016",2024-06-07
Karnataka,"Bengaluru Urban","Bangalore South",Somanahalli,Mukkodlu,Mukkodlu,0000374080,0006671177,250068810,"Deep Tubewell","Ground Water","Village limit","G Individual House Connections",2014-2015,2.60000,0.00000,"25 Sep 2014","20 Mar 2016",2024-06-07
Karnataka,"Bengaluru Urban","Bangalore South",Taralu,Gulakamale,Gulakamale,0000374066,0006671193,250068825,"Deep Tubewell","Ground Water","Colony limit","SCP Individual House Connections",2014-2015,4.40000,0.00000,"20 Sep 2014","20 Mar 2016",2024-06-07
Karnataka,"Bengaluru Urban","Bangalore South",Agara,Banjarupalya,Banjarupalya,0000374140,0006671201,250068832,"Deep Tubewell","Ground Water","Colony limit","G Individual House Connections",2014-2015,2.80000,2.77288,"15 Sep 2014","22 Oct 2015",2024-06-07
Karnataka,"Bengaluru Urban","Bangalore South","Dodda Thogur",Homadevanahalli,Dinnepalya,0000373973,0006686076,250073527,"Deep Tubewell","Ground Water","Colony limit","Drilling of Borewell",2014-2015,1.82000,0.00000,"19 Jul 2014","25 Oct 2014",2024-06-07
Karnataka,"Bengaluru Urban","Bangalore South",Kumbalagodu,Kambipura,Kambipura,0000374180,0006686467,250073733,"Deep Tubewell","Ground Water","Village limit","Drilling of Borewell",2014-2015,1.45000,0.92619,"19 Jul 2014","08 Aug 2014",2024-06-07
Karnataka,"Bengaluru Urban","Bangalore South",Chunchanakuppe,"Dodda Aaladamara",Alamaradapalya,0000374437,0006686510,250073750,"Deep Tubewell","Ground Water","At Doddaladamara","Drilling of Borewell",2014-2015,1.68000,1.27175,"19 Jul 2014","07 Aug 2014",2024-06-07
Karnataka,"Bengaluru Urban","Bangalore South",Ramohalli,Ramohalli,"Ramohalli Jhc",0000374194,0006686517,250073753,"Deep Tubewell","Ground Water","At Vinayakanagar","Drilling of Borewell",2014-2015,1.69000,0.00000,"19 Jul 2014","20 Oct 2014",2024-06-07
Karnataka,"Bengaluru Urban","Bangalore South",Tavarekere,Tavarekere,Tavarekere,0000374379,0006686522,250073755,"Deep Tubewell","Ground Water","At Tavarekere Tarakari Beedhi","Drilling of Borewell",2014-2015,1.58000,0.00000,"19 Jul 2014","20 Oct 2014",2024-06-07
Karnataka,"Bengaluru Urban","Bangalore South",Channenahalli,Channadasipalya,Channadasipalya,0000374381,0006686525,250073756,"Deep Tubewell","Ground Water","Village limit","Drilling of Borewell",2014-2015,1.71000,2.26143,"19 Jul 2014","10 Sep 2014",2024-06-07
Karnataka,"Bengaluru Urban","Bangalore South","Dodda Thogur",Bettadasanapura,Bettadasanapura,0000373960,0007526856,250142554,"Deep Tubewell","Ground Water","village limit","G Revival of MWS Scheme at Bettadasanapura Habitation, Doddathogur GP, Bangalore South taluk",2016-2017,20.00000,8.22140,"01 Sep 2016","03 May 2023",2024-06-07
Karnataka,"Bengaluru Urban","Bangalore South",Kumbalagodu,Kanaminake,"Kanaminake Colony",0000374178,0007526882,250142579,"Deep Tubewell","Ground Water","village limit","G Revival of MWS Scheme at Kanaminike Colony Habitation, Kumbalagodu GP, Bangalore South taluk",2016-2017,8.00000,8.29761,"01 Sep 2016","31 Mar 2019",2024-06-07
Karnataka,"Bengaluru Urban","Bangalore South","Konappana Agrahara","Konappana Agrahara","Konappana Agrahara",0000373978,0007526930,250142619,"Deep Tubewell","Ground Water","village limit","G Revival of MWS scheme at konappana Agrahara Habitation,Konappana Agrahara GP, Bangalore south taluk",2016-2017,40.00000,32.37045,"01 Sep 2016","31 Dec 2018",2024-06-07
Karnataka,"Bengaluru Urban","Bangalore South",Ajjanahalli,Ankaiahnapalya,Ankaiahanapalya,0000374467,0007527678,250143212,"Deep Tubewell","Ground Water","Near Lake","G Revival of MWS scheme at Ankaiahna Palya Habitation,Chikkanahalli GP, Bangalore south taluk",2016-2017,8.00000,7.26612,"01 Sep 2016","03 May 2023",2024-06-07
Karnataka,"Bengaluru Urban","Bangalore South","K. Golahalli",Gonipura,Gonipura,0000374158,0007528343,250143750,"Deep Tubewell","Ground Water","village limit","G Revival of MWS scheme at Gonipura Habitation,K Gollahalli GP, Bangalore south taluk",2016-2017,8.00000,6.16601,"01 Sep 2016","31 Dec 2018",2024-06-07
Karnataka,"Bengaluru Urban","Bangalore South",Taralu,Vaasudevapura,Vasudevapura,0000374067,0007528496,250146474,"Deep Tubewell","Ground Water","Near Village main road","SCP Providing Piped water Supply Scheme(Construction of OHT and House Hold Connection HH 30) at Vasudevapura Habitation, Taralu GP, Bangalore South Taluk.",2016-2017,25.00000,1.41250,"30 Sep 2016","03 May 2023",2024-06-07
Karnataka,"Bengaluru Urban","Bangalore South",Ramohalli,Bheemanakuppe,"Bheemanakuppe Colony",0000374191,0007528647,250144002,"Deep Tubewell","Ground Water","Near Village main road","G Providing Piped water Supply Scheme(Construction of OHT) at  Bheemakuppe  Colony Habitation, Ramohalli GP , Bangalore South Taluk.",2016-2017,25.00000,22.99773,"30 May 2016","03 May 2023",2024-06-07
Karnataka,"Bengaluru Urban","Bangalore South",Agara,Doddipalya,Doddipalya,0000374129,0007528884,250144222,"Deep Tubewell","Ground Water","Near Village main road","SCP Revival of MWS Scheme and House Hold Connection(HH 30) at Doddipalya(Swamijinagra) Habitation, Agara GP, Bangalore South",2016-2017,7.00000,5.20060,"30 Sep 2016","03 May 2023",2024-06-07
Karnataka,"Bengaluru Urban","Bangalore South","H. Gollahalli",Katanayakanapura,Katanayakanapura,0000374116,0007530034,250145411,"Deep Tubewell","Ground Water","village limit","G Revival of MWS scheme at Katanayakanapura Habitation,H Gollahalli GP, Bangalore south taluk",2016-2017,9.40000,9.01000,"01 Sep 2016","28 Feb 2019",2024-06-07
Karnataka,"Bengaluru Urban","Bangalore South",Channenahalli,Channadasipalya,Channadasipalya,0000374381,0007530062,250145441,"Deep Tubewell","Ground Water","village limit","G Revival of MWS scheme at Channadasipalya Habitation,Tavarekere GP, Bangalore south taluk",2016-2017,7.00000,5.64095,"01 Sep 2016","31 Mar 2017",2024-06-07
Karnataka,"Bengaluru Urban","Bangalore South",Ajjanahalli,Byalalu,Byalalu,0000374474,0007530823,250146144,"Deep Tubewell","Ground Water","Near Lake","SCP Revival of MWS Scheme and House Hold Connection HH 20 at Byalalu Habitation in Chikkanahalli G.P, Bangalore South Taluk.",2016-2017,6.00000,5.79858,"30 Sep 2016","31 Jan 2019",2024-06-07
Karnataka,"Bengaluru Urban","Bangalore South",Sullikere,Kommaghatta,Kommaghatta,0000374205,0007531555,250146813,"Deep Tubewell","Ground Water","Near Village Main road","TSP Revival of PWS Scheme at Kommaghatta  Habitation, Sulikere G.P.,Bangalore South Taluk.",2016-2017,6.00000,2.20619,"30 Sep 2016","31 Mar 2018",2024-06-07
Karnataka,"Bengaluru Urban","Bangalore South",Chunchanakuppe,Subbarayappanapalya,"Subbarayappanapalya B",0000374453,0007532056,250147242,"Deep Tubewell","Ground Water","village limit","G Revival of MWS scheme at Subbarayappanapalya B Habitation,Chunchanaguppe GP, Bangalore south taluk",2016-2017,8.00000,6.97460,"01 Sep 2016","03 May 2023",2024-06-07
Karnataka,"Bengaluru Urban","Bangalore South",Ramohalli,Ramohalli,"Ramohalli Jhc",0000374194,0007533206,250148443,"Deep Tubewell","Ground Water","Near Temple","G Revival of MWS scheme at Ramohalli JHC Habitation,Ramohalli  GP, Bangalore south taluk",2016-2017,10.00000,8.39612,"30 Sep 2016","31 Mar 2018",2024-06-07
Karnataka,"Bengaluru Urban","Bangalore South",Taralu,Guttepalya,Guttepalya,0000374071,0007573611,250170454,"Deep Tubewell","Ground Water","Village limit","TFC221116 Drilling of Borewell at Guttepalya habitation, Tharalu GP, Bangalore South Taluk",2016-2017,2.10000,2.09703,"15 Jan 2017","28 Feb 2018",2024-06-07
Karnataka,"Bengaluru Urban","Bangalore South","K. Golahalli",Chinnakurchi,Chinnakurchi,0000374147,0007573670,250170512,"Deep Tubewell","Ground Water","Village limit","TFC221116 Drilling of Borewell at Chinnakurchi habitation, K Gollahalli GP, Bangalore South Taluk",2016-2017,1.62000,1.61767,"15 Jan 2017","28 Feb 2018",2024-06-07
Karnataka,"Bengaluru Urban","Bangalore South",Kaggalipura,Baadekatte,Baddekate,0000374056,0007573763,250170579,"Deep Tubewell","Ground Water","village limit","TFC221116 Redrilling of Borewell at Badekatte habitation, Kaggalipura GP, Bangalore South Taluk",2016-2017,1.90000,0.00000,"15 Jan 2017","28 Feb 2019",2024-06-07
Karnataka,"Bengaluru Urban","Bangalore South",Tavarekere,Basavanapalya,Basavanapalya,0000374384,0007573921,250170706,"Deep Tubewell","Ground Water","village limit","TFC221116 Drilling of Borewell at Basavanapalya habitation, Tavarekere GP, Bangalore South Taluk",2016-2017,1.95000,1.90500,"15 Jan 2017","28 Feb 2018",2024-06-07
Karnataka,"Bengaluru Urban","Bangalore South",Agara,Thataguni,Tataguni,0000374141,0007573944,250170718,"Deep Tubewell","Ground Water","village limit","TFC221116 Providing Additional pipeline to Tataguni habitation, Agara GP, Bangalore South Taluk",2016-2017,4.00000,3.98211,"15 Jan 2017","28 Feb 2018",2024-06-07
Karnataka,"Bengaluru Urban","Bangalore South",Agara,Thataguni,Tataguni,0000374141,0007573950,250170721,"Deep Tubewell","Ground Water","Tataguni colony","TFC221116 Providing Additional pipeline to Tataguni Colony habitation, Agara GP, Bangalore South Taluk",2016-2017,3.00000,2.99781,"15 Jan 2017","28 Feb 2018",2024-06-07
Karnataka,"Bengaluru Urban","Bangalore South",Agara,Byrasandra,Byrasandra,0000374144,0007573961,250170728,"Deep Tubewell","Ground Water","village limit","TFC221116 Drilling of Borewell at Byrasandra habitation, Agara GP, Bangalore South Taluk",2016-2017,1.90000,1.89555,"15 Jan 2017","28 Feb 2018",2024-06-07
Karnataka,"Bengaluru Urban","Bangalore South",Ramohalli,Hunsemaradapalya,Hunasemaradapalya,0000374210,0006844093,250074534,"Deep Tubewell","Ground Water","Near by  School","Drilling of Bore well in Hunasemaradapalya village Sulikere Gram Panchayat Kengeri Hobli Bangalore south taluk",2014-2015,1.20000,0.00000,"05 Dec 2014","10 Jan 2015",2024-06-07
Karnataka,"Bengaluru Urban","Bangalore South",Sullikere,Kommaghatta,Kommaghatta,0000374205,0006844468,250074542,"Deep Tubewell","Ground Water",School,"Drilling of Borewell in Kommaghatta in  Sulikere Gram Panchayat,Bangalore south Taluk",2014-2015,0.96000,0.00000,"06 Dec 2014","10 Jan 2015",2024-06-07
Karnataka,"Bengaluru Urban","Bangalore South",Taralu,Thattaguppe,Thattaguppe,0000374077,0006849044,250075800,"Deep Tubewell","Ground Water","Near nala","TFC 20.10.2014 Drilling of Borewell in THATTAGUPPE Habitation",2014-2015,1.22000,1.21746,"10 Dec 2014","26 Mar 2015",2024-06-07
Karnataka,"Bengaluru Urban","Bangalore South",Cholanayakanahalli,Jogerahalli,Jogerahalli,0000374428,0006849502,250075905,"Deep Tubewell","Ground Water","Near tank road","TFC 20.10.2014 Drilling of Borewell-2 No in JOGERAHALLI Habitation",2014-2015,1.40000,1.39620,"10 Dec 2014","30 Jan 2015",2024-06-07
Karnataka,"Bengaluru Urban","Bangalore South",Cholanayakanahalli,Cholanayakanahalli,Cholanayakanahalli,0000374414,0006849505,250075907,"Deep Tubewell","Ground Water","Near road","TFC 20.10.2014 Drilling of Borewell-2No in CHOLANAYAKANAHALLI	 Habitation",2014-2015,1.60000,1.11526,"10 Dec 2014","09 Feb 2015",2024-06-07
Karnataka,"Bengaluru Urban","Bangalore South",Ramohalli,Ramohalli,Ramohalli,0000374192,0006849506,250073751,"Deep Tubewell","Ground Water","Village limit","G TFC 20.10.2014 Errection of pumpset,laying of pipe line for revival of MWS in RAMOHALLI Habitation",2014-2015,4.00000,3.53703,"10 Dec 2014","01 Aug 2015",2024-06-07
Karnataka,"Bengaluru Urban","Bangalore South",Kumbalagodu,Kumbalagodu,"Kumbalagodu Jhc",0000374185,0006849515,250068796,"Deep Tubewell","Ground Water","Colony limit","SCP  TFC 20.10.2014 Errection of Pumpset with Pipe line and Energisation to revival of MWS in KUMBALAGODU JHC Habitation",2014-2015,3.20000,2.72477,"10 Dec 2014","16 Mar 2015",2024-06-07
Karnataka,"Bengaluru Urban","Bangalore South","K. Golahalli",Gonipura,Gonipura,0000374158,0006849521,5592352,"Deep Tubewell","Ground Water","Village limit","G TFC 20.10.2014 Errection of Pumpset with Pipe line and Energisation to revival of PWS in GONIPURA Habitation",2014-2015,3.50000,3.40356,"10 Dec 2014","31 Mar 2017",2024-06-07
Karnataka,"Bengaluru Urban","Bangalore South","Konappana Agrahara","Konappana Agrahara","Konappana Agrahara",0000373978,0006849603,250075960,"Deep Tubewell","Ground Water","near main road","G TFC 20.10.2014 Drilling of Borewell 2 in KONAPPANA AGRAHARA Habitation",2014-2015,2.40000,2.69085,"10 Dec 2014","01 Aug 2015",2024-06-07
Karnataka,"Bengaluru Urban","Bangalore South","Dodda Thogur","Dodda Thogur","Dodda Thogur",0000373963,0006849618,250075962,"Deep Tubewell","Ground Water","Near nala","TFC 20.10.2014 Errection of Pumpset with Pipe line and Energisation to revial of MWS in DODDA THOGUR HAbitation",2014-2015,3.00000,2.98652,"10 Dec 2014","31 Mar 2017",2024-06-07
Karnataka,"Bengaluru Urban","Bangalore South",Chunchanakuppe,Chikkelur,Chikkelur,0000374450,0006941222,250075893,"Deep Tubewell","Ground Water","Ramohalli Road","SCP TFC130315 Providing and   Erection of Pumpset with Pipe line to Borewell at Chikkellur Habitation, Chunchanaguppe GP, Bangalore South Taluk",2014-2015,4.00000,3.69451,"20 Apr 2015","01 Aug 2015",2024-06-07
Karnataka,"Bengaluru Urban","Bangalore South","Konappana Agrahara",Govindashettipalya,Govindashettipalya,0000373979,0006943809,250080222,"Deep Tubewell","Ground Water","Near KIADB Park","G TFC130315 Drilling of Borewell at Govindshetty Halli  Habitaion, Konappana Agrahara GP, Bangalore South Taluk",2014-2015,2.15000,2.14873,"20 Apr 2015","02 Sep 2015",2024-06-07
Karnataka,"Bengaluru Urban","Bangalore South",Ramohalli,Maligondanahalli,Maligondanahalli,0000374196,0006999499,250083712,"Deep Tubewell","Ground Water","Near Lake","SCP TFC050515 Drilling of Borewell at Maligondanahalli Habitation, Ramohalli  G.P",2015-2016,1.47000,1.46826,"21 Jul 2015","31 Mar 2016",2024-06-07
Karnataka,"Bengaluru Urban","Bangalore South",Kumbalagodu,Gerupalya,Gerupalya,0000374186,0006999636,250083729,"Deep Tubewell","Ground Water","Near Road","G TFC050515 Drilling of Borewell 2 with Electrification at Gerupalya Habitation, Kumbalagodu G.P",2015-2016,1.55000,1.28807,"21 Jul 2015","31 Mar 2016",2024-06-07
Karnataka,"Bengaluru Urban","Bangalore South",Channenahalli,Chennanahalli,Chennanahalli,0000374399,0006999661,250083735,"Deep Tubewell","Ground Water","Near School","TFC050515 Drilling of Borewell at Channenahalli Habitation, Tavarekere G.P",2015-2016,1.62000,0.00000,"07 Jun 2015","10 Oct 2015",2024-06-07
Karnataka,"Bengaluru Urban","Bangalore South","K. Golahalli",Thippur,Lingapura,0000374152,0006999680,250083738,"Deep Tubewell","Ground Water","Near Temple","G TFC050515 Drilling of Borewell with Electrification at Lingapura Habitation, K Gollahalli  G.P",2015-2016,1.64000,1.43975,"21 Jul 2015","31 Mar 2016",2024-06-07
Karnataka,"Bengaluru Urban","Bangalore South","K. Golahalli",Kenchanapalya,Kenchanapalya,0000374167,0006999698,250083741,"Deep Tubewell","Ground Water","Near Lake","G TFC050515 Drilling of Borewell with Electrification at Kenchanapalya Habitation, K Gollahalli G.P",2015-2016,1.54000,1.33304,"21 Jul 2015","31 Mar 2016",2024-06-07
Karnataka,"Bengaluru Urban","Bangalore South",Chikkanahalli,Gollahalli,"S. Gollahalli",0000374475,0006999951,250083765,"Deep Tubewell","Ground Water","Near Main Road","G TFC050515 Drilling of Borewell with Electrification at S Gollahalli Habitation, Chikkanahalli G.P",2015-2016,2.26000,2.05409,"21 Jul 2015","31 Mar 2016",2024-06-07
Karnataka,"Bengaluru Urban","Bangalore South",Chunchanakuppe,Chikkelur,Chikkelur,0000374450,0006999987,250083768,"Deep Tubewell","Ground Water","Near Ramohalli Road","SCP TFC050515 Drilling of Borewell with Electrification at Chikkalluru Habitation, Chunchanakuppe G.P",2015-2016,2.10000,1.78072,"21 Jul 2015","18 Mar 2016",2024-06-07
Karnataka,"Bengaluru Urban","Bangalore South",Kumbalagodu,Hosapalya,Hosapalya,0000374179,0007150259,5541581,"Deep Tubewell","Ground Water","Village limit","G Revival of MWS Scheme",2015-2016,6.00000,0.00000,"25 Oct 2015","31 Mar 2016",2024-06-07
Karnataka,"Bengaluru Urban","Bangalore South","Dodda Thogur",Vittasandra,Vittasandra,0000373958,0007164721,250093288,"Deep Tubewell","Ground Water",village,"SCP Drilling of Borewell and Energisation",2015-2016,8.00000,0.00000,"25 Oct 2015","31 Mar 2016",2024-06-07
Karnataka,"Bengaluru Urban","Bangalore South",Sullikere,Sullikere,Sullikere,0000374211,0007168530,250093363,"Deep Tubewell","Ground Water",village,"SC COLONY Providing Piped water supply scheme",2015-2016,20.00000,0.00000,"25 Oct 2015","31 Mar 2016",2024-06-07
Karnataka,"Bengaluru Urban","Bangalore South",Cholanayakanahalli,Devomachohalli,Devomachohalli,0000374419,0007407070,250121157,"Deep Tubewell","Ground Water","village limit","TFC190316 Drilling of Borewell  at Devomachohalli Habitation Cholanayakanahalli GP Bangalore South Taluk",2016-2017,1.78000,1.77000,"12 Apr 2016","02 Sep 2016",2024-06-07
Karnataka,"Bengaluru Urban","Bangalore South",Ajjanahalli,Huluvenahalli,Kudusiddanapalya,0000374464,0007407097,250121170,"Deep Tubewell","Ground Water","Near Ajjanahalli","TFC190316 Drilling of Borewell  at Kudasiddanapalya Habitation Ajjanahalli GP Bangalore South Taluk",2016-2017,0.99000,0.99000,"12 Apr 2016","28 Feb 2018",2024-06-07
Karnataka,"Bengaluru Urban","Bangalore South",Ramohalli,Gulgajanahalli,Gulaganjanahalli,0000374202,0007407109,250121310,"Deep Tubewell","Ground Water","village limit","TFC190316 Drilling of Borewell at Gulaganjanahalli Habitation Ramohalli G.P Bangalore South Taluk",2016-2017,1.95000,1.95000,"12 Apr 2016","28 Feb 2018",2024-06-07
Karnataka,"Bengaluru Urban","Bangalore South",Chunchanakuppe,Chunchanakuppe,Chunchanakuppe,0000374434,0007407219,250121244,"Deep Tubewell","Ground Water",kundalpura,"TFC190316 Drilling of Borewell  at Kundalpura Habitation Chunchanakuppe GP Bangalore South Taluk",2016-2017,1.61000,1.61000,"12 Apr 2016","02 Sep 2016",2024-06-07
Karnataka,"Bengaluru Urban","Bangalore South",Chunchanakuppe,Chunchanakuppe,Chunchanakuppe,0000374434,0007407227,250121256,"Deep Tubewell","Ground Water",giriyappanapalya,"TFC190316 Drilling of Borewell at Giriyappanapalya Habitation Chunchanakuppe GP Bangalore South Taluk",2016-2017,2.22000,2.20000,"12 Apr 2016","02 Sep 2016",2024-06-07
Karnataka,"Bengaluru Urban","Bangalore South",Chunchanakuppe,Chunchanakuppe,Chunchanakuppe,0000374434,0007407243,250121268,"Deep Tubewell","Ground Water","Jangammanapalya village","TFC190316 Drilling of Borewell at Jangammanapalya ChunchuguppeGP Bangalore South Taluk",2016-2017,1.42000,1.42000,"12 Apr 2016","02 Sep 2016",2024-06-07
Karnataka,"Bengaluru Urban","Bangalore South","Konappana Agrahara","Dodda Nagamangala","Dodda Nagamangala",0000373977,0007407287,250121289,"Deep Tubewell","Ground Water","Colony limit","TFC190316 Drilling of Borewell at DoddaNagamangala Habitation, KonappanaAgraha GP, South Taluk",2016-2017,2.40000,2.35000,"12 Apr 2016","02 Sep 2016",2024-06-07
Karnataka,"Bengaluru Urban","Bangalore South","Dodda Thogur","Dodda Thogur","Dodda Thogur",0000373963,0007407299,250121297,"Deep Tubewell","Ground Water","Near nala","TFC190316 Drilling of Borewell at BettaDasanapura Habitation, Dodda thoguru GP, South Taluk",2016-2017,4.30000,4.28000,"12 Apr 2016","02 Sep 2016",2024-06-07
Karnataka,"Bengaluru Urban","Bangalore South",Chikkanahalli,Kurubarapalya,Kurubarapalya,0000374485,0007525792,250141556,"Deep Tubewell","Ground Water","Village Limit","G Revival of MWS Scheme at Kurubarapalya Vllage , Bangalore South Taluk.",2016-2017,7.00000,0.00000,"01 Sep 2016","03 May 2023",2024-06-07
Karnataka,"Bengaluru Urban","Bangalore South",Cholanayakanahalli,Cholanayakanahalli,Cholanayakanahalli,0000374414,0007525878,250141642,"Deep Tubewell","Ground Water","village limit","G Revival of PWS scheme at Cholanayakanahalli  village, Cholanayakanahalli GP, Bangalore south taluk",2016-2017,8.00000,8.26580,"01 Sep 2016","31 Mar 2019",2024-06-07
Karnataka,"Bengaluru Urban","Bangalore South","K. Golahalli",Gudimavu,Gudimavu,0000374173,0007525961,250141709,"Deep Tubewell","Ground Water","village limit","G Revival of MWS scheme at Gudimavu Habitation,K.Gollahalli GP, Bangalore south taluk",2016-2017,8.00000,8.00126,"01 Sep 2016","31 Jan 2019",2024-06-07
Karnataka,"Bengaluru Urban","Bangalore South",Channenahalli,Sabarapalya,Islampura,0000374394,0000548833,123880,"Deep Tubewell","Ground Water",NA,VILLAGELIMIT,2006-2007,3.00000,2.83000,"26 Oct 2006","10 Oct 2007",2024-06-07
Karnataka,"Bengaluru Urban","Bangalore South",Ramohalli,Ramohalli,Ramohalli,0000374192,0000548919,124329,"Deep Tubewell","Ground Water",NA,VILLAGELIMIT,2007-2008,7.50000,7.50000,"29 Aug 2007","09 Jul 2008",2024-06-07
Karnataka,"Bengaluru Urban","Bangalore South",Kumbalagodu,Kumbalagodu,Kumbalagodu,0000374184,0000547836,125412,"Deep Tubewell","Ground Water",NA,villagelimit,2006-2007,12.00000,12.03000,"18 Jul 2007","17 Jan 2008",2024-06-07
Karnataka,"Bengaluru Urban","Bangalore South","K. Golahalli",Devegere,Devegere,0000374171,0000014023,125491,"Deep Tubewell","Ground Water","Main Road",Devagere,2004-2005,12.75000,10.50000,"01 Jan 1900","01 Jan 1900",2024-06-07
Karnataka,"Bengaluru Urban","Bangalore South",Ajjanahalli,Madapatna,Madigarapalya,0000374468,0000547864,125649,"Deep Tubewell","Ground Water",NA,villagelimit,2006-2007,12.00000,9.98000,"09 Oct 2007","10 Jun 2008",2024-06-07
Karnataka,"Bengaluru Urban","Bangalore South","Dodda Thogur",Homadevanahalli,Homadevanahalli,0000373972,0000549172,125729,"Deep Tubewell","Ground Water",NA,VILLAGELIMIT,2007-2008,3.00000,3.10000,"20 Sep 2007","15 Jul 2008",2024-06-07
Karnataka,"Bengaluru Urban","Bangalore South",Sullikere,Kenchanapura,Kenchanapura,0000374213,0000444736,125954,"Deep Tubewell","Ground Water",NA,PWSS,2007-2008,4.70000,2.90000,"05 Jan 2009","30 Apr 2009",2024-06-07
Karnataka,"Bengaluru Urban","Bangalore South",Cholanayakanahalli,Devomachohalli,Devomachohalli,0000374419,0000549215,126529,"Deep Tubewell","Ground Water",NA,VILLAGELIMIT,2007-2008,3.00000,0.88105,"20 Sep 2007","20 Mar 2008",2024-06-07
Karnataka,"Bengaluru Urban","Bangalore South",Nelaguli,Bolaare,Bolare,0000374085,0000548731,126795,"Deep Tubewell","Ground Water",NA,VILLAGELIMIT,2007-2008,3.00000,2.32000,"25 Jul 2007","05 Feb 2008",2024-06-07
Karnataka,"Bengaluru Urban","Bangalore South",Ajjanahalli,Huluvenahalli,Inorpalya,0000374463,0000549192,128859,"Deep Tubewell","Ground Water",NA,VILLAGELIMIT,2007-2008,1.06000,0.68000,"15 Aug 2007","20 Feb 2008",2024-06-07
Karnataka,"Bengaluru Urban","Bangalore South",Somanahalli,Girigowdanadoddi,Girigowdanadoddi,0000374082,0000548298,129413,"Deep Tubewell","Ground Water",NA,villagelimit,2006-2007,3.00000,2.10000,"15 Aug 2006","06 Feb 2008",2024-06-07
Karnataka,"Bengaluru Urban","Bangalore South",Cholanayakanahalli,Gangappanahalli,Gangappanahalli,0000374425,0000548879,129451,"Deep Tubewell","Ground Water",NA,VILLAGELIMIT,2007-2008,4.50000,2.37000,"14 Aug 2007","17 Jun 2008",2024-06-07
Karnataka,"Bengaluru Urban","Bangalore South",Chunchanakuppe,Sheshigiripura,Sheshigiripura,0000374451,0000549036,129585,"Deep Tubewell","Ground Water",NA,VILLAGELIMIT,2007-2008,0.90000,0.01750,"27 Jul 2007","22 Feb 2008",2024-06-07
Karnataka,"Bengaluru Urban","Bangalore South",Cholanayakanahalli,Gangappanahalli,Gangappanahalli,0000374425,0000548843,130080,"Deep Tubewell","Ground Water",NA,VILLAGELIMIT,2006-2007,2.00000,0.34000,"22 May 2007","21 Nov 2007",2024-06-07
Karnataka,"Bengaluru Urban","Bangalore South",Ramohalli,Bheemanakuppe,Bheemanakuppe,0000374190,0000444734,130698,"Deep Tubewell","Ground Water",NA,PWSS,2007-2008,5.00000,0.00000,"30 Nov 2007","27 Mar 2008",2024-06-07
Karnataka,"Bengaluru Urban","Bangalore South",Somanahalli,Somanahalli,Rayaradoddi,0000374091,0003729831,3594494,"Deep Tubewell","Ground Water","Govt. Primary School","School Water Supply",2011-2012,1.00000,0.00000,"15 Aug 2011","15 Feb 2012",2024-06-07
Karnataka,"Bengaluru Urban","Bangalore South",Channenahalli,Lakkuppe,Lakkuppe,0000374389,0003733243,3597924,"Deep Tubewell","Ground Water","Viilage Limit","Construction of OHT",2011-2012,20.00000,0.00000,"20 Aug 2011","15 Mar 2012",2024-06-07
Karnataka,"Bengaluru Urban","Bangalore South",Kumbalagodu,Kumbalagodu,Kumbalagodu,0000374184,0003733689,3598369,"Deep Tubewell","Ground Water","Village Limit","Extension of Pipe Line",2011-2012,5.00000,0.00000,"25 Jul 2011","15 Mar 2012",2024-06-07
Karnataka,"Bengaluru Urban","Bangalore South",Agara,Agara,"Byrasandra Colony",0000374145,0003915136,3783566,"Deep Tubewell","Ground Water","Road Side","Revival of MWS",2011-2012,6.00000,0.00000,"21 Aug 2011","25 Jan 2012",2024-06-07
Karnataka,"Bengaluru Urban","Bangalore South",Agara,Vaderahalli,"Vadderahalli Colony",0000374134,0003915275,3783705,"Deep Tubewell","Ground Water","Road Side","Revival of PWS",2011-2012,6.00000,0.00000,"21 Aug 2011","25 Jan 2012",2024-06-07
Karnataka,"Bengaluru Urban","Bangalore South",Ajjanahalli,Madapatna,Madapatna,0000374466,0003915501,3783933,"Deep Tubewell","Ground Water","Road Side","Revival of PWS",2011-2012,5.50000,0.00000,"22 Jan 2011","25 Jan 2012",2024-06-07
Karnataka,"Bengaluru Urban","Bangalore South",Cholanayakanahalli,Bychaguppe,"Bychaguppe Jhc",0000374407,0003915513,3783947,"Deep Tubewell","Ground Water","Towards Village Limits","Revival of MWS",2011-2012,5.50000,0.00000,"21 Aug 2011","25 Jan 2012",2024-06-07
Karnataka,"Bengaluru Urban","Bangalore South",Cholanayakanahalli,Bychaguppe,"Gurubhovipalya Bychaguppe",0000374411,0003915527,3783961,"Deep Tubewell","Ground Water","Road Side","Revival of MWS",2011-2012,5.00000,0.00000,"21 Aug 2011","25 Jan 2012",2024-06-07
Karnataka,"Bengaluru Urban","Bangalore South",Chunchanakuppe,Doddamaranahalli,Muddanapalya,0000374404,0003915606,3784041,"Deep Tubewell","Ground Water","Road Side","Revival of MWS",2011-2012,5.50000,0.00000,"21 Aug 2011","25 Jan 2012",2024-06-07
Karnataka,"Bengaluru Urban","Bangalore South",Cholanayakanahalli,Gangappanahalli,Gangappanahalli,0000374425,0003915619,3784055,"Deep Tubewell","Ground Water","Road Side","Revival of MWS",2011-2012,5.50000,0.00000,"21 Aug 2011","25 Jan 2012",2024-06-07
Karnataka,"Bengaluru Urban","Bangalore South","H. Gollahalli",Doddabele,"Doddabele Colony",0000374114,0003915879,3784320,"Deep Tubewell","Ground Water","Towards Village Limits","Revival of PWS",2011-2012,6.00000,0.00000,"21 Aug 2011","25 Jan 2012",2024-06-07
Karnataka,"Bengaluru Urban","Bangalore South","K. Golahalli",Devegere,Devegere,0000374171,0003915965,3784439,"Deep Tubewell","Ground Water","Towards Village Limits","Revival of PWS",2011-2012,6.00000,0.00000,"21 Aug 2011","25 Jan 2012",2024-06-07
Karnataka,"Bengaluru Urban","Bangalore South","K. Golahalli",Tagachaguppe,Ramaiahanapalya,0000374176,0003916154,3784651,"Deep Tubewell","Ground Water","Towards Village Limits","Revival of MWS",2011-2012,5.00000,0.00000,"21 Aug 2011","25 Jan 2012",2024-06-07
Karnataka,"Bengaluru Urban","Bangalore South","K. Golahalli",Thippur,Lingapura,0000374152,0003916182,3784699,"Deep Tubewell","Ground Water","Road Side","Revival of MWS",2011-2012,5.00000,0.00000,"21 Aug 2011","25 Jan 2012",2024-06-07
Karnataka,"Bengaluru Urban","Bangalore South",Kaggalipura,Kanthaiahnapalya,Kantaiahanapalya,0000374059,0003925265,3793942,"Deep Tubewell","Ground Water","Towards Village Limits","Revival of PWS",2011-2012,6.00000,0.00000,"21 Aug 2011","25 Jan 2012",2024-06-07
Karnataka,"Bengaluru Urban","Bangalore South",Kaggalipura,Kanthaiahnapalya,Kantaiahanapalya,0000374059,0003925306,3793986,"Deep Tubewell","Ground Water","Villagew main road","Revival of MWS",2011-2012,5.50000,0.00000,"10 Aug 2011","25 Feb 2012",2024-06-07
Karnataka,"Bengaluru Urban","Bangalore South",Nelaguli,Nelaguli,Sadanapalya,0000374104,0007167711,1501237,"Deep Tubewell","Ground Water","Near Govt School","SCP Revival of  MWS Scheme",2015-2016,6.00000,0.00000,"25 Oct 2015","31 Mar 2016",2024-06-07
Karnataka,"Bengaluru Urban","Bangalore South",Ramohalli,Gulgajanahalli,Gulaganjanahalli,0000374202,0001754004,1502577,"Deep Tubewell","Ground Water","Bengalura Circle","Palya Road",2008-2009,4.00000,1.82000,"17 Jan 2009","30 May 2010",2024-06-07
Karnataka,"Bengaluru Urban","Bangalore South",Kumbalagodu,Anchepalya,Anchepalya,0000374188,0001754029,1502602,"Deep Tubewell","Ground Water","Near High School Tank behind Anganawadi","Near Sanaullas house",2008-2009,3.50000,1.54000,"24 Jan 2009","30 May 2010",2024-06-07
Karnataka,"Bengaluru Urban","Bangalore South",Channenahalli,Honnaganahatti,Honnaganahatti,0000374398,0001754160,1502738,"Deep Tubewell","Ground Water","BMH Road","Yelachaguppe Road (Siddappa Layout, KG Nagar)",2008-2009,18.00000,0.00001,"28 Aug 2009","30 May 2010",2024-06-07
Karnataka,"Bengaluru Urban","Bangalore South",Nelaguli,Nettigere,Nettigere,0000374084,0001754212,1502792,"Deep Tubewell","Ground Water","Near NH 209","Near NH 209",2008-2009,18.00000,0.00001,"28 Feb 2009","30 May 2010",2024-06-07
Karnataka,"Bengaluru Urban","Bangalore South",Agara,Thataguni,Kamaiahanapalya,0000374135,0001754229,1502810,"Deep Tubewell","Ground Water","Siddaiahnapalya road","Near Gutte",2008-2009,18.00000,0.00001,"20 Sep 2009","31 Oct 2010",2024-06-07
Karnataka,"Bengaluru Urban","Bangalore South",Agara,Thataguni,Badamanavarthekaval,0000374127,0001765766,1515080,"Deep Tubewell","Ground Water","Near Brick Factory","Main Road",2007-2008,4.70000,0.00001,"05 Jan 2009","30 May 2010",2024-06-07
Karnataka,"Bengaluru Urban","Bangalore South",Tavarekere,Tavarekere,Tavarekere,0000374379,0002579072,2383075,"Deep Tubewell","Ground Water","village limit","Providing community Terrafil units at Channadasipalya village in Bangalore South Taluk",2009-2010,1.65000,1.89000,"10 Feb 2010","15 Mar 2011",2024-06-07
Karnataka,"Bengaluru Urban","Bangalore South",Chunchanakuppe,"C K Thandya","C.k. Thandya",0000374443,0007150180,2400140,"Deep Tubewell","Ground Water","village limits","G BESCOM Revival of MWS Scheme",2015-2016,0.60000,0.00000,"25 Oct 2015","31 Mar 2016",2024-06-07
Karnataka,"Bengaluru Urban","Bangalore South",Cholanayakanahalli,Devomachohalli,Devomachohalli,0000374419,0002595184,2400377,"Deep Tubewell","Ground Water","village limits","Providing Community Terrafil Units at Devamachonahalli in Bangalore South Taluk",2009-2010,1.10000,0.00100,"10 Feb 2010","15 Mar 2011",2024-06-07
Karnataka,"Bengaluru Urban","Bangalore South",Chikkanahalli,Dodderi,"Dodderi Jhc",0000374477,0002595389,2400583,"Deep Tubewell","Ground Water","village limits","Providing Community Terrafil Units at Ajjanahalli in Bangalore South Taluk",2009-2010,3.30000,0.00100,"17 Sep 2009","16 Dec 2009",2024-06-07
Karnataka,"Bengaluru Urban","Bangalore South",Channenahalli,Kurubarahalli,Kurubarahalli,0000374388,0002595445,2400641,"Deep Tubewell","Ground Water","village limits","Providing Community Terrafil Units at Kurubarahalli in Bangalore South Taluk",2009-2010,1.65000,0.00100,"10 Feb 2010","15 Mar 2011",2024-06-07
Karnataka,"Bengaluru Urban","Bangalore South",Chunchanakuppe,Lakkaiahnapalya,Lakkaiahanapalya,0000374441,0002595590,2400795,"Deep Tubewell","Ground Water","village limits","Providing Community Terrafil Units at Lakkaiahnapaly in Bangalore South Taluk",2009-2010,0.55000,0.00100,"10 Feb 2010","15 Mar 2011",2024-06-07
Karnataka,"Bengaluru Urban","Bangalore South",Chikkanahalli,Donnenahalli,Donnenahalli,0000374481,0002596416,2401696,"Deep Tubewell","Ground Water","village limits","Providing Community Terrafil Units at Donnenahalli in Bangalore South Taluk",2010-2011,1.10000,0.00000,"15 Nov 2010","15 Feb 2011",2024-06-07
Karnataka,"Bengaluru Urban","Bangalore South",Agara,Thataguni,Tataguni,0000374141,0006941326,2401709,"Deep Tubewell","Ground Water","Kanakapura Road","G TFC130315 Providing  Erection of Pumpset with Pipe line to Borewell at Choudeswarai Nagara Habitation, Agara GP, Bangalore South Taluk",2014-2015,4.00000,3.69510,"20 Apr 2015","01 Aug 2015",2024-06-07
Karnataka,"Bengaluru Urban","Bangalore South",Chunchanakuppe,Puradapalya,Puradapalya,0000374429,0002596916,2402228,"Deep Tubewell","Ground Water","Village Limits","Village Limits",2010-2011,4.00000,0.00000,"30 Jun 2010","31 Mar 2011",2024-06-07
Karnataka,"Bengaluru Urban","Bangalore South","H. Gollahalli",Nagegowdanapalya,Nagegowdanapalya,0000374126,0002596955,2402264,"Deep Tubewell","Ground Water","Village limits","Community Terrafil Units",2010-2011,0.55000,0.00000,"15 Nov 2010","15 Feb 2011",2024-06-07
Karnataka,"Bengaluru Urban","Bangalore South","K. Golahalli",Kullegowdanapalya,Kullegowdanapalya,0000374165,0002597024,2402329,"Deep Tubewell","Ground Water","village limits","Community Terrafil Units",2010-2011,0.55000,0.00000,"15 Nov 2010","15 Feb 2011",2024-06-07
Karnataka,"Bengaluru Urban","Bangalore South",Kaggalipura,"Saalu Hunase",Salahunse,0000374063,0002597025,2402330,"Deep Tubewell","Ground Water","Village Limits","Village Limits",2010-2011,4.00000,0.00000,"30 Jun 2010","31 Mar 2011",2024-06-07
Karnataka,"Bengaluru Urban","Bangalore South",Somanahalli,Sunkadakatte,Sunkadakatte,0001622948,0002597305,2402642,"Deep Tubewell","Ground Water","Village Limits","Village Limits",2010-2011,4.00000,0.00000,"30 Jun 2010","31 Mar 2011",2024-06-07
Karnataka,"Bengaluru Urban","Bangalore South",Sullikere,Ramasandra,Ramasandra,0000374214,0002597333,2402671,"Deep Tubewell","Ground Water","Village Limits","Village Limits",2010-2011,4.50000,0.00000,"30 Jun 2010","31 Mar 2011",2024-06-07
Karnataka,"Bengaluru Urban","Bangalore South",Kumbalagodu,Gerupalya,"Gerupalya Jhc",0000374187,0002599342,2404805,"Deep Tubewell","Ground Water","village limits","Community Terrafil Units",2010-2011,2.20000,0.00000,"15 Nov 2010","28 Nov 2011",2024-06-07
Karnataka,"Bengaluru Urban","Bangalore South",Sullikere,Hosabyrohalli,Hosabyrahalli,0000374207,0002599602,2405085,"Deep Tubewell","Ground Water","village limits","Community Terrafil Units",2010-2011,0.55000,0.00000,"15 Nov 2010","15 Feb 2011",2024-06-07
Karnataka,"Bengaluru Urban","Bangalore South",Ramohalli,Bheemanakuppe,Bettanapalya,0000374208,0002599602,2405086,"Deep Tubewell","Ground Water","village limits","Community Terrafil Units",2010-2011,0.55000,0.00000,"15 Nov 2010","15 Feb 2011",2024-06-07
Karnataka,"Bengaluru Urban","Bangalore South",Chikkanahalli,Chikkanahalli,Pachepalya,0000374224,0002599602,2405088,"Deep Tubewell","Ground Water","village limits","Community Terrafil Units",2010-2011,0.55000,0.00000,"15 Nov 2010","15 Feb 2011",2024-06-07
Karnataka,"Bengaluru Urban","Bangalore South",Chunchanakuppe,Doddamaranahalli,Doddamaranahalli,0000374401,0002599794,2405277,"Deep Tubewell","Ground Water","Village Limits","Village Limits",2010-2011,4.50000,0.00000,"30 Jun 2010","31 Mar 2011",2024-06-07
Karnataka,"Bengaluru Urban","Bangalore South",Chunchanakuppe,Doddamaranahalli,Doddamaranahalli,0000374401,0007150093,2405277,"Deep Tubewell","Ground Water","Village Limits","G BESCOM Revival of MWS Scheme DODDAMARANAHALLI and KANAKANAGARA",2015-2016,2.02000,0.00000,"25 Oct 2015","31 Mar 2016",2024-06-07
Karnataka,"Bengaluru Urban","Bangalore South",Chunchanakuppe,Kolur,Kolur,0000374440,0002601436,2407028,"Deep Tubewell","Ground Water","village limits","Community Terrafil Units",2009-2010,1.10000,0.00100,"10 Feb 2010","15 Mar 2011",2024-06-07
Karnataka,"Bengaluru Urban","Bangalore South",Taralu,"Nallakana Doddi",Nalakaiahanadoddi,0000374068,0003926639,3795341,"Deep Tubewell","Ground Water","Towards Village Limits","Revival of MWS",2011-2012,5.50000,0.00000,"21 Aug 2011","25 Jan 2012",2024-06-07
Karnataka,"Bengaluru Urban","Bangalore South",Tavarekere,Tavarekere,"Tavarekere Jhc",0000374387,0003926790,3795495,"Deep Tubewell","Ground Water","Towards Village Limits","Revival of PWS",2011-2012,5.50000,0.00000,"21 Aug 2011","25 Jan 2012",2024-06-07
Karnataka,"Bengaluru Urban","Bangalore South",Somanahalli,Somanahalli,"Somanahalli Gate",0000374090,0003931262,3800015,"Deep Tubewell","Ground Water","Near main gate","Revival of MWS",2011-2012,5.50000,0.00000,"20 Aug 2011","25 Feb 2012",2024-06-07
Karnataka,"Bengaluru Urban","Bangalore South",Kumbalagodu,Kambipura,Kambipura,0000374180,0004768345,4697186,"Deep Tubewell","Ground Water","Near OHT","MWS at Kambipura",2010-2011,5.00000,4.99000,"31 Dec 2011","31 Mar 2012",2024-06-07
Karnataka,"Bengaluru Urban","Bangalore South","Dodda Thogur",Bettadasanapura,Bettadasanapura,0000373960,0004856913,4783980,"Deep Tubewell","Ground Water","Near Vittasandra Palya","Revival of PWS Scheme",2012-2013,6.50000,0.00000,"13 Aug 2012","20 Feb 2013",2024-06-07
Karnataka,"Bengaluru Urban","Bangalore South","Dodda Thogur",Bettadasanapura,Bettadasanapura,0000373960,0004856914,4783981,"Deep Tubewell","Ground Water","Near Vittasandra Palya","Revival of PWS Scheme",2012-2013,6.50000,6.49919,"13 Aug 2012","04 Jan 2013",2024-06-07
Karnataka,"Bengaluru Urban","Bangalore South","Dodda Thogur",Vittasandra,Vittasandra,0000373958,0004856945,4784011,"Deep Tubewell","Ground Water","Towards Begur Road","Revival of PWS Scheme",2012-2013,6.50000,6.55042,"18 Aug 2012","03 Dec 2012",2024-06-07
Karnataka,"Bengaluru Urban","Bangalore South",Cholanayakanahalli,Kempegowdanahalli,Kempegowdanahalli,0000374422,0004863461,4790441,"Deep Tubewell","Ground Water","Left side of Main Road","Revival of MWS Scheme",2012-2013,4.00000,0.00000,"10 Sep 2012","20 Feb 2013",2024-06-07
Karnataka,"Bengaluru Urban","Bangalore South",Cholanayakanahalli,Karekallupalya,Karekalpalya,0000374420,0004863569,4790539,"Deep Tubewell","Ground Water","Right side of the Road","Revival of MWS Scheme",2012-2013,4.00000,0.00000,"15 Sep 2012","15 Feb 2013",2024-06-07
Karnataka,"Bengaluru Urban","Bangalore South",Channenahalli,"C Jattipalya","Chennanahalli Jattipalya",0000374400,0004864757,4791613,"Deep Tubewell","Ground Water","Towards Main Road","Revival of MWS Scheme",2012-2013,5.00000,4.99997,"10 Sep 2012","31 Jan 2013",2024-06-07
Karnataka,"Bengaluru Urban","Bangalore South",Channenahalli,Sabarapalya,Islampura,0000374394,0004864781,4791634,"Deep Tubewell","Ground Water","Chikkannanapalya Road","Revival of MWS Scheme",2012-2013,5.00000,5.00000,"14 Sep 2012","23 Mar 2013",2024-06-07
Karnataka,"Bengaluru Urban","Bangalore South",Chunchanakuppe,Subbarayappanapalya,"Subbarayappanapalya A",0000374452,0004864850,4791713,"Deep Tubewell","Ground Water","Village Limit","Revival of MWS Scheme",2012-2013,5.00000,4.99998,"19 Sep 2012","01 Mar 2013",2024-06-07
Karnataka,"Bengaluru Urban","Bangalore South",Chunchanakuppe,Doddamaranahalli,Doddamaranahalli,0000374401,0007000070,4791718,"Deep Tubewell","Ground Water","Towards Main Road","G TFC050515 Providing and erection of Cistern with Pipe line to existing Borewell at Doddamaranahalli Habitation,  Chunchaguppe G.P",2015-2016,2.00000,1.99907,"21 Jul 2015","23 Mar 2016",2024-06-07
Karnataka,"Bengaluru Urban","Bangalore South","Konappana Agrahara",Govindashettipalya,Govindashettipalya,0000373979,0002610423,2416260,"Deep Tubewell","Ground Water","village limits","Community Terrafil Units",2010-2011,7.70000,0.00000,"15 Nov 2010","28 Feb 2012",2024-06-07
Karnataka,"Bengaluru Urban","Bangalore South",Kumbalagodu,Kumbalagodu,Kumbalagodu,0000374184,0002610573,2416423,"Deep Tubewell","Ground Water","village limits","Community Terrafil Units",2010-2011,8.25000,0.00000,"15 Nov 2010","28 Feb 2012",2024-06-07
Karnataka,"Bengaluru Urban","Bangalore South",Channenahalli,Honnaganahatti,Honnaganahatti,0000374398,0002866966,2690347,"Deep Tubewell","Ground Water","Providing Piped Water Supply Scheme to  Honnaganahatti Village","Providing Piped Water Supply Scheme to  Honnaganahatti Village",2010-2011,18.60000,0.00000,"10 Sep 2010","28 Jan 2011",2024-06-07
Karnataka,"Bengaluru Urban","Bangalore South",Cholanayakanahalli,Ganakal,Ganakal,0000374418,0003413954,3279221,"Deep Tubewell","Ground Water","Community Terrafil units","Community Terrafil units",2010-2011,3.78000,0.00000,"15 May 2011","28 Oct 2011",2024-06-07
Karnataka,"Bengaluru Urban","Bangalore South",Sullikere,Kommaghatta,Kommaghatta,0000374205,0003588004,3452596,"Deep Tubewell","Ground Water","Near Road Side","Construction of OHT",2011-2012,10.00000,6.49962,"10 Jun 2011","16 Jan 2013",2024-06-07
Karnataka,"Bengaluru Urban","Bangalore South",Sullikere,Kommaghatta,Kommaghatta,0000374205,0006849511,3452596,"Deep Tubewell","Ground Water","Near Road Side","G TFC 20.10.2014 Errection of Pumpset with Pipe line and Energisation to revival of MWS in KOMMAGHATTA Habitation",2014-2015,3.50000,3.27685,"10 Dec 2014","31 Mar 2019",2024-06-07
Karnataka,"Bengaluru Urban","Bangalore South","Konappana Agrahara","Konappana Agrahara","Konappana Agrahara",0000373978,0003606938,3471726,"Deep Tubewell","Ground Water","Near Road Side","Additional Pipe Line",2011-2012,4.50000,0.00000,"15 Jun 2011","15 Mar 2012",2024-06-07
Karnataka,"Bengaluru Urban","Bangalore South",Agara,Hosapalya,Hosapalya,0000374146,0003619611,3484381,"Deep Tubewell","Ground Water","Village Limits","Pipeline Extension",2011-2012,1.25000,0.00000,"15 Jul 2011","15 Mar 2012",2024-06-07
Karnataka,"Bengaluru Urban","Bangalore South",Ajjanahalli,Byalalu,Byalalu,0000374474,0003639276,3504050,"Deep Tubewell","Ground Water","Near Road Side","Pipeline Extension",2011-2012,4.00000,0.00000,"20 Jul 2011","15 Mar 2012",2024-06-07
Karnataka,"Bengaluru Urban","Bangalore South",Chikkanahalli,Mayasandra,Mayasandra,0000374483,0003669541,3534631,"Deep Tubewell","Ground Water",NA,Addl.cistern,2006-2007,0.75000,0.75000,"30 Jun 2006","30 Nov 2006",2024-06-07
Karnataka,"Bengaluru Urban","Bangalore South",Somanahalli,Somanahalli,Somanahalli,0000374089,0003669661,3534748,"Deep Tubewell","Ground Water",NA,Addl.cistern,2006-2007,0.75000,0.00001,"30 Apr 2006","30 Jun 2006",2024-06-07
Karnataka,"Bengaluru Urban","Bangalore South",Taralu,"Taralu Estate","Taralu Estate",0000374072,0003669695,3534781,"Deep Tubewell","Ground Water",NA,Addl.cistern,2006-2007,0.75000,0.00001,"31 May 2006","31 Dec 2006",2024-06-07
Karnataka,"Bengaluru Urban","Bangalore South",Chikkanahalli,Uddandanahalli,Uddandanahalli,0000374482,0003729649,3594309,"Deep Tubewell","Ground Water","Govt. Primary School","School Water Supply",2011-2012,1.00000,0.00000,"15 Aug 2011","15 Feb 2012",2024-06-07
Karnataka,"Bengaluru Urban","Bangalore South",Cholanayakanahalli,Bychaguppe,Bychaguppe,0000374406,0003729676,3594337,"Deep Tubewell","Ground Water","Govt. Primary School","School Water Supply",2011-2012,1.00000,0.00000,"15 Aug 2011","15 Feb 2012",2024-06-07
Karnataka,"Bengaluru Urban","Bangalore South",Chunchanakuppe,Chunchanakuppe,"Lakshmipura (chunchanaguppe)",0000374436,0003729696,3594357,"Deep Tubewell","Ground Water","Govt. Primary School","School Water Supply",2011-2012,1.00000,0.00000,"15 Aug 2011","15 Feb 2012",2024-06-07
Karnataka,"Bengaluru Urban","Bangalore South",Kaggalipura,Kaggalipura,Kaggalipura,0000374057,0007899468,250271364,"Deep Tubewell","Ground Water","village limit","G Providing Piped water Supply Scheme(Construction of OHT) at  Kaggalipura AKC Habitation, Kaggalipura GP, Bangalore South Taluk.(Scheme Id 7528586 Continuation)",2018-2019,25.00000,8.13218,"10 May 2019","03 May 2023",2024-06-07
Karnataka,"Bengaluru Urban","Bangalore South",Ramohalli,Bheemanakuppe,Bheemanakuppe,0000374190,0007899482,250271373,"Deep Tubewell","Ground Water","village limit","G Providing Piped water Supply Scheme(Construction of OHT) at Bheemanakuppe Colony Habitation, Ramohalli GP, Bangalore South Taluk. (Scheme Id 7528647 Continuation)",2018-2019,25.00000,0.00000,"10 May 2019","03 May 2023",2024-06-07
Karnataka,"Bengaluru Urban","Bangalore South",Chunchanakuppe,Karekalpalya,Karekalpalya,0000374402,0007899490,250271377,"Deep Tubewell","Ground Water","village limit","G Providing Piped water Supply Scheme(Construction of OHT) at Karekalpalya Habitation, Chunchanakuppe GP, Bangalore South Taluk. (Scheme Id 7528673 Continuation)",2018-2019,25.00000,0.00000,"10 May 2019","03 May 2023",2024-06-07
Karnataka,"Bengaluru Urban","Bangalore South",Ramohalli,Bheemanakuppe,"Bheemanakuppe Colony",0000374191,0007900638,250271572,"Deep Tubewell","Ground Water","Near Village main road","One Time Settelment  Of Bescom Bills On Account Of Capital Cost in South Taluk.",2018-2019,27.00000,26.59000,"05 Sep 2018","31 Mar 2019",2024-06-07
Karnataka,"Bengaluru Urban","Bangalore South",Kumbalagodu,Anchepalya,Anchepalya,0000374188,0007904728,250275102,"Deep Tubewell","Ground Water","Village limit","G Revival of  MWS Drilling of Bore well, Erection of Pump motor and Providing Pipe line at Anchepalya Habitation, Kumbalagodu GP, Bangalore South Taluk.",2019-2020,9.00000,7.01894,"18 Sep 2019","03 May 2023",2024-06-07
Karnataka,"Bengaluru Urban","Bangalore South","Konappana Agrahara",Govindashettipalya,Govindashettipalya,0000373979,0007904977,250275372,"Deep Tubewell","Ground Water","village limit","G Providing piped water supply Scheme (construction of OHT) at Govindashetty Palya  Habitation, Konappana Agrahara GP, Bangalore South Taluk.",2019-2020,23.00000,23.31018,"18 Sep 2019","03 May 2023",2024-06-07
Karnataka,"Bengaluru Urban","Bangalore South","Dodda Thogur",Vittasandra,Vittasandra,0000373958,0007905006,250275402,"Deep Tubewell","Ground Water","Near Main Road","G Revival of  MWS Drilling of Bore well, Erection of Pump motor  with Pipeline and Energisation at Vittasandra Palya Habitation, Doddathoguru GP, Bangalore South Taluk.",2019-2020,7.00000,5.63979,"18 Sep 2019","03 May 2023",2024-06-07
Karnataka,"Bengaluru Urban","Bangalore South","Dodda Thogur",Mailasandra,Mailasandrapalya,0000373956,0007905020,250275418,"Deep Tubewell","Ground Water","Mylasandra Gate","G Revival of  MWS Drilling of Bore well, Erection of Pump motor  at VaddarapalyaHabitation, Doddathoguru GP, Bangalore South Taluk.",2019-2020,3.00000,2.99802,"18 Sep 2019","29 Feb 2020",2024-06-07
Karnataka,"Bengaluru Urban","Bangalore South",Sullikere,Chikkabasthi,"Chikka Basthi",0000374220,0007911390,250282278,"Deep Tubewell","Ground Water","Village Limit","SC ST Revival  of MWS drilling of borewell ,pump motor scheme at Chikkabasthi Habitation  Sulikere GP Bangalore South Taluk",2019-2020,7.00000,6.02583,"27 Sep 2019","03 May 2023",2024-06-07
Karnataka,"Bengaluru Urban","Bangalore South",Channenahalli,Honnaganahatti,Honnaganahatti,0000374398,0007913983,250284170,"Deep Tubewell","Ground Water","village limit","G Revival of MWS scheme  at Honnaganahatte Habitation, Chennenahalli GP, Bangalore South Taluk",2019-2020,4.00000,3.49066,"01 Oct 2019","03 May 2023",2024-06-07
Karnataka,"Bengaluru Urban","Bangalore South",Tavarekere,Basavanapalya,Basavanapalya,0000374384,0007914079,250284250,"Deep Tubewell","Ground Water","Village limit","G Revival of MWS scheme Drilling of Borewell, Erection of Pumpset at Basavannapalya Habitation, Tavarekere G.P, Bangalore South Taluk",2019-2020,5.30000,4.99772,"02 Oct 2019","03 May 2023",2024-06-07
Karnataka,"Bengaluru Urban","Bangalore South",Cholanayakanahalli,Bychaguppe,"Lakshmipura Bychaguppe",0000374408,0007914122,250284290,"Deep Tubewell","Ground Water","village limit","SCP Revival  of MWS drilling of borewell ,pump motor scheme at  Lakshmipura Habitation,Cholanayakanahalli G.P, Bangalore South Taluk",2019-2020,7.50000,6.84149,"02 Oct 2019","03 May 2023",2024-06-07
Karnataka,"Bengaluru Urban","Bangalore South",Taralu,Gulakamale,Gulakamale,0000374066,0007918307,250285864,"Deep Tubewell","Ground Water","Near Village road","SCP Revival of MWS Driling of borewell,pump motor scheme at Nallakkanadoddi Habitation,Taralu G.P, Bangalore South Taluk",2019-2020,8.00000,0.00000,"14 Oct 2019","03 May 2023",2024-06-07
Karnataka,"Bengaluru Urban","Bangalore South",Agara,Agara,"Agara Jhc",0000374138,0007919040,250286033,"Deep Tubewell","Ground Water","Village limit","G Revival of MWS Providing pIipeline scheme at Agara G.P, Bangalore South Taluk",2019-2020,5.00000,4.46000,"15 Oct 2019","03 May 2023",2024-06-07
Karnataka,"Bengaluru Urban","Bangalore South",Kaggalipura,"O.b. Choodahalli","O.b. Choodahalli",0000374065,0007919135,250286043,"Deep Tubewell","Ground Water","Near Village main road","G Revival of MWS Drilling of borewell ,pump motor with pipeline scheme at Ob Choodahalli Habitation, Kaggalipura G.P, Bangalore South Taluk",2019-2020,3.00000,3.00000,"15 Oct 2019","31 Mar 2020",2024-06-07
Karnataka,"Bengaluru Urban","Bangalore South",Kaggalipura,Gandhinagara,Gandhinagara,0000374061,0007919148,250286045,"Deep Tubewell","Ground Water","village limit","G Revival of MWS Drilling of borewell ,pump motor with pipeline scheme at Gandhinagara Habitation, Kaggalipura G.P, Bangalore South Taluk",2019-2020,10.00000,10.09945,"15 Oct 2019","03 May 2023",2024-06-07
Karnataka,"Bengaluru Urban","Bangalore South",Agara,Byrasandra,Byrasandra,0000374144,0007951953,250170728,"Deep Tubewell","Ground Water","village limit","TFC CEO 080319 Drilling of borewell  at  near temple Byarsandra  village Agara G.p in Banglore South taluk",2019-2020,3.69000,0.00000,"15 Mar 2019","03 May 2023",2024-06-07
Karnataka,"Bengaluru Urban","Bangalore South",Channenahalli,Honnaganahatti,Honnaganahatti,0000374398,0007951976,250246644,"Deep Tubewell","Ground Water","Village limit","TFC CEO 080319 Erection of Pumpmotor and pipeline of borewell  at Honaganahatti  village Tavarakere G.p in Bangalore South taluk",2019-2020,3.78000,0.00000,"16 Mar 2019","03 May 2023",2024-06-07
Karnataka,"Bengaluru Urban","Bangalore South",Agara,Thataguni,Tataguni,0000374141,0007952017,250170718,"Deep Tubewell","Ground Water","village limit","TFC231019 Erection of pumpmotor and pipeline Tataguni village at Agara i GP Bangalore South Taluk",2019-2020,5.00000,4.99598,"25 Oct 2019","03 May 2023",2024-06-07
Karnataka,"Bengaluru Urban","Bangalore South",Agara,Thataguni,Tataguni,0000374141,0007952029,250170721,"Deep Tubewell","Ground Water","Tataguni colony","TFC231019 Erection of pumpmotor and pipeline Navagramai village at Agara i GP Bangalore South Taluk",2019-2020,5.00000,4.97713,"25 Oct 2019","03 May 2023",2024-06-07
Karnataka,"Bengaluru Urban","Bangalore South",Agara,Byrasandra,Byrasandra,0000374144,0007952116,250188584,"Deep Tubewell","Ground Water","Colony limit","TFC CEO 080319 Erection of pumpmotor to the existing borewell at Byrasandra  village Agara  G.p in Bangalore south  Taluk",2019-2020,3.69000,3.68768,"08 Mar 2019","29 Feb 2020",2024-06-07
Karnataka,"Bengaluru Urban","Bangalore South",Cholanayakanahalli,Nagenahalli,Nagenahalli,0000374427,0007979522,250246663,"Deep Tubewell","Ground Water","Village limit","Revival of mws scheme at NAGANAHALLI v, cholanayakanahalli gp,banglore south tq.SP",2019-2020,5.00000,0.25166,"19 Nov 2019","31 Mar 2020",2024-06-07
Karnataka,"Bengaluru Urban","Bangalore South","H. Gollahalli","H. Gollahalli","H. Gollahalli",0000374115,0007998804,250290080,"Deep Tubewell","Ground Water","village limit","CAP2 Drilling of Borewell at H.Gollahalli village H.Gollahalli Gp, Bengaluru South Taluk",2020-2021,2.50000,2.31692,"29 May 2020","03 May 2023",2024-06-07
Karnataka,"Bengaluru Urban","Bangalore South","H. Gollahalli","H. Gollahalli","H. Gollahalli",0000374115,0007998804,250075903,"Deep Tubewell","Ground Water","Near Gurumurthy House","CAP2 Drilling of Borewell at H.Gollahalli village H.Gollahalli Gp, Bengaluru South Taluk",2020-2021,2.50000,2.31692,"29 May 2020","03 May 2023",2024-06-07
Karnataka,"Bengaluru Urban","Bangalore South",Cholanayakanahalli,Jogerahalli,Jogerahalli,0000374428,0007998924,250075905,"Deep Tubewell","Ground Water","Near tank road","CAP2 Drilling of borewell at Jogerhalli village, Cholanayakanahalli GP, Bangalore south Taluk",2020-2021,2.50000,2.47328,"29 May 2020","03 May 2023",2024-06-07
Karnataka,"Bengaluru Urban","Bangalore South",Chikkanahalli,Kurubarapalya,Kurubarapalya,0000374485,0007998930,250121137,"Deep Tubewell","Ground Water","village limit","CAP1 Drilling of borewell at Kurubarapalya village, Chikkanahalli GP, Bangalore south Taluk",2020-2021,2.50000,2.47701,"29 May 2020","03 May 2023",2024-06-07
Karnataka,"Bengaluru Urban","Bangalore South",Cholanayakanahalli,Marenahalli,Marenahalli,0000374426,0007998949,250290087,"Deep Tubewell","Ground Water","village limit","CAP1 Drilling of borewell at Marenhalli village, Cholanayakanahalli GP, Bangalore south Taluk",2020-2021,2.50000,2.48025,"29 May 2020","03 May 2023",2024-06-07
Karnataka,"Bengaluru Urban","Bangalore South",Cholanayakanahalli,Cholanayakanahalli,Cholanayakanahalli,0000374414,0007998949,250075906,"Deep Tubewell","Ground Water","Near  chikkanana temple","CAP1 Drilling of borewell at Marenhalli village, Cholanayakanahalli GP, Bangalore south Taluk",2020-2021,2.50000,2.48025,"29 May 2020","03 May 2023",2024-06-07
Karnataka,"Bengaluru Urban","Bangalore South",Taralu,Thattaguppe,Thattaguppe,0000374077,0007999587,250290115,"Deep Tubewell","Ground Water","village limit","10crore Revival of PWS scheme, Providing Pump Motor at Thattaguppe village, Tharalu GP, Bangalore South Taluk",2020-2021,5.00000,4.99984,"16 Jun 2020","03 May 2023",2024-06-07
Karnataka,"Bengaluru Urban","Bangalore South",Nelaguli,Nelaguli,Nelaguli,0000374103,0007999591,250185449,"Deep Tubewell","Ground Water","village limit","10crore Revival of PWS scheme, Providing Pump Motor at Ravhugodlu Bande Colony village, Nelguli GP, Bangalore South Taluk",2020-2021,5.00000,4.98163,"16 Jun 2020","03 May 2023",2024-06-07
Karnataka,"Bengaluru Urban","Bangalore South",Ramohalli,Challaghatta,Challaghatta,0000374189,0008033669,250145442,"Deep Tubewell","Ground Water","village limit","10crore Revival of PWS scheme,  Drilling Borewell and Providing pipeline at challagatta  Habitation Ramohalli GP, Bangalore South Taluk",2020-2021,5.00000,4.84465,"22 Jun 2020","03 May 2023",2024-06-07
Karnataka,"Bengaluru Urban","Bangalore South",Kumbalagodu,Kambipura,"Kambipura Jhc",0000374181,0008035102,250142641,"Deep Tubewell","Ground Water","village limit","g revival of PWS Scheme drilling of  borewell at kumbalgodu 1st block  Habitation Kumbalagodu GP Bangalore South taluk",2020-2021,2.50000,0.00000,"16 Jun 2020","03 May 2023",2024-06-07
Karnataka,"Bengaluru Urban","Bangalore South","K. Golahalli","K. Gollahalli","K. Gollahalli",0000374164,0008035901,250143542,"Deep Tubewell","Ground Water","Near Lake","CAP4 Drilling of Borewell atNalakamba Circle Habitation,K Gollahalli GP,Bangalore South Taluk",2020-2021,2.50000,2.46583,"16 Jul 2020","03 May 2023",2024-06-07
Karnataka,"Bengaluru Urban","Bangalore South",Channenahalli,Chennanahalli,Chennanahalli,0000374399,0008066479,250246636,"Deep Tubewell","Ground Water","village limit","10crore Revival of PWS scheme drilling of borewell at Honnaganahatti village, Chennanehalli GP, bangalore south Taluk",2020-2021,5.00000,4.48925,"16 Jun 2020","03 May 2023",2024-06-07
Karnataka,"Bengaluru Urban","Bangalore South",Channenahalli,Chennanahalli,Chennanahalli,0000374399,0008066513,250246636,"Deep Tubewell","Ground Water","village limit","10crore Revival of PWS scheme(2)drilling of borewell at Chennanehalli  village, Chennanehalli GP, bangalore south Taluk",2020-2021,5.00000,4.45023,"17 Jun 2020","03 May 2023",2024-06-07
Karnataka,"Bengaluru Urban","Bangalore South",Chunchanakuppe,Chunchanakuppe,Chunchanakuppe,0000374434,0008066595,250246468,"Deep Tubewell","Ground Water","Main road","10crore Revival of PWS scheme Errection of pump motor at  Guruvoboviopalya  village, Chunchankuppe GP, bangalore south Taluk",2020-2021,5.00000,0.00000,"17 Jun 2020","03 May 2023",2024-06-07
Karnataka,"Bengaluru Urban","Bangalore South",Cholanayakanahalli,Cholanayakanahalli,Cholanayakanahalli,0000374414,0008066654,250246541,"Deep Tubewell","Ground Water","Right side of Main Road","10crore Revival of PWS scheme Errection of pump motor  and pipeline at  Varthutu village, Cholanayakanahalli GP, bangalore south Taluk",2020-2021,5.00000,4.54031,"17 Jun 2020","03 May 2023",2024-06-07
Karnataka,"Bengaluru Urban","Bangalore South",Ajjanahalli,Huluvenahalli,Huluvenahalli,0000374458,0008068026,250075876,"Deep Tubewell","Ground Water","Near Srinivas field","10crore Revival of PWS scheme, Providing Pump Motor and pipeline at Huluvenahalli village  ajjanahalli ,gp  banglore southTaluk",2020-2021,5.00000,4.50842,"16 Jun 2020","03 May 2023",2024-06-07
Karnataka,"Bengaluru Urban","Bangalore South",Sullikere,Ramasandra,Ramasandra,0000374214,0008068041,250143942,"Deep Tubewell","Ground Water","village limit","10crore Revival of PWS sche Providing Pump Motor and pipeline at basaweshwaranagara village, sulikere GP, Bangalore South Taluk",2020-2021,5.00000,4.61469,"16 Jun 2020","03 May 2023",2024-06-07
Karnataka,"Bengaluru Urban","Bangalore South",Ramohalli,Ramohalli,"Ramohalli Jhc",0000374194,0008068074,250148443,"Deep Tubewell","Ground Water","Near Temple","10 Crore  Drilling of Borewell at Ramohalli Habitation Ramohalli Grama Panchayath Bangalore south Taluk.",2020-2021,5.00000,4.81020,"17 Jun 2020","03 May 2023",2024-06-07
Karnataka,"Bengaluru Urban","Bangalore South",Somanahalli,Somanahalli,Rameshnagar,0000374092,0007853524,250247153,"Deep Tubewell","Ground Water","village limit","TFC NAC 2018  G of Borewell(1 No) for Revival of Water Supply Scheme at Rameshnagara Habitation, Somanahalli GP, Bangalore South Tq",2018-2019,1.19000,1.18571,"12 Oct 2018","31 Mar 2019",2024-06-07
Karnataka,"Bengaluru Urban","Bangalore South",Nelaguli,Nelaguli,Nelaguli,0000374103,0007853537,250247160,"Deep Tubewell","Ground Water","Village limit","TFC NAC 2018 SCP Drilling of Borewell(1 No) for Revival of Water Supply Scheme at Nellaguli Habitation, Somanahalli GP, Bangalore South Tq",2018-2019,1.59000,1.58573,"12 Oct 2018","31 Mar 2019",2024-06-07
Karnataka,"Bengaluru Urban","Bangalore South",Nelaguli,Gudipalya,Gudipalya,0000374097,0007853541,250247163,"Deep Tubewell","Ground Water","Village limit","TFC NAC 2018  G of Borewell(1 No) for Revival of Water Supply Scheme at Gudipalya 2 Habitation, Somanahalli GP, Bangalore South Tq",2018-2019,2.20000,2.19650,"12 Oct 2018","31 Mar 2019",2024-06-07
Karnataka,"Bengaluru Urban","Bangalore South",Sullikere,Kommaghatta,Kommaghatta,0000374205,0007853664,250247266,"Deep Tubewell","Ground Water","Village Limit","TFC NAC 2018  G of Borewell(1 No) for Revival of Water Supply Scheme at Komaghatta Habitation, Sullikere GP, Bangalore South Tq",2018-2019,1.70000,1.69775,"12 Oct 2018","31 Mar 2019",2024-06-07
Karnataka,"Bengaluru Urban","Bangalore South",Ajjanahalli,Madapatna,"Madapatna Akc",0000374469,0007853691,250247293,"Deep Tubewell","Ground Water","Village limit","TFC NAC 2018 SCP Drilling of Borewell(1 No) for Revival of Water Supply Scheme at ajjanalli gp,madanpatna habitation banglore south taluka",2018-2019,1.50000,0.00000,"12 Oct 2018","03 May 2023",2024-06-07
Karnataka,"Bengaluru Urban","Bangalore South",Ajjanahalli,Madapatna,Madapatna,0000374466,0007853696,250247299,"Deep Tubewell","Ground Water","Village limit","TFC NAC 2018 SCP Drilling of Borewell(1 No) for Revival of Water Supply Scheme at Madapatna 2 Habitation, Chikkanahalli GP, Bangalore South Tq",2018-2019,1.50000,1.49710,"12 Oct 2018","31 Mar 2019",2024-06-07
Karnataka,"Bengaluru Urban","Bangalore South",Chikkanahalli,Chikkanahalli,Chikkanahalli,0000374222,0007853701,250247740,"Deep Tubewell","Ground Water","village limit","TFC NAC 2018 SCP Drilling of Borewell(1 No) for Revival of Water Supply Scheme  at Chikkanahalli Habitation, Chikkanahalli GP, Bangalore South Tq",2018-2019,1.99000,0.00000,"12 Oct 2018","03 May 2023",2024-06-07
Karnataka,"Bengaluru Urban","Bangalore South",Chunchanakuppe,Kolur,Kolur,0000374440,0007853823,250247423,"Deep Tubewell","Ground Water","Village limit","TFC NAC 2018 SCP Drilling of Bore well(1 NO) for revival of water supply scheme At Giriyappanapalya(Kolur gururayanapura) Habitation Chunchankuppe G P Banglore south",2018-2019,2.49000,2.48950,"12 Oct 2018","31 Mar 2019",2024-06-07
Karnataka,"Bengaluru Urban","Bangalore South",Chunchanakuppe,Lakkaiahnapalya,Lakkaiahanapalya,0000374441,0007853833,250247431,"Deep Tubewell","Ground Water",Giriyappanapalya,"TFC NAC 2018 SCP Drilling of Bore well(1 NO) for revival of water supply scheme At Lakkaiahanapalya Habitation Chunchankuppe G P Banglore south",2018-2019,1.74000,1.73424,"12 Oct 2018","31 Mar 2019",2024-06-07
Karnataka,"Bengaluru Urban","Bangalore South",Cholanayakanahalli,Kempegowdanahalli,Yellapanapalya,0000374423,0007853878,250247476,"Deep Tubewell","Ground Water","Right side of Magadi Road","TFC NAC 2018  G Drilling of Borewell(1 No) for Revival of Water Supply Scheme at Yellapanapalya  Habitation, Cholanayakanahalli GP, Bangalore South Tq",2018-2019,1.74000,1.73800,"12 Oct 2018","31 Mar 2019",2024-06-07
Karnataka,"Bengaluru Urban","Bangalore South",Cholanayakanahalli,Ganakal,Ganakal,0000374418,0007853883,250247484,"Deep Tubewell","Ground Water","Village limit","TFC NAC 2018  G Drilling of Borewell(1 No) for Revival of Water Supply Scheme at Ganakal  Habitation, Cholanayakanahalli GP, Bangalore South Tq",2018-2019,1.71000,1.70942,"12 Oct 2018","31 Mar 2019",2024-06-07
Karnataka,"Bengaluru Urban","Bangalore South",Chikkanahalli,Chikkanahalli,Pachepalya,0000374224,0007853889,250247490,"Deep Tubewell","Ground Water","Main road","TFC NAC 2018 SCP Drilling of Borewell(1 No) for Revival of Water Supply Scheme at Pachepalya Habitation, Cholanayakanahalli GP, Bangalore South Tq",2018-2019,1.61000,1.60668,"12 Oct 2018","31 Mar 2019",2024-06-07
Karnataka,"Bengaluru Urban","Bangalore South",Sullikere,Hosabyrohalli,Halebyrahalli,0000374206,0007854461,250248020,"Deep Tubewell","Ground Water","Towards Village Limits","TFC NAC 2018  G of Borewell(1 No) for Revival of Water Supply Scheme at Archakara Badavane(Hosabyrohalli) Habitation, Sullikere GP, Bangalore South Tq",2018-2019,1.60000,1.59703,"12 Oct 2018","31 Mar 2019",2024-06-07
Karnataka,"Bengaluru Urban","Bangalore South",Sullikere,Hosabyrohalli,Hosabyrahalli,0000374207,0008125489,250147049,"Deep Tubewell","Ground Water","Near Village Main road","10crore Revival of PWS scheme, Providing Pump Motor at halebyrohallivillage, channenahalli GP, Bangalore South Taluk",2020-2021,5.00000,4.64330,"16 Jun 2020","03 May 2023",2024-06-07
Karnataka,"Bengaluru Urban","Bangalore South",Chunchanakuppe,Chunchanakuppe,Chunchanakuppe,0000374434,0008216697,250246468,"Deep Tubewell","Ground Water","Main road","Providing water supply to Anganwadi fitting of taps to kitchen and toilet at Chunchanakuppe Habitation at Chunchanakuppe GP Bangalore South Taluk",2020-2021,0.13500,0.13500,"17 Dec 2020","03 May 2023",2024-06-07
Karnataka,"Bengaluru Urban","Bangalore South","K. Golahalli",Chinnakurchi,Chinnakurchi,0000374147,0008221297,250268716,"Deep Tubewell","Ground Water","Village limit","15 cr 04022021 Revival of PWS scheme providing Pumpmotor at chinnacurchi habitation K Gollahalli GP Bangalore South Taluk",2020-2021,4.00000,3.99261,"27 Feb 2021","03 May 2023",2024-06-07
Karnataka,"Bengaluru Urban","Bangalore South","Konappana Agrahara",Govindashettipalya,Govindashettipalya,0000373979,0008223170,250083709,"Deep Tubewell","Ground Water","Near Main Road","15 Crore 12102020 Revival of PWS Scheme Providing Pump motor and Laying Pipeline at  Govindashetty palya near ashwathakatte  Village  Konappana Agrahara GP Bangalore south  Taluk",2020-2021,5.00000,4.94997,"25 Feb 2021","03 May 2023",2024-06-07
Karnataka,"Bengaluru Urban","Bangalore South","K. Golahalli",Gudimavu,Gudimavu,0000374173,0008224478,250141709,"Deep Tubewell","Ground Water","village limit","15 cr 04022021 Revival of PWS scheme providing Pumpmotor and laying pipeline at  gudimavu habitation K Gollahalli GP Bangalore South Taluk",2020-2021,4.50000,4.40587,"21 Feb 2021","03 May 2023",2024-06-07
Karnataka,"Bengaluru Urban","Bangalore South","K. Golahalli",Gudimavu,Gudimavu,0000374173,0008224609,250141709,"Deep Tubewell","Ground Water","village limit","15 cr 04022021 Revival of PWS scheme Providing pumpmotor and laying pipeline  at  gudimavu(near siddappa house)  habitation K Gollahalli GP Bangalore South Taluk",2020-2021,5.00000,4.99122,"21 Feb 2021","03 May 2023",2024-06-07
Karnataka,"Bengaluru Urban","Bangalore South","K. Golahalli","Devagere Colony","Devegere Colony",0000374172,0008224636,250141929,"Deep Tubewell","Ground Water","Near main Road","15 cr 04022021 Revival of PWS scheme Drilling of Borewell at  Devegere Colony  habitation K Gollahalli GP Bangalore South Taluk",2020-2021,2.50000,2.27975,"21 Feb 2021","03 May 2023",2024-06-07
Karnataka,"Bengaluru Urban","Bangalore South","K. Golahalli",Thippur,Lingapura,0000374152,0008224658,250083738,"Deep Tubewell","Ground Water","Near Temple","15 cr 04022021 Revival of PWS scheme,Drilling of Borewell at Lingapura habitation K Gollahalli GP Bangalore South Taluk",2020-2021,2.50000,2.25805,"21 Feb 2021","03 May 2023",2024-06-07
Karnataka,"Bengaluru Urban","Bangalore South",Kumbalagodu,Gerupalya,Gerupalya,0000374186,0008224699,250188603,"Deep Tubewell","Ground Water","Village limit","15 cr 04022021 Revival of PWS scheme,Providing Pumpmotorl and laying pipeline at Gerupalya habitation Kumbalagodu GP Bangalore South Taluk",2020-2021,4.50000,4.48480,"21 Feb 2021","03 May 2023",2024-06-07
Karnataka,"Bengaluru Urban","Bangalore South",Kumbalagodu,Kumbalagodu,Kumbalagodu,0000374184,0008224738,250170526,"Deep Tubewell","Ground Water","Village limit","15 cr 04022021 Revival of PWS scheme Drilling of Borewell at kumbalagodu  habitation Kumbalagodu GP Bangalore South Taluk",2020-2021,2.50000,2.27974,"21 Feb 2021","03 May 2023",2024-06-07
Karnataka,"Bengaluru Urban","Bangalore South",Agara,Doddipalya,Doddipalya,0000374129,0008226226,250246681,"Deep Tubewell","Ground Water","Village limit","15 cr 04022021 Revival of PWS scheme Providing Pumpmotor and Laying Pipeline at Shivakumara Swamiji Nagara  habitation Agara GP Bangalore South Taluk",2020-2021,5.00000,4.98587,"21 Feb 2021","03 May 2023",2024-06-07
Karnataka,"Bengaluru Urban","Bangalore South",Agara,Agara,"Agara Jhc",0000374138,0008226275,250246524,"Deep Tubewell","Ground Water","Village limit","15 cr 04022021 Revival of PWS scheme Laying Pipe line at Muninarasappa Badavane Agara habitation Agara GP Bangalore South Taluk",2020-2021,3.00000,2.97425,"21 Feb 2021","03 May 2023",2024-06-07
Karnataka,"Bengaluru Urban","Bangalore South",Ajjanahalli,Huluvenahalli,Kudusiddanapalya,0000374464,0008228681,250121170,"Deep Tubewell","Ground Water","Near Ajjanahalli","15CR 04022021Revival of PWS scheme drilling of borewell  at Chandrappa circle near university layout habitation Ajjanahalli  GP Bangalore South Taluk",2020-2021,2.48000,2.24144,"21 Feb 2021","03 May 2023",2024-06-07
Karnataka,"Bengaluru Urban","Bangalore South",Sullikere,Ramasandra,Ramasandra,0000374214,0008228689,250143942,"Deep Tubewell","Ground Water","village limit","15CR 04022021 Revival of PWS scheme laying pipe line at Ramasandra Manasa Badavane habitation Sulikere GP Bangalore South Taluk",2020-2021,2.50000,2.47544,"21 Feb 2021","03 May 2023",2024-06-07
Karnataka,"Bengaluru Urban","Bangalore South",Sullikere,Sulikerepalya,Sullikerepalya,0000374212,0008228955,250266033,"Deep Tubewell","Ground Water","Village limit","15 cr 04022021 Revival of PWS scheme laying pipeline at  Chikkabasthi Habitation Sulikere  GP Bangalore South Taluk",2020-2021,5.00000,4.96480,"21 Feb 2021","03 May 2023",2024-06-07
Karnataka,"Bengaluru Urban","Bangalore South",Kaggalipura,"O.b. Choodahalli","O.b. Choodahalli",0000374065,0008231210,250286043,"Deep Tubewell","Ground Water","Near Village main road","15 Cr  Revival of PWS Scheme  provididng pump motor and  laying pipe line at Kaggalipura  2nd Block village Kaggalipura Gp Banglore South Banglore Urban District",2020-2021,5.00000,4.46397,"25 Feb 2021","03 May 2023",2024-06-07
Karnataka,"Bengaluru Urban","Bangalore South",Tavarekere,Tavarekere,"Tavarekere Jhc",0000374387,0008232478,250246626,"Deep Tubewell","Ground Water","Rangappa badavane","15 Cr  Revival of PWS Scheme laying pipe line at Basavanapalya village Tavarekere Gp Banglore South Banglore Urban District",2020-2021,5.00000,4.48232,"25 Feb 2021","03 May 2023",2024-06-07
Karnataka,"Bengaluru Urban","Bangalore South",Chikkanahalli,Chikkanahalli,Chikkanahalli,0000374222,0008232499,250246499,"Deep Tubewell","Ground Water","Village limit","15 Cr  Revival of PWS Scheme Drilling of Borewell   at Sulivara village Chikkanahalli  Gp Banglore South Banglore Urban District",2020-2021,2.75000,2.46105,"25 Feb 2021","03 May 2023",2024-06-07
Karnataka,"Bengaluru Urban","Bangalore South",Chikkanahalli,Gollahalli,"S. Gollahalli",0000374475,0008232500,250246492,"Deep Tubewell","Ground Water","Near pond","15 Cr  Revival of PWS Scheme Drilling Of Borewell  at  S Gollahalli Chikkanahalli Gp Banglore South Banglore Urban District",2020-2021,2.50000,2.25090,"25 Feb 2021","03 May 2023",2024-06-07
Karnataka,"Bengaluru Urban","Bangalore South",Chikkanahalli,Uddandanahalli,Uddandanahalli,0000374482,0008232501,250246493,"Deep Tubewell","Ground Water","Village limit","15 Cr  Revival of PWS Scheme Drilling of  Borewell  at Sulivara SLN  village Chikkanahalli  Gp Banglore South Banglore Urban District",2020-2021,2.75000,2.44948,"25 Feb 2021","03 May 2023",2024-06-07
Karnataka,"Bengaluru Urban","Bangalore South",Chunchanakuppe,Chunchanakuppe,Chunchanakuppe,0000374434,0008232502,250246468,"Deep Tubewell","Ground Water","Main road","15 Cr  Revival of PWS Scheme  provididng pump motor And laying pipe line at Subbarayappanapalya B (1) village Chunchanakuppe Gp Banglore South Banglore Urban District",2020-2021,4.00000,3.48220,"25 Feb 2021","03 May 2023",2024-06-07
Karnataka,"Bengaluru Urban","Bangalore South",Chikkanahalli,Uddandanahalli,Uddandanahalli,0000374482,0008232504,250246493,"Deep Tubewell","Ground Water","Village limit","15 Cr  Revival of PWS Scheme Drilling of Borewell   at Uddandalli village Chikkanahalli  Gp Banglore South Banglore Urban District",2020-2021,2.00000,1.82165,"25 Feb 2021","03 May 2023",2024-06-07
Karnataka,"Bengaluru Urban","Bangalore South",Agara,Agara,"Agara Jhc",0000374138,0008234708,250246524,"Deep Tubewell","Ground Water","Village limit","10CR  Revival of PWS Scheme Construction of Over Head Tank at Shivakumara Swamyji Nagara Habitation  Agara GP Bangalore South Taluk",2020-2021,15.00000,14.68262,"21 Sep 2020","03 May 2023",2024-06-07
Karnataka,"Bengaluru Urban","Bangalore South",Ajjanahalli,Prasannacharipalya,Prasannacharipalya,0000374462,0008313658,250302056,"Deep Tubewell","Ground Water","Village Limit","Drilling of borewell atPrasannacharipalya village of Ajjanahalli GP",2012-2013,3.00000,2.98560,"18 Jan 2013","15 Mar 2013",2024-06-07
Karnataka,"Bengaluru Urban","Bangalore South","K. Golahalli","K. Gollahalli",Vasantanahalli,0000374160,0008313666,250302057,"Deep Tubewell","Ground Water","Village Limit","Drilling of borewell at Vasanthanahalli village of K.Gollahalli GP",2012-2013,2.00000,1.98965,"18 Jan 2013","15 Mar 2013",2024-06-07
Karnataka,"Bengaluru Urban","Bangalore South",Taralu,Taralu,Narasadoddipalya,0000374076,0008320308,250302092,"Deep Tubewell","Ground Water","village limit","Drilling of Borewell At Narasadoddipalya Habitation , Taralu Gp , Bangalore south Tq ,Bangalore Urban District",2011-2012,2.50000,2.48650,"18 Jul 2011","19 Aug 2011",2024-06-07
Karnataka,"Bengaluru Urban","Bangalore South",Chunchanakuppe,Subbarayappanapalya,"Subbarayappanapalya B",0000374453,0008374162,250303807,"Deep Tubewell","Ground Water","village limit","15crore Revival of PWS scheme,Laying pipeline at subbarayappanapalya B village, chunchanakuppe GP, banglore south Taluk10crore Revival of PWS scheme, Providing Pump Motor at Shanubhoganahalli village, Bannerughatta GP, Anekal Taluk10crore Revival of",2021-2022,2.00000,1.98959,"06 Feb 2021","03 May 2023",2024-06-07
Karnataka,"Bengaluru Urban","Bangalore South",Taralu,"Kunchigara Palya",Kunchigarapalya,0000374069,0007739840,250205390,"Deep Tubewell","Ground Water","village limit","WPP34 SCP (3000 Series) Kunchigarapalya Habitation, Taralu G.P, Bangalore SouthTaluk, Bangalore Urban District(changed to Basavanapalya)",2017-2018,12.00000,9.70610,"25 Nov 2017","31 Mar 2019",2024-06-07
Karnataka,"Bengaluru Urban","Bangalore South",Chunchanakuppe,Sheshigiripura,"Doddanna Badavane",0001853009,0007807505,250221270,"Deep Tubewell","Ground Water","village limit","Revival of MWS at DODDANNA BADAVANE",2017-2018,0.10000,0.00000,"05 May 2017","03 May 2023",2024-06-07
Karnataka,"Bengaluru Urban","Bangalore South",Kaggalipura,Mallasandra,Mallasandra,0001852909,0007807506,250221271,"Deep Tubewell","Ground Water","village limit","Revival of MWS at Mallasandra",2017-2018,0.10000,0.00000,"05 May 2017","03 May 2023",2024-06-07
Karnataka,"Bengaluru Urban","Bangalore South",Chikkanahalli,Uddandanahalli,Uddandanahalli,0000374482,0007852633,250246493,"Deep Tubewell","Ground Water","Village limit","G  Revival of MWS Scheme at  UddandahalliHabitation Chikkanahalli  GP Bangalore south Taluk",2018-2019,3.00000,2.99642,"12 Oct 2018","31 Mar 2019",2024-06-07
Karnataka,"Bengaluru Urban","Bangalore South",Chikkanahalli,Chikkanahalli,Chikkanahalli,0000374222,0007852637,250246499,"Deep Tubewell","Ground Water","Village limit","G  Revival of MWS Scheme at  Chikkanahalli  Chikkanahalli  GP Bangalore south Taluk",2018-2019,3.00000,2.98985,"12 Oct 2018","31 Mar 2019",2024-06-07
Karnataka,"Bengaluru Urban","Bangalore South",Tavarekere,Tavarekere,"Tavarekere Jhc",0000374387,0007852760,250246619,"Deep Tubewell","Ground Water","Rangappa badavane","G Revival of MWS Scheme at Tavarekere Habitation, Tavarekere GP, Bangalore South talik",2018-2019,1.60000,0.00000,"15 Sep 2018","03 May 2023",2024-06-07
Karnataka,"Bengaluru Urban","Bangalore South",Cholanayakanahalli,Bychaguppe,"Gurubhovipalya Bychaguppe",0000374411,0007852814,250246674,"Deep Tubewell","Ground Water","Village limit","G Revival of MWS Scheme at GURUBHOVIPALYA Cholanayakanahalli G P Habitation",2018-2019,5.00000,4.67006,"12 Oct 2018","31 Mar 2019",2024-06-07
Karnataka,"Bengaluru Urban","Bangalore South",Agara,Doddipalya,Doddipalya,0000374129,0007852821,250246681,"Deep Tubewell","Ground Water","Village limit","G Revival of MWS Scheme at Shree Shivakumara Swamijji Nagar(muslim colony) ( AGARA G P Habitation",2018-2019,5.00000,4.99393,"12 Oct 2018","31 Mar 2019",2024-06-07
Karnataka,"Bengaluru Urban","Bangalore South",Kumbalagodu,Kambipura,Kambipura,0000374180,0007852822,250246682,"Deep Tubewell","Ground Water","Colony road","G Revival of MWS Scheme at Kambipura Habitation, Kumbalagodu GP, Kengeri Hobli, Bangalore South Taluk.",2018-2019,5.00000,4.47908,"15 Sep 2018","03 May 2023",2024-06-07
Karnataka,"Bengaluru Urban","Bangalore South",Somanahalli,Mukkodlu,Mukkodlu,0000374080,0007852832,250246692,"Deep Tubewell","Ground Water","Colony limit","G Revival of MWS Scheme at MUKKODLU SOMANAHALLI G P Habitation",2018-2019,2.00000,1.99751,"12 Oct 2018","03 May 2023",2024-06-07
Karnataka,"Bengaluru Urban","Bangalore South",Nelaguli,Nelaguli,Nelaguli,0000374103,0007852836,250246697,"Deep Tubewell","Ground Water","village limit",".G Revival of MWS Scheme at Nelaguli (Near Anjaneya Swamy temple) Habitation Nelaguli GP Uttarahalli Hobli Bangalore South Taluk",2018-2019,2.10000,2.09334,"15 Sep 2018","31 Jul 2019",2024-06-07
Karnataka,"Bengaluru Urban","Bangalore South",Agara,Agara,Agara,0000374137,0007853274,250246912,"Deep Tubewell","Ground Water","village limit","TFC NAC 2018 SCP Drilling of Borewell(1 No) for Revival of Water Supply Scheme Agara Habitation Agara G P Banglore south",2018-2019,2.25000,2.24862,"12 Oct 2018","31 Mar 2019",2024-06-07
Karnataka,"Bengaluru Urban","Bangalore South","K. Golahalli",Seegehalli,Seegehalli,0000374149,0007853290,250246921,"Deep Tubewell","Ground Water","Village limit","G Revival of MWS Scheme at seegehalli Habitation Kodigehalli  G P Habitation",2018-2019,5.00000,0.00000,"12 Oct 2018","03 May 2023",2024-06-07
Karnataka,"Bengaluru Urban","Bangalore South",Chunchanakuppe,Sheshigiripura,Sheshigiripura,0000374451,0007853306,250246938,"Deep Tubewell","Ground Water","Village Limits","TFC CEO 060418 Drilling of Borewell at Doddana Layout Habitation Chuhanakuppe G P Bangalore south",2018-2019,1.80000,1.79655,"12 Oct 2018","31 Mar 2019",2024-06-07
Karnataka,"Bengaluru Urban","Bangalore South","Dodda Thogur","Dodda Thogur","Dodda Thogur",0000373963,0007853325,250246958,"Deep Tubewell","Ground Water","Towards Main Road","TFC NAC 2018 SCP Drilling of Borewell(1 No) for Revival of Water Supply Scheme Doddathoguru Habitation Doddathoguru  GP Bangalore south  Taluk",2018-2019,2.53000,2.52337,"12 Oct 2018","31 Mar 2019",2024-06-07
Karnataka,"Bengaluru Urban","Bangalore South",Channenahalli,Honnaganahatti,Honnaganahatti,0000374398,0007853357,250246991,"Deep Tubewell","Ground Water",Kempegowdanagara,"TFC NAC 2018  G of Borewell(1 No) for Revival of Water Supply Scheme at Honnaganahatti  Habitation, Channenahalli GP, Bangalore South Tq",2018-2019,1.95000,1.94574,"12 Oct 2018","31 Mar 2019",2024-06-07
Karnataka,"Bengaluru Urban","Bangalore South",Sullikere,Dhananayakanahalli,Dhananayakanahalli,0000374215,0006848471,250075456,"Deep Tubewell","Ground Water","Near Main Road","TFC 20.10.2014  Drilling of Borewell in Gaythri Layout of DHANANAYAKANAHALLI	 Habitation",2014-2015,1.35000,1.34490,"10 Dec 2014","26 Mar 2015",2024-06-07
Karnataka,"Bengaluru Urban","Bangalore South",Sullikere,Kommaghatta,Kommaghatta,0000374205,0006848481,250075466,"Deep Tubewell","Ground Water","Near Komaghatta main rrroad","TFC 20.10.2014 Drilling of Borewell in KOMMAGHATTA Habitation",2014-2015,0.96000,0.94956,"10 Dec 2014","09 Feb 2015",2024-06-07
Karnataka,"Bengaluru Urban","Bangalore South",Kumbalagodu,Anchepalya,Anchepalya,0000374188,0006848489,250075474,"Deep Tubewell","Ground Water","Near Nala","TFC 20.10.2014 Drilling of Borewell-1 in ANCHEPALYA Habitation",2014-2015,1.97000,1.96335,"10 Dec 2014","26 Mar 2015",2024-06-07
Karnataka,"Bengaluru Urban","Bangalore South",Kumbalagodu,Anchepalya,Anchepalya,0000374188,0006848494,250075479,"Deep Tubewell","Ground Water","Near main Road","TFC 20.10.2014  Drilling of Borewell -2 in ANCHEPALYA Habitation",2014-2015,1.23000,1.21368,"10 Dec 2014","09 Feb 2015",2024-06-07
Karnataka,"Bengaluru Urban","Bangalore South",Channenahalli,Honnaganahatti,Honnaganahatti,0000374398,0006848573,250075558,"Deep Tubewell","Ground Water","Near Main Road","G TFC 20.10.2014 Drilling of Borewell in HONNAGANAHATTI Habitation",2014-2015,1.36000,1.49871,"10 Dec 2014","01 Sep 2015",2024-06-07
Karnataka,"Bengaluru Urban","Bangalore South",Channenahalli,Honnaganahatti,Honnaganahatti,0000374398,0006848575,250075560,"Deep Tubewell","Ground Water","Near Nala","TFC 20.10.2014 Drilling of Borewell-2 Nos in HONNAGANAHATTI Habitation",2014-2015,1.70000,1.68313,"10 Dec 2014","31 Mar 2015",2024-06-07
Karnataka,"Bengaluru Urban","Bangalore South",Channenahalli,Channadasipalya,Channadasipalya,0000374381,0006848579,250075564,"Deep Tubewell","Ground Water","Near Nala","G TFC 20.10.2014 Drilling of Borewell in CHANNADASIPALYA Habitation",2014-2015,1.88000,2.17214,"10 Dec 2014","01 Sep 2015",2024-06-07
Karnataka,"Bengaluru Urban","Bangalore South",Somanahalli,Somanahalli,Somanahalli,0000374089,0006848599,250075579,"Deep Tubewell","Ground Water","Near main road","TFC 20.10.2014 Drilling of Borewell-2Nos in SOMANAHALLI Habitation",2014-2015,1.60000,1.30393,"10 Dec 2014","09 Feb 2015",2024-06-07
Karnataka,"Bengaluru Urban","Bangalore South",Chikkanahalli,Dodderi,Dodderi,0000374476,0006849061,250075810,"Deep Tubewell","Ground Water","Near Narashima House","TFC 20.10.2014 Drilling of Borewell-2",2014-2015,1.50000,0.00000,"10 Dec 2014","10 Feb 2015",2024-06-07
Karnataka,"Bengaluru Urban","Bangalore South",Chunchanakuppe,Chunchanakuppe,Chunchanakuppe,0000374434,0006849464,250075887,"Deep Tubewell","Ground Water","Near Sri Laxmi Narayan House","TFC 20.10.2014 Drilling of Borewell in G Rangappanapalya",2014-2015,1.65000,0.00000,"10 Dec 2014","10 Feb 2015",2024-06-07
Karnataka,"Bengaluru Urban","Bangalore South",Cholanayakanahalli,Cholanayakanahalli,Cholanayakanahalli,0000374414,0006849504,250075906,"Deep Tubewell","Ground Water","Near  chikkanana temple","TFC 20.10.2014 Drilling of Borewell-1No CHOLANAYAKANAHALLI Habitation",2014-2015,1.60000,1.59820,"10 Dec 2014","31 Mar 2015",2024-06-07
Karnataka,"Bengaluru Urban","Bangalore South",Kumbalagodu,Kumbalagodu,Kumbalagodu,0000374184,0006849514,250020965,"Deep Tubewell","Ground Water","Village limit","G TFC 20.10.2014 Errection of Pumpset with Pipe line and Energisation to revival of PWS in KUMBALAGODU Habitation",2014-2015,3.50000,2.82158,"10 Dec 2014","16 Mar 2015",2024-06-07
Karnataka,"Bengaluru Urban","Bangalore South","Konappana Agrahara","Konappana Agrahara","Konappana Agrahara",0000373978,0006849602,250075959,"Deep Tubewell","Ground Water",n,"G TFC 20.10.2014 Drilling of Borewell 1 in KONAPPANA AGRAHARA Habitaion",2014-2015,2.50000,1.99998,"10 Dec 2014","01 Aug 2015",2024-06-07
Karnataka,"Bengaluru Urban","Bangalore South","Konappana Agrahara","Dodda Nagamangala","Dodda Nagamangala",0000373977,0006849611,250075957,"Deep Tubewell","Ground Water","Near nala","TFC 20.10.2014 Errection of Pumpset with Pipe line and Energisation to revival of MWS in DODDA NAGAMANGALA	 Habitation",2014-2015,3.00000,2.98987,"10 Dec 2014","31 Mar 2015",2024-06-07
Karnataka,"Bengaluru Urban","Bangalore South",Chikkanahalli,Dodderi,Dodderi,0000374476,0006850293,250076289,"Deep Tubewell","Ground Water","Near road","TFC 20.10.2014 Drilling of Borewell-2  at Dodderi Habitation",2014-2015,1.50000,1.31392,"10 Dec 2014","31 Mar 2015",2024-06-07
Karnataka,"Bengaluru Urban","Bangalore South",Chikkanahalli,Chikkanahalli,Shanthinagara,0000374223,0006850298,250076292,"Deep Tubewell","Ground Water","Near nala","TFC 20.10.2014 Drilling of Borewell at Shantinagara Habitation",2014-2015,1.80000,1.51537,"10 Dec 2014","31 Mar 2015",2024-06-07
Karnataka,"Bengaluru Urban","Bangalore South","Konappana Agrahara",Govindashettipalya,Govindashettipalya,0000373979,0006999477,250083709,"Deep Tubewell","Ground Water","Near Main Road","G TFC050515 Drilling of Borewell with Electrification at Govindashettipalya Habitation, Konappana Agrahara G.P",2015-2016,2.01000,1.80437,"21 Jul 2015","01 Oct 2015",2024-06-07
Karnataka,"Bengaluru Urban","Bangalore South",Kaggalipura,Gandhinagara,Gandhinagara,0000374061,0006999838,250083747,"Deep Tubewell","Ground Water","Near Road","G TFC050515 Drilling of Borewell at Ghandhinagara Habitation, Kaggalipura G.P",2015-2016,1.77000,0.00000,"21 Jul 2015","31 Jan 2016",2024-06-07
Karnataka,"Bengaluru Urban","Bangalore South",Chunchanakuppe,"Koluru Thandya","Kolur Thandya",0000374445,0005221958,5165364,"Deep Tubewell","Ground Water","Village limit","Revival of MWS",2012-2013,3.00000,2.99823,"07 Jan 2013","15 Mar 2013",2024-06-07
Karnataka,"Bengaluru Urban","Bangalore South",Ramohalli,Kodipalya,Kodipalya,0000374193,0005221962,5165368,"Deep Tubewell","Ground Water","Village limit","Revival of MWS",2012-2013,2.50000,2.49856,"07 Jan 2013","25 Mar 2013",2024-06-07
Karnataka,"Bengaluru Urban","Bangalore South",Ramohalli,Ramohalli,Ramohalli,0000374192,0005225241,5168726,"Deep Tubewell","Ground Water","Village limit","Revival of PWS",2012-2013,4.00000,3.98946,"07 Jan 2013","20 Mar 2013",2024-06-07
Karnataka,"Bengaluru Urban","Bangalore South","K. Golahalli","K. Gollahalli","K. Gollahalli",0000374164,0005225305,5168791,"Deep Tubewell","Ground Water","Village limit","Revival of PWS",2012-2013,5.00000,6.17102,"07 Jan 2013","01 Mar 2014",2024-06-07
Karnataka,"Bengaluru Urban","Bangalore South","K. Golahalli",Gonipura,Gonipura,0000374158,0007150229,5168819,"Deep Tubewell","Ground Water","Village limit","G Revival of MWS Scheme",2015-2016,7.00000,0.00000,"25 Oct 2015","31 Mar 2016",2024-06-07
Karnataka,"Bengaluru Urban","Bangalore South",Tavarekere,Basavanapalya,Basavanapalya,0000374384,0005225352,5168839,"Deep Tubewell","Ground Water","Village limit","Drilling of BW",2012-2013,1.50000,1.69202,"10 Jan 2013","20 Mar 2013",2024-06-07
Karnataka,"Bengaluru Urban","Bangalore South",Tavarekere,Tavarekere,"Tavarekere Jhc",0000374387,0005225355,5168842,"Deep Tubewell","Ground Water","Rangappa badavane","Revival of MWS",2012-2013,6.50000,6.43449,"07 Jan 2013","03 Mar 2014",2024-06-07
Karnataka,"Bengaluru Urban","Bangalore South",Tavarekere,"T Jettipalya A","Tavarekere Jattipalya",0000374385,0005227892,5171780,"Deep Tubewell","Ground Water","Village limit","Revival of MWS",2012-2013,5.60000,5.54884,"07 Jan 2013","01 Mar 2014",2024-06-07
Karnataka,"Bengaluru Urban","Bangalore South",Channenahalli,Honnaganahatti,Honnaganahatti,0000374398,0005227898,5171786,"Deep Tubewell","Ground Water","New extension","Revival of PWS",2012-2013,2.50000,2.19481,"28 Jan 2013","15 Mar 2013",2024-06-07
Karnataka,"Bengaluru Urban","Bangalore South",Tavarekere,Tavarekere,"Chikka Kariappanapal",0001622950,0005227901,5171789,"Deep Tubewell","Ground Water","New extension","Revival of PWS",2012-2013,7.50000,7.50511,"16 Jan 2013","10 Mar 2014",2024-06-07
Karnataka,"Bengaluru Urban","Bangalore South",Nelaguli,Veerasandra,Veerasandra,0000374086,0005227919,5171807,"Deep Tubewell","Ground Water","Main road","Drilling of BW",2012-2013,1.50000,1.62401,"16 Jan 2013","01 Mar 2013",2024-06-07
Karnataka,"Bengaluru Urban","Bangalore South",Kumbalagodu,Hosapalya,Hosapalya,0000374179,0005227926,5171814,"Deep Tubewell","Ground Water","Village limit","Revival of MWS",2012-2013,6.50000,6.35433,"07 Jan 2013","20 Mar 2013",2024-06-07
Karnataka,"Bengaluru Urban","Bangalore South",Chikkanahalli,Gollahalli,"S. Gollahalli",0000374475,0005227938,5171826,"Deep Tubewell","Ground Water","Main road","Revival of MWS",2012-2013,2.00000,1.99823,"16 Jan 2013","20 Mar 2013",2024-06-07
Karnataka,"Bengaluru Urban","Bangalore South",Taralu,Vaasudevapura,Vasudevapura,0000374067,0006999876,250083755,"Deep Tubewell","Ground Water","Near Main Road","SCP TFC050515 Drilling of Borewell with Electrification at Vasudevapura Habitation, Taralu G.P",2015-2016,1.70000,1.44147,"21 Jul 2015","18 Mar 2016",2024-06-07
Karnataka,"Bengaluru Urban","Bangalore South",Agara,Byrasandra,Byrasandra,0000374144,0007151377,250090929,"Deep Tubewell","Ground Water",village,"Providing piped water supply scheme",2015-2016,15.00000,0.00000,"25 Oct 2015","31 Mar 2016",2024-06-07
Karnataka,"Bengaluru Urban","Bangalore South",Kaggalipura,Udipalya,Udipalya,0000374062,0007165633,250093311,"Deep Tubewell","Ground Water",village,"SC COLONY  Providing Piped water supply scheme",2015-2016,15.00000,0.00000,"25 Oct 2015","31 Mar 2016",2024-06-07
Karnataka,"Bengaluru Urban","Bangalore South","H. Gollahalli",Rachamanamadu,Rachamanamadu,0000374124,0007169098,5592695,"Deep Tubewell","Ground Water","Village limit","ST COLONY Revival of MWS Scheme",2015-2016,6.00000,0.00000,"25 Oct 2015","31 Mar 2016",2024-06-07
Karnataka,"Bengaluru Urban","Bangalore South",Nelaguli,Naukalpalya,Navakalpalya,0000374096,0007169922,250109395,"Deep Tubewell","Ground Water","village limits","TSP Revival of MWS Scheme",2015-2016,6.00000,4.06027,"25 Oct 2015","01 Oct 2015",2024-06-07
Karnataka,"Bengaluru Urban","Bangalore South",Kumbalagodu,Kanaminake,Kanaminake,0000374177,0007208739,250098168,"Deep Tubewell","Ground Water",village,"QA Concept Report for Providing Drinking water to Kumbalagodu and  32 Villages under  MVS Scheme",2015-2016,2.00000,0.00000,"25 Oct 2015","31 Mar 2016",2024-06-07
Karnataka,"Bengaluru Urban","Bangalore South",Chunchanakuppe,Ganapathihalli,Ganapathihalli,0000374432,0007406993,250121108,"Deep Tubewell","Ground Water","village limit","TFC190316 Drilling of Borewell  at Ganapathihalli Habitation Chunchanakuppe GP Bangalore South Taluk",2016-2017,1.96000,1.96000,"12 Apr 2016","02 Sep 2016",2024-06-07
Karnataka,"Bengaluru Urban","Bangalore South",Chikkanahalli,Chikkanahalli,Chikkanahalli,0000374222,0007406996,250121114,"Deep Tubewell","Ground Water",mayasandra,"TFC 19032016 Drilling of Borewell and Mayasandra Habitation Chikkanahalli GP Bangalore South Taluk",2016-2017,1.60000,0.00000,"12 Apr 2016","03 May 2023",2024-06-07
Karnataka,"Bengaluru Urban","Bangalore South",Chikkanahalli,Kurubarapalya,Kurubarapalya,0000374485,0007407029,250121137,"Deep Tubewell","Ground Water","village limit","TFC190316 Drilling of Borewell  at Kurubarapalya Habitation Chikkanahalli GP Bangalore South Taluk",2016-2017,1.80000,1.79000,"12 Apr 2016","28 Feb 2018",2024-06-07
Karnataka,"Bengaluru Urban","Bangalore South",Cholanayakanahalli,Cholanayakanahalli,Cholanayakanahalli,0000374414,0007407059,250121149,"Deep Tubewell","Ground Water","village limit","TFC190316 Drilling of Borewell  at Cholanayakanahalli Habitation Cholanayakanahalli GP Bangalore South Taluk",2016-2017,1.99000,1.99000,"12 Apr 2016","02 Sep 2016",2024-06-07
Karnataka,"Bengaluru Urban","Bangalore South",Chunchanakuppe,Chunchanakuppe,Chunchanakuppe,0000374434,0007407217,250121241,"Deep Tubewell","Ground Water","Village limit","TFC190316 Drilling of Borewell  at Kanakanagara Habitation Chunchanakuppe GP Bangalore South Taluk",2016-2017,1.95000,1.63000,"12 Apr 2016","02 Sep 2016",2024-06-07
Karnataka,"Bengaluru Urban","Bangalore South",Chunchanakuppe,Chunchanakuppe,Chunchanakuppe,0000374434,0007407221,250121247,"Deep Tubewell","Ground Water","doddanna layout","TFC190316 Drilling of Borewell  at Doddanna Layout Habitation Chunchanakuppe GP Bangalore South Taluk",2016-2017,1.25000,1.25000,"12 Apr 2016","02 Sep 2016",2024-06-07
Karnataka,"Bengaluru Urban","Bangalore South",Kumbalagodu,Kanaminake,Kanaminake,0000374177,0007407236,250121265,"Deep Tubewell","Ground Water","Village limit","TFC190316 Drilling of Borewell at Kaniminake Habitation Kumbalgodu GP Bangalore South Taluk",2016-2017,1.74000,1.74000,"12 Apr 2016","28 Feb 2018",2024-06-07
Karnataka,"Bengaluru Urban","Bangalore South",Kumbalagodu,Kanaminake,Kanaminake,0000374177,0007407237,250121266,"Deep Tubewell","Ground Water","Village limit","TFC 19032016 Drilling of Borewell at Kaniminake Habitation Kumbalgodu GP Bangalore South Taluk",2016-2017,1.74000,0.00000,"12 Apr 2016","03 May 2023",2024-06-07
Karnataka,"Bengaluru Urban","Bangalore South",Chikkanahalli,Kurubarapalya,Kurubarapalya,0000374485,0007525809,250141573,"Deep Tubewell","Ground Water","Village Limit","G Revival of MWS Scheme at Kurubarapalya Habitation , Chikkanahalli GP in Bangalore South Taluk.",2016-2017,7.00000,3.92000,"01 Sep 2016","31 Jan 2019",2024-06-07
Karnataka,"Bengaluru Urban","Bangalore South",Kumbalagodu,Anchepalya,Anchepalya,0000374188,0007525919,250141678,"Deep Tubewell","Ground Water","Village limit","G Revival of MWS scheme at Anchepalya  village,Kumbalagodu GP, Bangalore south taluk",2016-2017,10.00000,0.00000,"01 Sep 2016","03 May 2023",2024-06-07
Karnataka,"Bengaluru Urban","Bangalore South",Somanahalli,Vaddarapalya,Gadipalya,0000374081,0007526135,250141888,"Deep Tubewell","Ground Water","Village Limit","SCP  Revival of MWS Scheme At Gadipalya Habitation ,Somanahalli GP, Bagalore South",2016-2017,8.00000,6.31321,"01 Sep 2016","03 May 2023",2024-06-07
Karnataka,"Bengaluru Urban","Bangalore South","K. Golahalli","Devagere Colony","Devegere Colony",0000374172,0007526174,250141929,"Deep Tubewell","Ground Water","Near main Road","SCP  Revival of MWS Scheme At Devegere Colony Habitation,K.Gollahhali GP, Bagalore South",2016-2017,19.00000,14.69396,"01 Sep 2016","31 Dec 2018",2024-06-07
Karnataka,"Bengaluru Urban","Bangalore South",Taralu,Guttepalya,Guttepalya,0000374071,0007526225,250141973,"Deep Tubewell","Ground Water","Near Village Road","SCP  Revival of MWS Scheme At Guttepalya viilage , Taralu GP, Bagalore South",2016-2017,6.00000,0.00000,"01 Sep 2016","03 May 2023",2024-06-07
Karnataka,"Bengaluru Urban","Bangalore South",Channenahalli,Gidadapalya,"Giddadapalya (sulikattepalya)",0000374393,0005587877,5547790,"Deep Tubewell","Ground Water","Village limit","Revival of MWS Scheme",2013-2014,5.00000,4.48849,"05 Sep 2013","25 Mar 2014",2024-06-07
Karnataka,"Bengaluru Urban","Bangalore South",Tavarekere,Tavarekere,"Chikka Kariappanapal",0001622950,0005587911,5547821,"Deep Tubewell","Ground Water","Village limit","Revival of MWS Scheme",2013-2014,5.00000,4.99769,"10 Sep 2013","01 Mar 2014",2024-06-07
Karnataka,"Bengaluru Urban","Bangalore South",Chunchanakuppe,Kolur,"Kolur Nanjapura",0000374447,0005587933,5547856,"Deep Tubewell","Ground Water","Village limit","Revival of MWS Scheme",2013-2014,5.00000,5.01492,"10 Sep 2013","03 Mar 2014",2024-06-07
Karnataka,"Bengaluru Urban","Bangalore South",Chunchanakuppe,"Kethohalli Rampura","Kethohalli Rampura",0000374439,0005587942,5547865,"Deep Tubewell","Ground Water","Village limit","Revival of MWS Scheme",2013-2014,5.00000,4.57349,"12 Sep 2013","01 Mar 2014",2024-06-07
Karnataka,"Bengaluru Urban","Bangalore South",Channenahalli,Channadasipalya,Channadasipalya,0000374381,0005588003,5547939,"Deep Tubewell","Ground Water","Village limit","Revival of MWS Scheme",2013-2014,5.00000,4.49505,"10 Sep 2013","18 Mar 2014",2024-06-07
Karnataka,"Bengaluru Urban","Bangalore South",Kaggalipura,Kaggalipura,Kaggalipura,0000374057,0005588027,5547969,"Deep Tubewell","Ground Water","Village limit","Improvements to Water Supply Scheme",2013-2014,15.00000,0.00000,"15 Sep 2013","10 Mar 2014",2024-06-07
Karnataka,"Bengaluru Urban","Bangalore South",Ajjanahalli,Madapatna,Madigarapalya,0000374468,0005589368,5549681,"Deep Tubewell","Ground Water","Village limit","Revival of MWS Scheme",2013-2014,5.00000,4.77196,"15 Sep 2013","31 Jan 2014",2024-06-07
Karnataka,"Bengaluru Urban","Bangalore South",Agara,Lakshmipura,Lakshmipura,0000374142,0005605166,5567221,"Deep Tubewell","Ground Water","Anganawadi Premises","Drinking Water Facility to Anganawadi",2013-2014,0.50000,0.00000,"10 Sep 2013","16 Jan 2014",2024-06-07
Karnataka,"Bengaluru Urban","Bangalore South",Kaggalipura,Kaggalipura,Rameshnagar,0000374064,0005626093,5591027,"Deep Tubewell","Ground Water","Village limit","Drinking Water Facility to Anganawadi",2013-2014,1.00000,0.99974,"18 Sep 2013","02 Dec 2013",2024-06-07
Karnataka,"Bengaluru Urban","Bangalore South",Kaggalipura,Gandhinagara,Gandhinagara,0000374061,0005626142,5591111,"Deep Tubewell","Ground Water","Village limit","Drinking Water Facility to Anganawadi",2013-2014,1.00000,0.99974,"12 Sep 2013","15 Mar 2014",2024-06-07
Karnataka,"Bengaluru Urban","Bangalore South",Taralu,Taralu,Taralu,0000374070,0005626272,5591245,"Deep Tubewell","Ground Water","Village limit","Drinking Water Facility to Anganawadi",2013-2014,1.00000,0.99974,"15 Sep 2013","20 Mar 2014",2024-06-07
Karnataka,"Bengaluru Urban","Bangalore South",Channenahalli,Yelachaguppe,Yelachaguppe,0000374392,0005626314,5591290,"Deep Tubewell","Ground Water","Village limit","Drinking Water Facility to Anganawadi",2013-2014,1.00000,0.99942,"15 Sep 2013","18 Mar 2014",2024-06-07
Karnataka,"Bengaluru Urban","Bangalore South",Tavarekere,"T Jettipalya A","Tavarekere Jattipalya",0000374385,0005626392,5591373,"Deep Tubewell","Ground Water","Village limit","Drinking Water Facility to Anganawadi",2013-2014,1.00000,0.99832,"10 Sep 2013","19 Mar 2014",2024-06-07
Karnataka,"Bengaluru Urban","Bangalore South",Taralu,Vaasudevapura,Vasudevapura,0000374067,0005626915,5592042,"Deep Tubewell","Ground Water","Village limit","Drinking Water Facility to Anganawadi",2013-2014,1.00000,0.99974,"22 Sep 2013","20 Mar 2014",2024-06-07
Karnataka,"Bengaluru Urban","Bangalore South","K. Golahalli",Chinnakurchi,Chinnakurchi,0000374147,0005627207,5592368,"Deep Tubewell","Ground Water","Village limit","Drinking Water Facility to Anganawadi",2013-2014,1.00000,0.99822,"15 Sep 2013","19 Mar 2014",2024-06-07
Karnataka,"Bengaluru Urban","Bangalore South","K. Golahalli","Devagere Colony","Devegere Colony",0000374172,0005627289,5592476,"Deep Tubewell","Ground Water","Village limit","Drinking Water Facility to Anganawadi",2013-2014,1.00000,0.99822,"25 Sep 2013","12 Mar 2014",2024-06-07
Karnataka,"Bengaluru Urban","Bangalore South",Ajjanahalli,Huluvenahalli,Kudusiddanapalya,0000374464,0005627397,5592616,"Deep Tubewell","Ground Water","Village limit","Drinking Water Facility to Anganawadi",2013-2014,1.00000,0.99257,"22 Sep 2013","20 Mar 2014",2024-06-07
Karnataka,"Bengaluru Urban","Bangalore South",Ramohalli,Bheemanakuppe,Bettanapalya,0000374208,0005627442,5592665,"Deep Tubewell","Ground Water","Village limit","Drinking Water Facility to Anganawadi",2013-2014,1.00000,0.99569,"22 Sep 2013","06 Oct 2014",2024-06-07
Karnataka,"Bengaluru Urban","Bangalore South",Ajjanahalli,Byalalu,Byalalu,0000374474,0005627662,5592898,"Deep Tubewell","Ground Water","Village limit","Drinking Water Facility to Anganawadi",2013-2014,1.00000,0.99257,"25 Sep 2013","20 Mar 2014",2024-06-07
Karnataka,"Bengaluru Urban","Bangalore South","Konappana Agrahara","Dodda Nagamangala","Dodda Nagamangala",0000373977,0006131297,250020487,"Deep Tubewell","Ground Water","Village limit","Drilling of Borewell",2013-2014,2.08000,2.07950,"28 Jun 2013","01 Mar 2014",2024-06-07
Karnataka,"Bengaluru Urban","Bangalore South",Chunchanakuppe,Lakkaiahnapalya,Lakkaiahanapalya,0000374441,0006133731,250020853,"Deep Tubewell","Ground Water",Giriyappanapalya,"Drilling of Borewell",2013-2014,1.76000,1.75950,"22 Jul 2013","01 Mar 2014",2024-06-07
Karnataka,"Bengaluru Urban","Bangalore South",Chunchanakuppe,Ganapathihalli,Ganapathihalli,0000374432,0006134234,250020943,"Deep Tubewell","Ground Water",Colony,"Drilling of Borewell",2013-2014,2.07000,2.08950,"09 Jul 2013","01 Mar 2014",2024-06-07
Karnataka,"Bengaluru Urban","Bangalore South","H. Gollahalli","H. Gollahalli","H. Gollahalli",0000374115,0006139487,250022364,"Deep Tubewell","Ground Water",NA,"Providing shelter to pure drinking water plant H. Gollahalli habitation",2013-2014,5.33000,4.00000,"08 Nov 2013","31 Dec 2013",2024-06-07
Karnataka,"Bengaluru Urban","Bangalore South",Agara,Agara,"Byrasandra Colony",0000374145,0006374251,250064922,"Deep Tubewell","Ground Water","Village limit","Revival of MWS Scheme",2013-2014,6.00000,6.51191,"25 Apr 2014","06 Jan 2015",2024-06-07
Karnataka,"Bengaluru Urban","Bangalore South",Chikkanahalli,Chikkanahalli,Vadahalli,0000374454,0006374268,250065414,"Deep Tubewell","Ground Water","Colony Limit","TSP Revival of MWS Scheme",2013-2014,6.00000,5.45357,"25 Apr 2014","30 Nov 2015",2024-06-07
Karnataka,"Bengaluru Urban","Bangalore South",Chunchanakuppe,Gururayanapura,Gururayanapura,0000374449,0006374285,250034784,"Deep Tubewell","Ground Water","Village limit","Revival of MWS Scheme",2013-2014,6.00000,6.00000,"27 Apr 2014","10 Feb 2015",2024-06-07
Karnataka,"Bengaluru Urban","Bangalore South",Kaggalipura,Udipalya,Udipalya,0000374062,0006374296,250034793,"Deep Tubewell","Ground Water","Village limit","Revival of MWS Scheme",2013-2014,6.00000,6.07364,"28 Apr 2014","02 Jan 2015",2024-06-07
Karnataka,"Bengaluru Urban","Bangalore South",Chikkanahalli,Chikkanahalli,Gundappanapalya,0000374227,0005235044,5179355,"Deep Tubewell","Ground Water",Mariwodeyarapalya,"Drilling of BW",2012-2013,1.50000,0.00000,"16 Jan 2013","15 Feb 2013",2024-06-07
Karnataka,"Bengaluru Urban","Bangalore South",Cholanayakanahalli,Varthur,Varthur,0000374412,0005235051,5179362,"Deep Tubewell","Ground Water","Village limit","Revival of MWS",2012-2013,6.50000,1.88735,"16 Jan 2013","20 Mar 2013",2024-06-07
Karnataka,"Bengaluru Urban","Bangalore South",Agara,Doddipalya,Doddipalya,0000374129,0005235059,5179370,"Deep Tubewell","Ground Water","Village limit","Revival of MWS",2012-2013,1.00000,0.00000,"07 Jan 2013","28 Jan 2013",2024-06-07
Karnataka,"Bengaluru Urban","Bangalore South",Agara,Agara,Agara,0000374137,0005235060,5179371,"Deep Tubewell","Ground Water",Rajeevgandhinagara,"Revival of MWS",2012-2013,10.00000,14.26166,"07 Jan 2013","03 Mar 2014",2024-06-07
Karnataka,"Bengaluru Urban","Bangalore South",Taralu,"Nallakana Doddi",Nalakaiahanadoddi,0000374068,0005235067,5179378,"Deep Tubewell","Ground Water","Village limit","Drilling of BW",2012-2013,1.50000,1.44404,"07 Jan 2013","20 Mar 2013",2024-06-07
Karnataka,"Bengaluru Urban","Bangalore South",Taralu,Vaasudevapura,Vasudevapura,0000374067,0005235068,5179379,"Deep Tubewell","Ground Water","Village limit","Revival of PWS",2012-2013,6.50000,6.48133,"07 Jan 2013","20 Mar 2013",2024-06-07
Karnataka,"Bengaluru Urban","Bangalore South",Taralu,"Kunchigara Palya",Kunchigarapalya,0000374069,0005235074,5179385,"Deep Tubewell","Ground Water","Village limit","Revival of MWS",2012-2013,4.00000,3.99852,"07 Jan 2013","20 Mar 2013",2024-06-07
Karnataka,"Bengaluru Urban","Bangalore South",Taralu,Guttepalya,Guttepalya,0000374071,0005235077,5179388,"Deep Tubewell","Ground Water","Village limit","Revival of MWS",2012-2013,4.00000,3.99620,"07 Jan 2013","20 Mar 2013",2024-06-07
Karnataka,"Bengaluru Urban","Bangalore South","Dodda Thogur",Vittasandra,Vittasandrapalya,0000373959,0005235101,5179412,"Deep Tubewell","Ground Water","Village limit","Revival of PWS",2012-2013,6.00000,6.22272,"07 Jan 2013","15 Mar 2013",2024-06-07
Karnataka,"Bengaluru Urban","Bangalore South","Konappana Agrahara",Govindashettipalya,Govindashettipalya,0000373979,0005235103,5179414,"Deep Tubewell","Ground Water","Village limit","Revival of PWS",2012-2013,5.00000,4.99586,"10 Jan 2013","20 Mar 2013",2024-06-07
Karnataka,"Bengaluru Urban","Bangalore South","Dodda Thogur",Mailasandra,Mailasandra,0000373955,0008223184,250147223,"Deep Tubewell","Ground Water","village limit","15 Crore 12102020 Revival of PWS Scheme Drilling of Borewell at Mailasandra Village  Doddathogoru GP Bangalore south  Taluk",2020-2021,2.50000,2.25295,"25 Feb 2021","03 May 2023",2024-06-07
Karnataka,"Bengaluru Urban","Bangalore South",Tavarekere,Tavarekere,Tavarekere,0000374379,0001766843,250251223,"Deep Tubewell","Ground Water","On BMH Road","On BMH Road",2008-2009,4.00000,0.00001,"21 Jan 2009","23 Jul 2009",2024-06-07
Karnataka,"Bengaluru Urban","Bangalore South","H. Gollahalli",Rachamanamadu,"Rachamanamadu Colony",0000374125,0005355919,5292530,"Deep Tubewell","Ground Water","Colony limit","Drilling of BW",2012-2013,1.00000,0.99892,"19 Mar 2013","03 Mar 2014",2024-06-07
Karnataka,"Bengaluru Urban","Bangalore South",Cholanayakanahalli,Metipalya,Metipalya,0000374413,0005356240,5292847,"Deep Tubewell","Ground Water","Village limit","Drilling of BW",2012-2013,1.00000,0.75584,"19 Mar 2013","01 Mar 2014",2024-06-07
Karnataka,"Bengaluru Urban","Bangalore South",Chunchanakuppe,"Dodda Aaladamara",Alamaradapalya,0000374437,0005359220,5295838,"Deep Tubewell","Ground Water","Village Limits","Drilling of BW",2012-2013,1.00000,0.99660,"19 Mar 2013","01 Mar 2014",2024-06-07
Karnataka,"Bengaluru Urban","Bangalore South",Taralu,Gulakamale,Gulakamale,0000374066,0005359447,5296082,"Deep Tubewell","Ground Water","Village Limits","Drilling of Borewell",2012-2013,1.00000,0.00000,"19 Mar 2013","20 May 2013",2024-06-07
Karnataka,"Bengaluru Urban","Bangalore South",Somanahalli,Mukkodlu,Mukkodlu,0000374080,0005360115,5296762,"Deep Tubewell","Ground Water","Village limit","Drilling of BW",2012-2013,1.00000,1.06915,"19 Mar 2013","30 Mar 2013",2024-06-07
Karnataka,"Bengaluru Urban","Bangalore South",Nelaguli,Gudipalya,Gudipalya,0000374097,0005360146,5296795,"Deep Tubewell","Ground Water","Village limit","Drilling of BW",2012-2013,1.00000,1.17785,"19 Mar 2013","31 Mar 2013",2024-06-07
Karnataka,"Bengaluru Urban","Bangalore South",Kaggalipura,Baadekatte,Baddekate,0000374056,0005360157,5296807,"Deep Tubewell","Ground Water","Village limit","Drilling of BW",2012-2013,1.00000,1.13532,"19 Mar 2013","30 Mar 2013",2024-06-07
Karnataka,"Bengaluru Urban","Bangalore South","Konappana Agrahara","Konappana Agrahara","Konappana Agrahara",0000373978,0005363281,5300291,"Deep Tubewell","Ground Water","Village limit","Drilling of BW",2012-2013,1.60000,1.63540,"07 Mar 2013","31 Mar 2013",2024-06-07
Karnataka,"Bengaluru Urban","Bangalore South",Cholanayakanahalli,Cholanayakanahalli,Bandepalya,0000374416,0005509226,250064902,"Deep Tubewell","Ground Water","Colony limit","Revival of MWS Scheme",2013-2014,5.00000,4.48867,"15 Sep 2013","03 Mar 2014",2024-06-07
Karnataka,"Bengaluru Urban","Bangalore South",Ajjanahalli,Ajjanahalli,"Hosapalya (a. Halli)",0000374457,0005509913,5445833,"Deep Tubewell","Ground Water","Village limit","Revival of MWS Scheme",2013-2014,5.00000,5.00000,"20 Sep 2013","31 Mar 2015",2024-06-07
Karnataka,"Bengaluru Urban","Bangalore South","K. Golahalli",Kullegowdanapalya,Kullegowdanapalya,0000374165,0005519275,5458091,"Deep Tubewell","Ground Water","Village limit","Revival of MWS Scheme",2013-2014,5.00000,5.09102,"10 Sep 2013","20 Jan 2014",2024-06-07
Karnataka,"Bengaluru Urban","Bangalore South","H. Gollahalli",Doddabele,Doddabele,0000374113,0005519304,5458123,"Deep Tubewell","Ground Water","Village limit","Revival of PWS Scheme",2013-2014,5.00000,4.99497,"10 Sep 2013","18 Mar 2014",2024-06-07
Karnataka,"Bengaluru Urban","Bangalore South","H. Gollahalli",Nagegowdanapalya,Nagegowdanapalya,0000374126,0005519331,5458172,"Deep Tubewell","Ground Water","Colony limit","Revival of MWS Scheme",2013-2014,5.00000,5.12310,"15 Sep 2013","25 Mar 2014",2024-06-07
Karnataka,"Bengaluru Urban","Bangalore South","K. Golahalli",Kenchanapalya,Kenchanapalya,0000374167,0005546646,5499521,"Deep Tubewell","Ground Water","Village limit","G Providing Piped Water Supply Scheme",2013-2014,25.00000,23.39408,"25 Sep 2013","31 Mar 2016",2024-06-07
Karnataka,"Bengaluru Urban","Bangalore South",Chikkanahalli,Donnenahalli,Donnenahalli,0000374481,0005554174,5507722,"Deep Tubewell","Ground Water","Village limit","Revival 0f MWS Scheme",2013-2014,5.00000,0.00000,"10 Sep 2013","23 Feb 2014",2024-06-07
Karnataka,"Bengaluru Urban","Bangalore South",Kumbalagodu,Kambipura,"Kambipura Jhc",0000374181,0005581556,5541494,"Deep Tubewell","Ground Water","Village limit","G Revival of MWS Scheme",2013-2014,7.00000,3.86185,"30 Aug 2013","18 Mar 2014",2024-06-07
Karnataka,"Bengaluru Urban","Bangalore South",Kumbalagodu,Gerupalya,"Gerupalya Jhc",0000374187,0005581722,5541694,"Deep Tubewell","Ground Water","Village limit","G Revival of MWS Scheme",2013-2014,7.00000,4.72823,"15 Sep 2013","03 Mar 2014",2024-06-07
Karnataka,"Bengaluru Urban","Bangalore South",Kumbalagodu,Kumbalagodu,"Kumbalagodu Jhc",0000374185,0005581838,5541852,"Deep Tubewell","Ground Water","Village limit","Revival of MWS Scheme",2013-2014,5.00000,3.86066,"15 Sep 2013","28 Feb 2014",2024-06-07
Karnataka,"Bengaluru Urban","Bangalore South",Ramohalli,Challaghatta,Challaghatta,0000374189,0005587662,5547500,"Deep Tubewell","Ground Water","Village limit","G Providing Piped Water Supply Scheme",2013-2014,25.00000,23.06446,"15 Sep 2013","31 Mar 2014",2024-06-07
Karnataka,"Bengaluru Urban","Bangalore South",Ramohalli,"M. Krishnasagara","M. Krishnasagara",0000374203,0005587721,5547589,"Deep Tubewell","Ground Water","Village limit","Revival of MWS Scheme",2013-2014,5.00000,1.36081,"10 Sep 2013","02 Dec 2013",2024-06-07
Karnataka,"Bengaluru Urban","Bangalore South","K. Golahalli",Kullegowdanapalya,"Srinivasapura Colony",0000374169,0006374301,250065444,"Deep Tubewell","Ground Water","Colony Limit","G Revival of MWS Scheme",2013-2014,6.00000,4.62056,"25 Apr 2014","31 Mar 2017",2024-06-07
Karnataka,"Bengaluru Urban","Bangalore South","K. Golahalli",Tagachaguppe,Ramaiahanapalya,0000374176,0006374304,250065446,"Deep Tubewell","Ground Water","Colony Limit","G Revival of MWS Scheme",2013-2014,6.00000,5.77705,"29 Apr 2014","30 Nov 2015",2024-06-07
Karnataka,"Bengaluru Urban","Bangalore South","K. Golahalli",Thippur,"Thippur Akc",0000374154,0006374306,250065449,"Deep Tubewell","Ground Water","Colony Limit","G Revival of MWS Scheme",2013-2014,6.00000,4.00820,"28 Apr 2014","27 Mar 2015",2024-06-07
Karnataka,"Bengaluru Urban","Bangalore South",Taralu,Taralu,Gopalapura,0000374075,0006374316,250034813,"Deep Tubewell","Ground Water","Village limit","Revival of MWS Scheme",2013-2014,6.00000,5.87569,"25 Apr 2014","31 Mar 2015",2024-06-07
Karnataka,"Bengaluru Urban","Bangalore South",Tavarekere,Tavarekere,Karigiripura,0000374397,0006374320,250034817,"Deep Tubewell","Ground Water","Village limit","G Revival of MWS Scheme",2013-2014,6.00000,3.85390,"25 Apr 2014","27 Mar 2015",2024-06-07
Karnataka,"Bengaluru Urban","Bangalore South","H. Gollahalli","H. Gollahalli","H. Gollahalli",0000374115,0006669741,250067740,"Deep Tubewell","Ground Water","Village limit","QA Providing Installing Commissioning of Pure Drinking Water Plant 500lph Capacity and O and M for 7 years",2014-2015,12.00000,10.33000,"29 Jan 2014","31 Jan 2019",2024-06-07
Karnataka,"Bengaluru Urban","Bangalore South","K. Golahalli",Devegere,Devegere,0000374171,0006670809,250068480,"Deep Tubewell","Ground Water","Village limit","G Revival of PWS Scheme",2014-2015,8.00000,7.89464,"20 Sep 2014","31 Mar 2017",2024-06-07
Karnataka,"Bengaluru Urban","Bangalore South",Kaggalipura,"Saalu Hunase",Salahunse,0000374063,0006670822,250068492,"Deep Tubewell","Ground Water","Village limit","G Providing Piped Water Supply Scheme",2014-2015,25.00000,23.60700,"20 Sep 2014","31 Dec 2018",2024-06-07
Karnataka,"Bengaluru Urban","Bangalore South",Somanahalli,Somanahalli,Somanahalli,0000374089,0006670839,250068508,"Deep Tubewell","Ground Water","Village limit","G Drilling of BW,Errection of Pumpset with Pipe line and Energisation",2014-2015,15.00000,15.00000,"20 Sep 2014","05 Apr 2017",2024-06-07
Karnataka,"Bengaluru Urban","Bangalore South",Kumbalagodu,Kanaminake,Kanaminake,0000374177,0006670850,250068515,"Deep Tubewell","Ground Water","Village limit","G Drilling of BW,Errection of Pumpset with Pipe line and Energisation",2014-2015,8.00000,5.59442,"25 Sep 2014","31 Mar 2016",2024-06-07
Karnataka,"Bengaluru Urban","Bangalore South",Kumbalagodu,Kumbalagodu,Kumbalagodu,0000374184,0006670884,250068544,"Deep Tubewell","Ground Water","Village limit","G Drilling of BW,Errection of Pumpset with Pipe line and Energisation",2014-2015,20.00000,14.55475,"25 Sep 2014","31 Dec 2018",2024-06-07
Karnataka,"Bengaluru Urban","Bangalore South",Agara,Thataguni,Tataguni,0000374141,0006670903,250068560,"Deep Tubewell","Ground Water","Colony limit","G Providing Piped Water Supply Scheme",2014-2015,25.00000,26.10379,"20 Sep 2014","31 Dec 2018",2024-06-07
Karnataka,"Bengaluru Urban","Bangalore South",Cholanayakanahalli,Kempegowdanahalli,Kempegowdanahalli,0000374422,0006670994,250068636,"Deep Tubewell","Ground Water","Village limit","G Drinking Water Facility to School",2014-2015,1.00000,0.00000,"25 Sep 2014","31 Dec 2018",2024-06-07
Karnataka,"Bengaluru Urban","Bangalore South",Sullikere,Kommaghatta,Kommaghatta,0000374205,0006671008,250068647,"Deep Tubewell","Ground Water","Village limit","G Drinking Water Facility to School",2014-2015,1.00000,0.99852,"25 Sep 2014","01 Sep 2015",2024-06-07
Karnataka,"Bengaluru Urban","Bangalore South",Chikkanahalli,Chikkanahalli,Chikkanahalli,0000374222,0006671076,250068716,"Deep Tubewell","Ground Water","Colony limit","SCP Individual House Connections",2014-2015,3.05000,1.94709,"20 Sep 2014","31 Dec 2018",2024-06-07
Karnataka,"Bengaluru Urban","Bangalore South","Dodda Thogur",Homadevanahalli,Homadevanahalli,0000373972,0006686124,250073562,"Deep Tubewell","Ground Water","Village limit","Drilling of Borewell",2014-2015,1.80000,0.00000,"19 Jul 2014","20 Oct 2014",2024-06-07
Karnataka,"Bengaluru Urban","Bangalore South",Chunchanakuppe,Kethohalli,Kethohalli,0000374433,0006686446,250073725,"Deep Tubewell","Ground Water","Village limit","Drilling of Borewell",2014-2015,1.67000,1.66162,"19 Jul 2014","08 Aug 2014",2024-06-07
Karnataka,"Bengaluru Urban","Bangalore South","K. Golahalli",Hampapura,Hampapura,0000374156,0006686463,250073732,"Deep Tubewell","Ground Water","Village limit","Drilling of Borewell",2014-2015,1.50000,1.50204,"19 Jul 2014","08 Aug 2014",2024-06-07
Karnataka,"Bengaluru Urban","Bangalore South",Kumbalagodu,Kanaminake,Kanaminake,0000374177,0006686488,250073740,"Deep Tubewell","Ground Water","Vilage Limit Borewell 1","Drilling of Borewell",2014-2015,1.52000,1.43938,"19 Jul 2014","11 Aug 2014",2024-06-07
Karnataka,"Bengaluru Urban","Bangalore South",Ajjanahalli,"Chandrappa Circle","Chandrappa Circle",0000374465,0006686497,250073743,"Deep Tubewell","Ground Water","Village limit Borewell 1","Drilling of Borewell",2014-2015,1.65000,1.94564,"19 Jul 2014","09 Aug 2014",2024-06-07
Karnataka,"Bengaluru Urban","Bangalore South",Ajjanahalli,"Chandrappa Circle","Chandrappa Circle",0000374465,0006686500,250073744,"Deep Tubewell","Ground Water","Village limit Borewell 2","Drilling of Borewell",2014-2015,1.68000,0.93009,"19 Jul 2014","06 Aug 2014",2024-06-07
Karnataka,"Bengaluru Urban","Bangalore South",Chunchanakuppe,Kolur,Kolur,0000374440,0006686504,250073746,"Deep Tubewell","Ground Water","Village limit","Drilling of Borewell",2014-2015,1.59000,1.55055,"19 Jul 2014","31 Mar 2015",2024-06-07
Karnataka,"Bengaluru Urban","Bangalore South","Konappana Agrahara","Konappana Agrahara","Konappana Agrahara",0000373978,0007873663,250263401,"Deep Tubewell","Ground Water","village limit","TFC24122018 Drilling of Borewell at Konappana agrahara GP  Konappana agrahara  Krishnareddy  Badavane Habitation Bangalore South Taluk",2018-2019,2.50000,2.49752,"23 Feb 2019","31 Oct 2019",2024-06-07
Karnataka,"Bengaluru Urban","Bangalore South",Channenahalli,Kurubarahalli,Kurubarahalli,0000374388,0007880229,250266029,"Deep Tubewell","Ground Water","village limit","TFC241218 Drilling of Borewell at Kurubarahalli  Habitation Channenahalli GP Bangalore South Taluk",2018-2019,2.50000,2.49221,"15 Feb 2019","31 Mar 2019",2024-06-07
Karnataka,"Bengaluru Urban","Bangalore South",Channenahalli,Kurubarahalli,Kurubarahalli,0000374388,0007880288,250266040,"Deep Tubewell","Ground Water","village limit","TFC241218 Drilling of Borewell at Tavarekere Habitation Tavarekere GP Bangalore South Taluk",2018-2019,2.50000,2.49707,"15 Feb 2019","31 Mar 2019",2024-06-07
Karnataka,"Bengaluru Urban","Bangalore South",Ramohalli,Ramohalli,"Ramohalli Jhc",0000374194,0007880293,250266042,"Deep Tubewell","Ground Water","Near Temple","TFC241218 Drilling of Borewell at Ramohalli Habitation Ramohallii GP Bangalore South Taluk",2018-2019,2.50000,2.50000,"15 Feb 2019","31 Oct 2019",2024-06-07
Karnataka,"Bengaluru Urban","Bangalore South",Channenahalli,Chennanahalli,Chennanahalli,0000374399,0007880333,250266052,"Deep Tubewell","Ground Water","village limit","TFC241218 Drilling of Borewell at Lakkuppe Habitation Chennanahalli GP Bangalore South Taluk",2018-2019,2.50000,2.49601,"15 Feb 2019","31 Mar 2019",2024-06-07
Karnataka,"Bengaluru Urban","Bangalore South",Channenahalli,Puttaiahnapalya,Puttaiahanapalya,0000374382,0007889236,250268675,"Deep Tubewell","Ground Water","Near lake","G Revival of MWS Scheme at Puttaiahnapalya Habitation Chennenahalli GP Bangalore South",2018-2019,0.20000,0.00000,"01 Mar 2019","03 May 2023",2024-06-07
Karnataka,"Bengaluru Urban","Bangalore South","K. Golahalli",Chinnakurchi,Chinnakurchi,0000374147,0007889293,250268716,"Deep Tubewell","Ground Water","Village limit","GOI shifted to GOK G Revival of MWS Scheme at Chinakurchi Habitation K Gollahalli GP Bangalore South",2018-2019,2.00000,1.99476,"01 Mar 2019","31 Mar 2019",2024-06-07
Karnataka,"Bengaluru Urban","Bangalore South",Kumbalagodu,Gerupalya,Gerupalya,0000374186,0007889308,250268733,"Deep Tubewell","Ground Water","Village limit","GOI shifted to GOK G Revival of MWS Scheme at Gerupalya Habitation Kumbalagudu GP Bangalore South Taluk",2018-2019,5.00000,4.47719,"01 Mar 2019","03 May 2023",2024-06-07
Karnataka,"Bengaluru Urban","Bangalore South",Kaggalipura,Udipalya,Udipalya,0000374062,0007899474,250271369,"Deep Tubewell","Ground Water","village limit","G Providing Piped water Supply Scheme(Construction of OHT) at Udipalya Habitation, Kaggalipura GP, Bangalore South Taluk. (Scheme Id 7528604 Continuation)",2018-2019,25.00000,0.00000,"05 May 2019","03 May 2023",2024-06-07
Karnataka,"Bengaluru Urban","Bangalore South",Tavarekere,Tavarekere,Tavarekere,0000374379,0007914083,250284254,"Deep Tubewell","Ground Water","village limit","G Revival of MWS scheme Drilling of Borewell at Tavarekere BWSSB Colony Habitation, Tavarekere G.P, Bangalore South Taluk",2019-2020,2.00000,1.99770,"02 Oct 2019","03 May 2023",2024-06-07
Karnataka,"Bengaluru Urban","Bangalore South",Agara,Saladoddi,Saladoddi,0000374143,0007918873,250286010,"Deep Tubewell","Ground Water","Village limit","G Revival of MWS Drilling of borewell ,punp motor with pipeline scheme at Saludoddi Village, Agara G.P, Bangalore South Taluk",2019-2020,10.00000,8.32602,"14 Oct 2019","03 May 2023",2024-06-07
Karnataka,"Bengaluru Urban","Bangalore South","H. Gollahalli",Doddabele,Doddabele,0000374113,0007919065,250286037,"Deep Tubewell","Ground Water","village limit","G Revival of MWS Drilling of Borewell, Erection of Pump motor .scheme at Doddabele habitation, H. Gollahalli G.P, Bangalore South Taluk",2014-2015,10.00000,0.00000,"15 Oct 2019","03 May 2023",2024-06-07
Karnataka,"Bengaluru Urban","Bangalore South","H. Gollahalli",Doddabele,Doddabele,0000374113,0007919081,250286038,"Deep Tubewell","Ground Water","village limit","G Revival of MWSDrilling of Borewell, Erection of Pump motor . scheme at Doddabele Colony at, H Gollahalli G.P, Bangalore South Taluk",2019-2020,10.00000,9.33511,"15 Oct 2019","03 May 2023",2024-06-07
Karnataka,"Bengaluru Urban","Bangalore South",Agara,Thataguni,Tataguni,0000374141,0007919089,250286039,"Deep Tubewell","Ground Water","village limit","G Revival of MWS Drilling of borewell ,pump motor with pipeline scheme at Thathaguni Arasappa BadavaneThathaguni Arasappa Badavane Habitation, Agara G.P, Bangalore South Taluk",2019-2020,7.00000,6.45633,"15 Oct 2019","03 May 2023",2024-06-07
Karnataka,"Bengaluru Urban","Bangalore South",Kaggalipura,Uttari,Uttari,0000374054,0007919095,250286040,"Deep Tubewell","Ground Water","Near Village road","G Revival of MWS Drilling of borewell ,pump motor with pipeline scheme at Uttari Habitation, Kaggalipura G.P, Bangalore South Taluk",2019-2020,8.00000,6.99142,"15 Oct 2019","03 May 2023",2024-06-07
Karnataka,"Bengaluru Urban","Bangalore South",Channenahalli,Kurubarahalli,Kurubarahalli,0000374388,0007951944,250141563,"Deep Tubewell","Ground Water","village limit","TFC CEO 080319 Drilling of borewell  at Tavarkere  village Tavarkere G.p in Anekal taluk",2019-2020,2.20000,0.00000,"15 Mar 2019","03 May 2023",2024-06-07
Karnataka,"Bengaluru Urban","Bangalore South",Somanahalli,Thopuru,Thopuru,0000374083,0007853527,250247155,"Deep Tubewell","Ground Water","Village limit","TFC NAC 2018 SCP Drilling of Borewell(1 No) for Revival of Water Supply Scheme at Thopuru Habitation, Somanahalli GP, Bangalore South Tq",2018-2019,1.52000,1.51970,"12 Oct 2018","31 Mar 2019",2024-06-07
Karnataka,"Bengaluru Urban","Bangalore South",Nelaguli,Gudipalya,Gudipalya,0000374097,0007853539,250247162,"Deep Tubewell","Ground Water","Village limit","TFC NAC 2018  G of Borewell(1 No) for Revival of Water Supply Scheme at Gudipalya 1 Habitation, Somanahalli GP, Bangalore South Tq",2018-2019,1.87000,1.86440,"12 Oct 2018","31 Mar 2019",2024-06-07
Karnataka,"Bengaluru Urban","Bangalore South",Nelaguli,Nelaguli,Sadanapalya,0000374104,0007853547,250247166,"Deep Tubewell","Ground Water","Village Road","TFC NAC 2018 SCP Drilling of Borewell(1 No) for Revival of Water Supply Scheme at Sadanapalya Habitation, Somanahalli GP, Bangalore South Tq",2018-2019,1.09000,1.08855,"12 Oct 2018","31 Mar 2019",2024-06-07
Karnataka,"Bengaluru Urban","Bangalore South",Nelaguli,Naukalpalya,Navakalpalya,0000374096,0007853551,250247167,"Deep Tubewell","Ground Water","Village limit","TFC NAC 2018  G of Borewell(1 No) for Revival of Water Supply Scheme  at Navakalpalya 1 Habitation, Somanahalli GP, Bangalore South Tq",2018-2019,1.74000,1.73786,"12 Oct 2018","31 Mar 2019",2024-06-07
Karnataka,"Bengaluru Urban","Bangalore South",Kaggalipura,Gandhinagara,Gandhinagara,0000374061,0007853579,250247185,"Deep Tubewell","Ground Water","Kanakapura Road","TFC NAC 2018  G of Borewell(1 No) for Revival of Water Supply Scheme at Gandhinagara  Habitation, Kaggalipura GP, Bangalore South Tq",2018-2019,1.65000,1.64677,"12 Oct 2018","31 Mar 2019",2024-06-07
Karnataka,"Bengaluru Urban","Bangalore South",Sullikere,Chikkabasthi,"Chikka Basthi",0000374220,0007853661,250247263,"Deep Tubewell","Ground Water","Village limit","TFC NAC 2018  G of Borewell(1 No) for Revival of Water Supply Scheme   at Chikka Basthi Habitation, Sullikere GP, Bangalore South Tq",2018-2019,1.47000,1.46800,"12 Oct 2018","31 Mar 2019",2024-06-07
Karnataka,"Bengaluru Urban","Bangalore South",Sullikere,Doddabasthi,"Dodda Basthi",0000374219,0007853680,250247280,"Deep Tubewell","Ground Water","Village limit","TFC NAC 2018 SCP Drilling of Borewell(1 No) for Revival of Water Supply Scheme at Dodda Basthi Habitation, Sullikere GP, Bangalore South Tq",2018-2019,1.96000,1.95521,"12 Oct 2018","31 Mar 2019",2024-06-07
Karnataka,"Bengaluru Urban","Bangalore South",Chikkanahalli,Gollahalli,"S. Gollahalli",0000374475,0007853686,250247288,"Deep Tubewell","Ground Water","Main road","TFC NAC 2018 SCP Drilling of Borewell(1 No) for Revival of Water Supply Scheme at chikkanahalli gp ,s gollahalli habitation,banglore south taluka",2018-2019,2.26000,2.25839,"12 Oct 2018","31 Mar 2019",2024-06-07
Karnataka,"Bengaluru Urban","Bangalore South","H. Gollahalli",Katanayakanapura,Katanayakanapura,0000374116,0007853689,250247291,"Deep Tubewell","Ground Water","Village limit","TFC NAC 2018  G of Borewell(1 No) for Revival of Water Supply Scheme at Kattanayakanapura Habitation,H. Gollahalli GP, Bangalore South Tq",2018-2019,1.67000,1.66738,"12 Oct 2018","31 Mar 2019",2024-06-07
Karnataka,"Bengaluru Urban","Bangalore South",Chunchanakuppe,"C K Thandya","C.k. Thandya",0000374443,0007853804,250247410,"Deep Tubewell","Ground Water","Village limit","TFC NAC 2018 SCP Drilling of Bore well(1NO) for revival of water supply scheme At Karekalthandya (C.K.Thandya)Habitation Chunchankuppe G P Banglore south",2018-2019,2.20000,2.19847,"12 Oct 2018","31 Mar 2019",2024-06-07
Karnataka,"Bengaluru Urban","Bangalore South",Chunchanakuppe,Gopalanagara,Gopalanagara,0000374448,0007853836,250247433,"Deep Tubewell","Ground Water","Near C.K Tandya Road","TFC NAC 2018 G Drilling of Bore well(1 NO) for revival of water supply scheme At Gopalanagara Habitation Chunchankuppe G P Banglore south",2018-2019,2.23000,2.22433,"12 Oct 2018","31 Mar 2019",2024-06-07
Karnataka,"Bengaluru Urban","Bangalore South",Chunchanakuppe,"Kethohalli Rampura","Kethohalli Rampura",0000374439,0007853864,250247459,"Deep Tubewell","Ground Water","Colony limit","TFC NAC 2018 SCP Drilling of Bore well(1 NO) for revival of water supply scheme At Lakshmipura Habitation Chunchanakuppe G P Banglore south",2018-2019,1.71000,1.70482,"12 Oct 2018","31 Mar 2019",2024-06-07
Karnataka,"Bengaluru Urban","Bangalore South",Chunchanakuppe,Gopalanagara,Gopalanagara,0000374448,0007853870,250247464,"Deep Tubewell","Ground Water","Near C.K Tandya Road","TFC NAC 2018 G Drilling of Bore well(1 NO) for revival of water supply scheme At Gopalanagara Habitation Chunchanakuppe G P Banglore south",2018-2019,1.61000,1.60872,"12 Oct 2018","31 Mar 2019",2024-06-07
Karnataka,"Bengaluru Urban","Bangalore South",Cholanayakanahalli,Devomachohalli,Devomachohalli,0000374419,0007853881,250247481,"Deep Tubewell","Ground Water","Village limit","TFC NAC 2018  G of Borewell(1 No) for Revival of Water Supply Scheme at Devamachohalli  Habitation, Cholanayakanahalli GP, Bangalore South Tq",2018-2019,1.94000,1.93671,"12 Oct 2018","31 Mar 2019",2024-06-07
Karnataka,"Bengaluru Urban","Bangalore South",Chikkanahalli,Chikkanahalli,Chikkanahalli,0000374222,0007854464,250248023,"Deep Tubewell","Ground Water","Village limit","TFC NAC 2018 SCP Drilling of Borewell(1 No) for Revival of Water Supply Scheme  at Chikkanahalli Habitation, Chikkanahalli GP, Bangalore South Tq",2018-2019,1.99000,1.98727,"12 Oct 2018","31 Mar 2019",2024-06-07
Karnataka,"Bengaluru Urban","Bangalore South","Dodda Thogur","Dodda Thogur","Dodda Thogur",0000373963,0007854467,250248026,"Deep Tubewell","Ground Water","Towards Main Road","TFC CEO 060418 Construction of RO Plant at (Repair) Doddathogur Habitation, Doddathogur GP (M.P.L.A.D.S)  Bangalore South Tq.",2018-2019,0.91000,0.91000,"12 Oct 2018","31 Mar 2019",2024-06-07
Karnataka,"Bengaluru Urban","Bangalore South","Konappana Agrahara","Dodda Nagamangala","Dodda Nagamangala",0000373977,0007867726,250260058,"Deep Tubewell","Ground Water","Towards Anekal Taluk Border Road","TFC Providing PVC Pipeline at Doddanagamangala Village, Konappana Agrahara GP Bangalore South tq",2018-2019,1.68000,0.00000,"24 Jan 2019","03 May 2023",2024-06-07
Karnataka,"Bengaluru Urban","Bangalore South","Dodda Thogur",Vittasandra,Vittasandra,0000373958,0007873644,250263384,"Deep Tubewell","Ground Water","Near Main Road","TFC24122018 Drilling of Borewell at Doddathoguru GP Vittasandra Habitation Bangalore South Taluk",2018-2019,2.50000,2.49694,"23 Feb 2019","31 Oct 2019",2024-06-07
Karnataka,"Bengaluru Urban","Bangalore South","Konappana Agrahara","Konappana Agrahara","Konappana Agrahara",0000373978,0007873657,250263396,"Deep Tubewell","Ground Water","village limit","TFC24122018 Drilling of Borewell at Konappana agrahara GP  Konappana agrahara  Jayarama reddy  Badavane Habitation Bangalore South Taluk",2018-2019,2.50000,2.49479,"23 Feb 2019","31 Oct 2019",2024-06-07
Karnataka,"Bengaluru Urban","Bangalore South",Tavarekere,Tavarekere,"Tavarekere Jhc",0000374387,0007952091,250246626,"Deep Tubewell","Ground Water","Rangappa badavane","TFC CEO 080319 Drilling of borewell at Tavarrekere  village Tavarekere G.p in Bangalore south  Taluk",2019-2020,2.20000,2.19677,"08 Mar 2019","03 May 2023",2024-06-07
Karnataka,"Bengaluru Urban","Bangalore South",Kumbalagodu,Gerupalya,Gerupalya,0000374186,0007952108,250188603,"Deep Tubewell","Ground Water","Village limit","TFC CEO 080319 Drilling of borewell at Gerupalya  village Kumbalagodu G.p in Bangalore south  Taluk",2019-2020,2.62000,2.61555,"08 Mar 2019","30 Sep 2020",2024-06-07
Karnataka,"Bengaluru Urban","Bangalore South",Taralu,Taralu,Taralu,0000374070,0007952140,250141856,"Deep Tubewell","Ground Water","Near lake","TFC CEO 080319 Drilling of borewell at Taralu village Taralu  G.p in Bangalore south  Taluk",2019-2020,2.57000,2.56166,"08 Mar 2019","03 May 2023",2024-06-07
Karnataka,"Bengaluru Urban","Bangalore South",Cholanayakanahalli,Bychaguppe,"Gurubhovipalya Bychaguppe",0000374411,0007979558,250290009,"Deep Tubewell","Ground Water","village limit","Revival of mws scheme at guruvabhovipalaya tavarekere gp,banglore south tq.SP",2019-2020,5.00000,0.32697,"24 Nov 2019","31 Mar 2020",2024-06-07
Karnataka,"Bengaluru Urban","Bangalore South",Agara,Thataguni,Tataguni,0000374141,0007998806,250290081,"Deep Tubewell","Ground Water","village limit","CAP2 Drilling of Borewell at Thathaguni village Agara GP Bengaluru South Taluk",2020-2021,2.50000,2.46172,"29 May 2020","03 May 2023",2024-06-07
Karnataka,"Bengaluru Urban","Bangalore South",Cholanayakanahalli,Jogerahalli,Jogerahalli,0000374428,0007998924,250290084,"Deep Tubewell","Ground Water","village limit","CAP2 Drilling of borewell at Jogerhalli village, Cholanayakanahalli GP, Bangalore south Taluk",2020-2021,2.50000,2.47328,"29 May 2020","03 May 2023",2024-06-07
Karnataka,"Bengaluru Urban","Bangalore South",Kaggalipura,Kaggalipura,Kaggalipura,0000374057,0007999581,250290113,"Deep Tubewell","Ground Water","village limit","10crore Revival of PWS scheme, Providing and Laying pipeline at Kaggalipura village, Kaggalipura GP, Bangalore South Taluk",2020-2021,2.00000,1.97314,"16 Jun 2020","03 May 2023",2024-06-07
Karnataka,"Bengaluru Urban","Bangalore South",Kumbalagodu,Kambipura,"Kambipura Jhc",0000374181,0008034809,250142641,"Deep Tubewell","Ground Water","village limit","g revival of PWS Scheme drilling of  borewell at Gerupalya Habitation Kumbalagodu GP Bangalore South",2019-2020,2.50000,0.00000,"18 Jun 2020","03 May 2023",2024-06-07
Karnataka,"Bengaluru Urban","Bangalore South",Kumbalagodu,Kambipura,"Kambipura Jhc",0000374181,0008035110,250142641,"Deep Tubewell","Ground Water","village limit","10crore  revival of pws schemeproviding pipeline at kumbalgodu 2nd block Habitatin Kumbalgodu GP,Bangalore south taluk",2020-2021,5.00000,4.90223,"20 Aug 2020","03 May 2023",2024-06-07
Karnataka,"Bengaluru Urban","Bangalore South",Sullikere,Ramasandra,Ramasandra,0000374214,0008035115,250143942,"Deep Tubewell","Ground Water","village limit","10crore  revival of pws scheme drilling of bore well,providing pump motor scheme  at ramasandraHabitatin,sulikere GP,Bangalore south taluk",2020-2021,5.00000,4.47463,"16 Jun 2020","03 May 2023",2024-06-07
Karnataka,"Bengaluru Urban","Bangalore South","K. Golahalli","K. Gollahalli","K. Gollahalli",0000374164,0008035896,250143542,"Deep Tubewell","Ground Water","Near Lake","CAP4 Drilling of Borewell at Chinakurchi Habitation,K Gollahalli GP,Bangalore South Taluk",2020-2021,2.50000,2.46788,"16 Jul 2020","03 May 2023",2024-06-07
Karnataka,"Bengaluru Urban","Bangalore South",Channenahalli,Kurubarahalli,Kurubarahalli,0000374388,0008066446,250141563,"Deep Tubewell","Ground Water","village limit","10crore Revival of PWS scheme, Errection of Pump Motor at Tavarkere village, Tavarkere GP, bangalore south Taluk",2020-2021,10.00000,8.60598,"16 Jun 2020","03 May 2023",2024-06-07
Karnataka,"Bengaluru Urban","Bangalore South",Channenahalli,Puttaiahnapalya,Puttaiahanapalya,0000374382,0008066466,250141848,"Deep Tubewell","Ground Water","Near lake","10crore Revival of PWS scheme drilling of borewell at Yallachaguppe village, chennahalli  GP, bangalore south Taluk",2020-2021,2.50000,0.00000,"16 Jun 2020","03 May 2023",2024-06-07
Karnataka,"Bengaluru Urban","Bangalore South",Chunchanakuppe,Chunchanakuppe,Chunchanakuppe,0000374434,0008066540,250246468,"Deep Tubewell","Ground Water","Main road","10crore Revival of PWS scheme Errection of pump motor at Subhharayappanapalya B village, Chunchankuppe GP, bangalore south Taluk",2020-2021,5.00000,4.62770,"17 Jun 2020","03 May 2023",2024-06-07
Karnataka,"Bengaluru Urban","Bangalore South",Chikkanahalli,Uddandanahalli,Uddandanahalli,0000374482,0008066629,250246493,"Deep Tubewell","Ground Water","Village limit","10crore Revival of PWS scheme Errection of pump motor at  uddanahalli  village, chikkanhalli GP, bangalore south Taluk",2020-2021,2.50000,2.24046,"17 Jun 2020","03 May 2023",2024-06-07
Karnataka,"Bengaluru Urban","Bangalore South",Chunchanakuppe,Lakkaiahnapalya,Lakkaiahanapalya,0000374441,0008067559,250247431,"Deep Tubewell","Ground Water",Giriyappanapalya,"CAP 4  Drilling of borewell at LAKKAIYANPALYA  village, Chuchankuppe  GP, Bangalore south Taluk",2020-2021,2.50000,2.50000,"16 Jul 2020","03 May 2023",2024-06-07
Karnataka,"Bengaluru Urban","Bangalore South",Ajjanahalli,Hunnigere,Unnigere,0000374461,0008067569,250247312,"Deep Tubewell","Ground Water","Right side of Main Road","CAP4 Drilling of borewell at hulvenahalli village, AJJANALLI GP, Bangalore south Taluk",2020-2021,2.50000,2.48497,"16 Jul 2020","03 May 2023",2024-06-07
Karnataka,"Bengaluru Urban","Bangalore South",Tavarekere,Tavarekere,"Tavarekere Jhc",0000374387,0008067587,250247024,"Deep Tubewell","Ground Water","Rangappa badavane","CAP4 Drilling of borewell at TAVAREKERE  janatah colony village, tavrekere GP, Bangalore south Taluk",2020-2021,2.50000,2.45051,"16 Jul 2020","03 May 2023",2024-06-07
Karnataka,"Bengaluru Urban","Bangalore South",Channenahalli,Chennanahalli,Chennanahalli,0000374399,0008068063,250075565,"Deep Tubewell","Ground Water","Near School","10 Crore  Drilling of Borewell at Yelachaguppe Habitation Chennahalli Grama Panchayath Bangalore south Taluk.",2020-2021,2.50000,2.25382,"17 Jun 2020","03 May 2023",2024-06-07
Karnataka,"Bengaluru Urban","Bangalore South",Chunchanakuppe,Chunchanakuppe,Chunchanakuppe,0000374434,0008201329,250246468,"Deep Tubewell","Ground Water","Main road","Providing tap connection to schools (10 nos) at chunchanakuppe GHPS Banglore south taluka banglore urban district",2020-2021,0.19000,0.19000,"02 Dec 2020","03 May 2023",2024-06-07
Karnataka,"Bengaluru Urban","Bangalore South",Chunchanakuppe,Doddamaranahalli,Doddamaranahalli,0000374401,0008201380,250148457,"Deep Tubewell","Ground Water","Near Lake","providing water supply to school at Doddamaranahalli GHPS bangalore south, Bangalore Urban District",2020-2021,0.20000,0.20000,"02 Dec 2020","03 May 2023",2024-06-07
Karnataka,"Bengaluru Urban","Bangalore South",Chunchanakuppe,Doddamaranahalli,Doddamaranahalli,0000374401,0008201506,250148457,"Deep Tubewell","Ground Water","Near Lake","providing water supply to school at Kethohalli GHPS bangalore south, Bangalore urban.",2020-2021,0.19500,0.19500,"02 Dec 2020","03 May 2023",2024-06-07
Karnataka,"Bengaluru Urban","Bangalore South",Chunchanakuppe,Kethohalli,Kethohalli,0000374433,0008216772,5547874,"Deep Tubewell","Ground Water","Village limit","Providing water supply to Anganwadi fitting of taps to kitchen and toilet at Kethohalli Habitation at Chunchanakuppe GP Bangalore South Taluk",2020-2021,0.14500,0.14500,"17 Dec 2020","03 May 2023",2024-06-07
Karnataka,"Bengaluru Urban","Bangalore South",Chunchanakuppe,Subbarayappanapalya,"Subbarayappanapalya A",0000374452,0008216784,250141825,"Deep Tubewell","Ground Water","village limit","Providing water supply to Anganwadi fitting of taps to kitchen and toilet at Subbarayanapalya A Habitation Chunchanakuppe GP Bangalore South Taluk",2020-2021,0.14000,0.14000,"17 Dec 2020","03 May 2023",2024-06-07
Karnataka,"Bengaluru Urban","Bangalore South",Kaggalipura,Kaggalipura,Kaggalipura,0000374057,0008217245,250034790,"Deep Tubewell","Ground Water","Village limit","Providing water supply to Anganwadi fitting of taps to kitchen and toilets at Kaggalipura Colony Habitation Kaggalipura GP Bangalore South Taluk",2020-2021,0.14500,0.14500,"17 Dec 2020","03 May 2023",2024-06-07
Karnataka,"Bengaluru Urban","Bangalore South",Chunchanakuppe,Ganapathihalli,Ganapathihalli,0000374432,0008217260,5547737,"Deep Tubewell","Ground Water","Village limit","Providing water supply to GHPS fitting of taps to kitchen and toilet at Ganapathihalli Habitation Chunchanakuppe GP Bangalore South taluk",2020-2021,0.20000,0.20000,"17 Dec 2020","03 May 2023",2024-06-07
Karnataka,"Bengaluru Urban","Bangalore South","Konappana Agrahara",Govindashettipalya,Govindashettipalya,0000373979,0008223172,250083709,"Deep Tubewell","Ground Water","Near Main Road","15 Crore 12102020 Revival of PWS Scheme Providing Pump motor and Laying Pipeline at  Govindashetty palya near KIADB Village  Konappana Agrahara GP Bangalore south  Taluk",2020-2021,5.00000,4.94471,"25 Feb 2021","03 May 2023",2024-06-07
Karnataka,"Bengaluru Urban","Bangalore South","Dodda Thogur","Dodda Thogur","Dodda Thogur",0000373963,0008223176,250146196,"Deep Tubewell","Ground Water","Near Main Road","15 Crore 12102020 Revival of PWS Scheme Providing Pump motor and Laying Pipeline at  Dodda thogoru Village Doddathogoru GP Bangalore south  Taluk",2020-2021,5.00000,4.99859,"25 Feb 2021","03 May 2023",2024-06-07
Karnataka,"Bengaluru Urban","Bangalore South","Dodda Thogur","Dodda Thogur","Dodda Thogur",0000373963,0008223181,250121297,"Deep Tubewell","Ground Water","Near nala","15 Crore 12102020 Revival of PWS Scheme Providing Pump motor and Laying Pipeline at  Bettadasanapura  Village Doddathogoru GP Bangalore south  Taluk",2020-2021,5.00000,4.98863,"25 Feb 2021","03 May 2023",2024-06-07
Karnataka,"Bengaluru Urban","Bangalore South","Dodda Thogur",Vittasandra,Vittasandra,0000373958,0008223183,250146233,"Deep Tubewell","Ground Water","Near Main Road","15 Crore 12102020 Revival of PWS Scheme Laying Pipeline at  Vittasandra  Village Doddathogoru GP Bangalore south  Taluk",2020-2021,5.00000,4.91715,"25 Feb 2021","03 May 2023",2024-06-07
Karnataka,"Bengaluru Urban","Bangalore South","K. Golahalli",Gudimavu,Gudimavu,0000374173,0008224494,250141709,"Deep Tubewell","Ground Water","village limit","15 cr 04022021 Revival of PWS scheme Drilling of Borewell at  gudimavu(near siddappa house)  habitation K Gollahalli GP Bangalore South Taluk",2020-2021,2.50000,2.11091,"21 Feb 2021","03 May 2023",2024-06-07
Karnataka,"Bengaluru Urban","Bangalore South","K. Golahalli",Gonipura,Gonipura,0000374158,0008224649,250143750,"Deep Tubewell","Ground Water","village limit","15 cr 04022021 Revival of PWS scheme Drilling of Borewell at  gonipura  habitation K Gollahalli GP Bangalore South Taluk",2020-2021,2.40000,2.20163,"21 Feb 2021","03 May 2023",2024-06-07
Karnataka,"Bengaluru Urban","Bangalore South",Kumbalagodu,Hosapalya,Hosapalya,0000374179,0008224727,250196519,"Deep Tubewell","Ground Water","Village limit","15 cr 04022021 Revival of PWS scheme Providing Pump motor and laying Pipeline at Hosapalya habitation Kumbalgodu GP Bangalore South Taluk",2020-2021,5.00000,4.98978,"21 Feb 2021","03 May 2023",2024-06-07
Karnataka,"Bengaluru Urban","Bangalore South",Ajjanahalli,Hunnigere,Unnigere,0000374461,0008228644,250247312,"Deep Tubewell","Ground Water","Right side of Main Road","15CR 04022021Revival of PWS scheme drilling of borewell  providing pump motor and laying pipe line at Alammanapalya  habitation Ajjanahalli  GP Bangalore South Taluk",2020-2021,5.00000,4.49588,"21 Feb 2021","03 May 2023",2024-06-07
Karnataka,"Bengaluru Urban","Bangalore South",Sullikere,Sulikerepalya,Sullikerepalya,0000374212,0008229468,250266033,"Deep Tubewell","Ground Water","Village limit","15 cr 04022021 Revival of PWS scheme Drilling of Borewell at  Doddabasthi  habitation Sulikere GP Bangalore South Taluk",2020-2021,2.65000,2.38307,"21 Feb 2021","03 May 2023",2024-06-07
Karnataka,"Bengaluru Urban","Bangalore South",Sullikere,Sulikerepalya,Sullikerepalya,0000374212,0008229483,250266033,"Deep Tubewell","Ground Water","Village limit","15 cr 04022021 Revival of PWS scheme Drilling of Borewell at Basaveshwara habitation Sulikere GP Bangalore South Taluk",2020-2021,2.50000,2.24977,"21 Feb 2021","03 May 2023",2024-06-07
Karnataka,"Bengaluru Urban","Bangalore South",Channenahalli,Honnaganahatti,Honnaganahatti,0000374398,0008231196,250246644,"Deep Tubewell","Ground Water","Village limit","10 cr saving Revival of PWS Scheme  providing pump motor  and  laying pipe line at Honnaganatti village Channenahalli Gp Banglore South Banglore Urban District",2020-2021,4.75000,4.56230,"05 Jan 2021","03 May 2023",2024-06-07
Karnataka,"Bengaluru Urban","Bangalore South",Kaggalipura,Udipalya,Udipalya,0000374062,0008232467,250286044,"Deep Tubewell","Ground Water","Near Village main road","15 Cr  Revival of PWS Scheme  provididng pump motor and  laying pipe line at Kaggalipura (shrinidhi badavane ) village Gp Banglore S Kaggalipura outh Banglore Urban District",2020-2021,5.00000,4.47297,"25 Feb 2021","03 May 2023",2024-06-07
Karnataka,"Bengaluru Urban","Bangalore South",Tavarekere,Tavarekere,"Tavarekere Jhc",0000374387,0008232477,250246626,"Deep Tubewell","Ground Water","Rangappa badavane","15 Cr  Revival of PWS Scheme   Drilling of Borewell  at Tavarekere village Tavarekere   Gp Banglore South Banglore Urban District",2020-2021,2.50000,2.25090,"25 Feb 2021","03 May 2023",2024-06-07
Karnataka,"Bengaluru Urban","Bangalore South",Nelaguli,Nelaguli,Nelaguli,0000374103,0008232488,250246697,"Deep Tubewell","Ground Water","village limit","15 Cr  Revival of PWS Scheme  Drilling of Borewell at Rahugodlu  village Nelaguli  Gp Banglore South Banglore Urban District",2020-2021,2.25000,2.02904,"25 Feb 2021","03 May 2023",2024-06-07
Karnataka,"Bengaluru Urban","Bangalore South",Agara,Ramaiahanapalya,Ramaiahanapalya,0001853429,0008313636,250302054,"Deep Tubewell","Ground Water","Village Limit","Drilling of borewell at Ramaiahanapalya village of Agara GP",2012-2013,2.00000,1.99050,"18 Jan 2013","15 Mar 2013",2024-06-07
Karnataka,"Bengaluru Urban","Bangalore South","K. Golahalli",Kullegowdanapalya,"Kullegowdanapalya Akc",0000374166,0008313673,250302059,"Deep Tubewell","Ground Water","Village Limit","Drilling of borewell at Kegowdana Palya AKC village of K.Gollahalli  GP",2012-2013,3.00000,2.97980,"18 Jan 2013","15 Mar 2013",2024-06-07
Karnataka,"Bengaluru Urban","Bangalore South",Chunchanakuppe,Chunchanakuppe,Chunchanakuppe,0000374434,0008384482,250246468,"Deep Tubewell","Ground Water","Main road","One time Settlement of Energisation Charges bill in BESCOM Tavarekere Sub Division, Tavarekere, Bangalore South Tq.",2021-2022,173.90170,173.90170,"06 Jul 2021","30 Nov 2021",2024-06-07
Karnataka,"Bengaluru Urban","Bangalore South","Konappana Agrahara","Konappana Agrahara","Konappana Agrahara",0000373978,0007574059,250170811,"Deep Tubewell","Ground Water","Near Village Main Road","TFC221116 Providing Pump and motor to the Borewell of Ward 8 to 12 of Konappana Agrahara GP, Anekal Taluk",2016-2017,3.50000,3.49153,"15 Jan 2017","28 Feb 2018",2024-06-07
Karnataka,"Bengaluru Urban","Bangalore South",Chunchanakuppe,Chunchanakuppe,Chunchanakuppe,0000374434,0007574089,250170829,"Deep Tubewell","Ground Water","Village limit","TFC221116 Providing Additional Pipeline to Chunchanaguppe habitation, Chunchanaguppe GP, Bangalore South Taluk",2016-2017,3.00000,2.99451,"15 Jan 2017","28 Feb 2018",2024-06-07
Karnataka,"Bengaluru Urban","Bangalore South",Sullikere,Doddabasthi,"Dodda Basthi",0000374219,0007574160,250170884,"Deep Tubewell","Ground Water","village limit","TFC221116 Drilling of Borewell at Chikkanahalli (Dodda Basthi) habitation,Sullikere GP, Bangalore South Taluk",2016-2017,0.75000,0.74818,"15 Jan 2017","28 Feb 2018",2024-06-07
Karnataka,"Bengaluru Urban","Bangalore South",Nelaguli,Nettigere,Nettigere,0000374084,0007637172,250185455,"Deep Tubewell","Ground Water","Nettigere colony","TFC220217 Drilling of Borewell at Nettigere Gate Habitation, Nelaguli GP, Bangalore South Taluk",2016-2017,1.80000,1.78731,"05 May 2017","28 Feb 2019",2024-06-07
Karnataka,"Bengaluru Urban","Bangalore South",Nelaguli,"Kere Choodahalli","Kere Choodahalli",0000374094,0007637198,250185464,"Deep Tubewell","Ground Water","Towards Main Road","TFC220217 Drilling of Borewell (2 Nos) at kerechudahalli Habitation, Nelaguli GP, Bangalore South Taluk",2016-2017,3.65000,3.63741,"05 May 2017","28 Feb 2019",2024-06-07
Karnataka,"Bengaluru Urban","Bangalore South","Konappana Agrahara","Konappana Agrahara","Konappana Agrahara",0000373978,0007637453,250185502,"Deep Tubewell","Ground Water","Village limit","TFC220217 Drilling of Borewell at Doddanagamangala Habitation, Doddatoguru GP, Bangalore South Taluk",2016-2017,2.50000,2.49000,"05 May 2017","31 Mar 2019",2024-06-07
Karnataka,"Bengaluru Urban","Bangalore South","H. Gollahalli",Nagegowdanapalya,Nagegowdanapalya,0000374126,0007639246,250185836,"Deep Tubewell","Ground Water","Colony limit","TFC220217 TFC220217 Drilling of Borewell at Nagegowdanapalya Habitation,  H. Gollahalli GP, Bangalore South Taluk",2016-2017,2.00000,1.98187,"05 May 2017","28 Feb 2019",2024-06-07
Karnataka,"Bengaluru Urban","Bangalore South",Tavarekere,"T Jettipalya A","Tavarekere Jattipalya",0000374385,0007649228,250187889,"Deep Tubewell","Ground Water","Village limit","TFCZP220217 Drilling of Borewell At Jettipalya Habitation,Tavarekere GP, Banglore South Taluk.",2016-2017,2.00000,1.99256,"18 May 2017","28 Feb 2019",2024-06-07
Karnataka,"Bengaluru Urban","Bangalore South",Tavarekere,Tavarekere,"Tavarekere Jhc",0000374387,0007651535,250188572,"Deep Tubewell","Ground Water","Rangappa badavane","TFCZP220217 Drilling of borewell At Tavarekere (Near Manjunath House) Habitation,  Tavarekere GP, Anekal Taluk.",2016-2017,2.27000,2.26330,"18 May 2017","28 Feb 2019",2024-06-07
Karnataka,"Bengaluru Urban","Bangalore South",Kumbalagodu,Gerupalya,Gerupalya,0000374186,0007651589,250188603,"Deep Tubewell","Ground Water","Village limit","TFCZP220217 Drilling of borewell At Gerupalya  Habitation,  Kumbalagodu GP, Bangalore South Taluk",2016-2017,1.80000,1.79158,"18 May 2017","28 Feb 2019",2024-06-07
Karnataka,"Bengaluru Urban","Bangalore South","Dodda Thogur",Homadevanahalli,Homadevanahalli,0000373972,0007705933,250196505,"Deep Tubewell","Ground Water","Hommadevanahalli Colony","TFC170417 Drilling of Borewell at  Homadevanahalli Habitation, Doddathogur GP, Bangalore South Taluk.",2017-2018,2.50000,2.39360,"10 Jul 2017","31 Mar 2019",2024-06-07
Karnataka,"Bengaluru Urban","Bangalore South",Channenahalli,Kempegowdanagara,Kempegowdanagara,0000374383,0007706108,250196518,"Deep Tubewell","Ground Water",Kuvempunagara,"TFC170417 Drilling of Borewell at Kempegowdanagara Habitation, Channenahalli GP, Bangalore South Taluk",2017-2018,1.80000,1.79373,"10 Jul 2017","31 Mar 2019",2024-06-07
Karnataka,"Bengaluru Urban","Bangalore South","K. Golahalli","Devagere Colony","Devegere Colony",0000374172,0007706129,250196521,"Deep Tubewell","Ground Water","Colony Limit","TFC170417 Drilling of Borewell at Devegere Colony Habitation, K. Gollahalli GP, Bangalore South Taluk",2017-2018,1.60000,1.59613,"10 Jul 2017","31 Mar 2019",2024-06-07
Karnataka,"Bengaluru Urban","Bangalore South",Cholanayakanahalli,Nagenahalli,Nagenahalli,0000374427,0007711019,250197299,"Deep Tubewell","Ground Water","Village limit","TFCZP170417 Drilling of Borewell at Naganahalli Habitation, Cholayanakanahalli GP, Bangalore South Taluk",2017-2018,1.80000,1.79788,"20 Jul 2017","31 Mar 2019",2024-06-07
Karnataka,"Bengaluru Urban","Bangalore South",Kumbalagodu,Anchepalya,Anchepalya,0000374188,0007711023,250197236,"Deep Tubewell","Ground Water","Village Limit","TFCZP170417 Drilling of Borewell at Anchepalya Habitation, Kumbalagodu GP, Bangalore South Taluk",2017-2018,2.35000,2.34781,"20 Jul 2017","31 Mar 2019",2024-06-07
Karnataka,"Bengaluru Urban","Bangalore South",Somanahalli,Somanahalli,"Somanahalli Gate",0000374090,0007739599,250205303,"Deep Tubewell","Ground Water","village limit","WPP15 SCP (3000 Series) Somanahalli Gate Habitation, Somanahalli G.P, Bangalore SouthTaluk, Bangalore Urban District",2017-2018,12.00000,9.64393,"25 Nov 2017","31 Mar 2019",2024-06-07
Karnataka,"Bengaluru Urban","Bangalore South",Agara,Thataguni,Badamanavarthekaval,0000374127,0007739787,250205362,"Deep Tubewell","Ground Water","village limit","WPP24 SCP (3000 Series)  B M Kaval Habitation, Agara G.P, Bangalore SouthTaluk, Bangalore Urban District",2017-2018,12.00000,9.63787,"25 Nov 2017","31 Jan 2019",2024-06-07
Karnataka,"Bengaluru Urban","Bangalore South",Ramohalli,Gulgajanahalli,Gulaganjanahalli,0000374202,0007739803,250205369,"Deep Tubewell","Ground Water","village limit","WPP28 Gen (3000 Series) Gulaganjanahalli Habitation, Ramohalli G.P, Bangalore SouthTaluk, Bangalore Urban District",2017-2018,12.00000,9.71836,"25 Nov 2017","31 Mar 2019",2024-06-07
Karnataka,"Bengaluru Urban","Bangalore South",Taralu,Taralu,Taralu,0000374070,0007739842,250205392,"Deep Tubewell","Ground Water","village limit","WPP35 SCP (3000 Series) Taralu Estate Habitation, Taralu G.P, Bangalore SouthTaluk, Bangalore Urban District",2017-2018,12.00000,9.64037,"25 Nov 2017","31 Mar 2019",2024-06-07
Karnataka,"Bengaluru Urban","Bangalore South",Chunchanakuppe,Chunchanakuppe,Chunchanakuppe,0000374434,0007739845,250205394,"Deep Tubewell","Ground Water","village limit","WPP36 SCP (3000 Series) Chunchanakuppe Habitation, Chunchanakuppe G.P, Bangalore SouthTaluk, Bangalore Urban District",2017-2018,12.00000,9.64406,"25 Nov 2017","31 Mar 2019",2024-06-07
Karnataka,"Bengaluru Urban","Bangalore South",Agara,Ramaiahanapalya,Ramaiahanapalya,0001853429,0007807503,250221268,"Deep Tubewell","Ground Water","village limit","Revival of MWS at RAMAIAHANAPALYA",2017-2018,0.10000,0.00000,"05 May 2017","03 May 2023",2024-06-07
Karnataka,"Bengaluru Urban","Bangalore South","Dodda Thogur",Mailasandra,Mailasandra,0000373955,0007852444,250246319,"Deep Tubewell","Ground Water","Near Temple","G Revival of MWS Scheme at Mylasandra Habitation Doddathoguru GP Bangalore SouthTaluk",2018-2019,7.00000,4.76072,"12 Oct 2018","03 May 2023",2024-06-07
Karnataka,"Bengaluru Urban","Bangalore South",Chikkanahalli,Gollahalli,"S. Gollahalli",0000374475,0007852632,250246492,"Deep Tubewell","Ground Water","Near pond","G  Revival of MWS Scheme at  Sulivara Gollahalli  Habitation Chikkanahalli  GP Bangalore south Taluk",2018-2019,4.50000,4.49691,"12 Oct 2018","31 Mar 2019",2024-06-07
Karnataka,"Bengaluru Urban","Bangalore South",Nelaguli,"Kere Choodahalli","Kere Choodahalli",0000374094,0007852829,250246689,"Deep Tubewell","Ground Water","Towards Village Limits","G Revival of MWS Scheme at KERE CHOODAHALLI NELAGULI G P Habitation",2018-2019,2.05000,1.99110,"12 Oct 2018","03 May 2023",2024-06-07
Karnataka,"Bengaluru Urban","Bangalore South",Sullikere,Kenchanapura,Kenchanapura,0000374213,0007852909,250246752,"Deep Tubewell","Ground Water","Village limit","G Revival of MWS scheme at Sulikere (Bangale) Sulikere G P Habitation Banglore south",2018-2019,5.00000,4.69981,"12 Oct 2018","03 May 2023",2024-06-07
Karnataka,"Bengaluru Urban","Bangalore South",Taralu,Gulakamale,Gulakamale,0000374066,0007852993,250246800,"Deep Tubewell","Ground Water","Near Village road","G Revival of MWS Scheme at Nalakanadoddi habitation, Taralu GP, Uttarahalli Hobli, Bangalore South Taluk.",2018-2019,2.00000,1.99751,"15 Sep 2018","30 Sep 2019",2024-06-07
Karnataka,"Bengaluru Urban","Bangalore South",Ramohalli,Challaghatta,Challaghatta,0000374189,0007853062,250246825,"Deep Tubewell","Ground Water","village limit","G  Revival of MWS Scheme at Challaghatta Habitation Ramohalli GP Kengeri Hobli Bangalore South",2018-2019,5.00000,4.49845,"15 Sep 2018","03 May 2023",2024-06-07
Karnataka,"Bengaluru Urban","Bangalore South",Agara,Agara,Agara,0000374137,0007853254,250246906,"Deep Tubewell","Ground Water","village limit","TFC NAC 2018 SCP Drilling of Borewell(1 No) for Revival of Water Supply Scheme Agara colony Habitation Agara G P Banglore south",2018-2019,2.40000,2.39363,"12 Oct 2018","31 Mar 2019",2024-06-07
Karnataka,"Bengaluru Urban","Bangalore South",Agara,Doddipalya,Doddipalya,0000374129,0007853304,250246936,"Deep Tubewell","Ground Water","Village limit","TFC NAC 2018 SCP Drilling of Borewell(1 No) for Revival of Water Supply Scheme at Doddipalya 2 Habitation, Agara GP, Bangalore South Tq",2018-2019,1.17000,1.10818,"12 Oct 2018","31 Mar 2019",2024-06-07
Karnataka,"Bengaluru Urban","Bangalore South","Dodda Thogur","Dodda Thogur","Dodda Thogur",0000373963,0007853319,250246951,"Deep Tubewell","Ground Water","Towards Main Road","TFC NAC 2018 SCP Drilling of Borewell(1 No) for Revival of Water Supply Scheme Doddathoguru 2 Habitation Doddathoguru  GP Bangalore south  Taluk",2018-2019,2.45000,2.44759,"12 Oct 2018","31 Mar 2019",2024-06-07
Karnataka,"Bengaluru Urban","Bangalore South","K. Golahalli",Devegere,Nityanandanagara,0000374170,0007853333,250246967,"Deep Tubewell","Ground Water","BGS Circle","TFC NAC 2018 SCP Drilling of Borewell(1 No) for Revival of Water Supply Scheme at Nalakamba(Nithyananda) Habitation, K. Gollahalli GP, Bangalore South Tq",2018-2019,1.68000,1.67749,"12 Oct 2018","31 Mar 2019",2024-06-07
Karnataka,"Bengaluru Urban","Bangalore South",Tavarekere,Tavarekere,"Tavarekere Jhc",0000374387,0007853388,250247024,"Deep Tubewell","Ground Water","Rangappa badavane","TFC NAC 2018  G of Borewell(1 No) for Revival of Water Supply Scheme  at Tavarekere  Habitation, Tavarekere GP, Bangalore South Tq",2018-2019,1.21000,1.20809,"12 Oct 2018","31 Mar 2019",2024-06-07
Karnataka,"Bengaluru Urban","Bangalore South",Ramohalli,Ramohalli,Ramohalli,0000374192,0007853397,250247033,"Deep Tubewell","Ground Water","Village limit","TFC NAC 2018  G of Borewell(1 No) for Revival of Water Supply Scheme at Ramohalli 1  Habitation, Ramohalli GP, Bangalore South Tq",2018-2019,1.32000,1.31948,"12 Oct 2018","31 Mar 2019",2024-06-07
Karnataka,"Bengaluru Urban","Bangalore South",Ramohalli,Ramohalli,"Ramohalli Jhc",0000374194,0007853398,250247034,"Deep Tubewell","Ground Water","Near Tank Bed","TFC NAC 2018 SCP Drilling of Borewell(1 No) for Revival of Water Supply Scheme  at Vinayakanagara 1(Ramohalli JHC)  Habitation, Ramohalli GP, Bangalore South Tq",2018-2019,1.85000,1.84407,"12 Oct 2018","31 Mar 2019",2024-06-07
Karnataka,"Bengaluru Urban","Bangalore South",Kumbalagodu,Kanaminake,"Kanaminake Colony",0000374178,0007853444,250247080,"Deep Tubewell","Ground Water","Towards Colony Road","TFC NAC 2018  G of Borewell(1 No) for Revival of Water Supply Scheme  at Kanaminake 2 Habitation, Kumbalagodu GP, Bangalore South Tq",2018-2019,1.90000,1.89676,"12 Oct 2018","31 Mar 2019",2024-06-07
Karnataka,"Bengaluru Urban","Bangalore South","Konappana Agrahara",Govindashettipalya,Govindashettipalya,0000373979,0007526929,250142618,"Deep Tubewell","Ground Water","village limit","G Revival of MWS scheme at Govindashettypalya Habitation,Konappana Agrahara GP, Bangalore south taluk",2016-2017,20.00000,14.73963,"01 Sep 2016","31 Dec 2018",2024-06-07
Karnataka,"Bengaluru Urban","Bangalore South",Kaggalipura,Kaggalipura,Rameshnagar,0000374064,0007526932,250142621,"Deep Tubewell","Ground Water","village limit","G Revival of MWS scheme at Ramesh Nagara Habitation,Kaggalipura GP, Bangalore south taluk",2016-2017,8.00000,7.93069,"01 Sep 2016","31 Jan 2019",2024-06-07
Karnataka,"Bengaluru Urban","Bangalore South",Ajjanahalli,"Chandrappa Circle","Chandrappa Circle",0000374465,0007526948,250142637,"Deep Tubewell","Ground Water","village limit","G Revival of MWS scheme at Chandrappa Circle Habitation,Chikkanahalli GP, Bangalore south taluk",2016-2017,8.00000,7.92374,"01 Sep 2016","31 Dec 2018",2024-06-07
Karnataka,"Bengaluru Urban","Bangalore South",Kumbalagodu,Kambipura,"Kambipura Jhc",0000374181,0007526952,250142641,"Deep Tubewell","Ground Water","village limit","G Revival of PWS scheme at Kambipura JHC Habitation,Kumbalagodu GP, Bangalore south taluk",2016-2017,10.00000,8.62402,"01 Sep 2016","31 Jan 2019",2024-06-07
Karnataka,"Bengaluru Urban","Bangalore South","K. Golahalli",Thittahalli,Thittahalli,0000374148,0007526968,250142655,"Deep Tubewell","Ground Water","village limit","G Revival of MWS scheme at Thittahalli Habitation,K Gollahalli GP, Bangalore south taluk",2016-2017,8.00000,5.91016,"01 Sep 2016","03 May 2023",2024-06-07
Karnataka,"Bengaluru Urban","Bangalore South",Chikkanahalli,Chikkanahalli,Chikkanahalli,0000374222,0007526974,250142662,"Deep Tubewell","Ground Water","village limit","G Revival of PWS scheme at Chikkanahalli Habitation,Chikkanahalli GP, Bangalore south taluk",2016-2017,8.00000,6.48882,"01 Sep 2016","31 Jan 2019",2024-06-07
Karnataka,"Bengaluru Urban","Bangalore South",Kumbalagodu,Kaarubele,Karabele,0000374183,0007527297,250142912,"Deep Tubewell","Ground Water","village limit","G Revival of MWS Scheme at Karabele Habitation,Kumbalagodu GP, Bangalore South taluk",2016-2017,8.00000,1.83819,"01 Sep 2016","03 May 2023",2024-06-07
Karnataka,"Bengaluru Urban","Bangalore South","K. Golahalli","K. Gollahalli","K. Gollahalli",0000374164,0007528093,250143542,"Deep Tubewell","Ground Water","Near Lake","SCP Providing Piped water Supply Scheme(Construction of OHT and House Hold Connection HH 40) at K.Gollahalli Habitation, K.Gollahalli GP, Bangalore South Taluk.",2016-2017,30.00000,13.05882,"30 Sep 2016","31 Dec 2018",2024-06-07
Karnataka,"Bengaluru Urban","Bangalore South","K. Golahalli",Hampapura,Hampapura,0000374156,0007528174,250143607,"Deep Tubewell","Ground Water","village limit","G Revival of MWS scheme at Hampapura Habitation,K Gollahalli GP, Bangalore south taluk",2016-2017,10.00000,7.31972,"01 Sep 2016","31 Dec 2018",2024-06-07
Karnataka,"Bengaluru Urban","Bangalore South",Agara,Agara,Agara,0000374137,0007528267,250143689,"Deep Tubewell","Ground Water","Near Lake","SCP Providing Piped water Supply Scheme(Construction of OHT and House Hold Connection HH 45) at Agara Habitation, Agara GP, Bangalore South Taluk.",2016-2017,25.00000,20.81492,"30 Sep 2016","03 May 2023",2024-06-07
Karnataka,"Bengaluru Urban","Bangalore South",Nelaguli,Veerasandra,Veerasandra,0000374086,0007528273,250143694,"Deep Tubewell","Ground Water","village limit","G Revival of MWS scheme(SAGY) at Veerasandra Habitation,Somanahalli GP, Bangalore south taluk",2016-2017,8.00000,1.45687,"01 Sep 2016","03 May 2023",2024-06-07
Karnataka,"Bengaluru Urban","Bangalore South",Kaggalipura,"O.b. Choodahalli","O.b. Choodahalli",0000374065,0007528485,250143849,"Deep Tubewell","Ground Water","Near Village main road","SCP Providing Piped water Supply Scheme(Construction of OHT and House Hold Connection HH 25) at O.B.Chudahalli Habitation, kaggalipura GP, Bangalore South Taluk.",2016-2017,25.00000,23.80028,"30 Sep 2016","03 May 2023",2024-06-07
Karnataka,"Bengaluru Urban","Bangalore South",Agara,Thataguni,Badamanavarthekaval,0000374127,0007528522,250143886,"Deep Tubewell","Ground Water","Near Lake","SCP Providing Piped water Supply Scheme(Construction of OHT and House Hold Connection HH 60) at  Badamanakaval Habitation, Agara GP, Bangalore South Taluk.",2016-2017,30.00000,26.81744,"30 Sep 2016","03 May 2023",2024-06-07
Karnataka,"Bengaluru Urban","Bangalore South",Ramohalli,Gulgajanahalli,Gulaganjanahalli,0000374202,0007528669,250144022,"Deep Tubewell","Ground Water","village limit","G Revival of MWS scheme at Gulaganjanahalli Habitation,Ramohalli GP, Bangalore south taluk",2016-2017,8.00000,1.84676,"01 Sep 2016","31 Mar 2018",2024-06-07
Karnataka,"Bengaluru Urban","Bangalore South",Agara,Basappanapalya,Basappanapalya,0000374131,0007528942,250144275,"Deep Tubewell","Ground Water","Near Village main road","SCP Revival of MWS Scheme and House Hold Connection(HH 20) at Basappanapalya Habitation, Agara GP, Bangalore South",2016-2017,6.00000,6.03686,"30 Sep 2016","31 Dec 2018",2024-06-07
Karnataka,"Bengaluru Urban","Bangalore South",Nelaguli,Thittahalli,Tittahalli,0001803691,0007531320,250146618,"Deep Tubewell","Ground Water","Near Village Main road","TSP Revival of MWS Scheme Thittahalli Habitation,  Somanahalli G.P.,Bangalore South Taluk.",2016-2017,5.60000,5.12489,"30 Sep 2016","28 Feb 2019",2024-06-07
Karnataka,"Bengaluru Urban","Bangalore South",Kumbalagodu,Kumbalagodu,Kumbalagodu,0000374184,0007531427,250146705,"Deep Tubewell","Ground Water","Near Lake","TSP Revival of MWS Scheme and House Hold Connection (HH 20) at Kumbalagudu Habitation, Kumbalagudu G.P.,Bangalore South Taluk.",2016-2017,10.00000,0.00000,"30 Sep 2016","03 May 2023",2024-06-07
Karnataka,"Bengaluru Urban","Bangalore South",Sullikere,Hosabyrohalli,Hosabyrahalli,0000374207,0007531851,250147049,"Deep Tubewell","Ground Water","Near Village Main road","TSP Revival of MWS Scheme at Hosabyrohalli Habitation, Sulikere G.P.,Bangalore South Taluk.",2016-2017,6.00000,2.26315,"30 Sep 2016","31 Dec 2018",2024-06-07
Karnataka,"Bengaluru Urban","Bangalore South",Ajjanahalli,Madapatna,"Madapatna Akc",0000374469,0007532039,250147226,"Deep Tubewell","Ground Water","village limit","G Revival of MWS scheme at Madapatna AKC Habitation,Chikkanahalli GP, Bangalore south taluk",2016-2017,8.00000,5.30612,"01 Sep 2016","31 Dec 2018",2024-06-07
Karnataka,"Bengaluru Urban","Bangalore South",Nelaguli,Nettigere,Nettigere,0000374084,0007532569,250147712,"Deep Tubewell","Ground Water","Near lake","SCP Quality Affected Revival of MWS Scheme(SAGY) at Nettigere Habitation, Somanahalli GP, Bangalore South.",2016-2017,7.00000,5.66778,"30 Sep 2016","31 Mar 2019",2024-06-07
Karnataka,"Bengaluru Urban","Bangalore South",Ramohalli,Bheemanakuppe,Bettanapalya,0000374208,0007532573,250147716,"Deep Tubewell","Ground Water","Near main road","SCP Quality Affected Revival of MWS Scheme at Bettanapalya Habitation, Sulikere(Ramohalli) GP, Bangalore South.",2016-2017,5.00000,2.17146,"30 Sep 2016","31 Dec 2018",2024-06-07
Karnataka,"Bengaluru Urban","Bangalore South",Tavarekere,Tavarekere,"Tavarekere Jhc",0000374387,0007533880,250148984,"Deep Tubewell","Ground Water","Near Main Road","G Providing Piped Water Supply Scheme(Construction of OHT) at Tavarekere JHC , Tavarekere GP, Bangalore South Taluk.",2016-2017,25.00000,25.00000,"30 Sep 2016","31 Mar 2019",2024-06-07
Karnataka,"Bengaluru Urban","Bangalore South",Kumbalagodu,Kumbalagodu,Kumbalagodu,0000374184,0007573686,250170526,"Deep Tubewell","Ground Water","Village limit","TFC221116 Drilling of Borewell at Kumbalagodu habitation, Kumbalagodu GP, Bangalore South Taluk",2016-2017,1.60000,1.59953,"15 Jan 2017","28 Feb 2018",2024-06-07
Karnataka,"Bengaluru Urban","Bangalore South",Tavarekere,Muddaiahanapalya,Muddaiahanapalya,0000374396,0007573916,250170703,"Deep Tubewell","Ground Water","village limit","TFC221116 Drilling of Borewell at Muddayyanapalya habitation, Tavarekere GP, Bangalore South Taluk",2016-2017,2.30000,2.29974,"15 Jan 2017","28 Feb 2018",2024-06-07
Karnataka,"Bengaluru Urban","Bangalore South",Chunchanakuppe,"C K Thandya","C.k. Thandya",0000374443,0007573979,250170739,"Deep Tubewell","Ground Water","village limit","TFC221116 Drilling of Borewell at C K Thandya habitation, Chunchanaguppe GP, Bangalore South Taluk",2016-2017,1.90000,1.89000,"15 Jan 2017","28 Feb 2018",2024-06-07
Karnataka,"Bengaluru Urban","Bangalore South","Dodda Thogur",Vittasandra,Vittasandra,0000373958,0000547860,123852,"Deep Tubewell","Ground Water",NA,villagelimit,2006-2007,3.00000,2.40000,"07 Jun 2006","19 Dec 2006",2024-06-07
Karnataka,"Bengaluru Urban","Bangalore South",Agara,Thataguni,Badamanavarthekaval,0000374127,0006941316,123989,"Deep Tubewell","Ground Water","Near College","G TFC130315 Providing  Erection of Pumpset with Pipe line to Borewell at Badamanevarthe  Kaval ( Tataguni) Habitation, Agara GP, Bangalore South Taluk",2014-2015,4.00000,3.69777,"20 Apr 2015","01 Aug 2015",2024-06-07
Karnataka,"Bengaluru Urban","Bangalore South",Somanahalli,Somanahalli,Rameshnagar,0000374092,0000549786,124031,"Deep Tubewell","Ground Water",NA,VILLAGELIMIT,2006-2007,12.00000,12.00000,"22 Aug 2006","22 Jan 2008",2024-06-07
Karnataka,"Bengaluru Urban","Bangalore South",Channenahalli,Yelachaguppe,Yelachaguppe,0000374392,0000444730,124110,"Deep Tubewell","Ground Water",NA,"village limit",2007-2008,5.00000,1.64000,"22 Nov 2007","23 Jul 2008",2024-06-07
Karnataka,"Bengaluru Urban","Bangalore South",Taralu,Gulakamale,Gulakamale,0000374066,0000548700,124333,"Deep Tubewell","Ground Water",NA,villagelimit,2006-2007,3.00000,3.00000,"13 Sep 2006","21 Feb 2008",2024-06-07
Karnataka,"Bengaluru Urban","Bangalore South",Tavarekere,Muddaiahanapalya,Muddaiahanapalya,0000374396,0006942158,124520,"Deep Tubewell","Ground Water","Near road","G TFC130315 Providing  Erection of Pumpset with Pipe line to Borewell at Muddayanapalya Habitation,Tavarekere GP, Bangalore South Taluk",2014-2015,4.00000,3.19085,"20 Apr 2015","31 Mar 2016",2024-06-07
Karnataka,"Bengaluru Urban","Bangalore South",Ramohalli,Maragondanahalli,Maragondanahalli,0000374200,0000444740,124727,"Deep Tubewell","Ground Water",NA,PWSS,2007-2008,5.00000,0.00000,"26 Oct 2007","22 Feb 2008",2024-06-07
Karnataka,"Bengaluru Urban","Bangalore South",Sullikere,Kommaghatta,Kommaghatta,0000374205,0000444754,125425,"Deep Tubewell","Ground Water",NA,PWSS,2007-2008,3.50000,0.00000,"07 Nov 2007","04 Mar 2008",2024-06-07
Karnataka,"Bengaluru Urban","Bangalore South",Channenahalli,Yelachaguppe,Yelachaguppe,0000374392,0000549041,125753,"Deep Tubewell","Ground Water",NA,VILLAGELIMIT,2007-2008,1.35000,0.96000,"28 Sep 2007","25 Aug 2008",2024-06-07
Karnataka,"Bengaluru Urban","Bangalore South",Cholanayakanahalli,Gangappanahalli,Gangappanahalli,0000374425,0000444728,126356,"Deep Tubewell","Ground Water",NA,"village limit",2007-2008,4.50000,4.00000,"23 Nov 2007","25 Sep 2008",2024-06-07
Karnataka,"Bengaluru Urban","Bangalore South",Kumbalagodu,Gerupalya,Gerupalya,0000374186,0000548286,126584,"Deep Tubewell","Ground Water",NA,villagelimit,2006-2007,3.00000,3.00000,"20 Jul 2006","24 Jan 2008",2024-06-07
Karnataka,"Bengaluru Urban","Bangalore South",Nelaguli,Nettigere,Nettigere,0000374084,0000549034,126742,"Deep Tubewell","Ground Water",NA,"VILLAGE LIMIT",2007-2008,3.00000,2.77000,"20 Sep 2007","26 Mar 2008",2024-06-07
Karnataka,"Bengaluru Urban","Bangalore South","Dodda Thogur",Mailasandra,Mailasandra,0000373955,0000548307,126822,"Deep Tubewell","Ground Water",NA,villagelimit,2006-2007,3.00000,2.24000,"10 Aug 2006","02 Jan 2008",2024-06-07
Karnataka,"Bengaluru Urban","Bangalore South","Konappana Agrahara","Konappana Agrahara","Konappana Agrahara",0000373978,0000014030,127275,"Deep Tubewell","Ground Water","Village limit","Konappana Agrahara",2005-2006,10.00000,9.94000,"01 Jan 2005","01 Jan 2006",2024-06-07
Karnataka,"Bengaluru Urban","Bangalore South",Chunchanakuppe,Chikkelur,Chikkelur,0000374450,0000548559,127952,"Deep Tubewell","Ground Water",NA,villagelimit,2006-2007,3.00000,2.84000,"11 Aug 2006","14 Feb 2008",2024-06-07
Karnataka,"Bengaluru Urban","Bangalore South",Chikkanahalli,Dodderi,Dodderi,0000374476,0000549108,128550,"Deep Tubewell","Ground Water",NA,VILLAGELIMIT,2007-2008,2.50000,0.12000,"29 Aug 2007","05 Jul 2008",2024-06-07
Karnataka,"Bengaluru Urban","Bangalore South",Chunchanakuppe,Sheshigiripura,Sheshigiripura,0000374451,0000444764,128641,"Deep Tubewell","Ground Water",NA,MWSS,2007-2008,0.90000,0.00000,"11 Sep 2007","02 Jan 2008",2024-06-07
Karnataka,"Bengaluru Urban","Bangalore South",Chunchanakuppe,"C K Thandya","C.k. Thandya",0000374443,0000549140,128730,"Deep Tubewell","Ground Water",NA,VILLAGELIMIT,2007-2008,3.00000,1.71000,"25 Sep 2007","15 Jul 2008",2024-06-07
Karnataka,"Bengaluru Urban","Bangalore South",Kaggalipura,Pattareddipalya,Pattareddypalya,0000374058,0000907830,128983,"Deep Tubewell","Ground Water",NA,Villagelimit,2007-2008,15.00000,3.14000,"01 Jan 1900","01 Jan 1900",2024-06-07
Karnataka,"Bengaluru Urban","Bangalore South","H. Gollahalli",Rachamanamadu,Rachamanamadu,0000374124,0000444732,129874,"Deep Tubewell","Ground Water",NA,"village limit",2007-2008,4.50000,0.01000,"29 Nov 2007","28 Jul 2008",2024-06-07
Karnataka,"Bengaluru Urban","Bangalore South",Ramohalli,Bheemanakuppe,Bettanapalya,0000374208,0000547862,129938,"Deep Tubewell","Ground Water",NA,villagelimit,2006-2007,12.00000,0.14500,"11 Jul 2007","25 Jun 2008",2024-06-07
Karnataka,"Bengaluru Urban","Bangalore South",Tavarekere,Basavanapalya,Basavanapalya,0000374384,0000549153,130444,"Deep Tubewell","Ground Water",NA,VILLAGELIMIT,2007-2008,2.50000,1.45000,"20 Sep 2007","25 Sep 2008",2024-06-07
Karnataka,"Bengaluru Urban","Bangalore South",Chunchanakuppe,Karekalpalya,Karekalpalya,0000374402,0006941244,133571,"Deep Tubewell","Ground Water","Kanakanagara Road","G TFC130315 Providing   Erection of Pumpset with Pipe line to Borewell at Karekalpalya Habitation, Chunchanaguppe GP, Bangalore South Taluk",2014-2015,4.00000,3.69752,"20 Apr 2015","01 Aug 2015",2024-06-07
Karnataka,"Bengaluru Urban","Bangalore South",Taralu,Thattaguppe,Thattaguppe,0000374077,0006849543,1501310,"Deep Tubewell","Ground Water","Tank Road","G TFC 20.10.2014 Errection of Pumpset with Pipe line and Energisation to revival of MWS in THATTAGUPPE Habitation",2014-2015,3.25000,3.49688,"10 Dec 2014","31 Mar 2017",2024-06-07
Karnataka,"Bengaluru Urban","Bangalore South","Dodda Thogur",Vittasandra,Vittasandra,0000373958,0001753510,1502063,"Deep Tubewell","Ground Water","Near Anganawadi","Near Samudaya Bhavana",2008-2009,15.00000,0.00001,"28 Feb 2009","25 Oct 2010",2024-06-07
Karnataka,"Bengaluru Urban","Bangalore South","Konappana Agrahara","Dodda Nagamangala","Dodda Nagamangala",0000373977,0001753652,1502214,"Deep Tubewell","Ground Water","Near Tank bed","Near AKC",2008-2009,3.00000,2.10000,"27 Jan 2009","30 May 2010",2024-06-07
Karnataka,"Bengaluru Urban","Bangalore South",Kumbalagodu,Anchepalya,Anchepalya,0000374188,0006849513,1502602,"Deep Tubewell","Ground Water","Near High School Tank behind Anganawadi","G TFC 20.10.2014 Errection of Pumpset with Pipe line and Energisation to revival of MWS in ANCHEPALYA Habitation",2014-2015,3.50000,3.49098,"10 Dec 2014","31 Mar 2017",2024-06-07
Karnataka,"Bengaluru Urban","Bangalore South",Chunchanakuppe,Subbarayappanapalya,"Subbarayappanapalya B",0000374453,0001766497,1515816,"Deep Tubewell","Ground Water","Near A. Subbarayappannapalya Tank","On Village Main Road",2008-2009,3.78000,1.65000,"17 Jan 2009","13 Jul 2009",2024-06-07
Karnataka,"Bengaluru Urban","Bangalore South",Channenahalli,Chennanahalli,Chennanahalli,0000374399,0006849532,2400190,"Deep Tubewell","Ground Water","village limits","G TFC 20.10.2014 Errection of Pumpset with Pipe line and Energisation to revival of PWS in CHENNANAHALLI Habitation",2014-2015,3.20000,2.79216,"10 Dec 2014","18 Mar 2015",2024-06-07
Karnataka,"Bengaluru Urban","Bangalore South",Channenahalli,Puttaiahnapalya,Puttaiahanapalya,0000374382,0002595086,2400269,"Deep Tubewell","Ground Water","village limits","Providing Community Terrafil Units at Puttaiahnapalya in Bangalore South Taluk",2009-2010,1.65000,0.00100,"10 Feb 2010","15 Mar 2011",2024-06-07
Karnataka,"Bengaluru Urban","Bangalore South",Channenahalli,Puttaiahnapalya,Puttaiahanapalya,0000374382,0007169892,2400269,"Deep Tubewell","Ground Water","village limits","SC COLONY Revival of  MWS Scheme",2015-2016,5.00000,0.00000,"25 Oct 2015","31 Mar 2016",2024-06-07
Karnataka,"Bengaluru Urban","Bangalore South",Ajjanahalli,Ajjanahalli,"Hosapalya (a. Halli)",0000374457,0002595143,2400330,"Deep Tubewell","Ground Water","village limits","Providing Community Terrafil Units at Hosapalya in Bangalore South Taluk",2009-2010,0.55000,0.00100,"17 Sep 2009","30 Aug 2010",2024-06-07
Karnataka,"Bengaluru Urban","Bangalore South",Chikkanahalli,Dodderi,"Dodderi Jhc",0000374477,0002595379,2400573,"Deep Tubewell","Ground Water","village limits","Providing Community Terrafil Units at Dodderi Colony in Bangalore South Taluk",2009-2010,1.65000,0.00100,"17 Sep 2009","30 Aug 2010",2024-06-07
Karnataka,"Bengaluru Urban","Bangalore South",Ramohalli,Kodipalya,Kodipalya,0000374193,0002595488,2400686,"Deep Tubewell","Ground Water","village limits","Providing Community Terrafil Units at Kodipalya in Bangalore South Taluk",2009-2010,0.55000,0.00100,"10 Feb 2010","15 Mar 2011",2024-06-07
Karnataka,"Bengaluru Urban","Bangalore South",Chunchanakuppe,Chunchanakuppe,Chunchanakuppe,0000374434,0002595548,2400750,"Deep Tubewell","Ground Water","village limits","Providing Community Terrafil Units at Chunchanaguppe in Bangalore South Taluk",2009-2010,2.20000,0.00100,"10 Feb 2010","15 Mar 2011",2024-06-07
Karnataka,"Bengaluru Urban","Bangalore South",Chunchanakuppe,Lakkaiahnapalya,Lakkaiahanapalya,0000374441,0007150163,2400795,"Deep Tubewell","Ground Water","village limits","G BESCOM Revival of MWS Scheme",2015-2016,0.35000,0.00000,"25 Oct 2015","31 Mar 2016",2024-06-07
Karnataka,"Bengaluru Urban","Bangalore South",Agara,Anepalya,Anepalya,0000374128,0002595892,2401150,"Deep Tubewell","Ground Water","village limits","Providing Community Terrafil Units at Anepalya in Bangalore South Taluk",2010-2011,0.55000,0.00000,"15 Nov 2010","15 Feb 2011",2024-06-07
Karnataka,"Bengaluru Urban","Bangalore South",Agara,Doddipalya,Doddipalya,0000374129,0002595921,2401178,"Deep Tubewell","Ground Water","village limits","Providing Community Terrafil Units at Doddipalya in Bangalore South Taluk",2010-2011,1.10000,0.00000,"15 Nov 2010","15 Feb 2011",2024-06-07
Karnataka,"Bengaluru Urban","Bangalore South",Chunchanakuppe,Lakshmipura,Lakshmipura,0000374444,0002606027,2411730,"Deep Tubewell","Ground Water","Village Limits","Village Limits",2010-2011,4.00000,0.00000,"30 Jun 2010","31 Mar 2011",2024-06-07
Karnataka,"Bengaluru Urban","Bangalore South","K. Golahalli",Kullegowdanapalya,"Kullegowdanapalya Akc",0000374166,0002606073,2411776,"Deep Tubewell","Ground Water","Village Limits","Village Limits",2010-2011,4.00000,0.00000,"30 Jun 2010","31 Mar 2011",2024-06-07
Karnataka,"Bengaluru Urban","Bangalore South",Nelaguli,Gudipalya,Gudipalya,0000374097,0002610522,2416369,"Deep Tubewell","Ground Water","village limits","Community Terrafil Units",2010-2011,0.55000,0.00000,"15 Nov 2010","15 Feb 2011",2024-06-07
Karnataka,"Bengaluru Urban","Bangalore South",Channenahalli,Lakkuppe,Lakkuppe,0000374389,0002613418,2419621,"Deep Tubewell","Ground Water","village limits","Community Terrafil units",2010-2011,0.55000,0.00000,"15 Nov 2010","15 Feb 2011",2024-06-07
Karnataka,"Bengaluru Urban","Bangalore South",Nelaguli,Nelaguli,Nelaguli,0000374103,0002620106,2424928,"Deep Tubewell","Ground Water",NA,"Primary only",2010-2011,0.70000,0.00000,"30 Jun 2010","30 Nov 2010",2024-06-07
Karnataka,"Bengaluru Urban","Bangalore South",Ramohalli,Bheemanakuppe,Bheemanakuppe,0000374190,0002620166,2424961,"Deep Tubewell","Ground Water",NA,"Primary School only",2010-2011,0.60000,0.00000,"30 Jun 2010","30 Nov 2010",2024-06-07
Karnataka,"Bengaluru Urban","Bangalore South","Dodda Thogur",Homadevanahalli,Homadevanahalli,0000373972,0002867037,2690417,"Deep Tubewell","Ground Water","Revival of Piped Water Supply Scheme at Hommadevanahalli  Village","Revival of Piped Water Supply Scheme at Hommadevanahalli  Village",2010-2011,5.00000,0.00000,"27 Oct 2010","31 Mar 2011",2024-06-07
Karnataka,"Bengaluru Urban","Bangalore South","K. Golahalli","K. Gollahalli","K. Gollahalli",0000374164,0003587979,3452573,"Deep Tubewell","Ground Water","Village Limits","Construction of OHT",2011-2012,10.00000,9.36078,"10 Jun 2011","20 Mar 2013",2024-06-07
Karnataka,"Bengaluru Urban","Bangalore South",Ajjanahalli,Madapatna,Madapatna,0000374466,0003606597,3471394,"Deep Tubewell","Ground Water","Village Limit","Additional Pipe Line",2011-2012,2.00000,0.00000,"15 Jun 2011","15 Mar 2012",2024-06-07
Karnataka,"Bengaluru Urban","Bangalore South",Ajjanahalli,"Chandrappa Circle","Chandrappa Circle",0000374465,0003606674,3471470,"Deep Tubewell","Ground Water","Near Road Side","Additional Pipe Line",2011-2012,5.00000,1.86055,"15 Jun 2011","03 Jan 2013",2024-06-07
Karnataka,"Bengaluru Urban","Bangalore South",Cholanayakanahalli,Metipalya,Metipalya,0000374413,0007150067,3471646,"Deep Tubewell","Ground Water","Village Limit","G BESCOM Revival of MWS Scheme",2015-2016,0.15000,0.00000,"25 Oct 2015","31 Mar 2016",2024-06-07
Karnataka,"Bengaluru Urban","Bangalore South","Dodda Thogur","Dodda Thogur","Dodda Thogur",0000373963,0003606885,3471672,"Deep Tubewell","Ground Water","Near Road Side","Additional Pipe Line",2011-2012,4.50000,0.00000,"15 Jun 2011","15 Mar 2012",2024-06-07
Karnataka,"Bengaluru Urban","Bangalore South","Konappana Agrahara",Govindashettipalya,Govindashettipalya,0000373979,0003606948,3471735,"Deep Tubewell","Ground Water","Near Road Side","Additional Pipe Line",2011-2012,3.75000,0.00000,"15 Jun 2011","15 Mar 2012",2024-06-07
Karnataka,"Bengaluru Urban","Bangalore South","K. Golahalli","K. Gollahalli","K. Gollahalli",0000374164,0003619668,3484437,"Deep Tubewell","Ground Water","Village Limits","Pipeline Extension",2011-2012,1.30000,0.00000,"15 Jul 2011","15 Mar 2012",2024-06-07
Karnataka,"Bengaluru Urban","Bangalore South",Somanahalli,Somanahalli,Somanahalli,0000374089,0003620798,3485587,"Deep Tubewell","Ground Water","Village Limits","Pipeline Extension",2011-2012,2.30000,0.00000,"15 Jul 2011","15 Mar 2012",2024-06-07
Karnataka,"Bengaluru Urban","Bangalore South",Cholanayakanahalli,Cholanayakanahalli,Cholanayakanahalli,0000374414,0003639183,3503960,"Deep Tubewell","Ground Water","Near Road Side","Pipeline Extension",2011-2012,4.00000,0.00000,"20 Jul 2011","15 Mar 2012",2024-06-07
Karnataka,"Bengaluru Urban","Bangalore South",Chikkanahalli,Sulivara,Sulivara,0000374473,0003639230,3504005,"Deep Tubewell","Ground Water","Near Road Side","Pipeline Extension",2011-2012,4.00000,0.00000,"20 Jul 2011","15 Mar 2012",2024-06-07
Karnataka,"Bengaluru Urban","Bangalore South",Chikkanahalli,Chikkanahalli,Chikkanahalli,0000374222,0003639313,3504087,"Deep Tubewell","Ground Water","Vilalge Limits","Pipeline Extension",2011-2012,4.00000,0.00000,"20 Jul 2011","15 Mar 2012",2024-06-07
Karnataka,"Bengaluru Urban","Bangalore South",Chikkanahalli,Dodderi,Dodderi,0000374476,0003639339,3504112,"Deep Tubewell","Ground Water","Near Road Side","Pipeline Extension",2011-2012,3.00000,0.00000,"20 Jul 2011","15 Mar 2012",2024-06-07
Karnataka,"Bengaluru Urban","Bangalore South",Kaggalipura,"O.b. Choodahalli","O.b. Choodahalli",0000374065,0003669579,3534667,"Deep Tubewell","Ground Water",NA,Addl.cistern,2006-2007,0.75000,0.00001,"30 Jun 2006","30 Nov 2006",2024-06-07
Karnataka,"Bengaluru Urban","Bangalore South",Channenahalli,Gidadapalya,"Giddadapalya (sulikattepalya)",0000374393,0003669629,3534716,"Deep Tubewell","Ground Water",NA,Addl.cistern,2006-2007,0.75000,0.00001,"30 Jun 2006","30 Nov 2006",2024-06-07
Karnataka,"Bengaluru Urban","Bangalore South",Kaggalipura,"A K Colony","Kaggalipura Akc",0000374060,0003729724,3594385,"Deep Tubewell","Ground Water","Govt. Primary School","School Water Supply",2011-2012,1.00000,0.00000,"15 Aug 2011","15 Feb 2012",2024-06-07
Karnataka,"Bengaluru Urban","Bangalore South",Agara,Lakshmipura,Lakshmipura,0000374142,0004865005,4791863,"Deep Tubewell","Ground Water","Towards Kanakapura Main Road","Revival of PWS Scheme",2012-2013,10.00000,9.97203,"20 Sep 2012","01 Mar 2013",2024-06-07
Karnataka,"Bengaluru Urban","Bangalore South",Sullikere,Kommaghatta,Kommaghatta,0000374205,0004865398,4792228,"Deep Tubewell","Ground Water","Village Limit","Revival of MWS Scheme",2012-2013,10.00000,9.99992,"15 Sep 2012","16 Jan 2013",2024-06-07
Karnataka,"Bengaluru Urban","Bangalore South",Sullikere,Ramasandra,Ramasandra,0000374214,0004865409,4792237,"Deep Tubewell","Ground Water","Towards Main Road","Revival of MWS Scheme",2012-2013,10.00000,9.99992,"18 Sep 2012","15 Mar 2013",2024-06-07
Karnataka,"Bengaluru Urban","Bangalore South",Ramohalli,Bheemanakuppe,Bheemanakuppe,0000374190,0004865433,4792263,"Deep Tubewell","Ground Water","Near Benchukallu","Revival of MWS Scheme",2012-2013,5.00000,4.99000,"15 Sep 2012","20 Mar 2013",2024-06-07
Karnataka,"Bengaluru Urban","Bangalore South",Ramohalli,Maragondanahalli,Maragondanahalli,0000374200,0004865546,4792374,"Deep Tubewell","Ground Water","Village Limit","Revival of MWS Scheme",2012-2013,5.00000,0.00000,"15 Sep 2012","25 Feb 2013",2024-06-07
Karnataka,"Bengaluru Urban","Bangalore South",Kaggalipura,Udipalya,Udipalya,0000374062,0004865652,4792486,"Deep Tubewell","Ground Water","Towards Main Road","Revival of MWS Scheme",2012-2013,5.00000,4.99950,"15 Sep 2012","20 Mar 2013",2024-06-07
Karnataka,"Bengaluru Urban","Bangalore South",Taralu,Thattaguppe,Thattaguppe,0000374077,0004866168,4792994,"Deep Tubewell","Ground Water","Village Limit Road","Revival of MWS Scheme",2012-2013,5.00000,4.97744,"13 Sep 2012","15 Mar 2013",2024-06-07
Karnataka,"Bengaluru Urban","Bangalore South",Nelaguli,Nelaguli,Sadanapalya,0000374104,0004866311,4793114,"Deep Tubewell","Ground Water","Village Road","Revival of MWS Scheme",2012-2013,5.00000,4.99798,"13 Sep 2012","28 Feb 2013",2024-06-07
Karnataka,"Bengaluru Urban","Bangalore South",Kaggalipura,"Saalu Hunase",Salahunse,0000374063,0006942171,4793174,"Deep Tubewell","Ground Water","Main Road","G TFC130315 Providing  Erection of Pumpset with Pipe line to Borewell at Saluhunse Ashraya Habitation, Kaggalipura GP, Bangalore South Taluk",2014-2015,4.50000,3.48853,"20 Apr 2015","31 Mar 2016",2024-06-07
Karnataka,"Bengaluru Urban","Bangalore South",Kaggalipura,Kaggalipura,Rameshnagar,0000374064,0008217252,4794501,"Deep Tubewell","Ground Water","Main Road","Providing water supply to Anganwadi fitting of taps to kitchen and toilet at Ramesh Nagara at Kaggalipura GP Bangalore South Taluk",2020-2021,0.13000,0.13000,"17 Dec 2020","03 May 2023",2024-06-07
Karnataka,"Bengaluru Urban","Bangalore South",Taralu,"Nallakana Doddi",Nalakaiahanadoddi,0000374068,0004867562,4794513,"Deep Tubewell","Ground Water","Main Road","Revival of MWS Scheme",2012-2013,5.00000,4.99950,"15 Sep 2012","20 Mar 2013",2024-06-07
Karnataka,"Bengaluru Urban","Bangalore South",Ramohalli,Bheemanakuppe,Bettanapalya,0000374208,0004893940,4819254,"Deep Tubewell","Ground Water","Village limit","Revival of MWS Scheme",2012-2013,5.00000,4.99997,"15 Sep 2012","03 Jan 2013",2024-06-07
Karnataka,"Bengaluru Urban","Bangalore South","H. Gollahalli",Doddabele,"Doddabele Colony",0000374114,0004899024,4823938,"Deep Tubewell","Ground Water","Colony limit","Revival of MWS Scheme",2012-2013,5.00000,0.47600,"15 Sep 2012","04 Jan 2013",2024-06-07
Karnataka,"Bengaluru Urban","Bangalore South",Ramohalli,Gulgajanahalli,Gulaganjanahalli,0000374202,0004899262,4824173,"Deep Tubewell","Ground Water","Village limit","Revival of MWS Scheme",2012-2013,5.00000,4.99995,"15 Sep 2012","23 Mar 2013",2024-06-07
Karnataka,"Bengaluru Urban","Bangalore South",Channenahalli,Chennanahalli,Chennanahalli,0000374399,0004899970,4824788,"Deep Tubewell","Ground Water","Village limit","Revival of MWS Scheme",2012-2013,8.00000,7.98904,"15 Sep 2012","20 Mar 2013",2024-06-07
Karnataka,"Bengaluru Urban","Bangalore South",Kumbalagodu,Kambipura,"Kambipura Jhc",0000374181,0004902478,4826854,"Deep Tubewell","Ground Water","JHC Limits","Revival of MWS Scheme",2012-2013,5.00000,4.99600,"15 Sep 2012","20 Mar 2013",2024-06-07
Karnataka,"Bengaluru Urban","Bangalore South",Sullikere,Doddabasthi,"Dodda Basthi",0000374219,0004902482,4826858,"Deep Tubewell","Ground Water","Village limit","Revival of MWS Scheme",2012-2013,5.00000,4.99900,"10 Sep 2012","20 Mar 2013",2024-06-07
Karnataka,"Bengaluru Urban","Bangalore South",Cholanayakanahalli,Bychaguppe,"Bychaguppe Jhc",0000374407,0004902502,4826878,"Deep Tubewell","Ground Water","Colony limit","Revival of MWS Scheme",2012-2013,5.00000,4.99983,"10 Sep 2012","08 Mar 2013",2024-06-07
Karnataka,"Bengaluru Urban","Bangalore South",Nelaguli,Gudipalya,Gudipalya,0000374097,0004902503,4826879,"Deep Tubewell","Ground Water","Village limit","Revival of MWS Scheme",2012-2013,5.00000,5.07100,"15 Sep 2012","20 Mar 2013",2024-06-07
Karnataka,"Bengaluru Urban","Bangalore South",Chunchanakuppe,Kethohalli,Kethohalli,0000374433,0004932600,4853482,"Deep Tubewell","Ground Water",GUPS,"School Water Supply",2012-2013,1.00000,0.99902,"15 Sep 2012","15 Mar 2013",2024-06-07
Karnataka,"Bengaluru Urban","Bangalore South",Ajjanahalli,Madapatna,"Madapatna Akc",0000374469,0002596553,2401852,"Deep Tubewell","Ground Water","Village Limits","Village Limits",2010-2011,4.25000,0.00000,"30 Jun 2010","31 Mar 2011",2024-06-07
Karnataka,"Bengaluru Urban","Bangalore South",Cholanayakanahalli,Bychaguppe,"Hosapalya Bychaguppe",0000374409,0002596615,2401910,"Deep Tubewell","Ground Water","village limits","Community Terrafil units",2010-2011,0.55000,0.00000,"15 Nov 2010","15 Feb 2011",2024-06-07
Karnataka,"Bengaluru Urban","Bangalore South",Cholanayakanahalli,Varthur,Varthur,0000374412,0002596711,2402021,"Deep Tubewell","Ground Water","Village Limits","Village Limits",2010-2011,4.00000,0.00000,"30 Jun 2010","31 Mar 2011",2024-06-07
Karnataka,"Bengaluru Urban","Bangalore South",Cholanayakanahalli,Nagenahalli,Nagenahalli,0000374427,0002596813,2402126,"Deep Tubewell","Ground Water","village limits","Community Terrafil units",2010-2011,1.65000,0.00000,"15 Nov 2010","12 Dec 2011",2024-06-07
Karnataka,"Bengaluru Urban","Bangalore South","H. Gollahalli",Doddabele,Doddabele,0000374113,0007165616,2402210,"Deep Tubewell","Ground Water","village limits","SC COLONY  Revival of  MWS Scheme",2015-2016,6.00000,0.00000,"25 Oct 2015","31 Mar 2016",2024-06-07
Karnataka,"Bengaluru Urban","Bangalore South","K. Golahalli",Gonipura,Gonipura,0000374158,0002596997,2402304,"Deep Tubewell","Ground Water","village limits","Community Terrafil Units",2010-2011,2.20000,0.00000,"15 Nov 2010","28 Dec 2011",2024-06-07
Karnataka,"Bengaluru Urban","Bangalore South","K. Golahalli",Thippur,"Thippur Akc",0000374154,0002597057,2402374,"Deep Tubewell","Ground Water","village limits","Community Terrafil Units",2010-2011,0.55000,0.00000,"15 Nov 2010","15 Feb 2011",2024-06-07
Karnataka,"Bengaluru Urban","Bangalore South",Tavarekere,Halubhovipalya,Halubhovipalya,0000374380,0002597352,2402689,"Deep Tubewell","Ground Water","Village Limits","Village Limits",2010-2011,4.50000,0.00000,"30 Jun 2010","31 Mar 2011",2024-06-07
Karnataka,"Bengaluru Urban","Bangalore South",Taralu,Guttepalya,Guttepalya,0000374071,0002597411,2402749,"Deep Tubewell","Ground Water","Village Limits","Village Limits",2010-2011,4.00000,0.00000,"30 Jun 2010","31 Mar 2011",2024-06-07
Karnataka,"Bengaluru Urban","Bangalore South",Ramohalli,Ramohalli,Ramohalli,0000374192,0002599364,2404829,"Deep Tubewell","Ground Water","village limits","Community Terrafil Units",2010-2011,0.55000,0.00000,"15 Nov 2010","15 Feb 2011",2024-06-07
Karnataka,"Bengaluru Urban","Bangalore South",Somanahalli,Mukkodlu,Mukkodlu,0000374080,0002599446,2404920,"Deep Tubewell","Ground Water","village limits","Community Terrafil Units",2010-2011,0.55000,0.00000,"15 Nov 2010","15 Feb 2011",2024-06-07
Karnataka,"Bengaluru Urban","Bangalore South",Nelaguli,Veerasandra,Veerasandra,0000374086,0002599446,2404922,"Deep Tubewell","Ground Water","village limits","Community Terrafil Units",2010-2011,0.55000,0.00000,"15 Nov 2010","15 Feb 2011",2024-06-07
Karnataka,"Bengaluru Urban","Bangalore South",Nelaguli,Nelaguli,Nelaguli,0000374103,0002599718,2405203,"Deep Tubewell","Ground Water","village limits","Community Terrafil Units",2010-2011,1.10000,0.00000,"15 Nov 2010","28 Dec 2011",2024-06-07
Karnataka,"Bengaluru Urban","Bangalore South",Somanahalli,Girigowdanadoddi,Girigowdanadoddi,0000374082,0002599745,2405229,"Deep Tubewell","Ground Water","villages limits","Community Terrafil units",2010-2011,0.55000,0.00000,"15 Nov 2010","15 Feb 2011",2024-06-07
Karnataka,"Bengaluru Urban","Bangalore South",Ajjanahalli,Ajjanahalli,Ajjanahalli,0000374455,0002601312,2406890,"Deep Tubewell","Ground Water","village limits","Community Terrafil Units",2009-2010,3.30000,0.00100,"17 Sep 2009","10 Aug 2010",2024-06-07
Karnataka,"Bengaluru Urban","Bangalore South",Taralu,"Taralu Estate","Taralu Estate",0000374072,0003926674,3795377,"Deep Tubewell","Ground Water","Towards Village Limits","Revival of MWS",2011-2012,5.50000,0.00000,"21 Aug 2011","25 Jan 2012",2024-06-07
Karnataka,"Bengaluru Urban","Bangalore South","Dodda Thogur",Mailasandra,Mailasandrapalya,0000373956,0004857023,4784086,"Deep Tubewell","Ground Water","Towards Electronic City Road","Revival of PWS Scheme",2012-2013,6.50000,6.49981,"17 Aug 2012","06 Dec 2012",2024-06-07
Karnataka,"Bengaluru Urban","Bangalore South",Chunchanakuppe,Kethohalli,Kethohalli,0000374433,0004857287,4784349,"Deep Tubewell","Ground Water","Towards Village Road","Providing Piped Water Supply Scheme",2012-2013,20.00000,23.02830,"15 Sep 2012","02 Dec 2013",2024-06-07
Karnataka,"Bengaluru Urban","Bangalore South",Chikkanahalli,Dodderi,Dodderi,0000374476,0004863398,4790382,"Deep Tubewell","Ground Water","LEFT SIDE OF THE VILLAGE","Construction of ELSR",2012-2013,12.00000,0.00000,"12 Sep 2012","25 Mar 2013",2024-06-07
Karnataka,"Bengaluru Urban","Bangalore South",Cholanayakanahalli,Bychaguppe,Bychaguppe,0000374406,0004863428,4790409,"Deep Tubewell","Ground Water","Left side of the BWSSB Line","Revival of MWS Scheme",2012-2013,5.00000,4.99983,"19 Sep 2012","04 Dec 2012",2024-06-07
Karnataka,"Bengaluru Urban","Bangalore South",Cholanayakanahalli,Cholanayakanahalli,Channamaraiahanapalya,0000374417,0004863543,4790514,"Deep Tubewell","Ground Water","Left side of Main Road","Revival of MWS Scheme",2012-2013,4.00000,0.00000,"12 Sep 2012","25 Feb 2013",2024-06-07
Karnataka,"Bengaluru Urban","Bangalore South",Cholanayakanahalli,Cholanayakanahalli,Channamaraiahanapalya,0000374417,0004863544,4790515,"Deep Tubewell","Ground Water","Left side of Main Road","Revival of MWS Scheme",2012-2013,5.00000,4.99969,"12 Sep 2012","16 Jan 2013",2024-06-07
Karnataka,"Bengaluru Urban","Bangalore South",Chikkanahalli,Sulivara,Sulivara,0000374473,0004863596,4790567,"Deep Tubewell","Ground Water","Tank Bed","Revival of MWS Scheme",2012-2013,5.00000,4.99997,"22 Sep 2012","20 Mar 2013",2024-06-07
Karnataka,"Bengaluru Urban","Bangalore South",Chikkanahalli,Gollahalli,"S. Gollahalli",0000374475,0004863608,4790579,"Deep Tubewell","Ground Water","Near pond","Revival of MWS Scheme",2012-2013,5.00000,4.99822,"10 Sep 2012","04 Dec 2012",2024-06-07
Karnataka,"Bengaluru Urban","Bangalore South",Chikkanahalli,Jodikurubarapalya,"Jodi Kurubarapalya",0000374226,0004863621,4790593,"Deep Tubewell","Ground Water","Left side of Main Road","Revival of MWS Scheme",2012-2013,5.00000,4.99998,"20 Sep 2012","01 Mar 2013",2024-06-07
Karnataka,"Bengaluru Urban","Bangalore South",Ajjanahalli,Ajjanahalli,Ajjanahalli,0000374455,0004863662,4790628,"Deep Tubewell","Ground Water","Right side of Main Road","Revival of MWS Scheme",2012-2013,5.00000,4.99588,"08 Sep 2012","20 Mar 2013",2024-06-07
Karnataka,"Bengaluru Urban","Bangalore South",Ajjanahalli,Kallupalya,Kallupalya,0000374460,0004863712,4790671,"Deep Tubewell","Ground Water","Left side of Village road","Revival of MWS Scheme",2012-2013,5.00000,4.99998,"12 Sep 2012","01 Mar 2013",2024-06-07
Karnataka,"Bengaluru Urban","Bangalore South",Chunchanakuppe,Ganapathihalli,Ganapathihalli,0000374432,0004864823,4791682,"Deep Tubewell","Ground Water","Towards Main Road","Revival of MWS Scheme",2012-2013,5.00000,4.99922,"18 Sep 2012","12 Feb 2013",2024-06-07
Karnataka,"Bengaluru Urban","Bangalore South",Nelaguli,Bolaare,Bolare,0000374085,0003729791,3594453,"Deep Tubewell","Ground Water","Govt. Primary School","School Water Supply",2011-2012,1.00000,0.00000,"15 Aug 2011","15 Feb 2012",2024-06-07
Karnataka,"Bengaluru Urban","Bangalore South",Cholanayakanahalli,Cholanayakanahalli,Cholanayakanahalli,0000374414,0003733158,3597839,"Deep Tubewell","Ground Water","Near Road Side","Replacement of pipe line",2011-2012,6.00000,2.50028,"30 Jul 2011","08 Nov 2012",2024-06-07
Karnataka,"Bengaluru Urban","Bangalore South",Kaggalipura,"O.b. Choodahalli","O.b. Choodahalli",0000374065,0003733653,3598330,"Deep Tubewell","Ground Water","Village Limit","Extension of Pipe Line",2011-2012,3.00000,0.00000,"25 Jul 2011","15 Mar 2012",2024-06-07
Karnataka,"Bengaluru Urban","Bangalore South",Ajjanahalli,Huluvenahalli,Inorpalya,0000374463,0003915406,3783838,"Deep Tubewell","Ground Water","Road Side","Revival of MWS",2011-2012,5.50000,0.00000,"21 Aug 2011","25 Jan 2012",2024-06-07
Karnataka,"Bengaluru Urban","Bangalore South",Cholanayakanahalli,Bychaguppe,Midichaiahanapalya,0000374410,0003915548,3783982,"Deep Tubewell","Ground Water","Road Side","Revival of MWS",2011-2012,5.50000,0.00000,"21 Aug 2011","25 Jan 2012",2024-06-07
Karnataka,"Bengaluru Urban","Bangalore South",Chunchanakuppe,Karekalpalya,Karekalpalya,0000374402,0003915586,3784021,"Deep Tubewell","Ground Water","Towards Village Limits","Revival of MWS",2011-2012,5.00000,0.00000,"21 Aug 2011","20 Nov 2012",2024-06-07
Karnataka,"Bengaluru Urban","Bangalore South",Cholanayakanahalli,Gangenahalli,Gangenahalli,0000374421,0003915628,3784064,"Deep Tubewell","Ground Water","Towards Village Limits","Revival of MWS",2011-2012,5.00000,0.00000,"21 Aug 2011","25 Jan 2012",2024-06-07
Karnataka,"Bengaluru Urban","Bangalore South",Cholanayakanahalli,Kempegowdanahalli,Kempegowdanahalli,0000374422,0003915658,3784094,"Deep Tubewell","Ground Water","Road Side","Revival of MWS",2011-2012,5.50000,0.00000,"21 Aug 2011","25 Jan 2012",2024-06-07
Karnataka,"Bengaluru Urban","Bangalore South",Cholanayakanahalli,Marenahalli,Marenahalli,0000374426,0003915670,3784106,"Deep Tubewell","Ground Water","Towards Village Limits","Revival of MWS",2011-2012,5.50000,0.00000,"21 Aug 2011","25 Jan 2012",2024-06-07
Karnataka,"Bengaluru Urban","Bangalore South",Cholanayakanahalli,Marenahalli,Marenahalli,0000374426,0007162740,3784106,"Deep Tubewell","Ground Water","Towards Village Limits","SC COLONY  Revival of  MWS Scheme",2015-2016,6.00000,0.00000,"25 Oct 2015","31 Mar 2016",2024-06-07
Karnataka,"Bengaluru Urban","Bangalore South",Cholanayakanahalli,Metipalya,Metipalya,0000374413,0003915701,3784138,"Deep Tubewell","Ground Water","Road Side","Revival of PWS",2011-2012,5.50000,0.00000,"21 Aug 2011","25 Jan 2012",2024-06-07
Karnataka,"Bengaluru Urban","Bangalore South",Chunchanakuppe,Kolur,"Kolur Shed",0000374442,0003915754,3784193,"Deep Tubewell","Ground Water","Towards Village Limits","Revival of MWS",2011-2012,4.50000,0.29916,"21 Aug 2011","20 Nov 2012",2024-06-07
Karnataka,"Bengaluru Urban","Bangalore South",Chunchanakuppe,Gopalanagara,Gopalanagara,0000374448,0003915780,3784220,"Deep Tubewell","Ground Water","Road Side","Revival of MWS",2011-2012,5.00000,0.00000,"21 Aug 2011","20 Nov 2012",2024-06-07
Karnataka,"Bengaluru Urban","Bangalore South",Chunchanakuppe,Subbarayappanapalya,"Subbarayappanapalya B",0000374453,0008216802,3784248,"Deep Tubewell","Ground Water","Towards Village Limits","Providing water supply to Anganwadi fitting of taps to kitchen and toilet at Subbarayappanapalya B Habitation Chunchanakuppe GP Bangalore South Taluk",2020-2021,0.13000,0.13000,"17 Dec 2020","03 May 2023",2024-06-07
Karnataka,"Bengaluru Urban","Bangalore South","K. Golahalli",Devegere,Devegere,0000374171,0003915964,3784438,"Deep Tubewell","Ground Water","Towards Village Limits","Revival of PWS",2011-2012,5.50000,0.00000,"21 Aug 2011","25 Jan 2012",2024-06-07
Karnataka,"Bengaluru Urban","Bangalore South","K. Golahalli",Tagachaguppe,"Tagachaguppe Colony",0000374175,0003916146,3784643,"Deep Tubewell","Ground Water","Towards Village Limits","Revival of MWS",2011-2012,5.00000,0.00000,"21 Aug 2011","25 Jan 2012",2024-06-07
Karnataka,"Bengaluru Urban","Bangalore South",Kaggalipura,Baadekatte,Baddekate,0000374056,0003926202,3794900,"Deep Tubewell","Ground Water","Towards Village Limits","Revival of MWS",2011-2012,5.00000,0.00000,"21 Aug 2011","20 Oct 2012",2024-06-07
Karnataka,"Bengaluru Urban","Bangalore South",Nelaguli,Nelaguli,Sadanapalya,0000374104,0003926335,3795035,"Deep Tubewell","Ground Water","Towards Village Limits","Revival of MWS",2011-2012,5.50000,0.00000,"21 Aug 2011","25 Jan 2012",2024-06-07
Karnataka,"Bengaluru Urban","Bangalore South","Dodda Thogur",Mailasandra,Mailasandrapalya,0000373956,0007574079,250170823,"Deep Tubewell","Ground Water","Mylasandra Gate","TFC221116 Providing Pump and motor to the Borewell at Vaddarapalya(Mailasandrapalya) habitation, Doddathoguru GP, Anekal Taluk",2016-2017,3.50000,3.49153,"15 Jan 2017","28 Feb 2018",2024-06-07
Karnataka,"Bengaluru Urban","Bangalore South","K. Golahalli",Gaviyanapalya,Gaviyanapalya,0000374162,0007637255,250185483,"Deep Tubewell","Ground Water","Village limit","TFC220217 Drilling of Borewell at Gaviyanapalya Habitation, K Gollahalli GP, Bangalore South Taluk",2016-2017,1.60000,1.59768,"05 May 2017","28 Feb 2019",2024-06-07
Karnataka,"Bengaluru Urban","Bangalore South",Chikkanahalli,Gollahalli,"S. Gollahalli",0000374475,0007639165,250185818,"Deep Tubewell","Ground Water","Main road","TFC220217 Drilling of Borewell at S. Gollahalli Habitation, Chikkanahalli GP, Bangalore South Taluk",2016-2017,2.20000,1.99118,"05 May 2017","28 Feb 2019",2024-06-07
Karnataka,"Bengaluru Urban","Bangalore South",Chunchanakuppe,Ganapathihalli,Ganapathihalli,0000374432,0007639204,250185826,"Deep Tubewell","Ground Water",Colony,"TFC220217 Drilling of Borewell at Ganapathihalli Habitation,  Chuchanakuppe GP, Bangalore South Taluk",2016-2017,2.00000,1.84973,"05 May 2017","28 Feb 2019",2024-06-07
Karnataka,"Bengaluru Urban","Bangalore South",Kumbalagodu,Kumbalagodu,Kumbalagodu,0000374184,0007639356,250185862,"Deep Tubewell","Ground Water","Ist Block","TFC220217 Drilling of Borewell at Kumbalagodu Habitation, Kumbalagodu GP, Bangalore South Taluk",2016-2017,1.55000,1.54735,"05 May 2017","28 Feb 2019",2024-06-07
Karnataka,"Bengaluru Urban","Bangalore South",Kumbalagodu,Gerupalya,Gerupalya,0000374186,0007651581,250188597,"Deep Tubewell","Ground Water","Village limit","TFC220217 Drilling of borewell At Gerupalya Habitation,  Kumbalagodu GP, Bangalore South Taluk",2016-2017,2.00000,0.00000,"18 May 2017","03 May 2023",2024-06-07
Karnataka,"Bengaluru Urban","Bangalore South",Kumbalagodu,Gerupalya,Gerupalya,0000374186,0007651588,250188602,"Deep Tubewell","Ground Water","Village limit","TFC220217 Drilling of borewell At Kumbalagodu  Habitation,  Kumbalagodu GP, Bangalore South Taluk",2016-2017,1.80000,0.00000,"18 May 2017","03 May 2023",2024-06-07
Karnataka,"Bengaluru Urban","Bangalore South",Ramohalli,"M. Krishnasagara","M. Krishnasagara",0000374203,0007705978,250196511,"Deep Tubewell","Ground Water","Village limit","TFC170417 Drilling of Borewell at M. Krishnasagara Habitation, Ramohalli GP, Bangalore South Taluk.",2017-2018,1.45000,1.44582,"10 Jul 2017","31 Mar 2019",2024-06-07
Karnataka,"Bengaluru Urban","Bangalore South",Kaggalipura,Baadekatte,Baddekate,0000374056,0007706058,250196516,"Deep Tubewell","Ground Water","Village limit","TFC170417 Providing And Erection of Pump and Motor to the Drilling of Borewell in Baddekate Habitation, Kaggalipura GP, Bangalore South Taluk",2017-2018,2.00000,1.99600,"10 Jul 2017","31 Mar 2019",2024-06-07
Karnataka,"Bengaluru Urban","Bangalore South",Sullikere,Sullikere,Sullikere,0000374211,0007706296,250196562,"Deep Tubewell","Ground Water","Village limit","TFC170417 Drilling of Borewell at Basaveshwara Nagara Habitation, Sulikere GP, Bangalore North Taluk",2017-2018,1.90000,0.00000,"10 Jul 2017","03 May 2023",2024-06-07
Karnataka,"Bengaluru Urban","Bangalore South",Cholanayakanahalli,Cholanayakanahalli,Cholanayakanahalli,0000374414,0007706300,250196563,"Deep Tubewell","Ground Water","Village limit","TFC170417 Drilling of Borewell at Naganahalli Habitation, Cholanayakanahalli GP, Bangalore South Taluk",2017-2018,1.80000,1.79611,"10 Jul 2017","31 Mar 2019",2024-06-07
Karnataka,"Bengaluru Urban","Bangalore South","H. Gollahalli","H. Gollahalli","H. Gollahalli",0000374115,0007710439,250197071,"Deep Tubewell","Ground Water","New extension","TFC170417 Drilling of Borewell at H. Gollahalli Habitation, H. Gollahalli GP, Bangalore South Taluk",2017-2018,2.00000,1.99724,"10 Jul 2017","31 Mar 2019",2024-06-07
Karnataka,"Bengaluru Urban","Bangalore South",Ramohalli,Ramohalli,Ramohalli,0000374192,0007739510,250205276,"Deep Tubewell","Ground Water","village limit","WPP7 Gen (3000 Series) Hosakere Habitation,Ramohalli G.P, Bangalore South Taluk, Bangalore Urban District",2017-2018,12.00000,7.98412,"25 Nov 2017","03 May 2023",2024-06-07
Karnataka,"Bengaluru Urban","Bangalore South",Nelaguli,Bolaare,Bolare,0000374085,0007739600,250205304,"Deep Tubewell","Ground Water","village limit","WPP16 Gen (3000 Series) Bolare Habitation, Nelaguli G.P, Bangalore SouthTaluk, Bangalore Urban District",2017-2018,12.00000,9.63145,"25 Nov 2017","31 Mar 2019",2024-06-07
Karnataka,"Bengaluru Urban","Bangalore South",Nelaguli,Veerasandra,Veerasandra,0000374086,0007739604,250205307,"Deep Tubewell","Ground Water","village limit","WPP18 SCP (3000 Series) Veerasandra Habitation, Nelaguli G.P, Bangalore SouthTaluk, Bangalore Urban District",2017-2018,12.00000,9.63118,"25 Nov 2017","31 Mar 2019",2024-06-07
Karnataka,"Bengaluru Urban","Bangalore South",Chikkanahalli,Dodderi,Dodderi,0000374476,0007739608,250205310,"Deep Tubewell","Ground Water","village limit","WPP19 SCP (3000 Series) Dodderi Habitation, Chikkanahalli G.P, Bangalore South Taluk, Bangalore Urban District",2017-2018,12.00000,9.64163,"25 Nov 2017","31 Mar 2019",2024-06-07
Karnataka,"Bengaluru Urban","Bangalore South",Ajjanahalli,Madapatna,Madapatna,0000374466,0007739772,250205355,"Deep Tubewell","Ground Water","village limit","WPP20 Gen (3000 Series)  Madapattana Habitation, Ajjanahalli G.P, Bangalore SouthTaluk, Bangalore Urban District",2017-2018,12.00000,10.55140,"25 Nov 2017","31 Mar 2019",2024-06-07
Karnataka,"Bengaluru Urban","Bangalore South",Agara,Thataguni,Tataguni,0000374141,0007739791,250205363,"Deep Tubewell","Ground Water","village limit","WPP25 SCP (3000 Series) Tataguni Habitation, Agara G.P, Bangalore SouthTaluk, Bangalore Urban District",2017-2018,12.00000,9.64396,"25 Nov 2017","31 Jan 2019",2024-06-07
Karnataka,"Bengaluru Urban","Bangalore South",Ramohalli,Ramohalli,Ramohalli,0000374192,0007739800,250205368,"Deep Tubewell","Ground Water","village limit","WPP27 SCP (3000 Series) Ramohalli Habitation, Ramohalli G.P, Bangalore SouthTaluk, Bangalore Urban District",2017-2018,12.00000,11.29344,"25 Nov 2017","31 Mar 2019",2024-06-07
Karnataka,"Bengaluru Urban","Bangalore South","H. Gollahalli",Katanayakanapura,Katanayakanapura,0000374116,0007739806,250205371,"Deep Tubewell","Ground Water","village limit","WPP29 Gen (3000 Series) Katanayakanapura Habitation, H Gollahalli G.P, Bangalore SouthTaluk, Bangalore Urban District",2017-2018,12.00000,9.64153,"25 Nov 2017","31 Mar 2019",2024-06-07
Karnataka,"Bengaluru Urban","Bangalore South",Chunchanakuppe,Gopalanagara,Gopalanagara,0000374448,0006999978,250083767,"Deep Tubewell","Ground Water","Near C.K Tandya Road","G TFC050515 Drilling of Borewell with Electrification at Gopalanagara Habitation, Chunchanakuppe G.P",2015-2016,2.04000,2.03432,"21 Jul 2015","31 Mar 2017",2024-06-07
Karnataka,"Bengaluru Urban","Bangalore South",Chunchanakuppe,Chikkelur,Chikkelur,0000374450,0007000005,250083769,"Deep Tubewell","Ground Water","Near Subbarayappanapalya Road","SCP TFC050515 Drilling of Borewell Near Chikkalluru Mylikallu at Chikkalluru Habitation, Chunchanakuppe G.P",2015-2016,1.80000,1.52676,"21 Jul 2015","18 Mar 2016",2024-06-07
Karnataka,"Bengaluru Urban","Bangalore South","Dodda Thogur",Vittasandra,Vittasandra,0000373958,0007004178,250084434,"Deep Tubewell","Ground Water","Village limits","SCP TFC050515 Drilling of Borewell with Electrification at Vittasandra Habitation, Doddathoguru G.P",2015-2016,2.20000,1.99988,"21 Jul 2015","18 Mar 2016",2024-06-07
Karnataka,"Bengaluru Urban","Bangalore South",Chunchanakuppe,"Kethohalli Rampura","Kethohalli Rampura",0000374439,0007150154,5547865,"Deep Tubewell","Ground Water","Village limit","G Revival of MWS Scheme",2015-2016,10.00000,0.00000,"25 Oct 2015","31 Mar 2016",2024-06-07
Karnataka,"Bengaluru Urban","Bangalore South",Kaggalipura,Baadekatte,Baddekate,0000374056,0007150240,5457501,"Deep Tubewell","Ground Water","Village limit","G Revival of MWS Scheme",2015-2016,6.00000,0.00000,"25 Oct 2015","31 Mar 2016",2024-06-07
Karnataka,"Bengaluru Urban","Bangalore South",Agara,Agara,Agara,0000374137,0007151351,250090918,"Deep Tubewell","Ground Water",village,"SC COLONY  Revival of  MWS Scheme(near Patalama Temple)",2015-2016,8.00000,0.00000,"25 Oct 2015","31 Mar 2016",2024-06-07
Karnataka,"Bengaluru Urban","Bangalore South",Agara,Vaderahalli,Vadderahalli,0000374132,0007168517,250109392,"Deep Tubewell","Ground Water","village limits","ST COLONY Revival of MWS Scheme",2015-2016,8.00000,0.00000,"25 Oct 2015","31 Mar 2016",2024-06-07
Karnataka,"Bengaluru Urban","Bangalore South","K. Golahalli","K. Gollahalli","K. Gollahalli",0000374164,0007169908,250093395,"Deep Tubewell","Ground Water","Village limit","ST COLONY Revival of MWS Scheme",2015-2016,10.00000,0.00000,"25 Oct 2015","31 Mar 2016",2024-06-07
Karnataka,"Bengaluru Urban","Bangalore South",Ajjanahalli,Ajjanahalli,Kalaiahanapalya,0000374456,0007406986,250121302,"Deep Tubewell","Ground Water","village limit","TFC190316 Drilling of Borewell at Kallayyanapalya Habitation, Chuchanakuppe GP, Bangalore South Taluk",2016-2017,1.05000,1.05000,"12 Apr 2016","28 Feb 2018",2024-06-07
Karnataka,"Bengaluru Urban","Bangalore South",Chikkanahalli,Kurubarapalya,Kurubarapalya,0000374485,0007407028,250121136,"Deep Tubewell","Ground Water","village limit","TFC 19032016 Drilling of Borewell and Erection of Pumpset at Kurubarapalya Habitation Chikkanahalli GP Bangalore South Taluk",2016-2017,1.80000,0.00000,"12 Apr 2016","03 May 2023",2024-06-07
Karnataka,"Bengaluru Urban","Bangalore South",Channenahalli,Sabarapalya,Islampura,0000374394,0007525899,250141661,"Deep Tubewell","Ground Water","village limit","G Revival of MWS scheme at Islampura  Habitation, Tavarekere GP, Bangalore south taluk",2016-2017,7.00000,7.28891,"01 Sep 2016","31 Jan 2019",2024-06-07
Karnataka,"Bengaluru Urban","Bangalore South",Kumbalagodu,Anchepalya,Anchepalya,0000374188,0007525925,250141682,"Deep Tubewell","Ground Water","Village limit","G Revival of MWS scheme at Anchepalya  Habitation,Kumbalagodu GP, Bangalore south taluk",2016-2017,10.00000,5.74594,"01 Sep 2016","31 Jan 2019",2024-06-07
Karnataka,"Bengaluru Urban","Bangalore South",Cholanayakanahalli,Karekallupalya,Karekalpalya,0000374420,0007525994,250141745,"Deep Tubewell","Ground Water","village limit","G Revival of MWS scheme at Karekalpalya Habitation,Cholanayakanahalli GP, Bangalore south taluk",2016-2017,8.00000,4.96926,"01 Sep 2016","31 Dec 2018",2024-06-07
Karnataka,"Bengaluru Urban","Bangalore South",Chunchanakuppe,Subbarayappanapalya,"Subbarayappanapalya A",0000374452,0007526074,250141825,"Deep Tubewell","Ground Water","village limit","G Revival of MWS scheme at Subbarayappanapalya A Habitation,Chunchanakuppe GP, Bangalore south taluk",2016-2017,8.00000,6.56034,"01 Sep 2016","31 Mar 2020",2024-06-07
Karnataka,"Bengaluru Urban","Bangalore South",Taralu,Taralu,Taralu,0000374070,0007526103,250141856,"Deep Tubewell","Ground Water","Near lake","SCP Revival of PWS Scheme and House Hold Connection HH 20 At Taralu Habitation ,Taralu GP, Bagalore South",2016-2017,10.00000,8.48970,"01 Sep 2016","31 Jan 2019",2024-06-07
Karnataka,"Bengaluru Urban","Bangalore South",Taralu,Guttepalya,Guttepalya,0000374071,0007526228,250141975,"Deep Tubewell","Ground Water","Near Village Road","SCP  Revival of MWS Scheme At Guttepalya viilage , Taralu GP, Bagalore South",2016-2017,6.00000,0.00000,"01 Sep 2016","03 May 2023",2024-06-07
Karnataka,"Bengaluru Urban","Bangalore South",Taralu,Guttepalya,Guttepalya,0000374071,0007526241,250141985,"Deep Tubewell","Ground Water","Near Village Road","SCP  Revival of MWS Scheme At Guttepalya Habitation , Taralu GP, Bagalore South",2016-2017,6.00000,5.43408,"01 Sep 2016","31 Jan 2019",2024-06-07
Karnataka,"Bengaluru Urban","Bangalore South","H. Gollahalli",Doddabele,"Doddabele Colony",0000374114,0007526888,250142585,"Deep Tubewell","Ground Water","village limit","G Revival of MWS Scheme at Doddabele Colony Habitation, H Gollahalli GP, Bangalore South taluk",2016-2017,8.00000,5.24703,"01 Sep 2016","03 May 2023",2024-06-07
Karnataka,"Bengaluru Urban","Bangalore South",Somanahalli,Somanahalli,"Somanahalli Gate",0000374090,0007526938,250142628,"Deep Tubewell","Ground Water","village limit","G Revival of MWS scheme at Somanahalli Gate Habitation,Somanahalli GP, Bangalore south taluk",2016-2017,15.00000,8.81258,"01 Sep 2016","03 May 2023",2024-06-07
Karnataka,"Bengaluru Urban","Bangalore South",Chikkanahalli,Mayasandra,Mayasandra,0000374483,0007528574,250143929,"Deep Tubewell","Ground Water","Near Village main road","G Providing Piped water Supply Scheme(Construction of OHT) at  Mayasandra Habitation, Chikkanahalli GP, Bangalore South Taluk.",2016-2017,25.00000,9.49532,"30 Sep 2016","03 May 2023",2024-06-07
Karnataka,"Bengaluru Urban","Bangalore South",Ajjanahalli,Madapatna,Madapatna,0000374466,0007528753,250144100,"Deep Tubewell","Ground Water","Near Lake","SCP Revival of MWS Scheme and House Hold Connection(HH 20) at Madapatna Habitation, Chikkanahalli GP, Bangalore South",2016-2017,6.00000,5.42667,"30 Sep 2016","31 Mar 2019",2024-06-07
Karnataka,"Bengaluru Urban","Bangalore South",Chunchanakuppe,Kolur,Kolur,0000374440,0007528857,250144200,"Deep Tubewell","Ground Water","Near Lake","SCP Revival of MWS Scheme and House Hold Connection(HH 20) at Kolur(Kundalapura) Habitation, Chunchanakuppe GP, Bangalore South",2016-2017,6.00000,4.75594,"30 Sep 2016","03 May 2023",2024-06-07
Karnataka,"Bengaluru Urban","Bangalore South",Channenahalli,Kempegowdanagara,Kempegowdanagara,0000374383,0007530030,250145407,"Deep Tubewell","Ground Water","village limit","G Revival of MWS scheme at kempegowdanagara Habitation,Tavarekere GP, Bangalore south taluk",2016-2017,10.00000,6.83123,"01 Sep 2016","31 Jan 2019",2024-06-07
Karnataka,"Bengaluru Urban","Bangalore South","Dodda Thogur",Homadevanahalli,Homadevanahalli,0000373972,0007530896,250146219,"Deep Tubewell","Ground Water","Near Towards Village Road","SCP Revival of PWS Scheme and House Hold Connection HH 50 at Hommadevanahalli Habitation in Doddathoguru G.P, Bangalore South Taluk.",2016-2017,16.00000,11.82403,"30 Sep 2016","03 May 2023",2024-06-07
Karnataka,"Bengaluru Urban","Bangalore South","Konappana Agrahara","Dodda Nagamangala","Dodda Nagamangala",0000373977,0007530965,250146285,"Deep Tubewell","Ground Water","Near main road","SCP Revival of MWS Scheme and House Hold Connection HH 85 at Doddanagamangala Habitation in Konappana Agrahara G.P, Bangalore South Taluk.",2016-2017,25.00000,21.26612,"30 Sep 2016","03 May 2023",2024-06-07
Karnataka,"Bengaluru Urban","Bangalore South",Nelaguli,Bolaare,Bolare,0000374085,0007531281,250146570,"Deep Tubewell","Ground Water","Near Village Main road","TSP Revival of MWS Scheme and House Hold Connection (HH 15) at Bolare Habitation,  Somanahalli G.P.,Bangalore South Taluk.",2016-2017,6.00000,0.00000,"30 Sep 2016","03 May 2023",2024-06-07
Karnataka,"Bengaluru Urban","Bangalore South",Nelaguli,Ravugodlu,Ravugodlu,0000374101,0007532553,250147692,"Deep Tubewell","Ground Water","Near main road","G Quality Affected Revival of MWS Scheme at Ravagodlu Habitation, Somanahalli  GP, Bangalore South.",2016-2017,5.80000,3.40884,"30 Sep 2016","31 Jan 2019",2024-06-07
Karnataka,"Bengaluru Urban","Bangalore South",Sullikere,Hosabyrohalli,Halebyrahalli,0000374206,0007532586,250147730,"Deep Tubewell","Ground Water","Near Village road","TSP  Quality Affected Revival of MWS Scheme at Halebyrahalli Habitation, Sulikere GP, Bangalore South.",2016-2017,6.00000,0.29568,"30 Sep 2016","31 Mar 2018",2024-06-07
Karnataka,"Bengaluru Urban","Bangalore South",Ramohalli,Maragondanahalli,Maragondanahalli,0000374200,0007573933,250170712,"Deep Tubewell","Ground Water","village limit","TFC221116 Drilling of Borewell at Maragondanahalli habitation, Ramohalli GP, Bangalore South Taluk",2016-2017,1.64000,0.00000,"15 Jan 2017","03 May 2023",2024-06-07
Karnataka,"Bengaluru Urban","Bangalore South",Agara,Saladoddi,"Saladoddi Colony",0001853007,0007807504,250221269,"Deep Tubewell","Ground Water","village limit","Revival of MWS at SALADODDI COLONY",2017-2018,0.10000,0.00000,"05 May 2017","03 May 2023",2024-06-07
Karnataka,"Bengaluru Urban","Bangalore South","Konappana Agrahara","Dodda Nagamangala","Dodda Nagamangala",0000373977,0007852450,250246325,"Deep Tubewell","Ground Water","Near main road","G Revival of MWS Scheme at Doddanagamanla Habitation Konappanaagrahara GP Bangalore SouthTaluk",2018-2019,6.00000,4.33765,"12 Oct 2018","03 May 2023",2024-06-07
Karnataka,"Bengaluru Urban","Bangalore South",Ramohalli,Maligondanahalli,Maligondanahalli,0000374196,0007852603,250246460,"Deep Tubewell","Ground Water","Colony limit","SCP Revival of MWS Scheme at  Maligondanahalli  Habitation Ramohalli GP Bangalore south Taluk",2018-2019,5.00000,4.49845,"12 Oct 2018","03 May 2023",2024-06-07
Karnataka,"Bengaluru Urban","Bangalore South",Agara,Agara,"Byrasandra Colony",0000374145,0007852670,250246534,"Deep Tubewell","Ground Water","Road Side","G Providing of water purification plant at Byrasandra Agara GP Bangalore south Taluk",2018-2019,8.00000,0.00000,"12 Oct 2018","03 May 2023",2024-06-07
Karnataka,"Bengaluru Urban","Bangalore South","H. Gollahalli",Nagegowdanapalya,Nagegowdanapalya,0000374126,0007852673,250246537,"Deep Tubewell","Ground Water","Colony limit","G  Revival of MWS Scheme Nagegowdanapalya H Gollahalli GP Bangalore south Taluk",2018-2019,3.00000,2.99641,"12 Oct 2018","31 Mar 2019",2024-06-07
Karnataka,"Bengaluru Urban","Bangalore South",Cholanayakanahalli,Cholanayakanahalli,Cholanayakanahalli,0000374414,0007852677,250246541,"Deep Tubewell","Ground Water","Right side of Main Road","G  Revival of MWS Scheme Cholanayakanahalli (Near Aladamara)  Cholanayakanahalli GP Bangalore south Taluk",2018-2019,5.00000,4.67006,"12 Oct 2018","31 Mar 2019",2024-06-07
Karnataka,"Bengaluru Urban","Bangalore South",Ramohalli,Challaghatta,Challaghatta,0000374189,0007852791,250246650,"Deep Tubewell","Ground Water","village limit","G  Revival of MWS Scheme at Challaghatta Habitation Ramohalli GP Kengeri Hobli Bangalore South",2018-2019,5.00000,0.00000,"15 Sep 2018","03 May 2023",2024-06-07
Karnataka,"Bengaluru Urban","Bangalore South",Cholanayakanahalli,Nagenahalli,Nagenahalli,0000374427,0007852803,250246663,"Deep Tubewell","Ground Water","Village limit","G Revival of MWS Scheme at Naganahalli Cholanayakanahalli G P Habitation",2018-2019,5.00000,4.75116,"12 Oct 2018","31 Mar 2019",2024-06-07
Karnataka,"Bengaluru Urban","Bangalore South",Kumbalagodu,Kanaminake,"Kanaminake Colony",0000374178,0007852825,250246685,"Deep Tubewell","Ground Water","village limit","G Revival of MWS Scheme at Kanaminike Habitation Kumbalagodu GP Kengeri Hobli, Bangalore South Taluk.",2018-2019,5.00000,4.47122,"15 Sep 2018","03 May 2023",2024-06-07
Karnataka,"Bengaluru Urban","Bangalore South",Nelaguli,Ravugodlu,Ravugodlu,0000374101,0007852831,250246691,"Deep Tubewell","Ground Water","Village limit","G Revival of MWS Scheme at RAVUGODLU NELAGULI G P Habitation",2018-2019,1.90000,1.89086,"12 Oct 2018","03 May 2023",2024-06-07
Karnataka,"Bengaluru Urban","Bangalore South",Chikkanahalli,Dodderi,"Dodderi Jhc",0000374477,0007852869,250246732,"Deep Tubewell","Ground Water","village limit","G Providing Piped water supply Scheme(Construction of OHT) AT Dodderi colony  chikkanahalli   GP Banglore south taluk",2018-2019,20.00000,18.93934,"12 Oct 2018","03 May 2023",2024-06-07
Karnataka,"Bengaluru Urban","Bangalore South",Sullikere,Kenchanapura,Kenchanapura,0000374213,0007852871,250246733,"Deep Tubewell","Ground Water","village limit","G Providing Piped water supply Scheme(Construction of OHT) AT Kenchanapura  Sulikere GP Banglore south taluk",2018-2019,20.00000,18.98844,"12 Oct 2018","03 May 2023",2024-06-07
Karnataka,"Bengaluru Urban","Bangalore South",Agara,Doddipalya,Doddipalya,0000374129,0007853303,250246935,"Deep Tubewell","Ground Water","Village limit","TFC NAC 2018 SCP Drilling of Borewell(1 No) for Revival of Water Supply Scheme at Doddipalya Habitation, Agara GP, Bangalore South Tq",2018-2019,2.00000,1.99538,"12 Oct 2018","31 Mar 2019",2024-06-07
Karnataka,"Bengaluru Urban","Bangalore South",Agara,Doddipalya,Doddipalya,0000374129,0007853308,250246940,"Deep Tubewell","Ground Water","Village limit","TFC CEO 060418 Drilling of Borewell at Swamijinagara Habitation Agara G P Bangalore south",2018-2019,2.00000,1.99603,"12 Oct 2018","31 Mar 2019",2024-06-07
Karnataka,"Bengaluru Urban","Bangalore South","Dodda Thogur",Mailasandra,Mailasandra,0000373955,0007853331,250246964,"Deep Tubewell","Ground Water","Village limit","TFC NAC 2018 G Drilling of Borewell(1 No) for Revival of Water Supply Scheme Mylasandra Habitation Doddatoguru GP Bangalore south  Taluk",2018-2019,2.70000,2.66079,"12 Oct 2018","31 Mar 2019",2024-06-07
Karnataka,"Bengaluru Urban","Bangalore South","K. Golahalli",Kullegowdanapalya,Kullegowdanapalya,0000374165,0007853336,250246971,"Deep Tubewell","Ground Water","Amruthanarayanaswamy Betta","TFC NAC 2018 SCP Drilling of Borewell(1 No) for Revival of Water Supply Scheme at Kullegowdanapalya Habitation, K. Gollahalli GP, Bangalore South Tq",2018-2019,2.00000,1.99840,"12 Oct 2018","31 Mar 2019",2024-06-07
Karnataka,"Bengaluru Urban","Bangalore South","Dodda Thogur",Bettadasanapura,Bettadasanapura,0000373960,0007853339,250246974,"Deep Tubewell","Ground Water","Near Vittasandra Palya","TFC NAC 2018 G Drilling of Borewell(1 No) for Revival of Water Supply Scheme Bettadasanapura Habitation Doddatoguru GP Bangalore south  Taluk",2018-2019,2.70000,2.47028,"12 Oct 2018","31 Mar 2019",2024-06-07
Karnataka,"Bengaluru Urban","Bangalore South",Channenahalli,"C Jattipalya","Chennanahalli Jattipalya",0000374400,0007853350,250246984,"Deep Tubewell","Ground Water","Village Limits","TFC NAC 2018  G of Borewell(1 No) for Revival of Water Supply Scheme at Jettipalya  Habitation, Channenahalli GP, Bangalore South Tq",2018-2019,1.90000,1.89847,"12 Oct 2018","31 Mar 2019",2024-06-07
Karnataka,"Bengaluru Urban","Bangalore South",Ramohalli,Ramohalli,"Ramohalli Jhc",0000374194,0007853402,250247038,"Deep Tubewell","Ground Water","Near Tank Bed","TFC NAC 2018 SCP Drilling of Borewell(1 No) for Revival of Water Supply Scheme at Vinayakanagara 2 (Ramohalli JHC) Habitation, Ramohalli GP, Bangalore South Tq",2018-2019,1.61000,1.60553,"12 Oct 2018","31 Mar 2019",2024-06-07
Karnataka,"Bengaluru Urban","Bangalore South",Ramohalli,Ramohalli,"Ramohalli Jhc",0000374194,0007853407,250247043,"Deep Tubewell","Ground Water","Near Tank Bed","TFC NAC 2018  G of Borewell(1 No) for Revival of Water Supply Scheme at Ramohalli 2  Habitation, Ramohalli GP, Bangalore South Tq",2018-2019,1.80000,1.79787,"12 Oct 2018","31 Mar 2019",2024-06-07
Karnataka,"Bengaluru Urban","Bangalore South",Kumbalagodu,Kumbalagodu,Kumbalagodu,0000374184,0007853409,250247046,"Deep Tubewell","Ground Water","Ist Block","TFC NAC 2018 G Re Drilling of Borewell for Revival of Water Supply Scheme at Kumbalagodu 1  Habitation, Kumbalagodu GP, Bangalore South Tq",2018-2019,1.00000,0.00000,"12 Oct 2018","03 May 2023",2024-06-07
Karnataka,"Bengaluru Urban","Bangalore South",Kumbalagodu,Kanaminake,"Kanaminake Colony",0000374178,0007853434,250247072,"Deep Tubewell","Ground Water","Towards Colony Road","TFC NAC 2018  G of Borewell(1 No) for Revival of Water Supply Scheme at Kanaminake 1 Habitation, Kumbalagodu GP, Bangalore South Tq",2018-2019,2.45000,2.44820,"12 Oct 2018","31 Mar 2019",2024-06-07
Karnataka,"Bengaluru Urban","Bangalore South",Kumbalagodu,Kumbalagodu,Kumbalagodu,0000374184,0007853439,250247076,"Deep Tubewell","Ground Water","Ist Block","TFC NAC 2018  G of Borewell(1 No) for Revival of Water Supply Scheme at Kumbalagodu 2 Habitation, Kumbalagodu GP, Bangalore South Tq",2018-2019,2.40000,2.39388,"12 Oct 2018","31 Mar 2019",2024-06-07
Karnataka,"Bengaluru Urban","Bangalore South",Taralu,Gulakamale,Gulakamale,0000374066,0007853492,250247121,"Deep Tubewell","Ground Water","Near Village road","TFC NAC 2018 G of borewell (1 No) for Revival of water supply scheme at taralu Gp, gulakemale Habitation,Banglore south taluka.",2018-2019,2.40000,0.00000,"12 Oct 2018","03 May 2023",2024-06-07
Karnataka,"Bengaluru Urban","Bangalore South",Nelaguli,Bolaare,Bolare,0000374085,0007853509,250247136,"Deep Tubewell","Ground Water","Towards School","TFC NAC 2018G Re Drilling of Borewell(1 NO) for Revival of Water Supply Scheme at Bolare (Redrill) Habitation, Somanahalli GP, Bangalore South Tq",2018-2019,0.51000,0.50808,"12 Oct 2018","31 Mar 2019",2024-06-07
Karnataka,"Bengaluru Urban","Bangalore South",Nelaguli,Nelaguli,Nelaguli,0000374103,0007853566,250247176,"Deep Tubewell","Ground Water","Towards main road","TFC NAC 2018 SCP  Drilling of Borewell(1 No) for Revival of Water Supply Scheme at Nellaguli Habitation, Somanahalli GP, Bangalore South Tq",2018-2019,1.99000,1.98611,"12 Oct 2018","31 Mar 2019",2024-06-07
Karnataka,"Bengaluru Urban","Bangalore South",Kaggalipura,Kaggalipura,Kaggalipura,0000374057,0007853572,250247180,"Deep Tubewell","Ground Water","Toward Tank Road","TFC NAC 2018  G of Borewell(1 No) for Revival of Water Supply Scheme  at Uttari 1  Habitation, Kaggalipura GP, Bangalore South Tq",2018-2019,2.03000,2.02984,"12 Oct 2018","31 Mar 2019",2024-06-07
Karnataka,"Bengaluru Urban","Bangalore South",Kaggalipura,Uttari,Uttari,0000374054,0007853574,250247182,"Deep Tubewell","Ground Water","Main Road","TFC NAC 2018  G of Borewell(1 No) for Revival of Water Supply Scheme at Uttari 2  Habitation, Kaggalipura GP, Bangalore South Tq",2018-2019,2.12000,2.11721,"12 Oct 2018","31 Mar 2019",2024-06-07
Karnataka,"Bengaluru Urban","Bangalore South",Taralu,Gulakamale,Gulakamale,0000374066,0007853684,250247285,"Deep Tubewell","Ground Water","Main road","TFC NAC 2018 SCP Drilling of Borewell(1 No) for Revival of Water Supply Scheme at Gulakemale Habitation, Taralu GP, Bangalore South Tq",2018-2019,2.00000,0.00000,"12 Oct 2018","03 May 2023",2024-06-07
Karnataka,"Bengaluru Urban","Bangalore South",Ajjanahalli,Hunnigere,Unnigere,0000374461,0007853707,250247312,"Deep Tubewell","Ground Water","Right side of Main Road","TFC NAC 2018 SCP Drilling of Borewell(1 No) for Revival of Water Supply Scheme at Hunnigere Habitation, Ajjanahalli GP, Bangalore South Tq",2018-2019,1.79000,1.79000,"12 Oct 2018","31 Mar 2019",2024-06-07
Karnataka,"Bengaluru Urban","Bangalore South",Cholanayakanahalli,Bychaguppe,Bychaguppe,0000374406,0007853710,250247316,"Deep Tubewell","Ground Water","Left side of the BWSSB Line","TFC NAC 2018 SCP Drilling of Borewell(1 No) for Revival of Water Supply Scheme at Bychaguppe Habitation, Cholanayakanahalli GP, Bangalore South Tq",2018-2019,1.01000,1.00602,"12 Oct 2018","31 Mar 2019",2024-06-07
Karnataka,"Bengaluru Urban","Bangalore South",Chunchanakuppe,Chikkelur,Chikkelur,0000374450,0007853793,250247402,"Deep Tubewell","Ground Water","Village limit","TFC NAC 2018 SCP Drilling of Bore well(1NO) for revival of water supply scheme At 1st Mile stone (Chikkelur) Chunchankuppe G P Banglore south",2018-2019,1.83000,1.82496,"12 Oct 2018","31 Mar 2019",2024-06-07
Karnataka,"Bengaluru Urban","Bangalore South",Chunchanakuppe,Ganapathihalli,Ganapathihalli,0000374432,0007853809,250247414,"Deep Tubewell","Ground Water",Colony,"TFC NAC 2018 G Drilling of Bore well(1 NO) for revival of water supply scheme At Ganapathihalli Janatha Colony Habitation Chunchankuppe G P Banglore south",2018-2019,2.00000,1.99740,"12 Oct 2018","31 Mar 2019",2024-06-07
Karnataka,"Bengaluru Urban","Bangalore South",Chunchanakuppe,"Kethohalli Rampura","Kethohalli Rampura",0000374439,0007853835,250247432,"Deep Tubewell","Ground Water","Colony limit","TFC NAC 2018 SCP Drilling of Bore well(1 NO) for revival of water supply scheme At Rampura(Kethohalli Rampura) Habitation Chunchankuppe G P Banglore south",2018-2019,1.44000,1.43962,"12 Oct 2018","31 Mar 2019",2024-06-07
Karnataka,"Bengaluru Urban","Bangalore South",Chikkanahalli,Dodderi,"Guru Bhovi Palya",0000374480,0007853873,250247469,"Deep Tubewell","Ground Water","Village limit","TFC NAC 2018 SCP Drilling of Bore well (1 NO)for revival of water supply scheme At Guruvabhovipalya (Near Arali Katte) Habitation Chikkanahalli G P Banglore south",2018-2019,1.93000,1.92948,"12 Oct 2018","31 Mar 2019",2024-06-07
Karnataka,"Bengaluru Urban","Bangalore South",Agara,Agara,Thimmegowdanapalya,0000374139,0007853891,250247492,"Deep Tubewell","Ground Water","Village limit","TFC NAC 2018 SCP Drilling of Borewells (1 No)  for Revival of Water Supply Scheme at Thimmegowdanapalya (Near Rajannas  Land) Habitation, Agara GP, Bangalore South Tq",2018-2019,1.68000,1.67674,"12 Oct 2018","31 Mar 2019",2024-06-07
Karnataka,"Bengaluru Urban","Bangalore South",Cholanayakanahalli,Cholanayakanahalli,Cholanayakanahalli,0000374414,0007853935,250247530,"Deep Tubewell","Ground Water","village limit","TFC NAC 2018 SCP Drilling of Borewell(1 No) for Revival of Water Supply Scheme at cholanayakanahalli village ,cholnayakanahalli Gp, banglore taluka",2018-2019,1.53000,0.00000,"12 Oct 2018","03 May 2023",2024-06-07
Karnataka,"Bengaluru Urban","Bangalore South",Chikkanahalli,Sulivara,Sulivara,0000374473,0007880284,250266037,"Deep Tubewell","Ground Water","Tank Bed","TFC241218 Drilling of Borewell at Sulivara Habitation Chikkanahalli GP Bangalore South Taluk",2018-2019,2.50000,2.45584,"15 Feb 2019","31 Mar 2019",2024-06-07
Karnataka,"Bengaluru Urban","Bangalore South","Dodda Thogur",Homadevanahalli,Dinnepalya,0000373973,0007880310,250266045,"Deep Tubewell","Ground Water","Village limit","TFC241218 Drilling of Borewell at Dinnepalya Habitation Agara GP Bangalore South Taluk",2018-2019,2.50000,2.50000,"15 Feb 2019","31 Oct 2019",2024-06-07
Karnataka,"Bengaluru Urban","Bangalore South",Sullikere,Sulikerepalya,Sullikerepalya,0000374212,0007880347,250266058,"Deep Tubewell","Ground Water","Village limit","TFC241218 Drilling of Borewell at Archakara Colony Habitation Sullikere GP Bangalore South Taluk",2018-2019,2.50000,2.48593,"15 Feb 2019","31 Oct 2019",2024-06-07
Karnataka,"Bengaluru Urban","Bangalore South",Nelaguli,Bolaare,Bolare,0000374085,0007889317,250268741,"Deep Tubewell","Ground Water","Near Village Main road","GOI shifted to GOK G Revival of MWS Scheme at Bolare Habitation Nelaguli GP Bangalore South Taluk",2018-2019,2.00000,1.98915,"01 Mar 2019","31 Jul 2019",2024-06-07
Karnataka,"Bengaluru Urban","Bangalore South",Nelaguli,Veerasandra,Veerasandra,0000374086,0007889324,250268747,"Deep Tubewell","Ground Water","village limit","GOI shifted to GOK G Revival of MWS Scheme at Veerasandra Habitation Nelaguli GP Bangalore South Taluk",2018-2019,1.84000,1.82438,"01 Mar 2019","31 Jul 2019",2024-06-07
Karnataka,"Bengaluru Urban","Bangalore South","K. Golahalli",Hampapura,Hampapura,0000374156,0007904460,250274834,"Deep Tubewell","Ground Water","Village Limit","G Providing Piped Water Supply Scheme (Construction of OHT at Hampapura Habitation, K Gollahalli GP, Bangalore South taluk.)",2019-2020,20.00000,17.46406,"18 Sep 2019","03 May 2023",2024-06-07
Karnataka,"Bengaluru Urban","Bangalore South",Kumbalagodu,Kanaminake,"Kanaminake Colony",0000374178,0007904502,250274875,"Deep Tubewell","Ground Water","village limit","G Revival of  MWS  Drilling of Borewell, Erection of Pump motor and Providing Pipe line at Kaniminike  Habitation, Kumbalagodu GP, Bangalore South Taluk.",2019-2020,9.00000,6.47423,"18 Sep 2019","03 May 2023",2024-06-07
Karnataka,"Bengaluru Urban","Bangalore South",Kumbalagodu,Kaarubele,Karabele,0000374183,0007904707,250275081,"Deep Tubewell","Ground Water","village limit","G Revival of  MWS Erection of borewell, Pump motor and  Providing Pipe line in Karabele Habitation, Kumbalagodu GP, Bangalore south Taluk,.",2019-2020,9.00000,3.33278,"18 Sep 2019","03 May 2023",2024-06-07
Karnataka,"Bengaluru Urban","Bangalore South","Dodda Thogur",Mailasandra,Mailasandra,0000373955,0007905013,250275410,"Deep Tubewell","Ground Water","village limit","G Revival of  MWS Drilling of Bore well, Erection of Pump motor  at Mylasandra Habitation, Doddathoguru GP, Bangalore South Taluk",2019-2020,6.00000,4.86566,"18 Sep 2019","03 May 2023",2024-06-07
Karnataka,"Bengaluru Urban","Bangalore South",Chikkanahalli,Chikkanahalli,Shanthinagara,0000374223,0007911226,250282113,"Deep Tubewell","Ground Water","Village Limit","SCP Providing Piped Water Supply Scheme (Construction of OHT) at Shanthinagara habitation ,chikkanahalli GP, Bangalore south Tq,",2019-2020,30.00000,27.71195,"27 Sep 2019","03 May 2023",2024-06-07
Karnataka,"Bengaluru Urban","Bangalore South",Sullikere,Dhananayakanahalli,Dhananayakanahalli,0000374215,0007911235,250282122,"Deep Tubewell","Ground Water","Village Limit","SCP Revival  of MWS drilling of borewell ,pump motor schem at dhananayakanahalli habitation, sulikere GP , Bangalore south Tq.",2019-2020,9.00000,8.16331,"27 Sep 2019","03 May 2023",2024-06-07
Karnataka,"Bengaluru Urban","Bangalore South",Sullikere,Doddabasthi,"Dodda Basthi",0000374219,0007911367,250282256,"Deep Tubewell","Ground Water","Village Limit","G Revival  of MWS drilling of borewell ,pump motor scheme at  Doddabasthi Habitation, Sulikere GP, Bangalore South Taluk",2019-2020,7.00000,6.00239,"27 Sep 2019","03 May 2023",2024-06-07
Karnataka,"Bengaluru Urban","Bangalore South",Chikkanahalli,Sulivara,Sulivara,0000374473,0007911394,250282282,"Deep Tubewell","Ground Water","Village Limit","G Revival of  MWS Errection of pumpmotor and pipeline at Sulivara Habitation Chikkanahalli GP Bangalore south Taluk",2019-2020,10.00000,8.13314,"27 Sep 2019","03 May 2023",2024-06-07
Karnataka,"Bengaluru Urban","Bangalore South",Channenahalli,Kurubarahalli,Kurubarahalli,0000374388,0007913950,250284140,"Deep Tubewell","Ground Water","village limit","G Revival of MWS scheme  at Kurubarahalli Habitation, Chennenahalli GP, Bangalore South Taluk",2019-2020,4.00000,2.99948,"01 Oct 2019","03 May 2023",2024-06-07
Karnataka,"Bengaluru Urban","Bangalore South",Channenahalli,Yelachaguppe,Yelachaguppe,0000374392,0007914077,250284248,"Deep Tubewell","Ground Water","Near Tank","G Revival of MWS scheme Drilling of Borewell at Yelachaguppe Habitation, Channenahalli G.P, Bangalore South Taluk",2019-2020,3.00000,2.99948,"02 Oct 2019","03 May 2023",2024-06-07
Karnataka,"Bengaluru Urban","Bangalore South",Channenahalli,"C Jattipalya","Chennanahalli Jattipalya",0000374400,0007914078,250284249,"Deep Tubewell","Ground Water","Village Limits","G Revival of MWS scheme Drilling of Borewell, Erection of Pumpset at Jattipalya Habitation, Channenahalli G.P, Bangalore South Taluk",2019-2020,5.50000,4.99716,"02 Oct 2019","03 May 2023",2024-06-07
Karnataka,"Bengaluru Urban","Bangalore South",Tavarekere,Tavarekere,"Chikka Kariappanapal",0001622950,0007914080,250284251,"Deep Tubewell","Ground Water","Village limit","G Revival of MWS scheme Drilling of Borewell at Chikkakarriyappanapalya Habitation, Tavarekere G.P, Bangalore South Taluk",2019-2020,3.00000,2.99806,"02 Oct 2019","03 May 2023",2024-06-07
Karnataka,"Bengaluru Urban","Bangalore South",Cholanayakanahalli,Bychaguppe,Midichaiahanapalya,0000374410,0007914114,250284283,"Deep Tubewell","Ground Water","Road Side","SCP Revival  of MWS drilling of borewell ,pump motor scheme at  Midichaiahanapalya Habitation,Cholanayakanahalli G.P, Bangalore South Taluk",2019-2020,7.50000,6.87938,"02 Oct 2019","03 May 2023",2024-06-07
Karnataka,"Bengaluru Urban","Bangalore South",Ramohalli,Ramohalli,Ramohalli,0000374192,0007914149,250284315,"Deep Tubewell","Ground Water","village limit","SCP Revival  of MWS drilling of borewell ,pump motor scheme at Hanumanthegowdana Palya Habitation,Cholanayakanahalli G.P, Bangalore South Taluk",2019-2020,7.50000,0.00000,"02 Oct 2019","03 May 2023",2024-06-07
Karnataka,"Bengaluru Urban","Bangalore South",Taralu,"Nallakana Doddi",Nalakaiahanadoddi,0000374068,0007918707,250285965,"Deep Tubewell","Ground Water","village limit","SCP Revival of MWS Driling of borewell,pump motor scheme at Nallakkanadoddi  Habitation, Taralu G.P, Bangalore South Taluk",2019-2020,8.00000,3.99085,"14 Oct 2019","03 May 2023",2024-06-07
Karnataka,"Bengaluru Urban","Bangalore South",Agara,Doddipalya,Doddipalya,0000374129,0007918830,250285997,"Deep Tubewell","Ground Water","village limit","SC ST Revival of MWS Providing pIipeline scheme at Doddipalya Habitation, Agara G.P, Bangalore South Taluk",2019-2020,5.00000,4.99520,"14 Oct 2019","03 May 2023",2024-06-07
Karnataka,"Bengaluru Urban","Bangalore South",Agara,Lakshmipura,Lakshmipura,0000374142,0007919052,250286035,"Deep Tubewell","Ground Water","Near Lake","G Revival of MWS Providing pIipeline scheme at Lakshmipura habitation, Agara G.P, Bangalore South Taluk",2019-2020,6.00000,5.34329,"15 Oct 2019","03 May 2023",2024-06-07
Karnataka,"Bengaluru Urban","Bangalore South",Sullikere,Ramasandra,Ramasandra,0000374214,0007951952,250143942,"Deep Tubewell","Ground Water","village limit","TFC CEO 080319 Drilling of Borewell  at ramasandra habitation ,sulikere Gp ,Banglore South Tq.",2019-2020,2.57000,2.56572,"18 Mar 2019","29 Feb 2020",2024-06-07
Karnataka,"Bengaluru Urban","Bangalore South",Channenahalli,Chennanahalli,Chennanahalli,0000374399,0008125488,250147222,"Deep Tubewell","Ground Water","village limit","10crore Revival of PWS scheme, Drilling of Borewell, at yalachguppe  village, thavrekre GP, Bangalore South Taluk",2020-2021,2.50000,0.00000,"16 Jun 2020","03 May 2023",2024-06-07
Karnataka,"Bengaluru Urban","Bangalore South",Chunchanakuppe,Chunchanakuppe,Chunchanakuppe,0000374434,0008201499,250246468,"Deep Tubewell","Ground Water","Main road","Providing water supply to school at Punagamaranahlli GLPS bangalore south, Bangalore Urban",2020-2021,0.19000,0.19000,"02 Dec 2020","03 May 2023",2024-06-07
Karnataka,"Bengaluru Urban","Bangalore South",Chunchanakuppe,Doddamaranahalli,Doddamaranahalli,0000374401,0008201530,250148457,"Deep Tubewell","Ground Water","Near Lake","providing water supply to school at Gopalanagara GHPS bangalore south, Bangalore urban.",2020-2021,0.20000,0.15508,"02 Dec 2020","03 May 2023",2024-06-07
Karnataka,"Bengaluru Urban","Bangalore South",Chunchanakuppe,Subbarayappanapalya,"Subbarayappanapalya A",0000374452,0008201537,250141825,"Deep Tubewell","Ground Water","village limit","providing water supply to school at Subbarayappanapalya GLPS bangalore south, Bangalore urban.",2020-2021,0.19000,0.15508,"02 Dec 2020","03 May 2023",2024-06-07
Karnataka,"Bengaluru Urban","Bangalore South",Chunchanakuppe,Chunchanakuppe,Chunchanakuppe,0000374434,0008201546,250246468,"Deep Tubewell","Ground Water","Main road","providing water supply to school at Lakkaiahnapalya GLPS bangalore south, Bangalore urban.",2020-2021,0.20000,0.18024,"02 Dec 2020","03 May 2023",2024-06-07
Karnataka,"Bengaluru Urban","Bangalore South",Chunchanakuppe,Ganapathihalli,Ganapathihalli,0000374432,0008216700,5547737,"Deep Tubewell","Ground Water","Village limit","Providing water supply to Anganwadi fitting of taps to kitchen and toilet at Ganapathihalli Habitation Chunchanakuppe GP Bangalore South Taluk",2020-2021,0.14800,0.14800,"17 Dec 2020","03 May 2023",2024-06-07
Karnataka,"Bengaluru Urban","Bangalore South",Chunchanakuppe,Ganapathihalli,Ganapathihalli,0000374432,0008216767,5547737,"Deep Tubewell","Ground Water","Village limit","Providing water supply to Anganwadi 2 fitting of taps to kitchen and toilet at Ganapathihalli  Janatha Colony 2 Habitation Chunchanakuppe GP  Bangalore South Taluk",2020-2021,0.13500,0.13500,"17 Dec 2020","03 May 2023",2024-06-07
Karnataka,"Bengaluru Urban","Bangalore South",Chunchanakuppe,Gopalanagara,Gopalanagara,0000374448,0008216797,250034785,"Deep Tubewell","Ground Water","Village limit","Providing water supply to Anganwadi fitting of taps to kitchen and toilets at Gopalanagara Habitation Chunchanakuppe GP Bangalore South Taluk",2020-2021,0.14500,0.14500,"17 Dec 2020","03 May 2023",2024-06-07
Karnataka,"Bengaluru Urban","Bangalore South",Kaggalipura,Kaggalipura,Kaggalipura,0000374057,0008216816,250034790,"Deep Tubewell","Ground Water","Village limit","Providing water supply to Anganwadi fitting of taps to kitchen and toilet at Kaggalipura Habitation Kaggalipura GP Bangalore South Taluk",2020-2021,0.15000,0.15000,"17 Dec 2020","03 May 2023",2024-06-07
Karnataka,"Bengaluru Urban","Bangalore South","Konappana Agrahara","Dodda Nagamangala","Dodda Nagamangala",0000373977,0008223174,250083701,"Deep Tubewell","Ground Water","Near Doddanagamangala Main Road","15 Crore 12102020 Revival of PWS Scheme Providing Pump motor and Laying Pipeline at  Doddanagamangala Village  Konappana Agrahara GP Bangalore south  Taluk",2020-2021,5.00000,4.96028,"25 Feb 2021","03 May 2023",2024-06-07
Karnataka,"Bengaluru Urban","Bangalore South","Dodda Thogur",Homadevanahalli,Homadevanahalli,0000373972,0008223178,250121300,"Deep Tubewell","Ground Water","village limit","15 Crore 12102020 Revival of PWS Scheme Providing Pump motor and Laying Pipeline at  Hommadevanahalli Village Doddathogoru GP Bangalore south  Taluk",2020-2021,5.00000,4.99649,"25 Feb 2021","03 May 2023",2024-06-07
Karnataka,"Bengaluru Urban","Bangalore South","K. Golahalli",Tagachaguppe,Tagachaguppe,0000374174,0008224667,250147687,"Deep Tubewell","Ground Water","Near Village road","15 cr 04022021 Revival of PWS scheme Drilling of Borewell at  Thagachaguppe  habitation K Gollahalli GP Bangalore South Taluk",2020-2021,2.50000,2.28302,"21 Feb 2021","03 May 2023",2024-06-07
Karnataka,"Bengaluru Urban","Bangalore South",Agara,Doddipalya,Doddipalya,0000374129,0008226215,250246681,"Deep Tubewell","Ground Water","Village limit","15 cr 04022021 Revival of PWS scheme Drilling of Borewell at Shivakumara Swamiji Nagara  habitation Agara GP Bangalore South Taluk",2020-2021,2.50000,2.23993,"21 Feb 2021","03 May 2023",2024-06-07
Karnataka,"Bengaluru Urban","Bangalore South",Agara,Thataguni,Tataguni,0000374141,0008226245,250246526,"Deep Tubewell","Ground Water","Village Limit","15 cr 04022021 Revival of PWS scheme Providing Pumpmotor and Laying Pipeline at Thathaguni(Chowdeshwari Nagara)  habitation Agara GP Bangalore South Taluk",2020-2021,5.00000,4.99369,"21 Feb 2021","03 May 2023",2024-06-07
Karnataka,"Bengaluru Urban","Bangalore South",Agara,Thataguni,Tataguni,0000374141,0008226254,250246526,"Deep Tubewell","Ground Water","Village Limit","15 cr 04022021 Revival of PWS scheme Drilling of Borewell at  Thathaguni (Chowdeshwari nagara)  habitation Agara GP Bangalore South Taluk",2020-2021,2.50000,2.11091,"21 Feb 2021","03 May 2023",2024-06-07
Karnataka,"Bengaluru Urban","Bangalore South",Channenahalli,Chennanahalli,Chennanahalli,0000374399,0008231204,250246636,"Deep Tubewell","Ground Water","village limit","15 Cr  Revival of PWS Schem Drilling of Borewell at Honnaganatti  village Channenahalli  Gp Banglore South Banglore Urban District",2020-2021,2.75000,2.46106,"25 Feb 2021","03 May 2023",2024-06-07
Karnataka,"Bengaluru Urban","Bangalore South",Cholanayakanahalli,Cholanayakanahalli,Cholanayakanahalli,0000374414,0008231208,250246541,"Deep Tubewell","Ground Water","Right side of Main Road","15 Cr  Revival of PWS Scheme  Drilling of Borewell at Cholanayakanhalli  village Cholanayakanahalli  Gp Banglore South Banglore Urban District",2020-2021,2.25000,2.03427,"25 Feb 2021","03 May 2023",2024-06-07
Karnataka,"Bengaluru Urban","Bangalore South",Channenahalli,Chennanahalli,Chennanahalli,0000374399,0008232483,250147222,"Deep Tubewell","Ground Water","village limit","15 Cr  Revival of PWS Scheme  Drilling of Borewell  at Jattipalaya village Channenahalli  Gp Banglore South Banglore Urban District",2020-2021,2.00000,1.81535,"25 Feb 2021","03 May 2023",2024-06-07
Karnataka,"Bengaluru Urban","Bangalore South",Channenahalli,Chennanahalli,Chennanahalli,0000374399,0008232484,250246636,"Deep Tubewell","Ground Water","village limit","15 Cr  Revival of PWS Scheme Drilling of Borewell  at Kurabarahalli village Channenahalli Gp Banglore South Banglore Urban District",2020-2021,2.25000,2.00978,"25 Feb 2021","03 May 2023",2024-06-07
Karnataka,"Bengaluru Urban","Bangalore South",Tavarekere,Tavarekere,"Tavarekere Jhc",0000374387,0008232486,250246626,"Deep Tubewell","Ground Water","Rangappa badavane","15 Cr  Revival of PWS Scheme  Drilling of Borewell at Chikkaveeraiahanapalya village Tavarekere Gp Banglore South Banglore Urban District",2020-2021,2.25000,2.02904,"25 Feb 2021","03 May 2023",2024-06-07
Karnataka,"Bengaluru Urban","Bangalore South",Nelaguli,Nelaguli,Nelaguli,0000374103,0008232490,250246697,"Deep Tubewell","Ground Water","village limit","15 Cr  Revival of PWS Scheme  laying pipe line at Veerasandra  village Nelaguli Gp Banglore South Banglore Urban District",2020-2021,2.00000,1.98560,"25 Feb 2021","03 May 2023",2024-06-07
Karnataka,"Bengaluru Urban","Bangalore South",Nelaguli,Nelaguli,Nelaguli,0000374103,0008232491,250246697,"Deep Tubewell","Ground Water","village limit","15 Cr  Revival of PWS Scheme  provididng pump motor  And  laying pipe line at Rahugodlu  village Nelaguli Gp Banglore South Banglore Urban District",2020-2021,5.00000,4.46387,"25 Feb 2021","03 May 2023",2024-06-07
Karnataka,"Bengaluru Urban","Bangalore South",Cholanayakanahalli,Nagenahalli,Nagenahalli,0000374427,0008232495,250246663,"Deep Tubewell","Ground Water","Village limit","15 Cr  Revival of PWS Scheme  provididng pump motor And  laying pipe line at marenahalli  village Cholanayakanahalli Gp Banglore South Banglore Urban District",2020-2021,5.00000,4.47010,"25 Feb 2021","03 May 2023",2024-06-07
Karnataka,"Bengaluru Urban","Bangalore South",Cholanayakanahalli,Cholanayakanahalli,Cholanayakanahalli,0000374414,0008232496,250246541,"Deep Tubewell","Ground Water","Right side of Main Road","15 Cr  Revival of PWS Scheme  provididng pump motor and  laying pipe line at Cholanayakanahalli Janatha colony village Cholanakanahalli  Gp Banglore South Banglore Urban District",2020-2021,5.00000,4.45846,"25 Feb 2021","03 May 2023",2024-06-07
Karnataka,"Bengaluru Urban","Bangalore South",Agara,Saladoddi,"Saladoddi Colony",0001853007,0008313650,250302055,"Deep Tubewell","Ground Water","Village Limit","Drilling of borewell at Saldodi Colony village of Agara GP",2012-2013,2.00000,1.99200,"18 Jan 2013","15 Mar 2013",2024-06-07
Karnataka,"Bengaluru Urban","Bangalore South",Chunchanakuppe,Kethohalli,"Kethohalli Narsimharajapura",0000374438,0008320261,250302083,"Deep Tubewell","Ground Water","village limit","Drilling of Borewell at kethohalli Narasimharajapura Habitation Chuchanakuppe Bangalore south Tq Bangalore Urban District",2018-2019,2.50000,2.48650,"27 Jul 2018","30 Mar 2019",2024-06-07
Karnataka,"Bengaluru Urban","Bangalore South",Chunchanakuppe,Sheshigiripura,"Doddanna Badavane",0001853009,0008320276,250302085,"Deep Tubewell","Ground Water","village limit","Drilling of Borewell At Sheshagiripura Habitation , Chunchanakuppe Gp , Bangalore south Tq ,Bangalore Urban District",2014-2015,2.25000,2.23650,"16 Aug 2014","15 Sep 2014",2024-06-07
Karnataka,"Bengaluru Urban","Bangalore South",Channenahalli,"Yelachaguppe Rampura","Yelachaguppe Rampura",0000374391,0008320280,250302086,"Deep Tubewell","Ground Water","village limit","Drilling of Borewell At Yelachaguppe Rampura Habitation , Channenahalli Gp , Bangalore south Tq ,Bangalore Urban District",2014-2015,2.50000,2.48750,"18 Aug 2014","30 Sep 2014",2024-06-07
Karnataka,"Bengaluru Urban","Bangalore South",Chikkanahalli,Sulivara,"Sulivara Rampura",0001622932,0008320287,250302087,"Deep Tubewell","Ground Water","village limit","Drilling of Borewell At Sulivara Rampura Habitation , Chikkanahalli Gp , Bangalore south Tq ,Bangalore Urban District",2013-2014,2.50000,2.48750,"16 Jul 2013","19 Aug 2013",2024-06-07
Karnataka,"Bengaluru Urban","Bangalore South",Chunchanakuppe,Subbarayappanapalya,"Subbarayappanapalya A",0000374452,0008374153,250303806,"Deep Tubewell","Ground Water","village limit","15 crore Revival of PWS scheme, Providing Pump Motor at Subbarayappanapalya A village, chunchanakuppe GP, banglore south Taluk10crore Revival of PWS scheme, Providing Pump Motor at Shanubhoganahalli village, Bannerughatta GP, Anekal Taluk10crore Revi",2021-2022,5.00000,4.48407,"06 Feb 2021","03 May 2023",2024-06-07
Karnataka,"Bengaluru Urban","Bangalore South",Taralu,Taralu,"Taralu Estate Colony",0000374073,0007951977,250145416,"Deep Tubewell","Ground Water","village limit","TFC CEO 080319 Drilling of borewell  at Taralu village Taralu G.p in Anekal taluk",2019-2020,2.57000,0.00000,"16 Mar 2019","03 May 2023",2024-06-07
Karnataka,"Bengaluru Urban","Bangalore South",Cholanayakanahalli,Hosapalya,"Hosapalya Cholanayakanahalli",0000374415,0007979715,250290011,"Deep Tubewell","Ground Water","village limit","scp Revival of mws scheme at hosapalya v, cholanayakanahalli gp,banglore south tq.SP",2019-2020,7.50000,6.92352,"21 Nov 2019","03 May 2023",2024-06-07
Karnataka,"Bengaluru Urban","Bangalore South",Kumbalagodu,Anchepalya,Anchepalya,0000374188,0007979728,250275102,"Deep Tubewell","Ground Water","Village limit","Revival of PWS scheme at Anchepalya habitation, Kumbalgodu village , Kumbalgodu GP,Bangalore south TQ",2019-2020,10.00000,0.29780,"20 Dec 2019","03 May 2023",2024-06-07
Karnataka,"Bengaluru Urban","Bangalore South",Cholanayakanahalli,Marenahalli,Marenahalli,0000374426,0007998879,250290082,"Deep Tubewell","Ground Water","village limit","CAP1 Drilling of borewell at Marenhalli village, Cholanayakanahalli GP, Bangalore south Taluk",2020-2021,2.50000,0.00000,"29 May 2020","03 May 2023",2024-06-07
Karnataka,"Bengaluru Urban","Bangalore South",Chikkanahalli,Sulivara,Sulivara,0000374473,0007998883,250290083,"Deep Tubewell","Ground Water","village limit","CAP3 CEO Drilling of borewell at Sulivara village, Chikkanahalli GP, Bangalore south Taluk",2020-2021,2.50000,2.47328,"16 Jul 2020","03 May 2023",2024-06-07
Karnataka,"Bengaluru Urban","Bangalore South","Dodda Thogur",Homadevanahalli,Homadevanahalli,0000373972,0007999555,250121300,"Deep Tubewell","Ground Water","village limit","10crore Revival of PWS scheme, Providing Pump Motor at Hommadevanahalli village, Doddathoguru GP, Bangalore South Taluk",2020-2021,5.00000,4.97340,"16 Jun 2020","03 May 2023",2024-06-07
Karnataka,"Bengaluru Urban","Bangalore South",Nelaguli,Ravugodlu,Ravugodlu,0000374101,0007999591,250290116,"Deep Tubewell","Ground Water","village limit","10crore Revival of PWS scheme, Providing Pump Motor at Ravhugodlu Bande Colony village, Nelguli GP, Bangalore South Taluk",2020-2021,5.00000,4.98163,"16 Jun 2020","03 May 2023",2024-06-07
Karnataka,"Bengaluru Urban","Bangalore South",Kumbalagodu,Kambipura,"Kambipura Jhc",0000374181,0008034784,250142641,"Deep Tubewell","Ground Water","village limit","Revival of PWS scheme Drilling of Bore well at Kumbalagudu 1st Block Habitation Kumbalagudu GP Bangalore South Taluk",2019-2020,2.50000,0.00000,"18 Jun 2020","03 May 2023",2024-06-07
Karnataka,"Bengaluru Urban","Bangalore South",Kumbalagodu,Kumbalagodu,Kumbalagodu,0000374184,0008034809,250293273,"Deep Tubewell","Ground Water","Village Limit","g revival of PWS Scheme drilling of  borewell at Gerupalya Habitation Kumbalagodu GP Bangalore South",2019-2020,2.50000,0.00000,"18 Jun 2020","03 May 2023",2024-06-07
Karnataka,"Bengaluru Urban","Bangalore South","K. Golahalli",Thippur,"Thippur Akc",0000374154,0008034835,250147714,"Deep Tubewell","Ground Water","village limit","g revival of PWS Scheme pump Motor and pipeline atat Hallakere Habitation K.Gollahalli GP Bangalore South",2019-2020,7.50000,0.00000,"18 Jun 2020","03 May 2023",2024-06-07
Karnataka,"Bengaluru Urban","Bangalore South",Kumbalagodu,Kambipura,"Kambipura Jhc",0000374181,0008035107,250142641,"Deep Tubewell","Ground Water","village limit","10crore  revival of pws scheme drilling of bore well at Gerupalya Habitation Kumbalgodu GP,Bangalore south taluk",2020-2021,2.50000,2.25101,"16 Jun 2020","03 May 2023",2024-06-07
Karnataka,"Bengaluru Urban","Bangalore South",Chunchanakuppe,Chunchanakuppe,Chunchanakuppe,0000374434,0008066522,250246468,"Deep Tubewell","Ground Water","Main road","10crore Revival of PWS scheme Errection of pump motor at Chunchankuppe  village, Chunchankuppe GP, bangalore south Taluk",2020-2021,5.00000,4.64554,"17 Jun 2020","03 May 2023",2024-06-07
Karnataka,"Bengaluru Urban","Bangalore South",Chunchanakuppe,Sheshigiripura,Sheshigiripura,0000374451,0008066551,250246477,"Deep Tubewell","Ground Water",NA,"10crore Revival of PWS scheme Errection of pump motor at Lakkaiahanapalya village, Chunchankuppe GP, bangalore south Taluk",2020-2021,5.00000,4.62463,"17 Jun 2020","03 May 2023",2024-06-07
Karnataka,"Bengaluru Urban","Bangalore South",Chunchanakuppe,Chunchanakuppe,Chunchanakuppe,0000374434,0008066564,250246468,"Deep Tubewell","Ground Water","Main road","10crore Revival of PWS scheme Errection of pump motor at c k Thandya  village, Chunchankuppe GP, bangalore south Taluk",2020-2021,5.00000,4.64240,"17 Jun 2020","03 May 2023",2024-06-07
Karnataka,"Bengaluru Urban","Bangalore South",Ajjanahalli,Madapatna,"Madapatna Akc",0000374469,0008066689,250170841,"Deep Tubewell","Ground Water","Village limit","10crore Revival of PWS scheme Errection of pump motor  and pipeline at  Huluvanehalli village, Ajjanahalli GP, bangalore south Taluk",2020-2021,5.00000,0.00000,"17 Jun 2020","03 May 2023",2024-06-07
Karnataka,"Bengaluru Urban","Bangalore South",Agara,Agara,"Agara Jhc",0000374138,0008066736,250246524,"Deep Tubewell","Ground Water","Village limit","10crore Revival of PWS scheme drilling of borewell  at  B M Kaval  village, Agara GP, bangalore South Taluk",2020-2021,2.48000,0.00000,"17 Jun 2020","03 May 2023",2024-06-07
Karnataka,"Bengaluru Urban","Bangalore South","Dodda Thogur",Bettadasanapura,Bettadasanapura,0000373960,0008067194,250121296,"Deep Tubewell","Ground Water","village limit","CAP4 Drilling of Borewell at Bettadasanapura kaveri layout Habitation,Doddathoguru GP,Bangalore South Taluk",2020-2021,3.00000,2.98865,"16 Jul 2020","03 May 2023",2024-06-07
Karnataka,"Bengaluru Urban","Bangalore South","Dodda Thogur","Dodda Thogur","Dodda Thogur",0000373963,0008067194,250121297,"Deep Tubewell","Ground Water","Near nala","CAP4 Drilling of Borewell at Bettadasanapura kaveri layout Habitation,Doddathoguru GP,Bangalore South Taluk",2020-2021,3.00000,2.98865,"16 Jul 2020","03 May 2023",2024-06-07
Karnataka,"Bengaluru Urban","Bangalore South",Chikkanahalli,Sulivara,Sulivara,0000374473,0008067497,250266037,"Deep Tubewell","Ground Water","Tank Bed","CAP1 Drilling of   Borewell at kurubarapalya Habitation chikkanalli Gp banglore south Taluk",2020-2021,2.50000,0.00000,"16 Jul 2020","03 May 2023",2024-06-07
Karnataka,"Bengaluru Urban","Bangalore South",Ramohalli,Maragondanahalli,Maragondanahalli,0000374200,0008068034,250247040,"Deep Tubewell","Ground Water","Village Limit","10 Crore  Drilling of Borewell ,Providing Pumpmotorat Maragondanahalli Habitation Ramohalli Grama Panchayath Bangalore south Taluk",2020-2021,5.00000,4.84440,"17 Jun 2020","03 May 2023",2024-06-07
Karnataka,"Bengaluru Urban","Bangalore South",Ajjanahalli,Hunnigere,Unnigere,0000374461,0002596455,2401750,"Deep Tubewell","Ground Water","village limits","Providing Community Terrafil Units at Unnigere in Bangalore South Taluk",2010-2011,0.55000,0.00000,"15 Nov 2010","15 Feb 2011",2024-06-07
Karnataka,"Bengaluru Urban","Bangalore South",Ajjanahalli,Ankaiahnapalya,Ankaiahanapalya,0000374467,0002596521,2401822,"Deep Tubewell","Ground Water","Village Limits","Village Limits",2010-2011,4.15000,0.00000,"30 Jun 2010","31 Mar 2011",2024-06-07
Karnataka,"Bengaluru Urban","Bangalore South",Cholanayakanahalli,Bychaguppe,Bychaguppe,0000374406,0002596584,2401881,"Deep Tubewell","Ground Water","village limits","Community Terrafil units",2010-2011,0.55000,0.00000,"15 Nov 2010","15 Feb 2011",2024-06-07
Karnataka,"Bengaluru Urban","Bangalore South",Chunchanakuppe,"Dodda Aaladamara",Alamaradapalya,0000374437,0002596969,2402278,"Deep Tubewell","Ground Water","Village Limits","Village Limits",2010-2011,3.50000,0.75000,"30 Jun 2010","12 Oct 2011",2024-06-07
Karnataka,"Bengaluru Urban","Bangalore South","K. Golahalli","K. Gollahalli","K. Gollahalli",0000374164,0002597009,2402315,"Deep Tubewell","Ground Water","village limits","Community Terrafil Units",2010-2011,2.20000,0.00000,"15 Nov 2010","28 Dec 2011",2024-06-07
Karnataka,"Bengaluru Urban","Bangalore South",Kaggalipura,Dinnepalya,Dinnepalya,0000374055,0002597074,2402391,"Deep Tubewell","Ground Water","village limits","Community Terrafil Units",2010-2011,0.55000,0.00000,"15 Nov 2010","15 Feb 2011",2024-06-07
Karnataka,"Bengaluru Urban","Bangalore South",Kumbalagodu,Kambipura,"Kambipura Jhc",0000374181,0002597117,2402428,"Deep Tubewell","Ground Water","Village Limits","Village Limits",2010-2011,4.00000,0.00000,"30 Jun 2010","31 Mar 2011",2024-06-07
Karnataka,"Bengaluru Urban","Bangalore South",Ramohalli,Maligondanahalli,Maligondanahalli,0000374196,0002597259,2402592,"Deep Tubewell","Ground Water","Village Limits","Village Limits",2010-2011,4.00000,0.00000,"30 Jun 2010","31 Mar 2011",2024-06-07
Karnataka,"Bengaluru Urban","Bangalore South",Ramohalli,Maragondanahalli,Maragondanahalli,0000374200,0002597270,2402602,"Deep Tubewell","Ground Water","Village Limits","Village Limits",2010-2011,4.00000,0.00000,"30 Jun 2010","31 Mar 2011",2024-06-07
Karnataka,"Bengaluru Urban","Bangalore South",Nelaguli,Naukalpalya,Navakalpalya,0000374096,0002597296,2402634,"Deep Tubewell","Ground Water","Village Limits","Village Limits",2010-2011,4.00000,0.00000,"30 Jun 2010","31 Mar 2011",2024-06-07
Karnataka,"Bengaluru Urban","Bangalore South",Tavarekere,"T Jettipalya A","Tavarekere Jattipalya",0000374385,0002597363,2402700,"Deep Tubewell","Ground Water","Village Limits","Village Limits",2010-2011,4.50000,0.00000,"30 Jun 2010","10 Nov 2011",2024-06-07
Karnataka,"Bengaluru Urban","Bangalore South",Somanahalli,Girigowdanadoddi,Girigowdanadoddi,0000374082,0002599446,2404921,"Deep Tubewell","Ground Water","village limits","Community Terrafil Units",2010-2011,0.55000,0.00000,"15 Nov 2010","15 Feb 2011",2024-06-07
Karnataka,"Bengaluru Urban","Bangalore South",Sullikere,Chikkabasthi,"Chikka Basthi",0000374220,0002599602,2405084,"Deep Tubewell","Ground Water","village limits","Community Terrafil Units",2010-2011,0.55000,0.00000,"15 Nov 2010","15 Feb 2011",2024-06-07
Karnataka,"Bengaluru Urban","Bangalore South",Chunchanakuppe,Doddamaranahalli,Doddamaranahalli,0000374401,0007150142,2405277,"Deep Tubewell","Ground Water","Village Limits","G Revival of MWS Scheme",2015-2016,6.00000,0.00000,"25 Oct 2015","31 Mar 2016",2024-06-07
Karnataka,"Bengaluru Urban","Bangalore South","Dodda Thogur",Mailasandra,Mailasandrapalya,0000373956,0002605943,2411635,"Deep Tubewell","Ground Water","Village Limits","Village Limits",2010-2011,4.50000,0.00000,"30 Jun 2010","31 Mar 2011",2024-06-07
Karnataka,"Bengaluru Urban","Bangalore South",Chikkanahalli,Chikkanahalli,Shanthinagara,0000374223,0002605959,2411660,"Deep Tubewell","Ground Water","Village Limits","Village Limits",2010-2011,4.00000,0.00000,"30 Jun 2010","31 Mar 2011",2024-06-07
Karnataka,"Bengaluru Urban","Bangalore South",Somanahalli,Thopuru,Thopuru,0000374083,0003926453,3795155,"Deep Tubewell","Ground Water","Road Side","Revival of MWS",2011-2012,5.00000,0.00000,"21 Aug 2011","25 Jan 2012",2024-06-07
Karnataka,"Bengaluru Urban","Bangalore South",Taralu,Taralu,Chowdapanadoddi,0000374074,0003926649,3795352,"Deep Tubewell","Ground Water","Road Side","Revival of MWS",2011-2012,5.50000,0.00000,"21 Aug 2011","25 Jan 2012",2024-06-07
Karnataka,"Bengaluru Urban","Bangalore South",Tavarekere,Tavarekere,"Chikka Kariappanapal",0001622950,0003926739,3795443,"Deep Tubewell","Ground Water","Road Side","Revival of MWS",2011-2012,5.00000,0.00000,"21 Aug 2011","20 Nov 2012",2024-06-07
Karnataka,"Bengaluru Urban","Bangalore South",Channenahalli,Kempegowdanagara,Kempegowdanagara,0000374383,0003926776,3795481,"Deep Tubewell","Ground Water","Road Side","Revival of PWS",2011-2012,5.50000,0.00000,"21 Aug 2011","20 Oct 2012",2024-06-07
Karnataka,"Bengaluru Urban","Bangalore South",Sullikere,Hosabyrohalli,Halebyrahalli,0000374206,0004856639,4783705,"Deep Tubewell","Ground Water","Near Extension Side","Providing Piped Water Supply Scheme",2012-2013,20.00000,19.82000,"25 Aug 2012","10 Feb 2014",2024-06-07
Karnataka,"Bengaluru Urban","Bangalore South",Agara,Agara,Agara,0000374137,0004856673,4783737,"Deep Tubewell","Ground Water","Near Main Road","Providing Piped Water Supply Scheme",2012-2013,25.00000,0.00000,"03 Sep 2012","05 Feb 2014",2024-06-07
Karnataka,"Bengaluru Urban","Bangalore South",Ramohalli,Ramohalli,"Ramohalli Jhc",0000374194,0004856700,4783763,"Deep Tubewell","Ground Water","Near Tank Bed","Providing Piped Water Supply Scheme",2012-2013,25.00000,0.00000,"16 Aug 2012","25 Dec 2013",2024-06-07
Karnataka,"Bengaluru Urban","Bangalore South","Dodda Thogur","Dodda Thogur","Dodda Thogur",0000373963,0004856872,4783938,"Deep Tubewell","Ground Water","Towards Main Road","Revival of PWS Scheme",2012-2013,10.00000,10.17981,"10 Aug 2012","31 Oct 2012",2024-06-07
Karnataka,"Bengaluru Urban","Bangalore South","Konappana Agrahara","Dodda Nagamangala","Dodda Nagamangala",0000373977,0004857158,4784219,"Deep Tubewell","Ground Water","Towards Anekal Taluk Border Road","Revival of PWS Scheme",2012-2013,15.00000,0.00000,"25 Aug 2012","20 Feb 2013",2024-06-07
Karnataka,"Bengaluru Urban","Bangalore South",Cholanayakanahalli,Bychaguppe,"Lakshmipura Bychaguppe",0000374408,0004863557,4790529,"Deep Tubewell","Ground Water","Left side of Village Road","Revival of MWS Scheme",2012-2013,4.00000,0.00000,"15 Sep 2012","25 Feb 2013",2024-06-07
Karnataka,"Bengaluru Urban","Bangalore South",Chikkanahalli,Jodikurubarapalya,"Jodi Kurubarapalya",0000374226,0007162731,4790593,"Deep Tubewell","Ground Water","Left side of Main Road","SCP Revival of  MWS Scheme",2015-2016,6.00000,0.00000,"25 Oct 2015","31 Mar 2016",2024-06-07
Karnataka,"Bengaluru Urban","Bangalore South",Ajjanahalli,Ajjanahalli,Ajjanahalli,0000374455,0004863647,4790615,"Deep Tubewell","Ground Water","Right side of Village road","Revival of MWS  Scheme",2012-2013,3.00000,0.00000,"08 Sep 2012","25 Feb 2013",2024-06-07
Karnataka,"Bengaluru Urban","Bangalore South",Ajjanahalli,Ajjanahalli,Ajjanahalli,0000374455,0004863649,4790616,"Deep Tubewell","Ground Water","Right side of Village road","Revival of MWS  Scheme",2012-2013,3.00000,0.00000,"08 Sep 2012","25 Feb 2013",2024-06-07
Karnataka,"Bengaluru Urban","Bangalore South",Ajjanahalli,Kallupalya,Kallupalya,0000374460,0004863713,4790672,"Deep Tubewell","Ground Water","Left side of Village road","Revival of MWS Scheme",2012-2013,3.00000,0.00000,"12 Sep 2012","15 Feb 2013",2024-06-07
Karnataka,"Bengaluru Urban","Bangalore South",Ajjanahalli,Huluvenahalli,Inorpalya,0000374463,0004863790,4790738,"Deep Tubewell","Ground Water","Right side of Main road","Revival of MWS Scheme",2012-2013,5.00000,4.99862,"08 Sep 2012","02 Jan 2013",2024-06-07
Karnataka,"Bengaluru Urban","Bangalore South",Tavarekere,Halubhovipalya,Halubhovipalya,0000374380,0004864763,4791618,"Deep Tubewell","Ground Water","Near Basavanapalya","Revival of MWS Scheme",2012-2013,5.00000,4.99995,"10 Sep 2012","16 Jan 2013",2024-06-07
Karnataka,"Bengaluru Urban","Bangalore South",Chunchanakuppe,Kolur,Kolur,0000374440,0004864831,4791693,"Deep Tubewell","Ground Water","Tank Bed","Providing Piped Water Supply Scheme",2012-2013,25.00000,24.17545,"18 Sep 2012","20 Mar 2014",2024-06-07
Karnataka,"Bengaluru Urban","Bangalore South",Chunchanakuppe,Doddamaranahalli,Doddamaranahalli,0000374401,0004864855,4791718,"Deep Tubewell","Ground Water","Towards Main Road","Revival of MWS Scheme",2012-2013,5.00000,4.99996,"18 Sep 2012","16 Jan 2013",2024-06-07
Karnataka,"Bengaluru Urban","Bangalore South",Channenahalli,Puttaiahnapalya,Puttaiahanapalya,0000374382,0004864864,4791727,"Deep Tubewell","Ground Water","Village Limit","Revival of MWS Scheme",2012-2013,5.00000,4.99272,"20 Sep 2012","20 Mar 2013",2024-06-07
Karnataka,"Bengaluru Urban","Bangalore South",Chikkanahalli,Basammanahalli,Bassamanahalli,0000374225,0002605977,2411677,"Deep Tubewell","Ground Water","Village Limits","Village Limits",2010-2011,4.00000,0.00000,"30 Jun 2010","31 Mar 2011",2024-06-07
Karnataka,"Bengaluru Urban","Bangalore South","K. Golahalli",Hampapura,Hampapura,0000374156,0002606052,2411755,"Deep Tubewell","Ground Water","Village Limits","Village Limits",2010-2011,4.00000,0.00000,"30 Jun 2010","31 Mar 2011",2024-06-07
Karnataka,"Bengaluru Urban","Bangalore South",Chunchanakuppe,Chikkelur,Chikkelur,0000374450,0002606235,2411956,"Deep Tubewell","Ground Water","Village Limits","Village Limits",2010-2011,4.00000,1.45000,"30 Jun 2010","25 Oct 2011",2024-06-07
Karnataka,"Bengaluru Urban","Bangalore South",Ajjanahalli,Ajjanahalli,Ajjanahalli,0000374455,0002608731,2414511,"Deep Tubewell","Ground Water","Village Limits","Village Limits",2010-2011,4.00000,0.00000,"30 Jun 2010","31 Mar 2011",2024-06-07
Karnataka,"Bengaluru Urban","Bangalore South","Dodda Thogur",Vittasandra,Vittasandra,0000373958,0002610377,2416209,"Deep Tubewell","Ground Water","village limits","Community Terrafil Units",2010-2011,1.10000,0.00000,"15 Nov 2010","28 Feb 2012",2024-06-07
Karnataka,"Bengaluru Urban","Bangalore South",Ramohalli,Maragondanahalli,Maragondanahalli,0000374200,0002610465,2416312,"Deep Tubewell","Ground Water","village limits","Community Terrafil Units",2010-2011,2.20000,0.00000,"15 Nov 2010","28 Dec 2011",2024-06-07
Karnataka,"Bengaluru Urban","Bangalore South","Dodda Thogur",Homadevanahalli,Homadevanahalli,0000373972,0002610633,2416501,"Deep Tubewell","Ground Water","village limits","Community Terrafil Units",2010-2011,2.20000,0.00000,"15 Nov 2010","28 Dec 2011",2024-06-07
Karnataka,"Bengaluru Urban","Bangalore South",Kumbalagodu,Kanaminake,Kanaminake,0000374177,0002866981,2690361,"Deep Tubewell","Ground Water","Providing Piped Water Supply Scheme to  Kaniminiki Village","Providing Piped Water Supply Scheme to  Kaniminiki Village",2010-2011,17.00000,0.00000,"11 May 2010","28 Jan 2011",2024-06-07
Karnataka,"Bengaluru Urban","Bangalore South","Dodda Thogur","Dodda Thogur","Dodda Thogur",0000373963,0002867017,2690396,"Deep Tubewell","Ground Water","Revival of Piped Water Supply Scheme at Doddatoguru  Village","Revival of Piped Water Supply Scheme at Doddatoguru  Village",2010-2011,5.00000,0.00000,"27 Oct 2010","20 Mar 2011",2024-06-07
Karnataka,"Bengaluru Urban","Bangalore South",Tavarekere,Tavarekere,Tavarekere,0000374379,0003606691,3471486,"Deep Tubewell","Ground Water","Near Road Side","Additional Pipe Line",2011-2012,4.50000,0.00000,"15 Jun 2011","15 Mar 2012",2024-06-07
Karnataka,"Bengaluru Urban","Bangalore South",Channenahalli,Puttaiahnapalya,Puttaiahanapalya,0000374382,0003606721,3471515,"Deep Tubewell","Ground Water","Village Limit","Additional Pipe Line",2011-2012,1.25000,0.00000,"15 Jun 2011","15 Mar 2012",2024-06-07
Karnataka,"Bengaluru Urban","Bangalore South",Cholanayakanahalli,Metipalya,Metipalya,0000374413,0003606858,3471646,"Deep Tubewell","Ground Water","Village Limit","Additional Pipe Line",2011-2012,3.75000,0.00000,"15 Jun 2011","15 Mar 2012",2024-06-07
Karnataka,"Bengaluru Urban","Bangalore South","H. Gollahalli",Doddabele,Doddabele,0000374113,0003606869,3471657,"Deep Tubewell","Ground Water","Village Limit","Additional Pipe Line",2011-2012,4.50000,0.00000,"15 Jun 2011","15 Mar 2012",2024-06-07
Karnataka,"Bengaluru Urban","Bangalore South","Dodda Thogur",Homadevanahalli,Homadevanahalli,0000373972,0003606906,3471695,"Deep Tubewell","Ground Water","Village Limit","Additional Pipe Line",2011-2012,2.50000,0.00000,"15 Jun 2011","15 Mar 2012",2024-06-07
Karnataka,"Bengaluru Urban","Bangalore South",Agara,Banjarupalya,Banjarupalya,0000374140,0003619638,3484407,"Deep Tubewell","Ground Water","Village Limits","Pipeline Extension",2011-2012,1.75000,0.00000,"15 Jul 2011","15 Mar 2012",2024-06-07
Karnataka,"Bengaluru Urban","Bangalore South","K. Golahalli",Thippur,Lingapura,0000374152,0003619749,3484519,"Deep Tubewell","Ground Water","Village Limits","Pipeline Extension",2011-2012,1.00000,0.00000,"15 Jul 2011","15 Mar 2012",2024-06-07
Karnataka,"Bengaluru Urban","Bangalore South","K. Golahalli",Thippur,Thippur,0000374151,0003619769,3484540,"Deep Tubewell","Ground Water","Village Limits","Pipeline Extension",2011-2012,1.25000,0.00000,"15 Jul 2011","15 Mar 2012",2024-06-07
Karnataka,"Bengaluru Urban","Bangalore South",Chunchanakuppe,Chunchanakuppe,Chunchanakuppe,0000374434,0003619977,3484752,"Deep Tubewell","Ground Water","Village Limits","Pipeline Extension",2011-2012,1.25000,0.00000,"15 Jul 2011","15 Mar 2012",2024-06-07
Karnataka,"Bengaluru Urban","Bangalore South",Kaggalipura,Uttari,Uttari,0000374054,0003620096,3484873,"Deep Tubewell","Ground Water","Village Limits","Pipeline Extension",2011-2012,1.80000,0.00000,"15 Jul 2011","15 Mar 2012",2024-06-07
Karnataka,"Bengaluru Urban","Bangalore South",Taralu,Taralu,Taralu,0000374070,0003620138,3484915,"Deep Tubewell","Ground Water","Near Road Side","Pipeline Extension",2011-2012,2.30000,0.00000,"15 Jul 2011","15 Mar 2012",2024-06-07
Karnataka,"Bengaluru Urban","Bangalore South",Cholanayakanahalli,Devomachohalli,Devomachohalli,0000374419,0003639255,3504030,"Deep Tubewell","Ground Water","Near Road Side","Pipeline Extension",2011-2012,4.00000,0.00000,"20 Jul 2011","15 Mar 2012",2024-06-07
Karnataka,"Bengaluru Urban","Bangalore South",Chikkanahalli,Kurubarapalya,Kurubarapalya,0000374485,0003639359,3504131,"Deep Tubewell","Ground Water","Near Road Side","Pipeline Extension",2011-2012,3.00000,0.00000,"20 Jul 2011","15 Mar 2012",2024-06-07
Karnataka,"Bengaluru Urban","Bangalore South",Cholanayakanahalli,Bychaguppe,Midichaiahanapalya,0000374410,0003729685,3594346,"Deep Tubewell","Ground Water","Govt. Primary School","School Water Supply",2011-2012,1.00000,0.00000,"15 Aug 2011","15 Feb 2012",2024-06-07
Karnataka,"Bengaluru Urban","Bangalore South",Nelaguli,Naukalpalya,Navakalpalya,0000374096,0003729761,3594423,"Deep Tubewell","Ground Water","Govt. Primary School","School Water Supply",2011-2012,1.00000,0.00000,"15 Aug 2011","15 Feb 2012",2024-06-07
Karnataka,"Bengaluru Urban","Bangalore South",Nelaguli,Mallipalya,Mallipalya,0000374100,0003729772,3594434,"Deep Tubewell","Ground Water","Govt. Primary School","School Water Supply",2011-2012,1.00000,0.00000,"15 Aug 2011","15 Feb 2012",2024-06-07
Karnataka,"Bengaluru Urban","Bangalore South",Nelaguli,Nelaguli,Sadanapalya,0000374104,0003729779,3594441,"Deep Tubewell","Ground Water","Govt. Primary School","School Water Supply",2011-2012,1.00000,0.00000,"15 Aug 2011","15 Feb 2012",2024-06-07
Karnataka,"Bengaluru Urban","Bangalore South",Agara,Siddanapalya,Siddanapalya,0000374136,0003915252,3783682,"Deep Tubewell","Ground Water","Towards Village Limits","Revival of MWS",2011-2012,5.50000,0.00000,"21 Aug 2011","25 Jan 2012",2024-06-07
Karnataka,"Bengaluru Urban","Bangalore South",Agara,Vaderahalli,"Vadderahalli Jhc",0000374133,0003915300,3783730,"Deep Tubewell","Ground Water","Towards Village Limits","Revival of PWS",2011-2012,6.00000,0.00000,"21 Aug 2011","25 Jan 2012",2024-06-07
Karnataka,"Bengaluru Urban","Bangalore South",Chikkanahalli,Dodderi,"Guru Bhovi Palya",0000374480,0003915319,3783749,"Deep Tubewell","Ground Water","Road Side","Revival of MWS",2011-2012,5.00000,1.42613,"21 Aug 2011","01 Mar 2013",2024-06-07
Karnataka,"Bengaluru Urban","Bangalore South",Chikkanahalli,Kurubarapalya,Kurubarapalya,0000374485,0003915449,3783881,"Deep Tubewell","Ground Water","Road Side","Revival of PWS",2011-2012,6.00000,0.00000,"21 Aug 2011","25 Jan 2012",2024-06-07
Karnataka,"Bengaluru Urban","Bangalore South",Cholanayakanahalli,Bychaguppe,"Lakshmipura Bychaguppe",0000374408,0003915535,3783969,"Deep Tubewell","Ground Water","Towards Village Limits","Revival of MWS",2011-2012,5.50000,0.00000,"21 Aug 2011","25 Jan 2012",2024-06-07
Karnataka,"Bengaluru Urban","Bangalore South",Cholanayakanahalli,Thippagondanahalli,Thippagondanahalli,0000374424,0003915693,3784129,"Deep Tubewell","Ground Water","Road Side","Revival of PWS",2011-2012,6.00000,0.00000,"21 Aug 2011","25 Jan 2012",2024-06-07
Karnataka,"Bengaluru Urban","Bangalore South","H. Gollahalli",Rachamanamadu,Rachamanamadu,0000374124,0003915908,3784378,"Deep Tubewell","Ground Water","Towards Village Limits","Providing Piped Water Supply",2011-2012,20.00000,11.19329,"21 Aug 2011","22 Feb 2013",2024-06-07
Karnataka,"Bengaluru Urban","Bangalore South","K. Golahalli","K. Gollahalli","K. Gollahalli",0000374164,0003915990,3784479,"Deep Tubewell","Ground Water","Road Side","Revival of PWS",2011-2012,5.50000,0.00000,"21 Aug 2011","25 Jan 2012",2024-06-07
Karnataka,"Bengaluru Urban","Bangalore South","K. Golahalli",Kullegowdanapalya,Srinivasapura,0000374168,0003916009,3784500,"Deep Tubewell","Ground Water","Road Side","Revival of MWS",2011-2012,5.00000,0.00000,"21 Aug 2011","25 Jan 2012",2024-06-07
Karnataka,"Bengaluru Urban","Bangalore South",Kumbalagodu,Hosapalya,Hosapalya,0000374179,0003926216,3794914,"Deep Tubewell","Ground Water","Road Side","Revival of MWS",2011-2012,5.50000,0.00000,"21 Aug 2011","25 Jan 2012",2024-06-07
Karnataka,"Bengaluru Urban","Bangalore South",Nelaguli,Nelaguli,Hosadoddi,0000374105,0003926325,3795025,"Deep Tubewell","Ground Water","Towards Village Limits","Revival of MWS",2011-2012,5.00000,0.00000,"21 Aug 2011","25 Jan 2012",2024-06-07
Karnataka,"Bengaluru Urban","Bangalore South",Somanahalli,Somanahalli,Rameshnagar,0000374092,0003926412,3795114,"Deep Tubewell","Ground Water","Towards Village Limits","Revival of PWS",2011-2012,6.00000,0.00000,"21 Aug 2011","25 Jan 2012",2024-06-07
Karnataka,"Bengaluru Urban","Bangalore South","Dodda Thogur","Dodda Thogur","Dodda Thogur",0000373963,0000547842,123732,"Deep Tubewell","Ground Water",NA,villagelimit,2006-2007,12.00000,9.80000,"12 Mar 2008","25 Sep 2008",2024-06-07
Karnataka,"Bengaluru Urban","Bangalore South",Ajjanahalli,Madapatna,Madapatna,0000374466,0000907817,124443,"Deep Tubewell","Ground Water",NA,Villagelimit,2006-2007,13.10000,8.38000,"01 Jan 1900","01 Jan 1900",2024-06-07
Karnataka,"Bengaluru Urban","Bangalore South",Tavarekere,Muddaiahanapalya,Muddaiahanapalya,0000374396,0000548956,124520,"Deep Tubewell","Ground Water",NA,VILLAGELIMIT,2007-2008,3.00000,0.39000,"19 Sep 2007","20 Aug 2008",2024-06-07
Karnataka,"Bengaluru Urban","Bangalore South",Chunchanakuppe,"Dodda Aaladamara",Alamaradapalya,0000374437,0000548543,124524,"Deep Tubewell","Ground Water",NA,villagelimit,2006-2007,3.00000,2.39000,"15 Feb 2007","22 Mar 2008",2024-06-07
Karnataka,"Bengaluru Urban","Bangalore South",Chunchanakuppe,Punagamaranahalli,Punagamaranahalli,0000374431,0000444760,124734,"Deep Tubewell","Ground Water",NA,"village limit",2007-2008,3.00000,3.00000,"02 Nov 2007","25 Sep 2008",2024-06-07
Karnataka,"Bengaluru Urban","Bangalore South",Kaggalipura,Gandhinagara,Gandhinagara,0000374061,0000548808,125395,"Deep Tubewell","Ground Water",NA,VILLAGELIMIT,2006-2007,2.50000,2.50000,"11 Oct 2006","29 Nov 2007",2024-06-07
Karnataka,"Bengaluru Urban","Bangalore South",Sullikere,Kenchanapura,Kenchanapura,0000374213,0000548900,125452,"Deep Tubewell","Ground Water","Road side",VILLAGELIMIT,2007-2008,5.00000,4.60000,"22 Aug 2007","19 Feb 2008",2024-06-07
Karnataka,"Bengaluru Urban","Bangalore South",Channenahalli,Puttaiahnapalya,Puttaiahanapalya,0000374382,0000549093,126336,"Deep Tubewell","Ground Water",NA,VILLAGELIMIT,2007-2008,3.00000,1.04000,"25 Sep 2007","20 Mar 2008",2024-06-07
Karnataka,"Bengaluru Urban","Bangalore South",Cholanayakanahalli,Bychaguppe,"Hosapalya Bychaguppe",0000374409,0000549235,126452,"Deep Tubewell","Ground Water",NA,VILLAGELIMIT,2007-2008,3.00000,0.83979,"10 Oct 2007","20 May 2008",2024-06-07
Karnataka,"Bengaluru Urban","Bangalore South",Cholanayakanahalli,Peddanapalya,Peddanapalya,0000374405,0000548797,127019,"Deep Tubewell","Ground Water",NA,VILLAGELIMIT,2006-2007,2.50000,2.50000,"13 Sep 2006","20 Feb 2008",2024-06-07
Karnataka,"Bengaluru Urban","Bangalore South",Chikkanahalli,Kurubarapalya,Kurubarapalya,0000374485,0000549183,127376,"Deep Tubewell","Ground Water",NA,VILLAGELIMIT,2007-2008,1.00000,0.21000,"20 Sep 2007","14 Jul 2008",2024-06-07
Karnataka,"Bengaluru Urban","Bangalore South",Chunchanakuppe,Ganapathihalli,Ganapathihalli,0000374432,0000548866,127822,"Deep Tubewell","Ground Water",Colony,VILLAGELIMIT,2006-2007,2.20000,0.92000,"22 Aug 2007","13 May 2008",2024-06-07
Karnataka,"Bengaluru Urban","Bangalore South",Chunchanakuppe,Chikkelur,Chikkelur,0000374450,0006941228,127952,"Deep Tubewell","Ground Water","Gerupalya Road","SCP  TFC130315 Providing AND Erection of Pumpset with Pipe line to Borewell at Mylikallu Dakhale Chikkellur Habitation, Chunchanaguppe GP, Bangalore South Taluk",2014-2015,4.00000,3.69727,"20 Apr 2015","01 Aug 2015",2024-06-07
Karnataka,"Bengaluru Urban","Bangalore South",Chunchanakuppe,Chikkelur,Chikkelur,0000374450,0007163803,127952,"Deep Tubewell","Ground Water","Gerupalya Road","SC COLONY  Revival of  MWS Scheme",2015-2016,6.00000,0.00000,"25 Oct 2015","31 Mar 2016",2024-06-07
Karnataka,"Bengaluru Urban","Bangalore South","Dodda Thogur",Vittasandra,Vittasandrapalya,0000373959,0000444726,128034,"Deep Tubewell","Ground Water",NA,Villagelimit,2007-2008,4.50000,3.13000,"16 Nov 2007","16 Jul 2008",2024-06-07
Karnataka,"Bengaluru Urban","Bangalore South","Dodda Thogur",Vittasandra,Vittasandrapalya,0000373959,0000548873,128148,"Deep Tubewell","Ground Water","colony limit",VILLAGELIMIT,2007-2008,4.50000,3.13000,"19 Apr 2007","20 Feb 2008",2024-06-07
Karnataka,"Bengaluru Urban","Bangalore South",Kaggalipura,Kanthaiahnapalya,Kantaiahanapalya,0000374059,0000907837,128616,"Deep Tubewell","Ground Water",NA,"pattareddypalya village",2007-2008,15.00000,3.14000,"01 Jan 1900","01 Jan 1900",2024-06-07
Karnataka,"Bengaluru Urban","Bangalore South","Konappana Agrahara","Dodda Nagamangala","Dodda Nagamangala",0000373977,0000548203,129507,"Deep Tubewell","Ground Water",NA,villagelimit,2006-2007,3.00000,3.11000,"14 Jun 2006","17 Sep 2007",2024-06-07
Karnataka,"Bengaluru Urban","Bangalore South",Nelaguli,Ravugodlu,Ravugodlu,0000374101,0000547856,129811,"Deep Tubewell","Ground Water",NA,villagelimit,2006-2007,3.00000,2.68000,"08 Aug 2006","23 Jan 2007",2024-06-07
Karnataka,"Bengaluru Urban","Bangalore South",Cholanayakanahalli,Bychaguppe,"Hosapalya Bychaguppe",0000374409,0000444720,129974,"Deep Tubewell","Ground Water",NA,MWSS,2007-2008,3.50000,0.00000,"08 Nov 2007","14 Mar 2008",2024-06-07
Karnataka,"Bengaluru Urban","Bangalore South",Cholanayakanahalli,Devomachohalli,"Devomachohalli Naray",0001622933,0000549217,132663,"Deep Tubewell","Ground Water",NA,VILLAGELIMIT,2007-2008,3.00000,1.88000,"20 Sep 2007","09 Jul 2008",2024-06-07
Karnataka,"Bengaluru Urban","Bangalore South","Konappana Agrahara",Govindashettipalya,Govindashettipalya,0000373979,0000444769,133570,"Deep Tubewell","Ground Water",NA,PWSS,2007-2008,2.00000,0.00000,"30 Nov 2007","28 Mar 2008",2024-06-07
Karnataka,"Bengaluru Urban","Bangalore South",Chunchanakuppe,Karekalpalya,Karekalpalya,0000374402,0000548862,133571,"Deep Tubewell","Ground Water",NA,VILLAGELIMIT,2006-2007,0.80000,0.51000,"14 Aug 2007","24 Jan 2008",2024-06-07
Karnataka,"Bengaluru Urban","Bangalore South",Chikkanahalli,Sulivara,Sulivara,0000374473,0000549206,135835,"Deep Tubewell","Ground Water",NA,VILLAGELIMIT,2007-2008,0.70000,0.21000,"14 Nov 2007","25 Jun 2008",2024-06-07
Karnataka,"Bengaluru Urban","Bangalore South","Dodda Thogur",Bettadasanapura,Bettadasanapura,0000373960,0001752822,1501340,"Deep Tubewell","Ground Water","Near Gunda Thopu","Near Tamrin Tree",2008-2009,15.00000,5.95000,"28 Feb 2009","31 Oct 2010",2024-06-07
Karnataka,"Bengaluru Urban","Bangalore South","Dodda Thogur",Mailasandra,Mailasandra,0000373955,0001752835,1501355,"Deep Tubewell","Ground Water","Village Main Road","Near New Extension",2008-2009,15.00000,0.00001,"28 Feb 2009","30 May 2010",2024-06-07
Karnataka,"Bengaluru Urban","Bangalore South",Tavarekere,Tavarekere,Tavarekere,0000374379,0001754144,1502722,"Deep Tubewell","Ground Water","BMK Road","Gangadareshwara Badavane (Kengeri Road)",2008-2009,18.00000,0.00001,"23 Jul 2009","30 May 2010",2024-06-07
Karnataka,"Bengaluru Urban","Bangalore South",Kaggalipura,Pattareddipalya,Pattareddypalya,0000374058,0001765941,1515255,"Deep Tubewell","Ground Water","Combined Villages (Pattireddypalya, Kanthaiahanapalya &amp; Rameshnagar","Combined Villages",2007-2008,15.00000,6.14000,"22 Jan 2009","30 May 2010",2024-06-07
Karnataka,"Bengaluru Urban","Bangalore South",Kumbalagodu,Kanaminake,Kanaminake,0000374177,0001766108,1515424,"Deep Tubewell","Ground Water","Near Road Side","Village Limit",2008-2009,17.00000,0.00001,"08 May 2009","30 May 2010",2024-06-07
Karnataka,"Bengaluru Urban","Bangalore South",Chikkanahalli,Sulivara,Sulivara,0000374473,0001766338,1515656,"Deep Tubewell","Ground Water","Near S. Gollahalli Tank","Near Byalalu Main Road",2008-2009,4.00000,0.14000,"22 Jan 2009","30 May 2010",2024-06-07
Karnataka,"Bengaluru Urban","Bangalore South",Tavarekere,Tavarekere,"Tavarekere Jhc",0000374387,0001766366,1515683,"Deep Tubewell","Ground Water","Near Tavarekere - Nelamangala Road","On Main Road",2008-2009,2.00000,1.30000,"13 Jan 2009","06 Jul 2009",2024-06-07
Karnataka,"Bengaluru Urban","Bangalore South",Chunchanakuppe,Doddamaranahalli,Muddanapalya,0000374404,0001766772,1516090,"Deep Tubewell","Ground Water","On Main Road","On Main Road",2008-2009,2.00000,0.80000,"30 Jan 2009","30 May 2010",2024-06-07
Karnataka,"Bengaluru Urban","Bangalore South",Chunchanakuppe,Chikkelur,Chikkelur,0000374450,0002579049,2383052,"Deep Tubewell","Ground Water","village limit","Providing community Terrafil units at CK Tandya village in Bangalore South Taluk",2009-2010,0.55000,0.63000,"10 Feb 2010","15 Mar 2011",2024-06-07
Karnataka,"Bengaluru Urban","Bangalore South",Channenahalli,Sabarapalya,Islampura,0000374394,0002595194,2400387,"Deep Tubewell","Ground Water","village limits","Providing Community Terrafil Units at Islampura in Bangalore South Taluk",2009-2010,0.55000,0.00100,"10 Feb 2010","15 Mar 2011",2024-06-07
Karnataka,"Bengaluru Urban","Bangalore South",Ajjanahalli,Ankaiahnapalya,Ankaiahanapalya,0000374467,0002595205,2400398,"Deep Tubewell","Ground Water","village limits","Providing Community Terrafil Units at Ankaiahnapalya in Bangalore South Taluk",2009-2010,0.55000,0.00100,"10 Feb 2010","15 Mar 2011",2024-06-07
Karnataka,"Bengaluru Urban","Bangalore South",Cholanayakanahalli,Kempegowdanahalli,Yellapanapalya,0000374423,0002595366,2400559,"Deep Tubewell","Ground Water","village limits","Providing Community Terrafil Units at Yellappanapalya in Bangalore South Taluk",2009-2010,0.55000,0.00100,"10 Feb 2010","15 Mar 2011",2024-06-07
Karnataka,"Bengaluru Urban","Bangalore South",Cholanayakanahalli,Ganakal,Ganakal,0000374418,0002595514,2400714,"Deep Tubewell","Ground Water","village limits","Providing Community Terrafil Units at Ganakallu in Bangalore South Taluk",2009-2010,3.30000,0.00100,"10 Feb 2010","15 Mar 2011",2024-06-07
Karnataka,"Bengaluru Urban","Bangalore South",Ajjanahalli,Madapatna,Madigarapalya,0000374468,0002595573,2400780,"Deep Tubewell","Ground Water","village limits","Providing Community Terrafil Units at Madigarapalya in Bangalore South Taluk",2009-2010,0.55000,0.00100,"10 Feb 2010","15 Mar 2011",2024-06-07
Karnataka,"Bengaluru Urban","Bangalore South","Dodda Thogur",Mailasandra,Mailasandra,0000373955,0002595991,2401246,"Deep Tubewell","Ground Water","village limits","Providing Community Terrafil Units at Mailasandra in Bangalore South Taluk",2010-2011,4.40000,0.00000,"15 Nov 2010","28 Dec 2011",2024-06-07
Karnataka,"Bengaluru Urban","Bangalore South","Dodda Thogur",Mailasandra,Mailasandra,0000373955,0002595992,2401247,"Deep Tubewell","Ground Water","village limits","Providing Community Terrafil Units at Mailasandra in Bangalore South Taluk",2010-2011,4.40000,0.00000,"15 Nov 2010","15 Feb 2011",2024-06-07
Karnataka,"Bengaluru Urban","Bangalore South",Chikkanahalli,Dodderi,"Dodderi Jhc",0000374477,0002596260,2401533,"Deep Tubewell","Ground Water","village limits","Providing Community Terrafil Units at Dodderi Colony in Bangalore South Taluk",2010-2011,1.65000,0.00000,"15 Nov 2010","15 Feb 2011",2024-06-07
Karnataka,"Bengaluru Urban","Bangalore South",Chunchanakuppe,Ganapathihalli,Ganapathihalli,0000374432,0005221915,5165321,"Deep Tubewell","Ground Water","Village limit","Revival of PWS",2012-2013,9.00000,12.58519,"28 Dec 2012","01 Mar 2014",2024-06-07
Karnataka,"Bengaluru Urban","Bangalore South",Chunchanakuppe,"Dodda Aaladamara",Alamaradapalya,0000374437,0005221930,5165336,"Deep Tubewell","Ground Water",Doddaladamara,"Revival of MWS",2012-2013,6.00000,5.75338,"07 Jan 2013","01 Mar 2014",2024-06-07
Karnataka,"Bengaluru Urban","Bangalore South",Chunchanakuppe,Sheshigiripura,Sheshigiripura,0000374451,0005221948,5165354,"Deep Tubewell","Ground Water","Village limit","Revival of MWS",2012-2013,1.00000,0.00000,"16 Jan 2013","10 Mar 2013",2024-06-07
Karnataka,"Bengaluru Urban","Bangalore South",Ramohalli,Ramohalli,"Ramohalli Jhc",0000374194,0005221970,5165376,"Deep Tubewell","Ground Water",Vinayakanagara,"Revival of MWS",2012-2013,6.50000,6.41800,"07 Jan 2013","01 Mar 2013",2024-06-07
Karnataka,"Bengaluru Urban","Bangalore South",Ramohalli,"M. Krishnasagara","M. Krishnasagara",0000374203,0005225247,5168732,"Deep Tubewell","Ground Water","village limit","Revival of MWS",2012-2013,9.00000,9.42790,"07 Jan 2013","01 Mar 2014",2024-06-07
Karnataka,"Bengaluru Urban","Bangalore South",Sullikere,Ramasandra,Ramasandra,0000374214,0005225269,5168754,"Deep Tubewell","Ground Water","Main road","Revival of PWS",2012-2013,7.50000,7.49700,"07 Jan 2013","20 Mar 2013",2024-06-07
Karnataka,"Bengaluru Urban","Bangalore South",Sullikere,Sullikere,Sullikere,0000374211,0005225274,5168759,"Deep Tubewell","Ground Water","Village limit","Revival of PWS",2012-2013,9.50000,10.52891,"07 Jan 2013","02 Dec 2013",2024-06-07
Karnataka,"Bengaluru Urban","Bangalore South",Sullikere,Sulikerepalya,Sullikerepalya,0000374212,0005225253,5168764,"Deep Tubewell","Ground Water",Colony,"Revival of MWS",2012-2013,6.50000,6.18000,"07 Jan 2013","20 Mar 2013",2024-06-07
Karnataka,"Bengaluru Urban","Bangalore South",Sullikere,Kommaghatta,Kommaghatta,0000374205,0005225300,5168786,"Deep Tubewell","Ground Water",Basaveswaranagara,"Drilling of BW",2012-2013,1.50000,1.48000,"20 Jan 2013","15 Feb 2013",2024-06-07
Karnataka,"Bengaluru Urban","Bangalore South","K. Golahalli",Tagachaguppe,Tagachaguppe,0000374174,0005225309,5168795,"Deep Tubewell","Ground Water","Main road","Revival of PWS",2012-2013,8.50000,8.74058,"07 Jan 2013","07 Jul 2014",2024-06-07
Karnataka,"Bengaluru Urban","Bangalore South","K. Golahalli",Thippur,Lingapura,0000374152,0005225323,5168809,"Deep Tubewell","Ground Water","Village limit","Revival of MWS",2012-2013,2.50000,2.49821,"20 Jan 2013","20 Mar 2013",2024-06-07
Karnataka,"Bengaluru Urban","Bangalore South","K. Golahalli",Devegere,Devegere,0000374171,0005225337,5168824,"Deep Tubewell","Ground Water","Village limit","Revival of PWS",2012-2013,3.00000,2.69255,"07 Jan 2013","20 Mar 2013",2024-06-07
Karnataka,"Bengaluru Urban","Bangalore South",Channenahalli,Sabarapalya,Islampura,0000374394,0005225358,5168845,"Deep Tubewell","Ground Water","Village limit","Revival of MWS",2012-2013,5.00000,4.98256,"10 Jan 2013","14 Mar 2013",2024-06-07
Karnataka,"Bengaluru Urban","Bangalore South",Channenahalli,Chennanahalli,Chennanahalli,0000374399,0005227891,5171779,"Deep Tubewell","Ground Water","Village limit","Revival of PWS",2012-2013,5.50000,5.49030,"07 Jan 2013","20 Mar 2013",2024-06-07
Karnataka,"Bengaluru Urban","Bangalore South",Nelaguli,Bolaare,Bolare,0000374085,0005227907,5171795,"Deep Tubewell","Ground Water","Towards School","Revival of MWS",2012-2013,5.00000,4.99168,"07 Jan 2013","20 Mar 2013",2024-06-07
Karnataka,"Bengaluru Urban","Bangalore South",Nelaguli,Nelaguli,Nelaguli,0000374103,0005227910,5171798,"Deep Tubewell","Ground Water","Towards main road","Revival of MWS",2012-2013,5.00000,4.98128,"10 Jan 2013","01 Mar 2013",2024-06-07
Karnataka,"Bengaluru Urban","Bangalore South",Somanahalli,Somanahalli,Rayaradoddi,0000374091,0005227920,5171808,"Deep Tubewell","Ground Water","School road","Drilling of BW",2012-2013,1.50000,1.98332,"16 Jan 2013","20 Mar 2013",2024-06-07
Karnataka,"Bengaluru Urban","Bangalore South",Kumbalagodu,Kanaminake,Kanaminake,0000374177,0005227929,5171817,"Deep Tubewell","Ground Water","Main road","Revival of PWS",2012-2013,10.50000,10.49600,"10 Jan 2013","25 Mar 2013",2024-06-07
Karnataka,"Bengaluru Urban","Bangalore South",Chikkanahalli,Kurubarapalya,Kurubarapalya,0000374485,0005227939,5171827,"Deep Tubewell","Ground Water","Village limit","Revival of MWS",2012-2013,1.00000,0.99896,"16 Jan 2013","20 Mar 2013",2024-06-07
Karnataka,"Bengaluru Urban","Bangalore South",Ajjanahalli,Madapatna,Madapatna,0000374466,0005227940,5171828,"Deep Tubewell","Ground Water",Basavanabetta,"Revival of MWS",2012-2013,1.00000,0.92710,"16 Jan 2013","15 Feb 2013",2024-06-07
Karnataka,"Bengaluru Urban","Bangalore South",Chikkanahalli,Chikkanahalli,Chikkanahalli,0000374222,0005227945,5171833,"Deep Tubewell","Ground Water","New extension","Revival of MWS",2012-2013,5.00000,4.99999,"07 Jan 2013","20 Mar 2013",2024-06-07
Karnataka,"Bengaluru Urban","Bangalore South",Chikkanahalli,Mayasandra,Mayasandra,0000374483,0005227948,5171836,"Deep Tubewell","Ground Water","Village limit","Revival of MWS",2012-2013,7.50000,4.70013,"10 Jan 2013","15 Mar 2013",2024-06-07
Karnataka,"Bengaluru Urban","Bangalore South",Ajjanahalli,Madapatna,Alamanapalya,0000374472,0005235045,5179356,"Deep Tubewell","Ground Water","Village limit","Drilling of BW",2012-2013,1.50000,1.71679,"16 Jan 2013","15 Feb 2013",2024-06-07
Karnataka,"Bengaluru Urban","Bangalore South",Cholanayakanahalli,Devomachohalli,Devomachohalli,0000374419,0005235046,5179357,"Deep Tubewell","Ground Water","Village limit","Revival of MWS",2012-2013,1.00000,0.99960,"16 Jan 2013","20 Mar 2013",2024-06-07
Karnataka,"Bengaluru Urban","Bangalore South",Cholanayakanahalli,Jogerahalli,Jogerahalli,0000374428,0005235054,5179365,"Deep Tubewell","Ground Water","Village limit","Revival of MWS",2012-2013,7.50000,3.53587,"07 Jan 2013","20 Mar 2013",2024-06-07
Karnataka,"Bengaluru Urban","Bangalore South",Agara,Agara,"Agara Jhc",0000374138,0006849597,5179366,"Deep Tubewell","Ground Water","Agara Navagrama","TFC 20.10.2014 Errection of Pumpset with Pipe line and Energisation for revival of MWS to Shivakumarnagar",2014-2015,3.80000,3.38036,"10 Dec 2014","16 Mar 2015",2024-06-07
Karnataka,"Bengaluru Urban","Bangalore South",Agara,Agara,Thimmegowdanapalya,0000374139,0005235063,5179374,"Deep Tubewell","Ground Water","Village limit","Revival of MWS",2012-2013,4.00000,3.99990,"07 Jan 2013","15 Mar 2013",2024-06-07
Karnataka,"Bengaluru Urban","Bangalore South",Agara,Thataguni,Tataguni,0000374141,0005235064,5179375,"Deep Tubewell","Ground Water","Chikka Tataguni","Revival of MWS",2012-2013,5.00000,4.99896,"16 Jan 2013","15 Mar 2013",2024-06-07
Karnataka,"Bengaluru Urban","Bangalore South",Agara,Thataguni,Tataguni,0000374141,0005235066,5179377,"Deep Tubewell","Ground Water","Village limit","Revival of PWS",2012-2013,5.00000,4.99690,"16 Jan 2013","15 Mar 2013",2024-06-07
Karnataka,"Bengaluru Urban","Bangalore South",Taralu,Thattaguppe,Thattaguppe,0000374077,0005235071,5179382,"Deep Tubewell","Ground Water","Village limit","Revival of PWS",2012-2013,4.00000,3.98946,"16 Jan 2013","20 Mar 2013",2024-06-07
Karnataka,"Bengaluru Urban","Bangalore South",Kaggalipura,Uttari,Uttari,0000374054,0005235082,5179393,"Deep Tubewell","Ground Water","Village limit","Revival of MWS",2012-2013,5.00000,4.85056,"07 Jan 2013","20 Mar 2013",2024-06-07
Karnataka,"Bengaluru Urban","Bangalore South",Kaggalipura,Kaggalipura,Kaggalipura,0000374057,0005235083,5179394,"Deep Tubewell","Ground Water","Village limit","Revival of PWS",2012-2013,6.00000,5.99898,"07 Jan 2013","20 Mar 2013",2024-06-07
Karnataka,"Bengaluru Urban","Bangalore South","Dodda Thogur",Homadevanahalli,Dinnepalya,0000373973,0005235086,5179397,"Deep Tubewell","Ground Water","Village limit","Revival of PWS",2012-2013,6.00000,5.99853,"07 Jan 2013","20 Mar 2013",2024-06-07
Karnataka,"Bengaluru Urban","Bangalore South","Dodda Thogur",Mailasandra,Mailasandrapalya,0000373956,0005235090,5179401,"Deep Tubewell","Ground Water","Mylasandra Gate","Revival of MWS",2012-2013,5.00000,4.84278,"07 Jan 2013","20 Mar 2013",2024-06-07
Karnataka,"Bengaluru Urban","Bangalore South","Dodda Thogur",Mailasandra,Mailasandra,0000373955,0005235094,5179405,"Deep Tubewell","Ground Water",Boragunte,"Revival of MWS",2012-2013,4.00000,4.00057,"07 Jan 2013","20 Mar 2013",2024-06-07
Karnataka,"Bengaluru Urban","Bangalore South","Dodda Thogur",Homadevanahalli,Homadevanahalli,0000373972,0005235098,5179409,"Deep Tubewell","Ground Water","Village limit","Revival of PWS",2012-2013,5.00000,3.34358,"07 Jan 2013","20 Mar 2013",2024-06-07
Karnataka,"Bengaluru Urban","Bangalore South","H. Gollahalli","H. Gollahalli","H. Gollahalli",0000374115,0005355908,5292519,"Deep Tubewell","Ground Water","Village limit","Drilling of BW",2012-2013,1.00000,1.59964,"19 Mar 2013","01 Mar 2014",2024-06-07
Karnataka,"Bengaluru Urban","Bangalore South",Chunchanakuppe,Sheshigiripura,Sheshigiripura,0000374451,0005359192,5295809,"Deep Tubewell","Ground Water","Village Limits","Drilling of BW",2012-2013,1.00000,1.65064,"19 Mar 2013","01 Mar 2014",2024-06-07
Karnataka,"Bengaluru Urban","Bangalore South",Sullikere,Sulikerepalya,Sullikerepalya,0000374212,0005359257,5295885,"Deep Tubewell","Ground Water","Archakere Badavane","Drilling of BW",2012-2013,1.00000,1.33468,"19 Mar 2013","01 Mar 2014",2024-06-07
Karnataka,"Bengaluru Urban","Bangalore South",Nelaguli,Veerasandra,Veerasandra,0000374086,0005360002,5296647,"Deep Tubewell","Ground Water","Village limit","Drilling of BW",2012-2013,1.00000,1.19044,"19 Mar 2013","31 Mar 2013",2024-06-07
Karnataka,"Bengaluru Urban","Bangalore South",Somanahalli,Girigowdanadoddi,Girigowdanadoddi,0000374082,0005360015,5296660,"Deep Tubewell","Ground Water","Village limit","Drilling of BW",2012-2013,1.00000,1.12354,"19 Mar 2013","31 Mar 2013",2024-06-07
Karnataka,"Bengaluru Urban","Bangalore South",Agara,Agara,Agara,0000374137,0004864985,4791846,"Deep Tubewell","Ground Water","Towards Main Road","Providing Piped Water Supply Scheme",2012-2013,25.00000,0.00000,"20 Sep 2012","15 Mar 2014",2024-06-07
Karnataka,"Bengaluru Urban","Bangalore South","K. Golahalli",Tagachaguppe,Tagachaguppe,0000374174,0004865072,4791925,"Deep Tubewell","Ground Water","Village Limit","Revival of MWS Scheme",2012-2013,5.00000,4.99904,"25 Sep 2012","15 Mar 2013",2024-06-07
Karnataka,"Bengaluru Urban","Bangalore South","K. Golahalli",Chinnakurchi,Chinnakurchi,0000374147,0004865099,4791950,"Deep Tubewell","Ground Water","Near Sanjeevaiah Land","Revival of MWS Scheme",2012-2013,5.00000,0.00000,"15 Sep 2012","15 Mar 2013",2024-06-07
Karnataka,"Bengaluru Urban","Bangalore South",Kaggalipura,Udipalya,Udipalya,0000374062,0004865654,4792488,"Deep Tubewell","Ground Water","Towards Main Road","Revival of MWS Scheme",2012-2013,5.00000,0.00000,"15 Sep 2012","15 Mar 2013",2024-06-07
Karnataka,"Bengaluru Urban","Bangalore South",Kumbalagodu,Anchepalya,Anchepalya,0000374188,0004866061,4792890,"Deep Tubewell","Ground Water","Village Limit","Revival of MWS Scheme",2012-2013,5.00000,4.99700,"20 Sep 2012","20 Mar 2013",2024-06-07
Karnataka,"Bengaluru Urban","Bangalore South",Kaggalipura,Dinnepalya,Dinnepalya,0000374055,0004866401,4793203,"Deep Tubewell","Ground Water","Village Limit","Revival of MWS Scheme",2012-2013,5.00000,5.16787,"13 Sep 2012","25 Feb 2013",2024-06-07
Karnataka,"Bengaluru Urban","Bangalore South",Nelaguli,Ravugodlu,Ravugodlu,0000374101,0004867557,4794508,"Deep Tubewell","Ground Water","Colony Road","Revival of MWS Scheme",2012-2013,5.00000,5.00028,"22 Sep 2012","15 Mar 2013",2024-06-07
Karnataka,"Bengaluru Urban","Bangalore South",Ramohalli,Maragondanahalli,"Bangaluraiah Circle",0000374201,0004899340,4824249,"Deep Tubewell","Ground Water","Near Main road","Revival  of MWS Scheme",2012-2013,5.00000,0.00000,"15 Sep 2012","15 Mar 2013",2024-06-07
Karnataka,"Bengaluru Urban","Bangalore South",Ramohalli,Maragondanahalli,"Bangaluraiah Circle",0000374201,0004899344,4824251,"Deep Tubewell","Ground Water","Near Main road","Revival  of MWS Scheme",2012-2013,5.00000,0.00000,"15 Sep 2012","15 Mar 2013",2024-06-07
Karnataka,"Bengaluru Urban","Bangalore South",Channenahalli,Chennanahalli,Chennanahalli,0000374399,0007169957,4824788,"Deep Tubewell","Ground Water","Village limit","ST COLONY Revival of MWS Scheme",2015-2016,6.00000,0.00000,"25 Oct 2015","31 Mar 2016",2024-06-07
Karnataka,"Bengaluru Urban","Bangalore South",Chikkanahalli,Chikkanahalli,Pachepalya,0000374224,0004900269,4824981,"Deep Tubewell","Ground Water","Main road","Revival of MWS Scheme",2012-2013,5.00000,4.98162,"15 Sep 2012","04 Jan 2013",2024-06-07
Karnataka,"Bengaluru Urban","Bangalore South",Ajjanahalli,"Chandrappa Circle","Chandrappa Circle",0000374465,0004902472,4826848,"Deep Tubewell","Ground Water","main road","Revival of MWS Scheme",2012-2013,5.00000,4.99913,"20 Sep 2012","03 Jan 2013",2024-06-07
Karnataka,"Bengaluru Urban","Bangalore South",Kumbalagodu,Kambipura,Kambipura,0000374180,0004902476,4826852,"Deep Tubewell","Ground Water","Village limit","Revival of PWS Scheme",2012-2013,5.00000,0.00000,"15 Sep 2012","10 Mar 2013",2024-06-07
Karnataka,"Bengaluru Urban","Bangalore South",Chunchanakuppe,Lakkaiahnapalya,Lakkaiahanapalya,0000374441,0008216806,4826867,"Deep Tubewell","Ground Water","Village limit","Providing water supply to Anganwadi fitting of taps to kitchen and toilet at Lakkainapalya Habitation Chunchanakuppe GP Bangalore South Taluk",2020-2021,0.14000,0.14000,"17 Dec 2020","03 May 2023",2024-06-07
Karnataka,"Bengaluru Urban","Bangalore South",Nelaguli,Naukalpalya,Navakalpalya,0000374096,0004902506,4826882,"Deep Tubewell","Ground Water","Village limit","Revival of MWS Scheme",2012-2013,5.00000,4.98131,"15 Sep 2012","20 Mar 2013",2024-06-07
Karnataka,"Bengaluru Urban","Bangalore South",Sullikere,Sullikere,Sullikere,0000374211,0006849510,4853460,"Deep Tubewell","Ground Water",GHPS,"G TFC 20.10.2014 Errection of Pumpset with Pipe line and Energisation to revival of MWS in SULLIKERE village",2014-2015,3.00000,2.98686,"10 Dec 2014","31 Mar 2019",2024-06-07
Karnataka,"Bengaluru Urban","Bangalore South",Sullikere,Kommaghatta,Kommaghatta,0000374205,0004932579,4853462,"Deep Tubewell","Ground Water",GHPS,"School Water Supply",2012-2013,1.00000,0.99685,"15 Sep 2012","20 Mar 2013",2024-06-07
Karnataka,"Bengaluru Urban","Bangalore South","K. Golahalli",Chinnakurchi,Chinnakurchi,0000374147,0004932591,4853473,"Deep Tubewell","Ground Water",GLPS,"School Water Supply",2012-2013,1.00000,0.99696,"10 Sep 2012","04 Jan 2013",2024-06-07
Karnataka,"Bengaluru Urban","Bangalore South","K. Golahalli",Thippur,Thippur,0000374151,0004932594,4853476,"Deep Tubewell","Ground Water",GUPS,"School Water Supply",2012-2013,1.00000,0.99854,"10 Sep 2012","16 Jan 2013",2024-06-07
Karnataka,"Bengaluru Urban","Bangalore South","K. Golahalli",Thippur,Thippur,0000374151,0005589390,5549704,"Deep Tubewell","Ground Water","Village limit","Revival of MWS Scheme",2013-2014,5.00000,3.24209,"10 Sep 2013","08 Jan 2014",2024-06-07
Karnataka,"Bengaluru Urban","Bangalore South","H. Gollahalli",Venkatapura,Venkatapura,0001622944,0005589413,5549725,"Deep Tubewell","Ground Water","Village limit","Revival of MWS Scheme",2013-2014,5.00000,4.97269,"10 Sep 2013","25 Mar 2014",2024-06-07
Karnataka,"Bengaluru Urban","Bangalore South",Kumbalagodu,Anchepalya,Anchepalya,0000374188,0005595457,5555425,"Deep Tubewell","Ground Water","School limit","Drinking Water Facility to School",2013-2014,1.00000,0.99376,"15 Oct 2013","18 Mar 2014",2024-06-07
Karnataka,"Bengaluru Urban","Bangalore South",Agara,Thataguni,Tataguni,0000374141,0005605208,5567263,"Deep Tubewell","Ground Water","Anganawadi School","Drinking Water Facility to Anganawadi",2013-2014,1.00000,0.99916,"15 Sep 2013","31 Jan 2014",2024-06-07
Karnataka,"Bengaluru Urban","Bangalore South",Kaggalipura,"A K Colony","Kaggalipura Akc",0000374060,0005626044,5590976,"Deep Tubewell","Ground Water","Colony limit","Drinking Water Facility to Anganawadi",2013-2014,1.00000,0.99974,"12 Sep 2013","02 Dec 2013",2024-06-07
Karnataka,"Bengaluru Urban","Bangalore South",Kaggalipura,"Saalu Hunase",Salahunse,0000374063,0005626234,5591201,"Deep Tubewell","Ground Water","Village limit","Drinking Water Facility to Anganawadi",2013-2014,1.00000,0.99974,"22 Sep 2013","21 Jan 2014",2024-06-07
Karnataka,"Bengaluru Urban","Bangalore South",Channenahalli,Kurubarahalli,Kurubarahalli,0000374388,0005626336,5591311,"Deep Tubewell","Ground Water","Village limit","Drinking Water Facility to Anganawadi",2013-2014,1.00000,0.99760,"15 Sep 2013","18 Mar 2014",2024-06-07
Karnataka,"Bengaluru Urban","Bangalore South",Cholanayakanahalli,Gangenahalli,Gangenahalli,0000374421,0005626442,5591420,"Deep Tubewell","Ground Water","Village limit","Drinking Water Facility to Anganawadi",2013-2014,1.00000,0.99257,"22 Sep 2013","20 Mar 2014",2024-06-07
Karnataka,"Bengaluru Urban","Bangalore South",Cholanayakanahalli,Jogerahalli,Jogerahalli,0000374428,0005626467,5591444,"Deep Tubewell","Ground Water","Village limit","Drinking Water Facility to Anganawadi",2013-2014,1.00000,0.00000,"12 Sep 2013","01 Mar 2015",2024-06-07
Karnataka,"Bengaluru Urban","Bangalore South",Cholanayakanahalli,Hosapalya,"Hosapalya Cholanayakanahalli",0000374415,0005626623,5591641,"Deep Tubewell","Ground Water","Village limit","Drinking Water Facility to Anganawadi",2013-2014,1.00000,0.99255,"22 Sep 2013","20 Mar 2014",2024-06-07
Karnataka,"Bengaluru Urban","Bangalore South",Cholanayakanahalli,Bychaguppe,"Gurubhovipalya Bychaguppe",0000374411,0005626658,5591720,"Deep Tubewell","Ground Water","Village limit","Drinking Water Facility to Anganawadi",2013-2014,1.00000,0.99960,"22 Sep 2013","09 Apr 2014",2024-06-07
Karnataka,"Bengaluru Urban","Bangalore South",Nelaguli,Nelaguli,Nelaguli,0000374103,0005626977,5592111,"Deep Tubewell","Ground Water","Village limit","Drinking Water Facility to Anganawadi",2013-2014,1.00000,0.99974,"22 Sep 2013","20 Mar 2014",2024-06-07
Karnataka,"Bengaluru Urban","Bangalore South",Somanahalli,Girigowdanadoddi,Girigowdanadoddi,0000374082,0005627099,5592259,"Deep Tubewell","Ground Water","Village limit","Drinking Water Facility to Anganawadi",2013-2014,1.00000,0.99974,"22 Sep 2013","18 Mar 2014",2024-06-07
Karnataka,"Bengaluru Urban","Bangalore South",Sullikere,Chikkabasthi,"Chikka Basthi",0000374220,0005627616,5592847,"Deep Tubewell","Ground Water","Village limit","Drinking Water Facility to Anganawadi",2013-2014,1.00000,0.00000,"22 Sep 2013","25 Jan 2014",2024-06-07
Karnataka,"Bengaluru Urban","Bangalore South",Chunchanakuppe,Chunchanakuppe,Chunchanakuppe,0000374434,0005627734,5592979,"Deep Tubewell","Ground Water","Village limit","Drinking Water Facility to Anganawadi",2013-2014,1.00000,0.99916,"22 Sep 2013","28 Jan 2014",2024-06-07
Karnataka,"Bengaluru Urban","Bangalore South",Chunchanakuppe,Kolur,Kolur,0000374440,0005627790,5593040,"Deep Tubewell","Ground Water","Village limit","Drinking Water Facility to Anganawadi",2013-2014,1.00000,0.99916,"22 Sep 2013","28 Jan 2014",2024-06-07
Karnataka,"Bengaluru Urban","Bangalore South",Chikkanahalli,Dodderi,"Guru Bhovi Palya",0000374480,0005642261,5602443,"Deep Tubewell","Ground Water","Village limit","Revival of MWS Scheme",2013-2014,5.00000,4.79457,"22 Sep 2013","31 Jan 2014",2024-06-07
Karnataka,"Bengaluru Urban","Bangalore South",Agara,Thataguni,Badamanavarthekaval,0000374127,0005656785,250064895,"Deep Tubewell","Ground Water","Near Thataguni","G Providing Piped Water Supply Scheme",2013-2014,25.00000,28.08156,"15 Sep 2013","30 Nov 2015",2024-06-07
Karnataka,"Bengaluru Urban","Bangalore South",Chunchanakuppe,Kethohalli,Kethohalli,0000374433,0006133713,250020850,"Deep Tubewell","Ground Water","Village limit","Drilling of Borewell",2013-2014,1.76000,1.75950,"20 Jul 2013","01 Mar 2014",2024-06-07
Karnataka,"Bengaluru Urban","Bangalore South","H. Gollahalli",Doddabele,"Doddabele Colony",0000374114,0006133805,250020863,"Deep Tubewell","Ground Water","Village limit","Drilling of Borewell",2013-2014,1.35000,1.34980,"24 Jul 2013","01 Mar 2014",2024-06-07
Karnataka,"Bengaluru Urban","Bangalore South",Ramohalli,Ramohalli,Ramohalli,0000374192,0006133860,250020873,"Deep Tubewell","Ground Water","Siddaruda ashrama","Drilling of Borewell",2013-2014,0.97000,0.96990,"13 Jul 2013","03 Mar 2014",2024-06-07
Karnataka,"Bengaluru Urban","Bangalore South",Agara,Thataguni,Kamaiahanapalya,0000374135,0006133910,250020881,"Deep Tubewell","Ground Water",Kuvempunagara,"Drilling of Borewell",2013-2014,1.92000,1.91950,"15 Jul 2013","01 Mar 2014",2024-06-07
Karnataka,"Bengaluru Urban","Bangalore South",Agara,Agara,"Agara Jhc",0000374138,0006134206,250020938,"Deep Tubewell","Ground Water",Kuvempunagara,"Drilling of Borewell",2013-2014,1.85000,0.00000,"29 Jun 2013","10 Dec 2013",2024-06-07
Karnataka,"Bengaluru Urban","Bangalore South",Chunchanakuppe,Subbarayappanapalya,"Subbarayappanapalya A",0000374452,0006134241,250020945,"Deep Tubewell","Ground Water","Village limit","Drilling of Borewell",2013-2014,2.04000,2.03950,"10 Jul 2013","01 Mar 2014",2024-06-07
Karnataka,"Bengaluru Urban","Bangalore South","K. Golahalli",Kullegowdanapalya,Kullegowdanapalya,0000374165,0006134358,250020963,"Deep Tubewell","Ground Water","Amruthanarayanaswamy Betta","Drilling of Borewell",2013-2014,1.15000,1.14950,"12 Jul 2013","03 Mar 2014",2024-06-07
Karnataka,"Bengaluru Urban","Bangalore South","K. Golahalli",Gonipura,Gonipura,0000374158,0006139500,250022374,"Deep Tubewell","Ground Water",NA,"Providing shelter to pure drinking water plant Gonipura  habitation",2013-2014,5.33000,4.00000,"08 Nov 2013","31 Dec 2013",2024-06-07
Karnataka,"Bengaluru Urban","Bangalore South",Cholanayakanahalli,Bychaguppe,"Hosapalya Bychaguppe",0000374409,0006374269,250065419,"Deep Tubewell","Ground Water","Colony Limit","Revival of MWS Scheme",2013-2014,6.00000,5.77886,"27 Apr 2014","31 Oct 2014",2024-06-07
Karnataka,"Bengaluru Urban","Bangalore South",Cholanayakanahalli,Devomachohalli,"Devomachohalli Naray",0001622933,0006374270,250034772,"Deep Tubewell","Ground Water","Village limit","Revival of MWS Scheme",2013-2014,6.00000,6.06109,"27 Apr 2014","31 Oct 2014",2024-06-07
Karnataka,"Bengaluru Urban","Bangalore South",Cholanayakanahalli,Thippagondanahalli,Thippagondanahalli,0000374424,0006374274,250034776,"Deep Tubewell","Ground Water","Village limit","Revival of MWS Scheme",2013-2014,6.00000,5.81239,"25 Apr 2014","30 Aug 2014",2024-06-07
Karnataka,"Bengaluru Urban","Bangalore South",Chunchanakuppe,Doddamaranahalli,Hucharasiahanapalya,0000374403,0006374275,250034777,"Deep Tubewell","Ground Water","Village limit","Revival of MWS Scheme",2013-2014,6.00000,5.73534,"27 Apr 2014","31 Oct 2014",2024-06-07
Karnataka,"Bengaluru Urban","Bangalore South",Chunchanakuppe,Puradapalya,Puradapalya,0000374429,0006374288,250034786,"Deep Tubewell","Ground Water","Village limit","Revival of MWS Scheme",2013-2014,6.00000,4.42000,"25 Apr 2014","30 Aug 2014",2024-06-07
Karnataka,"Bengaluru Urban","Bangalore South",Chunchanakuppe,Puradapalya,Puttaiahanapalya,0000374430,0006374289,250034787,"Deep Tubewell","Ground Water","Village limit","Revival of MWS Scheme",2013-2014,6.00000,5.96744,"28 Apr 2014","22 Feb 2015",2024-06-07
Karnataka,"Bengaluru Urban","Bangalore South",Kaggalipura,Pattareddipalya,Pattareddypalya,0000374058,0006374294,250034791,"Deep Tubewell","Ground Water","Village limit","G Revival of MWS Scheme",2013-2014,6.00000,2.76000,"27 Apr 2014","30 Mar 2016",2024-06-07
Karnataka,"Bengaluru Urban","Bangalore South","K. Golahalli",Gangasandra,Gangasandra,0000374161,0006374297,250065429,"Deep Tubewell","Ground Water","Colony Limit","G Revival of MWS Scheme",2013-2014,6.00000,5.89996,"25 Apr 2014","01 Nov 2015",2024-06-07
Karnataka,"Bengaluru Urban","Bangalore South","K. Golahalli",Gonipura,"Gonipura Colony",0000374159,0006374300,250065433,"Deep Tubewell","Ground Water","Colony Limit","G Revival of MWS Scheme",2013-2014,6.00000,5.78176,"25 Apr 2014","31 Mar 2016",2024-06-07
Karnataka,"Bengaluru Urban","Bangalore South","K. Golahalli",Chinnakurchi,Chinnakurchi,0000374147,0006374302,250034799,"Deep Tubewell","Ground Water","Village limit","G Revival of MWS Scheme",2013-2014,6.00000,5.79308,"25 Apr 2014","01 Nov 2015",2024-06-07
Karnataka,"Bengaluru Urban","Bangalore South",Somanahalli,Somanahalli,"Nataraja Gurukula",0000374093,0006374310,250034807,"Deep Tubewell","Ground Water","Village limit","G Revival of MWS Scheme",2013-2014,6.00000,2.41576,"25 Apr 2014","30 Mar 2016",2024-06-07
Karnataka,"Bengaluru Urban","Bangalore South",Ramohalli,Bheemanakuppe,Bettanapalya,0000374208,0006374313,250034810,"Deep Tubewell","Ground Water","Village limit","G Revival of MWS Scheme",2013-2014,6.00000,4.27970,"29 Apr 2014","27 Mar 2015",2024-06-07
Karnataka,"Bengaluru Urban","Bangalore South",Sullikere,Chikkabasthi,"Chikka Basthi",0000374220,0006374314,250034811,"Deep Tubewell","Ground Water","Village limit","G Revival of MWS Scheme",2013-2014,6.00000,4.85333,"27 Apr 2014","01 Aug 2015",2024-06-07
Karnataka,"Bengaluru Urban","Bangalore South",Taralu,Taralu,Taralu,0000374070,0006374317,250034814,"Deep Tubewell","Ground Water","Village limit","G Revival of PWS Scheme",2013-2014,8.00000,6.66741,"27 Apr 2014","30 Mar 2015",2024-06-07
Karnataka,"Bengaluru Urban","Bangalore South",Taralu,Taralu,"Taralu Estate Colony",0000374073,0006374319,250034816,"Deep Tubewell","Ground Water","Village limit","G Revival of MWS Scheme",2013-2014,6.00000,5.73197,"29 Apr 2014","31 Mar 2015",2024-06-07
Karnataka,"Bengaluru Urban","Bangalore South",Chunchanakuppe,Kethohalli,Kethohalli,0000374433,0006669734,250067733,"Deep Tubewell","Ground Water","Village limit","G Providing Installing Commissioning of Pure Drinking Water Plant 500lph Capacity and O M for 7 years",2014-2015,12.00000,10.33000,"29 Jan 2014","31 Jan 2019",2024-06-07
Karnataka,"Bengaluru Urban","Bangalore South",Channenahalli,Honnaganahatti,Honnaganahatti,0000374398,0006670874,250068536,"Deep Tubewell","Ground Water","Village limit","G Drilling of BW,Errection of Pumpset with Pipe line and Energisation",2014-2015,5.00000,3.04982,"25 Sep 2014","01 Oct 2015",2024-06-07
Karnataka,"Bengaluru Urban","Bangalore South",Nelaguli,Mallipalya,Mallipalya,0000374100,0006670956,250069104,"Deep Tubewell","Ground Water","Colony limit","TSP Revival of MWS Scheme",2014-2015,8.00000,6.66023,"22 Sep 2014","18 Mar 2016",2024-06-07
Karnataka,"Bengaluru Urban","Bangalore South","H. Gollahalli",Rachamanamadu,Rachamanamadu,0000374124,0006671025,250068676,"Deep Tubewell","Ground Water","Village limit","Drinking Water Facility to School",2014-2015,1.00000,0.00000,"20 Sep 2014","15 Feb 2015",2024-06-07
Karnataka,"Bengaluru Urban","Bangalore South",Agara,Anepalya,Anepalya,0000374128,0006671056,250068694,"Deep Tubewell","Ground Water","Village limit","Drinking Water Facility to Anganawadi",2014-2015,1.00000,0.00000,"25 Sep 2014","20 Mar 2015",2024-06-07
Karnataka,"Bengaluru Urban","Bangalore South","Dodda Thogur",Vittasandra,Vittasandra,0000373958,0006671119,250069095,"Deep Tubewell","Ground Water","Colony limit","SCP Individual House Connections",2014-2015,4.60000,0.00000,"25 Sep 2014","15 Feb 2016",2024-06-07
Karnataka,"Bengaluru Urban","Bangalore South","K. Golahalli","Devagere Colony","Devegere Colony",0000374172,0006671136,250068772,"Deep Tubewell","Ground Water","Colony limit","G Individual House Connections",2014-2015,3.95000,2.22265,"25 Sep 2014","20 Mar 2016",2024-06-07
Karnataka,"Bengaluru Urban","Bangalore South",Kaggalipura,"O.b. Choodahalli","O.b. Choodahalli",0000374065,0006671144,250068778,"Deep Tubewell","Ground Water","Colony limit","G Individual House Connections",2014-2015,6.65000,0.00000,"25 Sep 2014","15 Feb 2016",2024-06-07
Karnataka,"Bengaluru Urban","Bangalore South",Nelaguli,Ravugodlu,"Ravugodlu Bovi Colony",0000374102,0006671184,250068816,"Deep Tubewell","Ground Water","Colony limit","G Individual House Connections",2014-2015,3.40000,3.25157,"25 Sep 2014","31 Dec 2018",2024-06-07
Karnataka,"Bengaluru Urban","Bangalore South",Chunchanakuppe,Chunchanakuppe,Chunchanakuppe,0000374434,0006686474,250073736,"Deep Tubewell","Ground Water","At Giriyappanapalya Village","Drilling of Borewell",2014-2015,1.76000,1.75588,"19 Jul 2014","08 Aug 2014",2024-06-07
Karnataka,"Bengaluru Urban","Bangalore South",Tavarekere,Tavarekere,Tavarekere,0000374379,0005360239,5296892,"Deep Tubewell","Ground Water","Hindu Burial Ground","Errection of Pumpset and Cistern",2012-2013,2.50000,2.49280,"19 Mar 2013","12 Mar 2014",2024-06-07
Karnataka,"Bengaluru Urban","Bangalore South","Dodda Thogur",Mailasandra,Mailasandrapalya,0000373956,0005363322,5300333,"Deep Tubewell","Ground Water",Vaddarapalya,"Drilling of BW",2012-2013,1.60000,1.84030,"07 Mar 2013","31 Mar 2013",2024-06-07
Karnataka,"Bengaluru Urban","Bangalore South","Dodda Thogur",Homadevanahalli,Homadevanahalli,0000373972,0005363346,5300373,"Deep Tubewell","Ground Water","Village limit","Drilling of BW",2012-2013,1.60000,1.84030,"07 Mar 2013","31 Mar 2013",2024-06-07
Karnataka,"Bengaluru Urban","Bangalore South","H. Gollahalli","H. Gollahalli","H. Gollahalli",0000374115,0005364421,5301429,"Deep Tubewell","Ground Water","Village limit","Drilling of BW",2012-2013,1.48000,1.48000,"22 Oct 2012","31 Mar 2013",2024-06-07
Karnataka,"Bengaluru Urban","Bangalore South",Nelaguli,Nelaguli,Hosadoddi,0000374105,0005364450,5301458,"Deep Tubewell","Ground Water","Village limit","Drilling of BW",2012-2013,1.98000,1.98000,"22 Oct 2012","31 Mar 2013",2024-06-07
Karnataka,"Bengaluru Urban","Bangalore South","Dodda Thogur",Bettadasanapura,Bettadasanapura,0000373960,0005507304,5443212,"Deep Tubewell","Ground Water","Village limit","Revival of PWS Scheme",2013-2014,20.00000,20.68132,"25 Sep 2013","03 Mar 2014",2024-06-07
Karnataka,"Bengaluru Urban","Bangalore South",Cholanayakanahalli,Gangenahalli,Gangenahalli,0000374421,0005509189,5445151,"Deep Tubewell","Ground Water","Village limit","Revival of MWS Scheme",2013-2014,5.00000,4.88639,"15 Sep 2013","20 Mar 2014",2024-06-07
Karnataka,"Bengaluru Urban","Bangalore South",Cholanayakanahalli,Cholanayakanahalli,Bandepalya,0000374416,0005509226,5445189,"Deep Tubewell","Ground Water","Colony Limit","Revival of MWS Scheme",2013-2014,5.00000,4.48867,"15 Sep 2013","03 Mar 2014",2024-06-07
Karnataka,"Bengaluru Urban","Bangalore South",Ajjanahalli,Madapatna,Madapatna,0000374466,0005517763,5455776,"Deep Tubewell","Ground Water","Village limit","Revival of MWS Scheme",2013-2014,5.00000,4.86638,"10 Sep 2013","17 Mar 2014",2024-06-07
Karnataka,"Bengaluru Urban","Bangalore South",Chikkanahalli,Sulivara,Sulivara,0000374473,0005517776,5455789,"Deep Tubewell","Ground Water","Village limit","Revival of MWS Scheme",2013-2014,5.00000,5.00285,"15 Sep 2013","20 Mar 2014",2024-06-07
Karnataka,"Bengaluru Urban","Bangalore South",Taralu,"Kunchigara Palya",Kunchigarapalya,0000374069,0005518856,5457351,"Deep Tubewell","Ground Water","Village limit","Revival of MWS Scheme",2013-2014,5.00000,5.02814,"20 Sep 2013","03 Mar 2014",2024-06-07
Karnataka,"Bengaluru Urban","Bangalore South",Taralu,Guttepalya,Guttepalya,0000374071,0005518906,5457460,"Deep Tubewell","Ground Water","Village limit","Revival of MWS Scheme",2013-2014,5.00000,5.03873,"12 Sep 2013","03 Mar 2014",2024-06-07
Karnataka,"Bengaluru Urban","Bangalore South",Kaggalipura,"Saalu Hunase",Salahunse,0000374063,0005518936,5457489,"Deep Tubewell","Ground Water","Village limit","Revival of MWS Scheme",2013-2014,5.00000,5.00957,"25 Aug 2013","01 Mar 2015",2024-06-07
Karnataka,"Bengaluru Urban","Bangalore South",Nelaguli,Nelaguli,Nelaguli,0000374103,0005518981,5457535,"Deep Tubewell","Ground Water","Village limit","Revival of MWS Scheme",2013-2014,5.00000,4.94058,"10 Sep 2013","03 Mar 2014",2024-06-07
Karnataka,"Bengaluru Urban","Bangalore South",Nelaguli,Nelaguli,Hosadoddi,0000374105,0005519093,5457806,"Deep Tubewell","Ground Water","Village limit","Revival of MWS Scheme",2013-2014,5.00000,5.02228,"10 Sep 2013","04 Mar 2014",2024-06-07
Karnataka,"Bengaluru Urban","Bangalore South","K. Golahalli",Hampapura,Hampapura,0000374156,0005519216,5458014,"Deep Tubewell","Ground Water","Village limit","Revival of MWS Scheme",2013-2014,5.00000,0.00000,"10 Sep 2013","15 Mar 2014",2024-06-07
Karnataka,"Bengaluru Urban","Bangalore South","K. Golahalli",Thittahalli,Thittahalli,0000374148,0005519251,5458057,"Deep Tubewell","Ground Water","Village limit","Revival of MWS Scheme",2013-2014,5.00000,4.48971,"08 Sep 2013","20 Mar 2014",2024-06-07
Karnataka,"Bengaluru Urban","Bangalore South","K. Golahalli",Devegere,Devegere,0000374171,0005519265,5458080,"Deep Tubewell","Ground Water","Village limit","Revival of PWS Scheme",2013-2014,5.00000,5.00406,"05 Sep 2013","01 Mar 2014",2024-06-07
Karnataka,"Bengaluru Urban","Bangalore South","K. Golahalli",Devegere,Nityanandanagara,0000374170,0005546623,5499499,"Deep Tubewell","Ground Water","BGS Circle","G Revival of MWS Scheme",2013-2014,5.00000,3.61928,"10 Sep 2013","31 Mar 2015",2024-06-07
Karnataka,"Bengaluru Urban","Bangalore South",Kumbalagodu,Hosapalya,Hosapalya,0000374179,0005581596,5541581,"Deep Tubewell","Ground Water","Village limit","Revival of MWS Scheme",2013-2014,7.00000,7.00193,"15 Sep 2013","03 Mar 2014",2024-06-07
Karnataka,"Bengaluru Urban","Bangalore South",Kumbalagodu,Kumbalagodu,Kumbalagodu,0000374184,0005581785,5541762,"Deep Tubewell","Ground Water","Village limit","G Improvements to Drinking  Water Supply Scheme",2013-2014,15.00000,12.52218,"18 Sep 2013","20 Mar 2014",2024-06-07
Karnataka,"Bengaluru Urban","Bangalore South",Sullikere,Ramasandra,Ramasandra,0000374214,0005587674,5547522,"Deep Tubewell","Ground Water","Village limit","Providing Piped Water Supply Scheme",2013-2014,25.00000,24.43578,"25 Sep 2013","25 Mar 2014",2024-06-07
Karnataka,"Bengaluru Urban","Bangalore South",Sullikere,Sulikerepalya,Sullikerepalya,0000374212,0005587817,5547719,"Deep Tubewell","Ground Water","Village limit","Revival of MWS Scheme",2013-2014,5.00000,5.05088,"20 Sep 2013","20 Jan 2014",2024-06-07
Karnataka,"Bengaluru Urban","Bangalore South",Chunchanakuppe,Ganapathihalli,Ganapathihalli,0000374432,0005587832,5547737,"Deep Tubewell","Ground Water","Village limit","G Providing Piped Water Supply Scheme",2013-2014,25.00000,21.08249,"15 Sep 2013","01 Aug 2015",2024-06-07
Karnataka,"Bengaluru Urban","Bangalore South",Sullikere,Ramasandra,Ramasandra,0000374214,0006686532,250073759,"Deep Tubewell","Ground Water","Village limit","Drilling of Borewell",2014-2015,1.58000,0.00000,"19 Jul 2014","20 Oct 2014",2024-06-07
Karnataka,"Bengaluru Urban","Bangalore South",Sullikere,Ramasandra,Ramasandra,0000374214,0006844467,250074541,"Deep Tubewell","Ground Water","Near main Road","Drilling of Borewell in Gayathri Badawane( Ramasandra) in Sulikere Gram Panchayat,Bangalore south Taluk",2014-2015,1.35000,0.00000,"06 Dec 2014","10 Jan 2015",2024-06-07
Karnataka,"Bengaluru Urban","Bangalore South",Ramohalli,Hunsemaradapalya,Hunasemaradapalya,0000374210,0006848458,250075443,"Deep Tubewell","Ground Water","Near private school","TFC 20.10.2014  Drilling of Borewell in HUNASEMARADAPALYA Habitation",2014-2015,1.20000,1.17960,"10 Dec 2014","09 Feb 2015",2024-06-07
Karnataka,"Bengaluru Urban","Bangalore South",Kumbalagodu,Gerupalya,Gerupalya,0000374186,0006848498,250075483,"Deep Tubewell","Ground Water","Near Nala","TFC 20.10.2014  Drilling of Borewell in GERUPALYA Habitation",2014-2015,1.91000,1.89599,"10 Dec 2014","09 Feb 2015",2024-06-07
Karnataka,"Bengaluru Urban","Bangalore South","K. Golahalli",Gonipura,Gonipura,0000374158,0006848508,250075493,"Deep Tubewell","Ground Water","Near school","TFC 20.10.2014 Drilling of Borewell in GONIPURA Habitation",2014-2015,1.70000,1.54115,"10 Dec 2014","09 Feb 2015",2024-06-07
Karnataka,"Bengaluru Urban","Bangalore South","K. Golahalli",Kullegowdanapalya,Kullegowdanapalya,0000374165,0006848509,250075494,"Deep Tubewell","Ground Water","Near college","TFC 20.10.2014 Drilling of Borewell in KULLEGOWDANAPALYA Habitation",2014-2015,1.65000,1.33791,"10 Dec 2014","09 Feb 2015",2024-06-07
Karnataka,"Bengaluru Urban","Bangalore South","K. Golahalli","K. Gollahalli","K. Gollahalli",0000374164,0006848510,250075495,"Deep Tubewell","Ground Water","Near Hospital","G TFC 20.10.2014 Drilling of Borewell in K. GOLLAHALLI Habitation",2014-2015,1.50000,1.49690,"10 Dec 2014","26 Mar 2015",2024-06-07
Karnataka,"Bengaluru Urban","Bangalore South",Channenahalli,Chennanahalli,Chennanahalli,0000374399,0006848580,250075565,"Deep Tubewell","Ground Water","Near School","TFC 20.10.2014 Drilling of Borewell in CHENNANAHALLI Habitation",2014-2015,1.00000,0.99960,"10 Dec 2014","09 Feb 2015",2024-06-07
Karnataka,"Bengaluru Urban","Bangalore South",Somanahalli,Mukkodlu,Mukkodlu,0000374080,0006848601,250075580,"Deep Tubewell","Ground Water","Near Nala","TFC 20.10.2014 Drilling of Borewell in MUKKODLU Habitation",2014-2015,1.80000,1.77640,"10 Dec 2014","09 Feb 2015",2024-06-07
Karnataka,"Bengaluru Urban","Bangalore South",Kaggalipura,Uttari,Uttari,0000374054,0006848603,250075581,"Deep Tubewell","Ground Water","Near Nala","G TFC 20.10.2014 Drilling of Borewell in UTTARI Habitation",2014-2015,1.30000,1.29613,"10 Dec 2014","01 Sep 2015",2024-06-07
Karnataka,"Bengaluru Urban","Bangalore South",Kaggalipura,Kaggalipura,Kaggalipura,0000374057,0006848605,250075582,"Deep Tubewell","Ground Water","Near main road","TFC 20.10.2014 Drilling of Borewell-1No in KAGGALIPURA Habitation",2014-2015,1.70000,1.69757,"10 Dec 2014","19 Feb 2015",2024-06-07
Karnataka,"Bengaluru Urban","Bangalore South",Kaggalipura,Kaggalipura,Kaggalipura,0000374057,0006848751,250075691,"Deep Tubewell","Ground Water","Near Nala","TFC 20.10.2014 Drilling of Borewell-2 in KAGGALIPURA Habitation",2014-2015,1.65000,1.62114,"10 Dec 2014","09 Feb 2015",2024-06-07
Karnataka,"Bengaluru Urban","Bangalore South",Chikkanahalli,Dodderi,Dodderi,0000374476,0006849060,250075809,"Deep Tubewell","Ground Water","Near Bridge","TFC 20.10.2014 Drilling of Borewell",2014-2015,1.70000,0.00000,"10 Dec 2014","10 Feb 2015",2024-06-07
Karnataka,"Bengaluru Urban","Bangalore South",Ajjanahalli,Huluvenahalli,Huluvenahalli,0000374458,0006849411,250075876,"Deep Tubewell","Ground Water","Near Srinivas field","TFC 20.10.2014 Drilling of Borewell-2Nos in HULUVENAHALLI Habitation",2014-2015,1.75000,1.74218,"10 Dec 2014","31 Mar 2015",2024-06-07
Karnataka,"Bengaluru Urban","Bangalore South",Chikkanahalli,Sulivara,Sulivara,0000374473,0006849445,250075883,"Deep Tubewell","Ground Water","Near Mutaramana Temple","TFC 20.10.2014 Drilling of Borewell in SULIVARA Habitation",2014-2015,1.70000,1.63252,"10 Dec 2014","19 Feb 2015",2024-06-07
Karnataka,"Bengaluru Urban","Bangalore South",Chikkanahalli,Chikkanahalli,Gundappanapalya,0000374227,0006849457,250075886,"Deep Tubewell","Ground Water","Near Tank bed","TFC 20.10.2014 Drilling of Borewell",2014-2015,1.70000,0.00000,"10 Dec 2014","10 Feb 2015",2024-06-07
Karnataka,"Bengaluru Urban","Bangalore South",Chunchanakuppe,Chikkelur,Chikkelur,0000374450,0006849464,250075893,"Deep Tubewell","Ground Water",NA,"TFC 20.10.2014 Drilling of Borewell in G Rangappanapalya",2014-2015,1.65000,0.00000,"10 Dec 2014","10 Feb 2015",2024-06-07
Karnataka,"Bengaluru Urban","Bangalore South",Cholanayakanahalli,Peddanapalya,Peddanapalya,0000374405,0006849501,250075904,"Deep Tubewell","Ground Water","Near burial ground","TFC 20.10.2014 Drilling of Borewell in PEDDANAPALYA Habitation",2014-2015,1.60000,1.58679,"10 Dec 2014","19 Feb 2015",2024-06-07
Karnataka,"Bengaluru Urban","Bangalore South",Channenahalli,Honnaganahatti,Honnaganahatti,0000374398,0006849529,5547828,"Deep Tubewell","Ground Water","Village limit","TFC 20.10.2014 Errection of Pumpset with Pipe line and Energisation",2014-2015,3.00000,0.00000,"10 Dec 2014","10 Mar 2015",2024-06-07
Karnataka,"Bengaluru Urban","Bangalore South",Chunchanakuppe,Gururayanapura,Gururayanapura,0000374449,0006849575,250034784,"Deep Tubewell","Ground Water","Village limit","TFC 20.10.2014 Errection of Pumpset with Pipe line and Energisation for revival of MWS TO Giriyappanapalya in Koluru Gururayanapura",2014-2015,3.50000,3.07780,"10 Dec 2014","09 Mar 2015",2024-06-07
Karnataka,"Bengaluru Urban","Bangalore South","Konappana Agrahara","Konappana Agrahara","Konappana Agrahara",0000373978,0006849615,250075960,"Deep Tubewell","Ground Water","near main road","TFC 20.10.2014 Errection of Pumpset with Pipe line and Energisation to revival of PWS in KONAPPANA AGRAHARA Habitation",2014-2015,3.00000,2.98987,"10 Dec 2014","31 Mar 2017",2024-06-07
Karnataka,"Bengaluru Urban","Bangalore South","Konappana Agrahara","Konappana Agrahara","Konappana Agrahara",0000373978,0006849617,250075960,"Deep Tubewell","Ground Water","near main road","TFC 20.10.2014 Errection of Pumpset with Pipe line and Energisation(Konappana Agrhahara block-2",2014-2015,3.00000,0.00000,"10 Dec 2014","10 Mar 2015",2024-06-07
Karnataka,"Bengaluru Urban","Bangalore South","Dodda Thogur",Homadevanahalli,Homadevanahalli,0000373972,0006849621,250075964,"Deep Tubewell","Ground Water","Dinne talur road","TFC 20.10.2014 Errection of Pumpset with Pipe line and Energisation to revial of PWS in HOMADEVANAHALLI HAbitation",2014-2015,3.00000,2.98987,"10 Dec 2014","14 Jan 2015",2024-06-07
Karnataka,"Bengaluru Urban","Bangalore South",Chikkanahalli,Chikkanahalli,Gundappanapalya,0000374227,0006850296,250076291,"Deep Tubewell","Ground Water","Near nala","TFC 20.10.2014 Drilling of Borewell at Chikkanahalli Habitation",2014-2015,1.70000,1.25196,"10 Dec 2014","19 Feb 2015",2024-06-07
Karnataka,"Bengaluru Urban","Bangalore South","Konappana Agrahara","Konappana Agrahara","Konappana Agrahara",0000373978,0006943814,250080223,"Deep Tubewell","Ground Water","Near New GP Office","G TFC130315 Drilling of Borewell at Konappana Agrahara  Habitaion, Konappana Agrahara GP, Bangalore South Taluk",2014-2015,2.25000,2.24531,"20 Apr 2015","01 Sep 2015",2024-06-07
Karnataka,"Bengaluru Urban","Bangalore South",Sullikere,Hosabyrohalli,Hosabyrahalli,0000374207,0006999447,250083706,"Deep Tubewell","Ground Water","Near Temple","ST COLONY TFC050515 Drilling of Borewell at Hosabyrohalli Habitation, Sulikere G.P",2015-2016,1.15000,1.14500,"21 Jul 2015","31 Mar 2016",2024-06-07
Karnataka,"Bengaluru Urban","Bangalore South",Somanahalli,Somanahalli,Somanahalli,0000374089,0006999709,250083743,"Deep Tubewell","Ground Water","Near Main Road","G TFC050515 Drilling of Borewell 1 at Somanahalli Habitation, Somanahalli G.P",2015-2016,2.00000,1.99988,"21 Jul 2015","01 Dec 2015",2024-06-07
Karnataka,"Bengaluru Urban","Bangalore South",Kumbalagodu,Kumbalagodu,Kumbalagodu,0000374184,0006686471,250073735,"Deep Tubewell","Ground Water","Village limit","Drilling of Borewell",2014-2015,1.42000,1.30871,"19 Jul 2014","11 Aug 2014",2024-06-07
Karnataka,"Bengaluru Urban","Bangalore South",Agara,Thataguni,Badamanavarthekaval,0000374127,0000444716,123989,"Deep Tubewell","Ground Water",NA,PWSS,2007-2008,4.50000,0.00000,"09 Nov 2007","06 Mar 2008",2024-06-07
Karnataka,"Bengaluru Urban","Bangalore South",Chunchanakuppe,Chunchanakuppe,Chunchanakuppe,0000374434,0000548856,124648,"Deep Tubewell","Ground Water","Colony road",VILLAGELIMIT,2006-2007,2.00000,0.95000,"20 Sep 2006","12 Feb 2008",2024-06-07
Karnataka,"Bengaluru Urban","Bangalore South",Nelaguli,Nettigere,Nettigere,0000374084,0000444762,125398,"Deep Tubewell","Ground Water",NA,villagelimit,2007-2008,3.00000,2.78000,"07 Nov 2007","29 Aug 2008",2024-06-07
Karnataka,"Bengaluru Urban","Bangalore South",Tavarekere,Halubhovipalya,Halubhovipalya,0000374380,0000549161,125443,"Deep Tubewell","Ground Water",NA,VILLAGELIMIT,2007-2008,1.00000,1.00000,"20 Sep 2007","25 Sep 2008",2024-06-07
Karnataka,"Bengaluru Urban","Bangalore South",Chunchanakuppe,Kolur,Kolur,0000374440,0000548366,125468,"Deep Tubewell","Ground Water",NA,villagelimit,2006-2007,0.30000,0.30000,"08 Aug 2006","12 Feb 2008",2024-06-07
Karnataka,"Bengaluru Urban","Bangalore South",Chikkanahalli,Uddandanahalli,Uddandanahalli,0000374482,0000548324,125578,"Deep Tubewell","Ground Water",NA,villagelimit,2006-2007,3.00000,2.85000,"21 Sep 2006","10 Jan 2008",2024-06-07
Karnataka,"Bengaluru Urban","Bangalore South",Chikkanahalli,Basammanahalli,Bassamanahalli,0000374225,0000549844,125670,"Deep Tubewell","Ground Water",NA,villagelimit,2006-2007,3.00000,2.87000,"21 Sep 2006","26 Dec 2007",2024-06-07
Karnataka,"Bengaluru Urban","Bangalore South",Chunchanakuppe,Lakkaiahnapalya,Lakkaiahanapalya,0000374441,0000549937,125740,"Deep Tubewell","Ground Water",NA,VILLAGELIMIT,2007-2008,1.00000,0.70000,"19 Sep 2007","20 Mar 2008",2024-06-07
Karnataka,"Bengaluru Urban","Bangalore South",Nelaguli,Mallipalya,Mallipalya,0000374100,0000548887,127045,"Deep Tubewell","Ground Water",NA,VILLAGELIMIT,2007-2008,4.50000,1.71500,"24 Oct 2007","22 Jul 2008",2024-06-07
Karnataka,"Bengaluru Urban","Bangalore South",Ajjanahalli,"Chandrappa Circle","Chandrappa Circle",0000374465,0000549889,128372,"Deep Tubewell","Ground Water",NA,VILLAGELIMIT,2007-2008,2.40000,1.57000,"19 Sep 2007","20 Mar 2008",2024-06-07
Karnataka,"Bengaluru Urban","Bangalore South",Cholanayakanahalli,Cholanayakanahalli,Cholanayakanahalli,0000374414,0000549081,128669,"Deep Tubewell","Ground Water",NA,VILLAGELIMIT,2007-2008,0.70000,0.22000,"20 Sep 2007","25 Feb 2008",2024-06-07
Karnataka,"Bengaluru Urban","Bangalore South",Chunchanakuppe,"Kethohalli Rampura","Kethohalli Rampura",0000374439,0000548836,129347,"Deep Tubewell","Ground Water",NA,VILLAGELIMIT,2006-2007,2.00000,1.11000,"17 Jan 2007","30 Jan 2008",2024-06-07
Karnataka,"Bengaluru Urban","Bangalore South",Ajjanahalli,Ajjanahalli,"Hosapalya (a. Halli)",0000374457,0000549121,129594,"Deep Tubewell","Ground Water",NA,VILLAGELIMIT,2007-2008,2.50000,1.36000,"22 Aug 2007","15 Jun 2008",2024-06-07
Karnataka,"Bengaluru Urban","Bangalore South",Sullikere,Ramasandra,Ramasandra,0000374214,0000548943,132592,"Deep Tubewell","Ground Water",NA,VILLAGELIMIT,2007-2008,3.50000,2.96000,"12 Sep 2007","25 Mar 2008",2024-06-07
Karnataka,"Bengaluru Urban","Bangalore South",Sullikere,Sullikere,Sullikere,0000374211,0001753601,1502160,"Deep Tubewell","Ground Water","DN Halli Road","Gayathri Badavane 4th Cross",2008-2009,4.50000,2.36000,"19 Jan 2009","30 May 2010",2024-06-07
Karnataka,"Bengaluru Urban","Bangalore South","K. Golahalli",Gangasandra,Gangasandra,0000374161,0001754103,1502679,"Deep Tubewell","Ground Water","Right side of PWD Road","School Field",2008-2009,16.00000,13.50000,"28 Feb 2009","30 Oct 2010",2024-06-07
Karnataka,"Bengaluru Urban","Bangalore South",Chikkanahalli,Sulivara,Sulivara,0000374473,0007998898,1515656,"Deep Tubewell","Ground Water","Near S. Gollahalli Tank","CAP1 Drilling of borewell at Byalalu(Navagrama) village, Ajjanhalli GP, Bangalore south Taluk",2020-2021,2.50000,2.47222,"29 May 2020","03 May 2023",2024-06-07
Karnataka,"Bengaluru Urban","Bangalore South",Ajjanahalli,Ajjanahalli,Ajjanahalli,0000374455,0001766740,1516059,"Deep Tubewell","Ground Water","Village Limit","Near Temple",2008-2009,2.00000,0.80000,"29 Jan 2009","14 Jul 2009",2024-06-07
Karnataka,"Bengaluru Urban","Bangalore South",Channenahalli,Lakkuppe,Lakkuppe,0000374389,0001766820,1516139,"Deep Tubewell","Ground Water","On BMH Road","On BMH Road",2008-2009,2.00000,1.25000,"16 Jan 2009","20 Jul 2009",2024-06-07
Karnataka,"Bengaluru Urban","Bangalore South",Chunchanakuppe,Chikkelur,Chikkelur,0000374450,0006849551,2383052,"Deep Tubewell","Ground Water","village limit","SCP  TFC 20.10.2014 Errection of Pumpset with Pipe line and Energisation to revival of MWS in CHIKKELUR Habitation",2014-2015,3.80000,3.38520,"10 Dec 2014","09 Mar 2015",2024-06-07
Karnataka,"Bengaluru Urban","Bangalore South",Ajjanahalli,Madapatna,Alamanapalya,0000374472,0002595026,2400206,"Deep Tubewell","Ground Water","village limits","Providing Community Terrafil Units at Allammanapalya in Bangalore South Taluk",2009-2010,0.55000,0.00100,"10 Feb 2010","15 Mar 2011",2024-06-07
Karnataka,"Bengaluru Urban","Bangalore South",Nelaguli,"Kere Choodahalli",Chikkanapalya,0000374095,0002595470,2400666,"Deep Tubewell","Ground Water","village limits","Providing Community Terrafil Units at Chikkanapalya in Bangalore South Taluk",2009-2010,0.55000,0.00100,"10 Feb 2010","15 Mar 2011",2024-06-07
Karnataka,"Bengaluru Urban","Bangalore South",Agara,Agara,Agara,0000374137,0002595865,2401121,"Deep Tubewell","Ground Water","village limits","Providing Community Terrafil Units at Agara in Bangalore South Taluk",2010-2011,2.20000,0.00000,"15 Nov 2010","15 Feb 2011",2024-06-07
Karnataka,"Bengaluru Urban","Bangalore South",Agara,Doddipalya,Doddipalya,0000374129,0007000078,2401178,"Deep Tubewell","Ground Water","village limits","G TFC050515 Providing and erection of Cistern with Pipe line to existing Borewell  Near Doddipalya Dhakale at Swamijinagara Habitation,  Agara G.P",2015-2016,2.94000,2.93589,"21 Jul 2015","23 Mar 2016",2024-06-07
Karnataka,"Bengaluru Urban","Bangalore South","Dodda Thogur",Mailasandra,Mailasandra,0000373955,0002595991,2401245,"Deep Tubewell","Ground Water","village limits","Providing Community Terrafil Units at Mailasandra in Bangalore South Taluk",2010-2011,4.40000,0.00000,"15 Nov 2010","28 Dec 2011",2024-06-07
Karnataka,"Bengaluru Urban","Bangalore South",Ajjanahalli,Ajjanahalli,"Hosapalya (a. Halli)",0000374457,0002596489,2401787,"Deep Tubewell","Ground Water","Village Limits","Village Limits",2010-2011,4.00000,1.30000,"30 Jun 2010","25 Sep 2011",2024-06-07
Karnataka,"Bengaluru Urban","Bangalore South",Ajjanahalli,Kallupalya,Kallupalya,0000374460,0002596503,2401806,"Deep Tubewell","Ground Water","Village Limits","Village Limits",2010-2011,4.00000,0.00000,"30 Jun 2010","31 Mar 2011",2024-06-07
Karnataka,"Bengaluru Urban","Bangalore South",Ajjanahalli,Madapatna,Madigarapalya,0000374468,0002596542,2401843,"Deep Tubewell","Ground Water","Village Limits","Village Limits",2010-2011,4.25000,0.00000,"30 Jun 2010","31 Mar 2011",2024-06-07
Karnataka,"Bengaluru Urban","Bangalore South",Chunchanakuppe,Punagamaranahalli,Punagamaranahalli,0000374431,0002596950,2402260,"Deep Tubewell","Ground Water","Village Limits","Village Limits",2010-2011,3.50000,0.00000,"30 Jun 2010","31 Mar 2011",2024-06-07
Karnataka,"Bengaluru Urban","Bangalore South",Chunchanakuppe,"C K Thandya","C.k. Thandya",0000374443,0002596987,2402294,"Deep Tubewell","Ground Water","Village Limits","Village Limits",2010-2011,4.00000,1.39000,"30 Jun 2010","14 Oct 2011",2024-06-07
Karnataka,"Bengaluru Urban","Bangalore South",Kumbalagodu,Gerupalya,Gerupalya,0000374186,0002597087,2402403,"Deep Tubewell","Ground Water","village limits","Community Terrafil Units",2010-2011,2.20000,0.00000,"15 Nov 2010","28 Dec 2011",2024-06-07
Karnataka,"Bengaluru Urban","Bangalore South",Kumbalagodu,Gerupalya,Gerupalya,0000374186,0002597153,2402480,"Deep Tubewell","Ground Water","Village Limits","Village Limits",2010-2011,4.15000,0.00000,"30 Jun 2010","31 Mar 2011",2024-06-07
Karnataka,"Bengaluru Urban","Bangalore South",Sullikere,Hosabyrohalli,Hosabyrahalli,0000374207,0002597322,2402659,"Deep Tubewell","Ground Water","Village Limits","Village Limits",2010-2011,4.00000,0.00000,"30 Jun 2010","31 Mar 2011",2024-06-07
Karnataka,"Bengaluru Urban","Bangalore South",Channenahalli,Chennanahalli,Thubaiahanapalya,0000374390,0002597385,2402725,"Deep Tubewell","Ground Water","Village Limits","Village Limits",2010-2011,4.00000,1.38000,"30 Jun 2010","24 Oct 2011",2024-06-07
Karnataka,"Bengaluru Urban","Bangalore South",Chikkanahalli,Chikkanahalli,Shanthinagara,0000374223,0002599602,2405087,"Deep Tubewell","Ground Water","village limits","Community Terrafil Units",2010-2011,0.55000,0.00000,"15 Nov 2010","15 Feb 2011",2024-06-07
Karnataka,"Bengaluru Urban","Bangalore South",Chikkanahalli,Chikkanahalli,Pachepalya,0000374224,0002599754,2405238,"Deep Tubewell","Ground Water","Village Limits","Village Limits",2010-2011,4.00000,0.00000,"30 Jun 2010","31 Mar 2011",2024-06-07
Karnataka,"Bengaluru Urban","Bangalore South",Chikkanahalli,Chikkanahalli,Pachepalya,0000374224,0002599781,2405265,"Deep Tubewell","Ground Water","village limits","Community Terrafil units",2010-2011,0.55000,0.00000,"15 Nov 2010","15 Feb 2011",2024-06-07
Karnataka,"Bengaluru Urban","Bangalore South",Sullikere,Hosabyrohalli,Hosabyrahalli,0000374207,0002599857,2405341,"Deep Tubewell","Ground Water","village limits","Community Terrafil units",2010-2011,0.55000,0.00000,"15 Nov 2010","15 Feb 2011",2024-06-07
Karnataka,"Bengaluru Urban","Bangalore South",Taralu,Vaasudevapura,Vasudevapura,0000374067,0002599870,2405354,"Deep Tubewell","Ground Water","village limits","Community Terrafil units",2010-2011,0.55000,0.00000,"15 Nov 2010","15 Feb 2011",2024-06-07
Karnataka,"Bengaluru Urban","Bangalore South",Taralu,Thattaguppe,Thattaguppe,0000374077,0002599879,2405363,"Deep Tubewell","Ground Water","village limits","Community Terrafil units",2010-2011,5.50000,0.00000,"15 Nov 2010","28 Feb 2012",2024-06-07
Karnataka,"Bengaluru Urban","Bangalore South",Ajjanahalli,"Chandrappa Circle","Chandrappa Circle",0000374465,0002601269,2406844,"Deep Tubewell","Ground Water","village limits","Community Terrafil Units",2009-2010,0.55000,0.00100,"10 Feb 2010","15 Mar 2011",2024-06-07
Karnataka,"Bengaluru Urban","Bangalore South",Ramohalli,Bheemanakuppe,Bheemanakuppe,0000374190,0002601507,2407106,"Deep Tubewell","Ground Water","village limits","Community Terrafil Units",2010-2011,10.45000,0.00000,"15 Nov 2010","28 Feb 2012",2024-06-07
Karnataka,"Bengaluru Urban","Bangalore South",Taralu,"Kunchigara Palya",Kunchigarapalya,0000374069,0003729843,3594506,"Deep Tubewell","Ground Water","Govt. Primary School","School Water Supply",2011-2012,1.00000,0.00000,"15 Aug 2011","15 Feb 2012",2024-06-07
Karnataka,"Bengaluru Urban","Bangalore South",Chunchanakuppe,Chunchanakuppe,Chunchanakuppe,0000374434,0003733181,3597862,"Deep Tubewell","Ground Water","Towards Village","Replacement of pipe line",2011-2012,6.00000,5.42916,"20 Jul 2011","20 Mar 2013",2024-06-07
Karnataka,"Bengaluru Urban","Bangalore South",Chunchanakuppe,Ganapathihalli,Ganapathihalli,0000374432,0003733194,3597875,"Deep Tubewell","Ground Water","Village Limit","Construction of OHT",2011-2012,20.00000,0.00000,"30 Jul 2011","15 Mar 2012",2024-06-07
Karnataka,"Bengaluru Urban","Bangalore South",Chunchanakuppe,Chikkelur,Chikkelur,0000374450,0003733618,3598295,"Deep Tubewell","Ground Water","Village Limit","Extension of Pipe Line",2011-2012,4.00000,0.00000,"25 Jul 2011","15 Mar 2012",2024-06-07
Karnataka,"Bengaluru Urban","Bangalore South",Agara,Agara,"Agara Jhc",0000374138,0003915080,3783510,"Deep Tubewell","Ground Water","Towards Village Limits","Revival of MWS",2011-2012,5.00000,0.00000,"21 Aug 2011","25 Jan 2012",2024-06-07
Karnataka,"Bengaluru Urban","Bangalore South",Agara,Banjarupalya,Banjarupalya,0000374140,0003915115,3783545,"Deep Tubewell","Ground Water","Road Side","Revival of PWS",2011-2012,5.50000,0.00000,"21 Aug 2011","25 Jan 2012",2024-06-07
Karnataka,"Bengaluru Urban","Bangalore South",Agara,Agara,Thimmegowdanapalya,0000374139,0003915204,3783634,"Deep Tubewell","Ground Water","Towards Village Limits","Revival of MWS",2011-2012,5.00000,0.00000,"21 Aug 2011","25 Jan 2012",2024-06-07
Karnataka,"Bengaluru Urban","Bangalore South",Chikkanahalli,Uddandanahalli,Uddandanahalli,0000374482,0003915334,3783764,"Deep Tubewell","Ground Water","Towards Village Limits","Revival of MWS",2011-2012,5.00000,0.00000,"21 Aug 2011","25 Jan 2012",2024-06-07
Karnataka,"Bengaluru Urban","Bangalore South",Ajjanahalli,Madapatna,Madapatna,0000374466,0003915501,3783934,"Deep Tubewell","Ground Water","Towards Village Limits","Revival of PWS",2011-2012,5.50000,0.00000,"22 Jan 2011","25 Jan 2012",2024-06-07
Karnataka,"Bengaluru Urban","Bangalore South",Cholanayakanahalli,Jogerahalli,Jogerahalli,0000374428,0003915640,3784076,"Deep Tubewell","Ground Water","Towards Village Limits","Revival of MWS",2011-2012,5.50000,0.00000,"21 Aug 2011","25 Jan 2012",2024-06-07
Karnataka,"Bengaluru Urban","Bangalore South",Chunchanakuppe,Chunchanakuppe,"Lakshmipura (chunchanaguppe)",0000374436,0003915712,3784149,"Deep Tubewell","Ground Water","Towards Village Limits","Revival of MWS",2011-2012,5.50000,0.00000,"21 Aug 2011","25 Jan 2012",2024-06-07
Karnataka,"Bengaluru Urban","Bangalore South","H. Gollahalli",Katanayakanapura,Katanayakanapura,0000374116,0003915895,3784336,"Deep Tubewell","Ground Water","Towards Village Limits","Revival of MWS",2011-2012,5.00000,0.00000,"21 Aug 2011","25 Jan 2012",2024-06-07
Karnataka,"Bengaluru Urban","Bangalore South","K. Golahalli",Chinnakurchi,Chinnakurchi,0000374147,0003915932,3784405,"Deep Tubewell","Ground Water","Road Side","Revival of MWS",2011-2012,5.50000,0.00000,"21 Aug 2011","25 Jan 2012",2024-06-07
Karnataka,"Bengaluru Urban","Bangalore South","K. Golahalli",Kenchanapalya,Kenchanapalya,0000374167,0003915995,3784484,"Deep Tubewell","Ground Water","Road Side","Revival of MWS",2011-2012,5.50000,0.00000,"21 Aug 2011","25 Jan 2012",2024-06-07
Karnataka,"Bengaluru Urban","Bangalore South",Kaggalipura,"A K Colony","Kaggalipura Akc",0000374060,0003925244,3793921,"Deep Tubewell","Ground Water","Road Side","Revival of MWS",2011-2012,5.50000,0.00000,"21 Aug 2011","25 Jan 2012",2024-06-07
Karnataka,"Bengaluru Urban","Bangalore South",Nelaguli,Nelaguli,Hosadoddi,0000374105,0007165675,3795025,"Deep Tubewell","Ground Water","Towards Village Limits","SC COLONY Revival of  MWS Scheme",2015-2016,6.00000,0.00000,"25 Oct 2015","31 Mar 2016",2024-06-07
Karnataka,"Bengaluru Urban","Bangalore South",Somanahalli,Somanahalli,Rayaradoddi,0000374091,0003926419,3795121,"Deep Tubewell","Ground Water","Road Side","Revival of MWS",2011-2012,5.00000,0.38065,"21 Aug 2011","28 Feb 2013",2024-06-07
Karnataka,"Bengaluru Urban","Bangalore South",Channenahalli,Chennanahalli,Chennanahalli,0000374399,0002606096,2411800,"Deep Tubewell","Ground Water","Village Limits","Village Limits",2009-2010,19.00000,7.84000,"18 Mar 2010","30 Dec 2010",2024-06-07
Karnataka,"Bengaluru Urban","Bangalore South",Agara,Vaderahalli,Vadderahalli,0000374132,0002610492,2416339,"Deep Tubewell","Ground Water","village limits","Community Terrafil Units",2010-2011,0.55000,0.00000,"15 Nov 2010","15 Feb 2011",2024-06-07
Karnataka,"Bengaluru Urban","Bangalore South","K. Golahalli",Chinnakurchi,Chinnakurchi,0000374147,0002610615,2416483,"Deep Tubewell","Ground Water","village limited","Community Terrafil Units",2010-2011,1.65000,0.00000,"15 Nov 2010","15 Feb 2011",2024-06-07
Karnataka,"Bengaluru Urban","Bangalore South",Kumbalagodu,Anchepalya,Anchepalya,0000374188,0002626360,2429544,"Deep Tubewell","Ground Water",NA,"Primary School only",2010-2011,0.80000,0.00000,"30 Jun 2010","31 Dec 2010",2024-06-07
Karnataka,"Bengaluru Urban","Bangalore South","Konappana Agrahara","Konappana Agrahara","Konappana Agrahara",0000373978,0002866997,2690376,"Deep Tubewell","Ground Water","Revival of Piped Water Supply Scheme at Konappanagrahara Village","Revival of Piped Water Supply Scheme at Konappanagrahara Village",2010-2011,5.00000,0.00000,"28 Feb 2010","31 Mar 2011",2024-06-07
Karnataka,"Bengaluru Urban","Bangalore South",Chikkanahalli,Chikkanahalli,Chikkanahalli,0000374222,0003607081,3471867,"Deep Tubewell","Ground Water","Village Limit","Additional Pipe Line",2011-2012,4.50000,0.00000,"15 Jun 2011","15 Mar 2012",2024-06-07
Karnataka,"Bengaluru Urban","Bangalore South","K. Golahalli",Hampapura,Hampapura,0000374156,0003619810,3484583,"Deep Tubewell","Ground Water","Village Limits","Pipeline Extension",2011-2012,1.25000,0.00000,"15 Jul 2011","15 Mar 2012",2024-06-07
Karnataka,"Bengaluru Urban","Bangalore South",Agara,Thataguni,Kamaiahanapalya,0000374135,0003619945,3484719,"Deep Tubewell","Ground Water","Village Limited","Pipeline Extension",2011-2012,3.00000,0.00000,"15 Jul 2011","15 Mar 2012",2024-06-07
Karnataka,"Bengaluru Urban","Bangalore South",Taralu,Taralu,Taralu,0000374070,0006849546,3484915,"Deep Tubewell","Ground Water","Near Road Side","G TFC 20.10.2014 Errection of Pumpset with Pipe line and Energisation to revival of PWS in TARALU Habitation",2014-2015,3.20000,3.51465,"10 Dec 2014","31 Mar 2017",2024-06-07
Karnataka,"Bengaluru Urban","Bangalore South",Sullikere,Sulikerepalya,Sullikerepalya,0000374212,0003620993,3485783,"Deep Tubewell","Ground Water","Village Limits","Pipeline Extension",2011-2012,3.75000,0.00000,"15 Jul 2011","15 Mar 2012",2024-06-07
Karnataka,"Bengaluru Urban","Bangalore South",Ajjanahalli,Madapatna,Alamanapalya,0000374472,0003729668,3594328,"Deep Tubewell","Ground Water","Govt. Primary School","School Water Supply",2011-2012,1.00000,0.00000,"15 Aug 2011","15 Mar 2012",2024-06-07
Karnataka,"Bengaluru Urban","Bangalore South",Channenahalli,Puttaiahnapalya,Puttaiahanapalya,0000374382,0007889341,250268765,"Deep Tubewell","Ground Water","Village limit","GOI shifted to GOK G Providing Piped water Supply Scheme(Construction of OHT ) in sulikere habitations sulikere Gp Bangalore South Taluk",2018-2019,20.00000,0.00000,"01 Mar 2019","03 May 2023",2024-06-07
Karnataka,"Bengaluru Urban","Bangalore South",Taralu,Taralu,Taralu,0000374070,0007889346,250268769,"Deep Tubewell","Ground Water","Village limit","GOI shifted to GOK G Providing Piped water Supply Scheme(Construction of OHT) Taralu Habitations Taralu Gp Bangalore South Taluk",2018-2019,20.00000,18.14953,"01 Mar 2019","03 May 2023",2024-06-07
Karnataka,"Bengaluru Urban","Bangalore South",Tavarekere,Tavarekere,Tavarekere,0000374379,0007899485,250271375,"Deep Tubewell","Ground Water","village limit","G Providing Piped water Supply Scheme(Construction of OHT) at Tavarekere JHC Habitation, Tavarekere GP, Bangalore South Taluk. (Scheme Id 7533880 Continuation)",2018-2019,25.00000,0.00000,"10 May 2019","03 May 2023",2024-06-07
Karnataka,"Bengaluru Urban","Bangalore South","Konappana Agrahara","Dodda Nagamangala","Dodda Nagamangala",0000373977,0007904992,250275387,"Deep Tubewell","Ground Water","Near main road","G Drilling of Bore well and  Erection of Pump motor  at Doddanagamangala Habitation, Konappana Agrahara GP, Bangalore South Taluk",2019-2020,8.00000,7.30656,"18 Sep 2019","03 May 2023",2024-06-07
Karnataka,"Bengaluru Urban","Bangalore South","Dodda Thogur","Dodda Thogur","Dodda Thogur",0000373963,0007904997,250275392,"Deep Tubewell","Ground Water","Near Main Road","G Revival of  MWS Drilling of Bore well, Erection of Pump motor  with Pipeline and Energisation at Doddathoguru Habitation, Doddathoguru GP, Bangalore South Taluk.",2019-2020,11.00000,9.46952,"18 May 2019","03 May 2023",2024-06-07
Karnataka,"Bengaluru Urban","Bangalore South","Dodda Thogur",Homadevanahalli,Homadevanahalli,0000373972,0007905010,250275407,"Deep Tubewell","Ground Water","Near Towards Village Road","G Revival of  MWS Drilling of Bore well, Erection of Pump motor  at Hommadevanahalli Habitation, Doddathoguru GP, Bangalore South Taluk.",2019-2020,7.00000,5.35607,"18 Sep 2019","03 May 2023",2024-06-07
Karnataka,"Bengaluru Urban","Bangalore South",Ajjanahalli,Ankaiahnapalya,Ankaiahanapalya,0000374467,0007911275,250282164,"Deep Tubewell","Ground Water","Near Lake","SC ST Revival  of MWS drilling of borewell ,pump motor scheme at Ankaiahnapalya Habitation, Ajjanahalli GP Bangalore south Taluk",2019-2020,6.00000,5.54304,"27 Sep 2019","03 May 2023",2024-06-07
Karnataka,"Bengaluru Urban","Bangalore South",Chunchanakuppe,Ganapathihalli,Ganapathihalli,0000374432,0007911400,250282288,"Deep Tubewell","Ground Water","Village Limit","G Revival of  MWS  Errection of pumpmotor and pipeline at Ganapathihalli Janatha Colony Habitation, Chunchanakuppe GP Bangalore South Taluk",2019-2020,10.00000,8.99003,"27 Sep 2019","03 May 2023",2024-06-07
Karnataka,"Bengaluru Urban","Bangalore South",Tavarekere,Tavarekere,Tavarekere,0000374379,0007914092,250284263,"Deep Tubewell","Ground Water","village limit","G Revival of MWS Driling of borewell,pump motor with pipeline scheme at  Tavarekere Janathacolony, Tavarekere G.P, Bangalore South Taluk",2019-2020,3.20000,3.19994,"02 Oct 2019","03 May 2023",2024-06-07
Karnataka,"Bengaluru Urban","Bangalore South",Kaggalipura,Dinnepalya,Dinnepalya,0000374055,0007919117,250286041,"Deep Tubewell","Ground Water","Village limit","G Revival of MWS Drilling of borewell ,pump motor with pipeline scheme at Dinnepalya Habitation, Kaggalipura G.P, Bangalore South Taluk",2019-2020,8.00000,7.08781,"15 Oct 2019","03 May 2023",2024-06-07
Karnataka,"Bengaluru Urban","Bangalore South",Tavarekere,Tavarekere,"Tavarekere Jhc",0000374387,0007951961,250186429,"Deep Tubewell","Ground Water","Rangappa badavane","TFC CEO 080319 Drilling of borewell  at Tavarkere  village Tavarkere G.p in Bangalore South taluk",2019-2020,2.20000,0.00000,"16 Mar 2019","03 May 2023",2024-06-07
Karnataka,"Bengaluru Urban","Bangalore South",Kaggalipura,Gandhinagara,Gandhinagara,0000374061,0007739835,250205386,"Deep Tubewell","Ground Water","village limit","WPP32 Gen (3000 Series) Gandhinagara Habitation, Kaggalipura G.P, Bangalore SouthTaluk, Bangalore Urban District",2017-2018,12.00000,9.63190,"25 Nov 2017","31 Mar 2019",2024-06-07
Karnataka,"Bengaluru Urban","Bangalore South","Dodda Thogur",Vittasandra,Vittasandra,0000373958,0007852446,250246321,"Deep Tubewell","Ground Water","Near Main Road","G Revival of MWS Scheme at Vittasandra Habitation Doddathoguru GP Bangalore SouthTaluk",2018-2019,5.00000,4.99393,"12 Oct 2018","31 Mar 2019",2024-06-07
Karnataka,"Bengaluru Urban","Bangalore South","Konappana Agrahara","Konappana Agrahara","Konappana Agrahara",0000373978,0007852448,250246323,"Deep Tubewell","Ground Water","village limit","G Revival of MWS Scheme at Konappanaagrahara Habitation Konappanaagrahara GP Bangalore SouthTaluk",2018-2019,7.00000,0.00000,"12 Oct 2018","03 May 2023",2024-06-07
Karnataka,"Bengaluru Urban","Bangalore South",Chunchanakuppe,Sheshigiripura,Sheshigiripura,0000374451,0007852619,250246477,"Deep Tubewell","Ground Water",NA,"G  Revival of MWS Scheme at  Sheshagiripura Doddanna Badavane   Habitation Chunchanakuppe GP Bangalore south Taluk",2018-2019,4.00000,3.99830,"12 Oct 2018","31 Mar 2019",2024-06-07
Karnataka,"Bengaluru Urban","Bangalore South",Chunchanakuppe,Subbarayappanapalya,"Subbarayappanapalya A",0000374452,0007852655,250246519,"Deep Tubewell","Ground Water","Village Limit","G  Revival of MWS Scheme at  Subbarayappanapalya A Chunchanakuppe  GP Bangalore south Taluk",2018-2019,3.00000,0.00000,"12 Oct 2018","03 May 2023",2024-06-07
Karnataka,"Bengaluru Urban","Bangalore South",Agara,Agara,"Agara Jhc",0000374138,0007852660,250246524,"Deep Tubewell","Ground Water","Village limit","G  Revival of MWS Scheme at  Agara Colony Agara GP Bangalore south Taluk",2018-2019,5.00000,4.99393,"12 Oct 2018","31 Mar 2019",2024-06-07
Karnataka,"Bengaluru Urban","Bangalore South",Agara,Thataguni,Tataguni,0000374141,0007852662,250246526,"Deep Tubewell","Ground Water","Village Limit","G  Revival of MWS Scheme at  TataguniAgara GP Bangalore south Taluk",2018-2019,5.00000,4.99393,"12 Oct 2018","31 Mar 2019",2024-06-07
Karnataka,"Bengaluru Urban","Bangalore South","H. Gollahalli",Rachamanamadu,"Rachamanamadu Colony",0000374125,0007852675,250246539,"Deep Tubewell","Ground Water","Towards Village Limits","G  Revival of MWS Scheme Rachanamadu H Gollahalli GP Bangalore south Taluk",2018-2019,3.00000,2.99509,"12 Oct 2018","31 Mar 2019",2024-06-07
Karnataka,"Bengaluru Urban","Bangalore South",Cholanayakanahalli,Bychaguppe,Midichaiahanapalya,0000374410,0007852810,250246670,"Deep Tubewell","Ground Water","Road Side","G Revival of MWS Scheme at MIDICHAIAHANAPALYA Cholanayakanahalli G P Habitation",2018-2019,5.00000,4.74593,"12 Oct 2018","31 Mar 2019",2024-06-07
Karnataka,"Bengaluru Urban","Bangalore South",Kaggalipura,Kaggalipura,Kaggalipura,0000374057,0007852867,250246731,"Deep Tubewell","Ground Water","village limit","G Providing Piped water supply Scheme(Construction of OHT) AT Kagglipura kagglipura GP Banglore south taluk",2018-2019,20.00000,0.00000,"12 Oct 2018","03 May 2023",2024-06-07
Karnataka,"Bengaluru Urban","Bangalore South",Agara,Thataguni,Badamanavarthekaval,0000374127,0007853299,250246930,"Deep Tubewell","Ground Water","Shivakumaraswamy nagara","TFC NAC 2018  G of Borewell(1 No) for Revival of Water Supply Scheme at Siddanapalya Habitation, Agara GP, Bangalore South Tq",2018-2019,1.95000,1.94599,"12 Oct 2018","31 Mar 2019",2024-06-07
Karnataka,"Bengaluru Urban","Bangalore South","Dodda Thogur","Dodda Thogur","Dodda Thogur",0000373963,0007853318,250246950,"Deep Tubewell","Ground Water","Towards Main Road","TFC NAC 2018 SCP Drilling of Borewell(1 No) for Revival of Water Supply Scheme Doddathoguru 1 Habitation Doddathoguru  GP Bangalore south  Taluk",2018-2019,2.25000,2.20318,"12 Oct 2018","31 Mar 2019",2024-06-07
Karnataka,"Bengaluru Urban","Bangalore South","Dodda Thogur",Homadevanahalli,Dinnepalya,0000373973,0007853324,250246957,"Deep Tubewell","Ground Water","Towards Bannerughatta Road","TFC NAC 2018 G Drilling of Borewell(1 No) for Revival of Water Supply Scheme Dinnepalya Habitation Doddathoguru  GP Bangalore south  Taluk",2018-2019,1.74000,1.69069,"12 Oct 2018","31 Mar 2019",2024-06-07
Karnataka,"Bengaluru Urban","Bangalore South","Konappana Agrahara","Konappana Agrahara","Konappana Agrahara",0000373978,0007853328,250246961,"Deep Tubewell","Ground Water","Near Village Main Road","TFC NAC 2018 G Drilling of Borewell(1 No) for Revival of Water Supply Scheme Konappana Agrahara Habitation Konappana Agrahara GP Bangalore south  Taluk",2018-2019,2.75000,2.53695,"12 Oct 2018","31 Mar 2019",2024-06-07
Karnataka,"Bengaluru Urban","Bangalore South","Dodda Thogur",Mailasandra,Mailasandra,0000373955,0007853337,250246972,"Deep Tubewell","Ground Water","Towards Main road","TFC NAC 2018 G Drilling of Borewell(1 No) for Revival of Water Supply Scheme Mylasandra (Boal Gud Bande) Habitation Doddatoguru GP Bangalore south  Taluk",2018-2019,2.70000,2.59274,"12 Oct 2018","31 Mar 2019",2024-06-07
Karnataka,"Bengaluru Urban","Bangalore South",Channenahalli,Chennanahalli,Chennanahalli,0000374399,0007853344,250246979,"Deep Tubewell","Ground Water","Village limit","TFC NAC 2018  G of Borewell(1 No) for Revival of Water Supply Scheme at Chennanahalli 1 Habitation, Channenahalli GP, Bangalore South Tq",2018-2019,2.20000,2.19898,"12 Oct 2018","31 Mar 2019",2024-06-07
Karnataka,"Bengaluru Urban","Bangalore South",Channenahalli,Channadasipalya,Channadasipalya,0000374381,0007853354,250246988,"Deep Tubewell","Ground Water","Village limit","TFC NAC 2018  G of Borewell(1 No) for Revival of Water Supply Scheme  at Chanadasipalya  Habitation, Channenahalli GP, Bangalore South Tq",2018-2019,1.71000,1.70477,"12 Oct 2018","31 Mar 2019",2024-06-07
Karnataka,"Bengaluru Urban","Bangalore South",Taralu,Guttepalya,Guttepalya,0000374071,0007853366,250247000,"Deep Tubewell","Ground Water","Village limit","TFC NAC 2018 SCP Drilling of Borewell(1 No) for Revival of Water Supply Scheme  at guttepalya village ,taralu GP, guttepalya habitation,Banglore south taluka.",2018-2019,1.30000,0.00000,"12 Oct 2018","03 May 2023",2024-06-07
Karnataka,"Bengaluru Urban","Bangalore South",Agara,Saladoddi,Saladoddi,0000374143,0007853369,250247003,"Deep Tubewell","Ground Water","Village limit","TFC NAC 2018 SCP Drilling of Borewell(1 No) for Revival of Water Supply Scheme at Saladoddi  Habitation, Agara GP, Bangalore South Tq",2018-2019,1.80000,0.00000,"12 Oct 2018","03 May 2023",2024-06-07
Karnataka,"Bengaluru Urban","Bangalore South",Tavarekere,Basavanapalya,Basavanapalya,0000374384,0007853377,250247011,"Deep Tubewell","Ground Water","Village Limit","TFC NAC 2018  G of Borewell(1 No) for Revival of Water Supply Scheme at Basavanapalya  Habitation, Tavarekere GP, Bangalore South Tq",2018-2019,1.46000,1.45639,"12 Oct 2018","31 Mar 2019",2024-06-07
Karnataka,"Bengaluru Urban","Bangalore South",Kumbalagodu,Kambipura,Kambipura,0000374180,0007853413,250247050,"Deep Tubewell","Ground Water","Towards Main Road","TFC NAC 2018  G of Borewell(1 No) for Revival of Water Supply Scheme at Kambipura Habitation, Kumbalagodu GP, Bangalore South Tq",2018-2019,1.45000,1.44832,"12 Oct 2018","31 Mar 2019",2024-06-07
Karnataka,"Bengaluru Urban","Bangalore South","Dodda Thogur","Dodda Thogur","Dodda Thogur",0000373963,0007951981,250185501,"Deep Tubewell","Ground Water","Village limit","TFC CEO 080319 Drilling of borewell  at Vittasandrapalya village Doddathoguru G.p in Bangalore South taluk",2019-2020,2.32000,2.31275,"16 Mar 2019","03 May 2023",2024-06-07
Karnataka,"Bengaluru Urban","Bangalore South","Dodda Thogur",Bettadasanapura,Bettadasanapura,0000373960,0007952013,250263389,"Deep Tubewell","Ground Water","village limit","TFC 231019 Erection of pumpmotor and pipeline at Bettadasanapura village ,Doddathoguru GP in bangalore South Taluk",2019-2020,5.00000,4.90494,"25 Oct 2019","03 May 2023",2024-06-07
Karnataka,"Bengaluru Urban","Bangalore South","K. Golahalli",Tagachaguppe,Ramaiahanapalya,0000374176,0007952098,250185485,"Deep Tubewell","Ground Water","Colony Limit","TFC CEO 080319 Drilling of borewell at Ramaiahnapalya  village K Gollahalli  G.p in Bangalore south  Taluk",2019-2020,2.65000,2.64130,"08 Mar 2019","03 May 2023",2024-06-07
Karnataka,"Bengaluru Urban","Bangalore South",Ramohalli,Maligondanahalli,Maligondanahalli,0000374196,0007979074,250290008,"Deep Tubewell","Ground Water","village limit","SCP Revival of MWS drilling of borewell ,pump motor scheme at Malligodanahalli Village, Ramohalli GP, Bangalore South Tq.",2019-2020,7.50000,7.11161,"19 Aug 2019","03 May 2023",2024-06-07
Karnataka,"Bengaluru Urban","Bangalore South",Cholanayakanahalli,Bychaguppe,Midichaiahanapalya,0000374410,0007979464,250246670,"Deep Tubewell","Ground Water","Road Side","SP Revival of mws scheme at midachaiahnpalya v, cholanayakanahalli gp,banglore south tq.SP",2019-2020,5.00000,0.00000,"25 Nov 2019","03 May 2023",2024-06-07
Karnataka,"Bengaluru Urban","Bangalore South",Cholanayakanahalli,Cholanayakanahalli,Cholanayakanahalli,0000374414,0007979496,250246541,"Deep Tubewell","Ground Water","Right side of Main Road","Revival of mws scheme at (NEAR ALDAMARA) v, cholanayakanahalli gp,banglore south tq.SP",2019-2020,5.00000,0.32697,"24 Nov 2019","31 Mar 2020",2024-06-07
Karnataka,"Bengaluru Urban","Bangalore South",Cholanayakanahalli,Kempegowdanahalli,Kempegowdanahalli,0000374422,0007998944,250290086,"Deep Tubewell","Ground Water","village limit","CAP2 Drilling of borewell at Kempagondanahalli village, Cholanayakanahalli GP, Bangalore south Taluk",2020-2021,2.50000,2.47365,"29 May 2020","03 May 2023",2024-06-07
Karnataka,"Bengaluru Urban","Bangalore South",Kaggalipura,Kaggalipura,Kaggalipura,0000374057,0007999902,250290118,"Deep Tubewell","Ground Water","village limit","10crore Revival of PWS scheme, Drilling of Borewell, Providing Pump Motor at Kaggalipura village, Kaggalipura GP, Bangalore South Taluk",2020-2021,8.00000,6.21321,"16 Jun 2020","03 May 2023",2024-06-07
Karnataka,"Bengaluru Urban","Bangalore South",Kumbalagodu,Kambipura,"Kambipura Jhc",0000374181,0008034799,250142641,"Deep Tubewell","Ground Water","village limit","Revival of PWS scheme Providing pipeline at  Kumbalagodu 2nd Block Habitation Kumbalagudu GP Bangalore South Taluk",2019-2020,5.00000,0.00000,"18 Jun 2020","03 May 2023",2024-06-07
Karnataka,"Bengaluru Urban","Bangalore South","K. Golahalli","K. Gollahalli","K. Gollahalli",0000374164,0008035423,250143542,"Deep Tubewell","Ground Water","Near Lake","10crore  revival of pws scheme,providing pump motor and pipe line at halekere habitation, K.Gollahalli GP,Bangalore south taluk",2020-2021,7.50000,6.80783,"16 Jun 2020","03 May 2023",2024-06-07
Karnataka,"Bengaluru Urban","Bangalore South",Tavarekere,Tavarekere,"Tavarekere Jhc",0000374387,0008066452,250246626,"Deep Tubewell","Ground Water","Rangappa badavane","10crore Revival of PWS scheme drilling of borewell at Chikkaveerainapalya  village, Tavarkere GP, bangalore south Taluk",2020-2021,2.50000,2.26427,"16 Jun 2020","03 May 2023",2024-06-07
Karnataka,"Bengaluru Urban","Bangalore South",Channenahalli,Chennanahalli,Chennanahalli,0000374399,0008066489,250246636,"Deep Tubewell","Ground Water","village limit","10crore Revival of PWS scheme drilling of borewell at Jattipalya  village, Chennanehalli GP, bangalore south Taluk",2020-2021,2.50000,2.25904,"17 Jun 2020","03 May 2023",2024-06-07
Karnataka,"Bengaluru Urban","Bangalore South",Cholanayakanahalli,Cholanayakanahalli,Cholanayakanahalli,0000374414,0008066667,250246541,"Deep Tubewell","Ground Water","Right side of Main Road","10crore Revival of PWS scheme Errection of pump motor  and pipeline at  Jogerahalli village, Cholanayakanahalli GP, bangalore south Taluk",2020-2021,5.00000,4.50842,"17 Jun 2020","03 May 2023",2024-06-07
Karnataka,"Bengaluru Urban","Bangalore South",Chunchanakuppe,Chunchanakuppe,Chunchanakuppe,0000374434,0008068050,250246468,"Deep Tubewell","Ground Water","Main road","10crore Revival of PWS scheme, Providing Pump Motor at puradapalya village, chunchanakuppe GP, banglore south Taluk",2020-2021,5.00000,4.63002,"16 Jun 2020","03 May 2023",2024-06-07
Karnataka,"Bengaluru Urban","Bangalore South",Chunchanakuppe,Doddamaranahalli,Doddamaranahalli,0000374401,0008201515,250148457,"Deep Tubewell","Ground Water","Near Lake","providing water supply to school at Lakshmipura GLPS bangalore south, Bangalore urban.",2020-2021,0.20000,0.20000,"02 Dec 2020","03 May 2023",2024-06-07
Karnataka,"Bengaluru Urban","Bangalore South",Chunchanakuppe,Doddamaranahalli,Doddamaranahalli,0000374401,0008201522,250148457,"Deep Tubewell","Ground Water","Near Lake","providing water supply to school at Chikkelluru GLPS bangalore south, Bangalore urban.",2020-2021,0.19800,0.15636,"02 Dec 2020","03 May 2023",2024-06-07
Karnataka,"Bengaluru Urban","Bangalore South",Chunchanakuppe,Doddamaranahalli,Doddamaranahalli,0000374401,0008216699,250148457,"Deep Tubewell","Ground Water","Near Lake","Providing water supply to Anganwadi fitting of taps to kitchen and toilet at Doddamaranahalli Habitation Chunchanakuppe GP Bangalore South Taluk",2020-2021,0.15000,0.15000,"17 Dec 2020","03 May 2023",2024-06-07
Karnataka,"Bengaluru Urban","Bangalore South",Chunchanakuppe,Ganapathihalli,Ganapathihalli,0000374432,0008216749,5547737,"Deep Tubewell","Ground Water","Village limit","Providing water supply to Anganwadi 1 fitting of taps to kitchen and toilet at Ganapathihalli Janatha Colony 1 Chunchanakuppe GP Bangalore South Taluk",2020-2021,0.14000,0.14000,"17 Dec 2020","03 May 2023",2024-06-07
Karnataka,"Bengaluru Urban","Bangalore South",Chunchanakuppe,Lakshmipura,Lakshmipura,0000374444,0008216779,250034782,"Deep Tubewell","Ground Water","Village limit","Providing water supply to Anganwadi fitting of taps to kitchen and toilet at Lakshmipura Habitation Lakshmipura GP Bangalore South Taluk",2020-2021,0.15000,0.15000,"17 Dec 2020","03 May 2023",2024-06-07
Karnataka,"Bengaluru Urban","Bangalore South",Kaggalipura,"Saalu Hunase",Salahunse,0000374063,0008217250,5457489,"Deep Tubewell","Ground Water","Village limit","Providing water supply to Anganwadi fitting of taps to kitchen and toilet at Salunase Habitation Kaggalipura GP Bangalore South Taluk",2020-2021,0.14800,0.14800,"17 Dec 2020","03 May 2023",2024-06-07
Karnataka,"Bengaluru Urban","Bangalore South","K. Golahalli","Devagere Colony","Devegere Colony",0000374172,0008224623,250141929,"Deep Tubewell","Ground Water","Near main Road","15 cr 04022021 Revival of PWS scheme Drilling of Borewell at  Devegere habitation K Gollahalli GP Bangalore South Taluk",2020-2021,2.52000,2.27143,"21 Feb 2021","03 May 2023",2024-06-07
Karnataka,"Bengaluru Urban","Bangalore South",Kumbalagodu,Kumbalagodu,Kumbalagodu,0000374184,0008224682,250185862,"Deep Tubewell","Ground Water","Ist Block","15 cr 04022021 Revival of PWS scheme providing Pumpmotor at Kumbalagodu(near narasimha murthy house)a habitation Kumbalagodu GP Bangalore South Taluk",2020-2021,3.00000,2.99285,"21 Feb 2021","03 May 2023",2024-06-07
Karnataka,"Bengaluru Urban","Bangalore South",Ajjanahalli,Huluvenahalli,Kudusiddanapalya,0000374464,0008228677,250121170,"Deep Tubewell","Ground Water","Near Ajjanahalli","15CR 04022021Revival of PWS scheme drilling of borewell  at Chandrappa circle habitation Ajjanahalli  GP Bangalore South Taluk",2020-2021,2.20000,1.99448,"21 Feb 2021","03 May 2023",2024-06-07
Karnataka,"Bengaluru Urban","Bangalore South",Tavarekere,Tavarekere,"Tavarekere Jhc",0000374387,0008231198,250246626,"Deep Tubewell","Ground Water","Rangappa badavane","15 Cr  Revival of PWS Scheme  provididng pump motor and  laying pipe line at Thavarekere village Tavarekere Gp Banglore South Banglore Urban District",2020-2021,5.00000,4.47619,"25 Feb 2021","03 May 2023",2024-06-07
Karnataka,"Bengaluru Urban","Bangalore South",Tavarekere,Tavarekere,"Tavarekere Jhc",0000374387,0008231200,250246626,"Deep Tubewell","Ground Water","Rangappa badavane","15 Cr  Revival of PWS Scheme  provididng pump motor and  laying pipe line at Basavanapalya village Tavarekere Gp Banglore South Banglore Urban District",2020-2021,5.00000,4.98539,"25 Feb 2021","03 May 2023",2024-06-07
Karnataka,"Bengaluru Urban","Bangalore South","K. Golahalli","Devagere Colony","Devegere Colony",0000374172,0008231394,250268722,"Deep Tubewell","Ground Water","Colony Limit","10CR 10122020 Revival of PWS Scheme Providing Pump motor and Pipeline at K Gollahalli Habitation K Gollahalli GP Bangalore South Taluk",2020-2021,4.70000,4.68223,"05 Jan 2021","03 May 2023",2024-06-07
Karnataka,"Bengaluru Urban","Bangalore South",Ajjanahalli,Hunnigere,Unnigere,0000374461,0008231587,250247312,"Deep Tubewell","Ground Water","Right side of Main Road","15 cr 04022021 Revival of PWS scheme Drilling of Borewell at Huluvenahalli  habitation Ajjanahalli GP Bangalore South Taluk",2020-2021,2.25000,0.00000,"06 Feb 2021","03 May 2023",2024-06-07
Karnataka,"Bengaluru Urban","Bangalore South",Tavarekere,Tavarekere,"Tavarekere Jhc",0000374387,0008232479,250246626,"Deep Tubewell","Ground Water","Rangappa badavane","15 Cr  Revival of PWS Scheme 2no Drilling of Borewell  at Tavarekere village Tavarekere Gp Banglore South Banglore Urban District",2020-2021,4.50000,4.07900,"25 Feb 2021","03 May 2023",2024-06-07
Karnataka,"Bengaluru Urban","Bangalore South",Channenahalli,Chennanahalli,Chennanahalli,0000374399,0008232481,250246636,"Deep Tubewell","Ground Water","village limit","15 Cr  Revival of PWS Scheme  provididng pump motor and  laying pipe line at Channenahalli village Channenahalli Gp Banglore South Banglore Urban District",2020-2021,5.00000,4.46687,"25 Feb 2021","03 May 2023",2024-06-07
Karnataka,"Bengaluru Urban","Bangalore South",Nelaguli,Nettigere,Nettigere,0000374084,0008232487,250246694,"Deep Tubewell","Ground Water","Near lake","15 Cr  Revival of PWS Scheme  provididng pump motor And laying pipe line at Nettigere  village Nelaguli Gp Banglore South Banglore Urban District",2020-2021,5.00000,4.47332,"25 Feb 2021","03 May 2023",2024-06-07
Karnataka,"Bengaluru Urban","Bangalore South",Nelaguli,Nelaguli,Nelaguli,0000374103,0008232493,250246697,"Deep Tubewell","Ground Water","village limit","15 Cr  Revival of PWS Scheme Drilling of Borewell    at Hosadoddi  village Nelaguli Gp Banglore South Banglore Urban District",2020-2021,2.25000,2.02382,"25 Feb 2021","03 May 2023",2024-06-07
Karnataka,"Bengaluru Urban","Bangalore South",Cholanayakanahalli,Cholanayakanahalli,Cholanayakanahalli,0000374414,0008232494,250246541,"Deep Tubewell","Ground Water","Right side of Main Road","15 Cr  Revival of PWS Scheme  provididng pump motor And laying pipe line at Gangappanahalli  village Cholanayakanhalli  Gp Banglore South Banglore Urban District",2020-2021,5.00000,4.46999,"25 Feb 2021","03 May 2023",2024-06-07
Karnataka,"Bengaluru Urban","Bangalore South",Chunchanakuppe,Chunchanakuppe,Chunchanakuppe,0000374434,0008232503,250246468,"Deep Tubewell","Ground Water","Main road","15 Cr  Revival of PWS Scheme  provididng pump motor and  laying pipe line at Subbarayappanapalya village Chuc hanakuppe Gp Banglore South Banglore Urban District",2020-2021,4.00000,3.47808,"25 Feb 2021","03 May 2023",2024-06-07
Karnataka,"Bengaluru Urban","Bangalore South",Kaggalipura,Mallasandra,Mallasandra,0001852909,0008320318,250302096,"Deep Tubewell","Ground Water","village limit","Drilling of Borewell At  Mallasandra Habitation , Kaggalipura  Gp , Bangalore south Tq ,Bangalore Urban District",2013-2014,2.25000,2.23800,"15 Jul 2013","22 Aug 2013",2024-06-07
Karnataka,"Bengaluru Urban","Bangalore South",Kumbalagodu,Kumbalagodu,Kumbalagodu,0000374184,0007853500,250247128,"Deep Tubewell","Ground Water","Ist Block","TFC NAC 2018  G of Borewell(1 No) for Revival of Water Supply Scheme  at Kumbalagodu 3 Habitation, Kumbalagodu GP, Bangalore South Tq",2018-2019,1.50000,1.49467,"12 Oct 2018","31 Mar 2019",2024-06-07
Karnataka,"Bengaluru Urban","Bangalore South",Ajjanahalli,Madapatna,"Madapatna Akc",0000374469,0007853510,250247137,"Deep Tubewell","Ground Water","village limit","TFC NAC 2018 SCP Drilling  of borewell(01 no)  for Revival of water supply scheme at chikkanahalli Gp, madapatna Habitation,Banglore south taluka.",2018-2019,1.71000,1.70483,"12 Oct 2018","31 Mar 2019",2024-06-07
Karnataka,"Bengaluru Urban","Bangalore South",Nelaguli,Naukalpalya,Navakalpalya,0000374096,0007853553,250247169,"Deep Tubewell","Ground Water","Village limit","TFC NAC 2018  G of Borewell(1 No) for Revival of Water Supply Scheme  at Navakalpalya 2 Habitation, Somanahalli GP, Bangalore South Tq",2018-2019,2.10000,2.09558,"12 Oct 2018","31 Mar 2019",2024-06-07
Karnataka,"Bengaluru Urban","Bangalore South",Nelaguli,Ravugodlu,Ravugodlu,0000374101,0007853558,250247172,"Deep Tubewell","Ground Water","Colony Road","TFC NAC 2018  G of Borewell(1 No) for Revival of Water Supply Scheme at Ravagodlu Habitation, Somanahalli GP, Bangalore South Tq",2018-2019,1.60000,1.57293,"12 Oct 2018","31 Mar 2019",2024-06-07
Karnataka,"Bengaluru Urban","Bangalore South",Kaggalipura,"Saalu Hunase",Salahunse,0000374063,0007853567,250247177,"Deep Tubewell","Ground Water","Main Road","TFC NAC 2018 G Drilling of Borewell(1 No) for Revival of Water Supply Scheme at Salahunase SC Colony Habitation, Kaggalipura GP, Bangalore South Tq",2018-2019,1.21000,1.20798,"12 Oct 2018","31 Mar 2019",2024-06-07
Karnataka,"Bengaluru Urban","Bangalore South",Taralu,Thattaguppe,Thattaguppe,0000374077,0007853682,250247282,"Deep Tubewell","Ground Water","Village Limit Road","TFC NAC 2018  G of Borewell(1 No) for Revival of Water Supply Scheme  at Thattaguppe Habitation, Taralu GP, Bangalore South Tq",2018-2019,1.54000,1.53743,"12 Oct 2018","31 Mar 2019",2024-06-07
Karnataka,"Bengaluru Urban","Bangalore South",Taralu,Gulakamale,Gulakamale,0000374066,0007853684,250247284,"Deep Tubewell","Ground Water","Village limit","TFC NAC 2018 SCP Drilling of Borewell(1 No) for Revival of Water Supply Scheme at Gulakemale Habitation, Taralu GP, Bangalore South Tq",2018-2019,2.00000,0.00000,"12 Oct 2018","03 May 2023",2024-06-07
Karnataka,"Bengaluru Urban","Bangalore South","H. Gollahalli",Katanayakanapura,Katanayakanapura,0000374116,0007853690,250247292,"Deep Tubewell","Ground Water","Village limit","TFC NAC 2018  G of Borewell(1 No) for Revival of Water Supply Scheme at Kattanayakanapura 2 Habitation,H. Gollahalli GP, Bangalore South Tq",2018-2019,2.00000,1.99995,"12 Oct 2018","31 Mar 2019",2024-06-07
Karnataka,"Bengaluru Urban","Bangalore South",Chikkanahalli,Gollahalli,"S. Gollahalli",0000374475,0007853704,250247308,"Deep Tubewell","Ground Water","Near pond","TFC NAC 2018 SCP Drilling of Borewell(1 No) for Revival of Water Supply Scheme  at S. Gollahalli Habitation, Chikkanahalli GP, Bangalore South Tq",2018-2019,2.26000,0.00000,"12 Oct 2018","03 May 2023",2024-06-07
Karnataka,"Bengaluru Urban","Bangalore South",Chunchanakuppe,Kolur,Kolur,0000374440,0007853857,250247449,"Deep Tubewell","Ground Water","Village limit","TFC NAC 2018 SCP Drilling of Bore well(1 NO) for revival of water supply scheme At Kolur Gate Habitation Chunchanakuppe G P Banglore south",2018-2019,1.58000,1.57669,"12 Oct 2018","31 Mar 2019",2024-06-07
Karnataka,"Bengaluru Urban","Bangalore South",Chunchanakuppe,Kolur,Kolur,0000374440,0007853859,250247452,"Deep Tubewell","Ground Water","Village limit","TFC NAC 2018 SCP Drilling of Bore well(1 NO) for revival of water supply scheme At Koluru Thandya Habitation Chunchanakuppe G P Banglore south",2018-2019,1.68000,1.67920,"12 Oct 2018","31 Mar 2019",2024-06-07
Karnataka,"Bengaluru Urban","Bangalore South",Cholanayakanahalli,Bychaguppe,Bychaguppe,0000374406,0007853875,250247472,"Deep Tubewell","Ground Water","Left side of the BWSSB Line","TFC NAC 2018 SCP Drilling of Borewell(1 No) for Revival of Water Supply Scheme  at Bychaguppe 2 Habitation, Cholanayakanahalli GP, Bangalore South Tq",2018-2019,1.60000,1.59646,"12 Oct 2018","31 Mar 2019",2024-06-07
Karnataka,"Bengaluru Urban","Bangalore South",Cholanayakanahalli,Varthur,Varthur,0000374412,0007853885,250247486,"Deep Tubewell","Ground Water","Near colony","TFC NAC 2018 SCP Drilling of Borewell(1 No) for Revival of Water Supply Scheme  at Varthur Habitation, Cholanayakanahalli GP, Bangalore South Tq",2018-2019,1.26000,1.25509,"12 Oct 2018","31 Mar 2019",2024-06-07
Karnataka,"Bengaluru Urban","Bangalore South",Cholanayakanahalli,Cholanayakanahalli,Cholanayakanahalli,0000374414,0007853887,250247488,"Deep Tubewell","Ground Water","Right side of Main Road","TFC NAC 2018  G of Borewell(1 No) for Revival of Water Supply Scheme at Cholanayakanahalli 2 Habitation, Cholanayakanahalli GP, Bangalore South Tq",2018-2019,1.58000,1.57823,"12 Oct 2018","31 Mar 2019",2024-06-07
Karnataka,"Bengaluru Urban","Bangalore South",Cholanayakanahalli,Devomachohalli,Devomachohalli,0000374419,0007853890,250247491,"Deep Tubewell","Ground Water","village limit","TFC NAC 2018  G of Borewells (1 No)  for Revival of Water Supply Scheme  at Devamachanahalli (Magadi Main Road) Habitation, Cholanayakanahalli GP, Bangalore South Tq",2018-2019,2.44000,2.43504,"12 Oct 2018","31 Mar 2019",2024-06-07
Karnataka,"Bengaluru Urban","Bangalore South",Tavarekere,Tavarekere,"Chikka Kariappanapal",0001622950,0007854460,250248019,"Deep Tubewell","Ground Water","Village limit","TFC NAC 2018  G of Borewell(1 No) for Revival of Water Supply Scheme at Chikkaveeraiahanapalya(Chikkakariyappanapalya)  Habitation, Tavarekere GP, Bangalore South Tq",2018-2019,2.10000,2.09483,"12 Oct 2018","31 Mar 2019",2024-06-07
Karnataka,"Bengaluru Urban","Bangalore South",Kumbalagodu,Anchepalya,Anchepalya,0000374188,0007854465,250248024,"Deep Tubewell","Ground Water","Village Limit","TFC NAC 2018  G of Borewell(1 No) for Revival of Water Supply Scheme   at Anchepalya 1 Habitation, Kumbalagodu GP, Bangalore South Tq",2018-2019,1.99000,1.98493,"12 Oct 2018","31 Mar 2019",2024-06-07
Karnataka,"Bengaluru Urban","Bangalore South",Cholanayakanahalli,Peddanapalya,Peddanapalya,0000374405,0007854466,250248025,"Deep Tubewell","Ground Water","Village limit","TFC NAC 2018  G of Borewells (1 No)  for Revival of Water Supply Scheme at Peddanapalya (Near Sapthagiri Residency Joshi House) Habitation, Cholanayakanahalli GP, Bangalore South Tq",2018-2019,1.50000,1.49743,"12 Oct 2018","31 Mar 2019",2024-06-07
Karnataka,"Bengaluru Urban","Bangalore South","Dodda Thogur","Dodda Thogur","Dodda Thogur",0000373963,0007854468,250248027,"Deep Tubewell","Ground Water","Towards Main Road","TFC CEO 060418 Construction of RO Plant at (Repair) Doddathogur Near Velongani Habitation, Doddathogur GP (M.P.L.A.D.S)  Bangalore South Tq.",2018-2019,0.96000,0.91000,"12 Oct 2018","31 Mar 2019",2024-06-07
Karnataka,"Bengaluru Urban","Bangalore South","K. Golahalli",Devegere,Devegere,0000374171,0007854581,250248042,"Deep Tubewell","Ground Water","Village limit","TFC NAC 2018 Drilling of Borewell (1 No) for Revival of Water Supply Scheme at Devagere Habitation, K. Gollahalli GP, Bangalore South Tq.",2018-2019,1.98000,1.97994,"12 Oct 2018","31 Mar 2019",2024-06-07
Karnataka,"Bengaluru Urban","Bangalore South",Agara,Thataguni,Tataguni,0000374141,0004933478,4854354,"Deep Tubewell","Ground Water",GUPS,"School Water Supply",2012-2013,1.00000,0.91964,"10 Sep 2012","15 Mar 2013",2024-06-07
Karnataka,"Bengaluru Urban","Bangalore South",Agara,Vaderahalli,Vadderahalli,0000374132,0004933479,4854355,"Deep Tubewell","Ground Water",GUPS,"School Water Supply",2012-2013,1.00000,0.91910,"10 Sep 2012","15 Mar 2013",2024-06-07
Karnataka,"Bengaluru Urban","Bangalore South",Chunchanakuppe,Ganapathihalli,Ganapathihalli,0000374432,0005221918,5165324,"Deep Tubewell","Ground Water",Colony,"Revival of MWS",2012-2013,1.00000,0.99698,"16 Jan 2013","20 Mar 2013",2024-06-07
Karnataka,"Bengaluru Urban","Bangalore South",Chunchanakuppe,Chunchanakuppe,Chunchanakuppe,0000374434,0005221922,5165328,"Deep Tubewell","Ground Water","Main road","Revival of PWS",2012-2013,13.50000,12.38492,"28 Dec 2012","01 Mar 2014",2024-06-07
Karnataka,"Bengaluru Urban","Bangalore South",Chunchanakuppe,"C K Thandya","C.k. Thandya",0000374443,0008217257,5165360,"Deep Tubewell","Ground Water","Village limit","Providing water supply to GLPS fitting of taps to kitchen and toilet at CK Thandya Habitation Chunchanakuppe GP Bangalore South Taluk",2020-2021,0.19500,0.19500,"17 Dec 2020","03 May 2023",2024-06-07
Karnataka,"Bengaluru Urban","Bangalore South",Ramohalli,Bheemanakuppe,Bheemanakuppe,0000374190,0005221959,5165365,"Deep Tubewell","Ground Water","Colony road","Revival of PWS",2012-2013,6.50000,6.49910,"07 Jan 2013","20 Mar 2013",2024-06-07
Karnataka,"Bengaluru Urban","Bangalore South",Sullikere,Kenchanapura,Kenchanapura,0000374213,0005225259,5168744,"Deep Tubewell","Ground Water","Main road","Revival of MWS",2012-2013,9.00000,8.99949,"07 Jan 2013","20 Mar 2013",2024-06-07
Karnataka,"Bengaluru Urban","Bangalore South","K. Golahalli",Hampapura,Hampapura,0000374156,0005225347,5168834,"Deep Tubewell","Ground Water","Village limit","Revival of MWS",2012-2013,7.50000,10.64225,"10 Jan 2013","03 Mar 2014",2024-06-07
Karnataka,"Bengaluru Urban","Bangalore South","H. Gollahalli",Doddabele,"Doddabele Colony",0000374114,0005227923,5171811,"Deep Tubewell","Ground Water","Colony limit","Revival of PWS",2012-2013,5.00000,4.99588,"07 Jan 2013","20 Mar 2013",2024-06-07
Karnataka,"Bengaluru Urban","Bangalore South",Kumbalagodu,Kambipura,Kambipura,0000374180,0005227925,5171813,"Deep Tubewell","Ground Water","Colony road","Revival of MWS",2012-2013,9.00000,8.97993,"07 Jan 2013","20 Mar 2013",2024-06-07
Karnataka,"Bengaluru Urban","Bangalore South",Chikkanahalli,Dodderi,Dodderi,0000374476,0005227931,5171819,"Deep Tubewell","Ground Water","New extension","Revival of PWS",2012-2013,6.50000,3.82824,"16 Jan 2013","25 Mar 2013",2024-06-07
Karnataka,"Bengaluru Urban","Bangalore South",Ajjanahalli,Huluvenahalli,Kudusiddanapalya,0000374464,0005227932,5171820,"Deep Tubewell","Ground Water","Village limit","Revival of MWS",2012-2013,1.00000,0.99689,"16 Jan 2013","20 Mar 2013",2024-06-07
Karnataka,"Bengaluru Urban","Bangalore South",Ajjanahalli,Hunnigere,Unnigere,0000374461,0005227933,5171821,"Deep Tubewell","Ground Water","Village limit","Revival of MWS",2012-2013,1.00000,0.99689,"16 Jan 2013","20 Mar 2013",2024-06-07
Karnataka,"Bengaluru Urban","Bangalore South",Somanahalli,Somanahalli,Somanahalli,0000374089,0005363232,5300237,"Deep Tubewell","Ground Water","New Extension","Drilling of BW",2012-2013,1.00000,1.38384,"15 Mar 2013","31 Mar 2013",2024-06-07
Karnataka,"Bengaluru Urban","Bangalore South","Dodda Thogur","Dodda Thogur","Dodda Thogur",0000373963,0005363336,5300362,"Deep Tubewell","Ground Water","Village limit","Drilling of BW",2012-2013,1.60000,0.00000,"07 Mar 2013","10 May 2013",2024-06-07
Karnataka,"Bengaluru Urban","Bangalore South",Chunchanakuppe,Puradapalya,Puradapalya,0000374429,0005364492,5301500,"Deep Tubewell","Ground Water","Village limit","Drilling of BW",2012-2013,1.43000,1.43000,"22 Oct 2012","31 Mar 2013",2024-06-07
Karnataka,"Bengaluru Urban","Bangalore South","Dodda Thogur",Vittasandra,Vittasandrapalya,0000373959,0005508586,5444513,"Deep Tubewell","Ground Water","Colony limit","Revival of MWS Scheme",2013-2014,20.00000,20.00252,"20 Aug 2013","01 Mar 2014",2024-06-07
Karnataka,"Bengaluru Urban","Bangalore South",Ajjanahalli,Ajjanahalli,Ajjanahalli,0000374455,0005509800,5445736,"Deep Tubewell","Ground Water","Village limit","Revival of MWS Scheme",2013-2014,5.00000,5.29362,"15 Sep 2013","17 Mar 2014",2024-06-07
Karnataka,"Bengaluru Urban","Bangalore South",Cholanayakanahalli,Gangappanahalli,Gangappanahalli,0000374425,0005517751,5455764,"Deep Tubewell","Ground Water","Village limit","Revival of MWS Scheme",2013-2014,5.00000,4.88639,"15 Sep 2013","02 Dec 2013",2024-06-07
Karnataka,"Bengaluru Urban","Bangalore South",Ajjanahalli,Ankaiahnapalya,Ankaiahanapalya,0000374467,0005517770,5455783,"Deep Tubewell","Ground Water","Village limit","G Revival of MWS Scheme",2013-2014,5.00000,4.53317,"10 Sep 2013","30 Nov 2015",2024-06-07
Karnataka,"Bengaluru Urban","Bangalore South",Ajjanahalli,Byalalu,Byalalu,0000374474,0005517783,5455796,"Deep Tubewell","Ground Water","Village limit","Revival of MWS Scheme",2013-2014,5.00000,4.96299,"10 Sep 2013","31 Oct 2014",2024-06-07
Karnataka,"Bengaluru Urban","Bangalore South",Chikkanahalli,Uddandanahalli,Uddandanahalli,0000374482,0005517797,5455853,"Deep Tubewell","Ground Water","Village limit","Revival of MWS Scheme",2013-2014,5.00000,4.99628,"10 Sep 2013","31 Mar 2015",2024-06-07
Karnataka,"Bengaluru Urban","Bangalore South",Somanahalli,Somanahalli,Rayaradoddi,0000374091,0005519013,5457601,"Deep Tubewell","Ground Water","Village limit","Revival of MWS Scheme",2013-2014,5.00000,4.76283,"10 Sep 2013","01 Mar 2014",2024-06-07
Karnataka,"Bengaluru Urban","Bangalore South",Somanahalli,Somanahalli,Somanahalli,0000374089,0005519082,5457743,"Deep Tubewell","Ground Water","Village limit","Revival of PWS Scheme",2013-2014,5.00000,5.00801,"10 Sep 2013","31 Mar 2014",2024-06-07
Karnataka,"Bengaluru Urban","Bangalore South","K. Golahalli",Gaviyanapalya,Gaviyanapalya,0000374162,0005519222,5458020,"Deep Tubewell","Ground Water","Village limit","Revival of MWS Scheme",2013-2014,5.00000,4.58246,"10 Sep 2013","20 Mar 2014",2024-06-07
Karnataka,"Bengaluru Urban","Bangalore South","K. Golahalli",Gonipura,Gonipura,0000374158,0005519228,5458025,"Deep Tubewell","Ground Water","Village limit","Revival of MWS Scheme",2013-2014,5.00000,4.48971,"10 Sep 2013","20 Mar 2014",2024-06-07
Karnataka,"Bengaluru Urban","Bangalore South","K. Golahalli",Seegehalli,Seegehalli,0000374149,0005519238,5458045,"Deep Tubewell","Ground Water","Village limit","Revival of MWS Scheme",2013-2014,5.00000,4.97180,"12 Sep 2013","21 Jan 2014",2024-06-07
Karnataka,"Bengaluru Urban","Bangalore South",Agara,Vaderahalli,"Vadderahalli Jhc",0000374133,0005519298,5458114,"Deep Tubewell","Ground Water","Village limit","Revival of MWS Scheme",2013-2014,5.00000,4.99127,"10 Sep 2013","03 Mar 2014",2024-06-07
Karnataka,"Bengaluru Urban","Bangalore South","H. Gollahalli","H. Gollahalli","H. Gollahalli",0000374115,0005519316,5458156,"Deep Tubewell","Ground Water","Village limit","Revival of PWS Scheme",2013-2014,5.00000,5.14270,"12 Sep 2013","25 Mar 2014",2024-06-07
Karnataka,"Bengaluru Urban","Bangalore South",Channenahalli,Chennanahalli,Thubaiahanapalya,0000374390,0005546701,5499561,"Deep Tubewell","Ground Water","Village limit","G Providing Piped Water Supply Scheme",2013-2014,25.00000,20.08600,"25 Sep 2013","31 Oct 2014",2024-06-07
Karnataka,"Bengaluru Urban","Bangalore South",Ramohalli,Bheemanakuppe,"Bheemanakuppe Colony",0000374191,0005587711,5547564,"Deep Tubewell","Ground Water","Village limit","Revival of MWS Scheme",2013-2014,5.00000,5.07307,"20 Sep 2013","20 Mar 2014",2024-06-07
Karnataka,"Bengaluru Urban","Bangalore South",Ramohalli,Bheemanakuppe,"Bettanapalya Akc",0000374209,0005587759,5547636,"Deep Tubewell","Ground Water","Village limit","Revival of MWS Scheme",2013-2014,5.00000,4.87829,"15 Sep 2013","08 Jan 2014",2024-06-07
Karnataka,"Bengaluru Urban","Bangalore South",Sullikere,Dhananayakanahalli,Dhananayakanahalli,0000374215,0005587774,5547650,"Deep Tubewell","Ground Water","Village limit","Revival of MWS Scheme",2013-2014,5.00000,4.98151,"10 Sep 2013","31 Mar 2014",2024-06-07
Karnataka,"Bengaluru Urban","Bangalore South",Sullikere,Kenchanapura,Kenchanapura,0000374213,0005587786,5547675,"Deep Tubewell","Ground Water","Village limit","Revival of MWS Scheme",2013-2014,5.00000,5.08049,"15 Sep 2013","18 Mar 2014",2024-06-07
Karnataka,"Bengaluru Urban","Bangalore South",Sullikere,Ramasandra,Ramasandra,0000374214,0006942101,4792237,"Deep Tubewell","Ground Water","Near OHT","G TFC130315 Providing and Erection of Pumpset with Pipe line to Borewell at  Ramasandra Habitation,Sulikere GP, Bangalore South Taluk",2014-2015,4.00000,3.28712,"20 Apr 2015","31 Mar 2016",2024-06-07
Karnataka,"Bengaluru Urban","Bangalore South",Ramohalli,Maligondanahalli,Maligondanahalli,0000374196,0004865468,4792294,"Deep Tubewell","Ground Water","Village Limit","Revival of MWS Scheme",2012-2013,5.00000,4.99915,"15 Sep 2012","20 Mar 2013",2024-06-07
Karnataka,"Bengaluru Urban","Bangalore South",Ramohalli,Ramohalli,Ramohalli,0000374192,0004865994,4792831,"Deep Tubewell","Ground Water","Towards Main Road","Revival of MWS Scheme",2012-2013,5.00000,4.99983,"13 Sep 2012","13 Mar 2013",2024-06-07
Karnataka,"Bengaluru Urban","Bangalore South",Somanahalli,Mukkodlu,Mukkodlu,0000374080,0004866145,4792962,"Deep Tubewell","Ground Water","Colony Road","Revival of MWS Scheme",2012-2013,5.00000,4.99088,"13 Sep 2012","03 Dec 2012",2024-06-07
Karnataka,"Bengaluru Urban","Bangalore South",Kaggalipura,Uttari,Uttari,0000374054,0008217254,4793189,"Deep Tubewell","Ground Water","Main Road","Providing water supply to Anganwadi fitting of taps to kitchen and toilet at Uttari Habitation Kaggalipura GP Bangalore South Taluk",2020-2021,0.14400,0.14400,"17 Dec 2020","03 May 2023",2024-06-07
Karnataka,"Bengaluru Urban","Bangalore South",Chikkanahalli,Chikkanahalli,Pachepalya,0000374224,0004900270,4824982,"Deep Tubewell","Ground Water","Main road","Revival of MWS Scheme",2012-2013,5.00000,0.00000,"15 Sep 2012","15 Mar 2013",2024-06-07
Karnataka,"Bengaluru Urban","Bangalore South",Chunchanakuppe,Lakkaiahnapalya,Lakkaiahanapalya,0000374441,0004902491,4826867,"Deep Tubewell","Ground Water","Village limit","Revival of MWS Scheme",2012-2013,5.00000,5.02955,"15 Sep 2012","03 Dec 2012",2024-06-07
Karnataka,"Bengaluru Urban","Bangalore South",Ramohalli,Kodipalya,Kodipalya,0000374193,0004902494,4826870,"Deep Tubewell","Ground Water","Village limit","Revival of MWS Scheme",2012-2013,5.00000,4.99980,"10 Sep 2012","03 Jan 2013",2024-06-07
Karnataka,"Bengaluru Urban","Bangalore South","K. Golahalli",Kullegowdanapalya,Kullegowdanapalya,0000374165,0004902496,4826872,"Deep Tubewell","Ground Water","Village limit","G Providing Piped Water Supply Scheme",2012-2013,25.00000,24.69056,"10 Sep 2012","31 Mar 2015",2024-06-07
Karnataka,"Bengaluru Urban","Bangalore South",Kaggalipura,Pattareddipalya,Pattareddypalya,0000374058,0004902500,4826876,"Deep Tubewell","Ground Water","Village limit","Revival of MWS Scheme",2012-2013,5.00000,4.98131,"15 Sep 2012","20 Mar 2013",2024-06-07
Karnataka,"Bengaluru Urban","Bangalore South",Sullikere,Kenchanapura,Kenchanapura,0000374213,0004932581,4853464,"Deep Tubewell","Ground Water",GHPS,"School Water Supply",2012-2013,1.00000,0.99958,"10 Sep 2012","20 Mar 2013",2024-06-07
Karnataka,"Bengaluru Urban","Bangalore South","K. Golahalli","K. Gollahalli","K. Gollahalli",0000374164,0004932588,4853471,"Deep Tubewell","Ground Water",GHPS,"School Water Supply",2012-2013,1.00000,0.00000,"10 Sep 2012","20 Mar 2013",2024-06-07
Karnataka,"Bengaluru Urban","Bangalore South","K. Golahalli",Seegehalli,"Seegehalli Colony",0000374150,0006374303,250034800,"Deep Tubewell","Ground Water","Village limit","G Revival of MWS Scheme",2013-2014,6.00000,4.08412,"28 Apr 2014","01 Nov 2015",2024-06-07
Karnataka,"Bengaluru Urban","Bangalore South",Ramohalli,Bheemanakuppe,"Bheemanakuppe Ramasagara",0000374197,0006374307,250034804,"Deep Tubewell","Ground Water","Village limit","G Revival of MWS Scheme",2013-2014,6.00000,6.06200,"25 Apr 2014","01 Sep 2015",2024-06-07
Karnataka,"Bengaluru Urban","Bangalore South",Channenahalli,Kempegowdanagara,Kempegowdanagara,0000374383,0006374323,250034820,"Deep Tubewell","Ground Water","Village limit","G Revival of MWS Scheme",2013-2014,6.00000,3.94855,"27 Apr 2014","27 Mar 2015",2024-06-07
Karnataka,"Bengaluru Urban","Bangalore South",Channenahalli,"C Jattipalya","Chennanahalli Jattipalya",0000374400,0006374325,250034822,"Deep Tubewell","Ground Water","Village limit","G Revival of MWS Scheme",2013-2014,6.00000,5.91552,"29 Apr 2014","27 Mar 2015",2024-06-07
Karnataka,"Bengaluru Urban","Bangalore South",Kumbalagodu,Kumbalagodu,Kumbalagodu,0000374184,0006669761,250067754,"Deep Tubewell","Ground Water","Village limit","QA Providing Installing Commissioning of Pure Drinking Water Plant 2000lph Capacity and O and M for 7 years",2014-2015,13.45000,1.33000,"29 Jan 2014","31 Jan 2019",2024-06-07
Karnataka,"Bengaluru Urban","Bangalore South",Ramohalli,Ramohalli,Ramohalli,0000374192,0006670862,250068525,"Deep Tubewell","Ground Water","Village limit","G Improvements to Water Supply Scheme",2014-2015,10.00000,10.15918,"15 Sep 2014","01 Nov 2015",2024-06-07
Karnataka,"Bengaluru Urban","Bangalore South",Agara,Agara,Agara,0000374137,0006671066,250068705,"Deep Tubewell","Ground Water","Colony limit","G Individual House Connections",2014-2015,8.20000,6.07555,"25 Sep 2014","31 Dec 2018",2024-06-07
Karnataka,"Bengaluru Urban","Bangalore South","Konappana Agrahara","Dodda Nagamangala","Dodda Nagamangala",0000373977,0006671155,250068788,"Deep Tubewell","Ground Water","Colony limit","G Individual House Connections",2014-2015,7.80000,1.30923,"25 Sep 2014","17 Mar 2015",2024-06-07
Karnataka,"Bengaluru Urban","Bangalore South",Kumbalagodu,Kumbalagodu,"Kumbalagodu Jhc",0000374185,0006671162,250068796,"Deep Tubewell","Ground Water","Colony limit","SCP Individual House Connections",2014-2015,1.90000,1.86199,"20 Sep 2014","31 Mar 2017",2024-06-07
Karnataka,"Bengaluru Urban","Bangalore South",Ramohalli,Maligondanahalli,Maligondanahalli,0000374196,0006671168,250068801,"Deep Tubewell","Ground Water","Colony limit","SCP Individual House Connections",2014-2015,6.15000,5.59397,"25 Sep 2014","31 Dec 2018",2024-06-07
Karnataka,"Bengaluru Urban","Bangalore South",Cholanayakanahalli,Kempegowdanahalli,Kempegowdanahalli,0000374422,0006671278,250068908,"Deep Tubewell","Ground Water","Colony limit","G Individual House Connections",2014-2015,3.15000,2.82238,"20 Sep 2014","31 Dec 2018",2024-06-07
Karnataka,"Bengaluru Urban","Bangalore South",Sullikere,Kommaghatta,Kommaghatta,0000374205,0006671291,250068921,"Deep Tubewell","Ground Water","Colony limit","G Individual House Connections",2014-2015,4.95000,4.90681,"25 Sep 2014","31 Mar 2017",2024-06-07
Karnataka,"Bengaluru Urban","Bangalore South","K. Golahalli",Thippur,"Amrutha Narayana Swamy Betta",0000374155,0006686459,250073730,"Deep Tubewell","Ground Water","Village limit","Drilling of Borewell",2014-2015,1.14000,1.14104,"19 Jul 2014","07 Aug 2014",2024-06-07
Karnataka,"Bengaluru Urban","Bangalore South",Ramohalli,Ramohalli,Ramohalli,0000374192,0006686485,250073739,"Deep Tubewell","Ground Water","Near Sidaruda Ashrama","Drilling of Borewell",2014-2015,1.73000,1.72472,"19 Jul 2014","06 Aug 2014",2024-06-07
Karnataka,"Bengaluru Urban","Bangalore South",Chunchanakuppe,Chunchanakuppe,Chunchanakuppe,0000374434,0006686502,250073745,"Deep Tubewell","Ground Water","Village Limit","Drilling of Borewell",2014-2015,1.62000,1.61522,"19 Jul 2014","15 Sep 2014",2024-06-07
Karnataka,"Bengaluru Urban","Bangalore South",Chikkanahalli,Basammanahalli,Bassamanahalli,0000374225,0005235043,5179354,"Deep Tubewell","Ground Water",Someswarabetta,"Revival of MWS",2012-2013,5.00000,4.99985,"07 Jan 2013","20 Mar 2013",2024-06-07
Karnataka,"Bengaluru Urban","Bangalore South",Cholanayakanahalli,Hosapalya,"Hosapalya Cholanayakanahalli",0000374415,0005235047,5179358,"Deep Tubewell","Ground Water","Village limit","Revival of MWS",2012-2013,1.00000,1.04000,"16 Jan 2013","20 Mar 2013",2024-06-07
Karnataka,"Bengaluru Urban","Bangalore South",Cholanayakanahalli,Nagenahalli,Nagenahalli,0000374427,0005235053,5179364,"Deep Tubewell","Ground Water","Village limit","Revival of MWS",2012-2013,5.00000,4.13871,"07 Jan 2013","20 Mar 2013",2024-06-07
Karnataka,"Bengaluru Urban","Bangalore South",Cholanayakanahalli,Kempegowdanahalli,Yellapanapalya,0000374423,0005235057,5179368,"Deep Tubewell","Ground Water","Village limit","Revival of MWS",2012-2013,5.00000,0.00000,"16 Jan 2013","20 Mar 2013",2024-06-07
Karnataka,"Bengaluru Urban","Bangalore South",Agara,Banjarupalya,Banjarupalya,0000374140,0005235062,5179373,"Deep Tubewell","Ground Water","Village limit","Revival of MWS",2012-2013,4.00000,3.99802,"07 Jan 2013","20 Mar 2013",2024-06-07
Karnataka,"Bengaluru Urban","Bangalore South",Taralu,"Taralu Estate","Taralu Estate",0000374072,0005235075,5179386,"Deep Tubewell","Ground Water","Village limit","Revival of MWS",2012-2013,4.00000,3.99915,"07 Jan 2013","20 Mar 2013",2024-06-07
Karnataka,"Bengaluru Urban","Bangalore South",Tavarekere,Tavarekere,Tavarekere,0000374379,0000547852,250251224,"Deep Tubewell","Ground Water","BMH Road",villagelimit,2006-2007,3.50000,3.01000,"12 Dec 2006","21 Feb 2007",2024-06-07
Karnataka,"Bengaluru Urban","Bangalore South",Tavarekere,Tavarekere,Tavarekere,0000374379,0005225368,250251222,"Deep Tubewell","Ground Water","Village limit","Revival of PWS",2012-2013,5.50000,5.49217,"10 Jan 2013","20 Mar 2013",2024-06-07
Karnataka,"Bengaluru Urban","Bangalore South",Ajjanahalli,Madapatna,Alamanapalya,0000374472,0005355929,5292539,"Deep Tubewell","Ground Water","Village limit","Drilling of BW",2012-2013,1.00000,1.66542,"19 Mar 2013","01 Mar 2014",2024-06-07
Karnataka,"Bengaluru Urban","Bangalore South",Ajjanahalli,"Chandrappa Circle","Chandrappa Circle",0000374465,0005355936,5292545,"Deep Tubewell","Ground Water","Village limit","Drilling of BW",2012-2013,1.00000,0.83699,"19 Mar 2013","01 Mar 2014",2024-06-07
Karnataka,"Bengaluru Urban","Bangalore South",Channenahalli,"C Jattipalya","Chennanahalli Jattipalya",0000374400,0005359211,5295829,"Deep Tubewell","Ground Water","Village Limits","Drilling of BW",2012-2013,1.00000,1.86141,"19 Mar 2013","30 Mar 2013",2024-06-07
Karnataka,"Bengaluru Urban","Bangalore South",Chunchanakuppe,Doddamaranahalli,Doddamaranahalli,0000374401,0005359236,5295863,"Deep Tubewell","Ground Water",Chikkamallaiahanapalya,"Drilling of BW",2012-2013,1.00000,1.05685,"19 Mar 2013","01 Mar 2014",2024-06-07
Karnataka,"Bengaluru Urban","Bangalore South",Kumbalagodu,Kanaminake,Kanaminake,0000374177,0005359244,5295871,"Deep Tubewell","Ground Water","Village Limits","Drilling of BW",2012-2013,1.00000,2.17776,"19 Mar 2013","01 Mar 2014",2024-06-07
Karnataka,"Bengaluru Urban","Bangalore South",Sullikere,Sulikerepalya,Sullikerepalya,0000374212,0005359280,5295909,"Deep Tubewell","Ground Water","Village Limits","Drilling of BW",2012-2013,1.00000,0.99800,"19 Mar 2013","20 May 2013",2024-06-07
Karnataka,"Bengaluru Urban","Bangalore South",Cholanayakanahalli,Cholanayakanahalli,Cholanayakanahalli,0000374414,0005359366,5296001,"Deep Tubewell","Ground Water","Village Limits","Drilling of BW",2012-2013,1.00000,1.99758,"19 Mar 2013","01 Mar 2014",2024-06-07
Karnataka,"Bengaluru Urban","Bangalore South",Nelaguli,Nelaguli,Hosadoddi,0000374105,0005360167,5296817,"Deep Tubewell","Ground Water","Villoage limit","Drilling of BW",2012-2013,1.00000,1.74326,"19 Mar 2013","31 Mar 2013",2024-06-07
Karnataka,"Bengaluru Urban","Bangalore South",Channenahalli,Yelachaguppe,Yelachaguppe,0000374392,0005587900,5547810,"Deep Tubewell","Ground Water","Village limit","Revival of MWS Scheme",2013-2014,5.00000,0.00000,"15 Sep 2013","10 Feb 2014",2024-06-07
Karnataka,"Bengaluru Urban","Bangalore South",Chunchanakuppe,Kethohalli,Kethohalli,0000374433,0005587952,5547874,"Deep Tubewell","Ground Water","Village limit","Revival of PWS Scheme",2013-2014,5.00000,4.78428,"10 Sep 2013","01 Mar 2014",2024-06-07
Karnataka,"Bengaluru Urban","Bangalore South",Chunchanakuppe,Chikkelur,Chikkelur,0000374450,0005587974,5547906,"Deep Tubewell","Ground Water","Village limit","Revival of MWS Scheme",2013-2014,5.00000,5.01000,"15 Sep 2013","03 Mar 2014",2024-06-07
Karnataka,"Bengaluru Urban","Bangalore South","Dodda Thogur","Dodda Thogur","Dodda Thogur",0000373963,0005587986,5547921,"Deep Tubewell","Ground Water","Village limit","Improvements to Water Supply Scheme",2013-2014,15.00000,14.99985,"20 Sep 2013","01 Mar 2014",2024-06-07
Karnataka,"Bengaluru Urban","Bangalore South",Chunchanakuppe,Kolur,Kolur,0000374440,0005589373,5549686,"Deep Tubewell","Ground Water","Village limit","Revival of MWS Scheme",2013-2014,5.00000,4.57679,"10 Sep 2013","01 Mar 2014",2024-06-07
Karnataka,"Bengaluru Urban","Bangalore South",Agara,Lakshmipura,Lakshmipura,0000374142,0005595568,5555545,"Deep Tubewell","Ground Water","Anganawadi limit","Drinking Water Facility to Anganawadi",2013-2014,1.00000,0.99853,"10 Oct 2013","20 Mar 2014",2024-06-07
Karnataka,"Bengaluru Urban","Bangalore South",Agara,Banjarupalya,Banjarupalya,0000374140,0005605187,5567242,"Deep Tubewell","Ground Water","Anganawadi School","Drinking Water Facility to Anganawadi",2013-2014,1.00000,0.99916,"15 Sep 2013","20 Jan 2014",2024-06-07
Karnataka,"Bengaluru Urban","Bangalore South",Kaggalipura,Kaggalipura,Kaggalipura,0000374057,0005626013,5590947,"Deep Tubewell","Ground Water","Village limit","Drinking Water Facility to Anganawadi",2013-2014,1.00000,0.99974,"15 Sep 2013","02 Dec 2013",2024-06-07
Karnataka,"Bengaluru Urban","Bangalore South",Cholanayakanahalli,Kempegowdanahalli,Kempegowdanahalli,0000374422,0005626590,5591608,"Deep Tubewell","Ground Water","Village limit","Drinking Water Facility to Anganawadi",2013-2014,1.00000,0.99256,"15 Sep 2013","20 Mar 2014",2024-06-07
Karnataka,"Bengaluru Urban","Bangalore South",Nelaguli,"Kere Choodahalli","Kere Choodahalli",0000374094,0005627006,5592145,"Deep Tubewell","Ground Water","Village limit","Drinking Water Facility to Anganawadi",2013-2014,1.00000,0.99974,"25 Sep 2013","12 Mar 2014",2024-06-07
Karnataka,"Bengaluru Urban","Bangalore South",Nelaguli,Bolaare,Bolare,0000374085,0005627051,5592201,"Deep Tubewell","Ground Water","Village limit","Drinking Water Facility to Anganawadi",2013-2014,1.00000,0.99974,"22 Sep 2013","18 Mar 2014",2024-06-07
Karnataka,"Bengaluru Urban","Bangalore South","K. Golahalli",Tagachaguppe,Tagachaguppe,0000374174,0005627239,5592418,"Deep Tubewell","Ground Water","Village limit","Drinking Water Facility to Anganawadi",2013-2014,1.00000,0.99566,"22 Sep 2013","23 Oct 2014",2024-06-07
Karnataka,"Bengaluru Urban","Bangalore South","K. Golahalli",Hampapura,"Hampapura Colony",0000374157,0005627320,5592513,"Deep Tubewell","Ground Water","Village limit","Drinking Water Facility to Anganawadi",2013-2014,1.00000,0.99822,"22 Sep 2013","19 Mar 2014",2024-06-07
Karnataka,"Bengaluru Urban","Bangalore South","K. Golahalli",Thittahalli,Thittahalli,0000374148,0005627336,5592540,"Deep Tubewell","Ground Water","Village limit","Drinking Water Facility to Anganawadi",2013-2014,1.00000,0.99947,"15 Sep 2013","31 Oct 2014",2024-06-07
Karnataka,"Bengaluru Urban","Bangalore South","Konappana Agrahara","Dodda Nagamangala","Dodda Nagamangala",0000373977,0005627505,5592729,"Deep Tubewell","Ground Water","Village limit","Drinking Water Facility to Anganawadi",2013-2014,1.00000,0.99810,"22 Sep 2013","25 Mar 2014",2024-06-07
Karnataka,"Bengaluru Urban","Bangalore South",Sullikere,Hosabyrohalli,Hosabyrahalli,0000374207,0005627573,5592799,"Deep Tubewell","Ground Water","Village limit","Drinking Water Facility to Anganawadi",2013-2014,1.00000,0.99991,"25 Sep 2013","22 Feb 2015",2024-06-07
Karnataka,"Bengaluru Urban","Bangalore South",Chunchanakuppe,Ganapathihalli,Ganapathihalli,0000374432,0005627766,5593016,"Deep Tubewell","Ground Water","Village limit","Drinking Water Facility to Anganawadi",2013-2014,1.00000,0.99916,"22 Sep 2013","28 Jan 2014",2024-06-07
Karnataka,"Bengaluru Urban","Bangalore South",Agara,Thataguni,Badamanavarthekaval,0000374127,0005656785,5619696,"Deep Tubewell","Ground Water",Rajeevgandhinagara,"G Providing Piped Water Supply Scheme",2013-2014,25.00000,28.08156,"15 Sep 2013","30 Nov 2015",2024-06-07
Karnataka,"Bengaluru Urban","Bangalore South",Cholanayakanahalli,Bychaguppe,Midichaiahanapalya,0000374410,0005656813,5619730,"Deep Tubewell","Ground Water","Village limit","Revival of MWS Scheme",2013-2014,5.00000,4.88638,"15 Sep 2013","20 Mar 2014",2024-06-07
Karnataka,"Bengaluru Urban","Bangalore South",Nelaguli,"Kere Choodahalli",Chikkanapalya,0000374095,0005785455,250003892,"Deep Tubewell","Ground Water","Village limit","Revival of MWS Scheme",2013-2014,5.00000,4.94700,"10 Sep 2013","20 Mar 2014",2024-06-07
Karnataka,"Bengaluru Urban","Bangalore South",Nelaguli,Mallipalya,Mallipalya,0000374100,0005785495,250003902,"Deep Tubewell","Ground Water","Village limit","Revival of MWS Scheme",2013-2014,5.00000,4.99962,"10 Sep 2013","01 Mar 2014",2024-06-07
Karnataka,"Bengaluru Urban","Bangalore South",Cholanayakanahalli,Nagenahalli,Nagenahalli,0000374427,0005814663,250006840,"Deep Tubewell","Ground Water","Village limit","Revival of MWS Scheme",2013-2014,5.00000,4.88639,"10 Sep 2013","02 Dec 2013",2024-06-07
Karnataka,"Bengaluru Urban","Bangalore South",Chikkanahalli,Dodderi,"Guru Bhovi Palya",0000374480,0006133683,250020846,"Deep Tubewell","Ground Water","Village limit","Drilling of Borewell",2013-2014,1.47000,1.46950,"21 Jul 2013","01 Mar 2014",2024-06-07
Karnataka,"Bengaluru Urban","Bangalore South",Chunchanakuppe,"Kethohalli Rampura","Kethohalli Rampura",0000374439,0006133746,250020855,"Deep Tubewell","Ground Water","Colony limit","Drilling of Borewell",2013-2014,1.67000,1.66950,"20 Jul 2013","01 Mar 2014",2024-06-07
Karnataka,"Bengaluru Urban","Bangalore South",Agara,Doddipalya,Doddipalya,0000374129,0006134193,250020936,"Deep Tubewell","Ground Water","Village limit","Drilling of Borewell",2013-2014,1.59000,1.58980,"26 Jun 2013","01 Mar 2014",2024-06-07
Karnataka,"Bengaluru Urban","Bangalore South",Sullikere,Ramasandra,Ramasandra,0000374214,0006134253,250020947,"Deep Tubewell","Ground Water","Village limit","Drilling of Borewell",2013-2014,1.46000,1.45980,"09 Jul 2013","03 Mar 2014",2024-06-07
Karnataka,"Bengaluru Urban","Bangalore South","K. Golahalli",Thippur,Lingapura,0000374152,0006134339,250020961,"Deep Tubewell","Ground Water","Village limit","Drilling of Borewell",2013-2014,1.05000,1.04950,"12 Jul 2013","03 Mar 2014",2024-06-07
Karnataka,"Bengaluru Urban","Bangalore South",Chikkanahalli,Sulivara,Sulivara,0000374473,0006139469,250022352,"Deep Tubewell","Ground Water",NA,"Providing shelter to pure drinking water plant Sulivara  habitation",2013-2014,5.33000,4.00000,"08 Nov 2013","31 Dec 2013",2024-06-07
Karnataka,"Bengaluru Urban","Bangalore South","K. Golahalli",Thippur,Thippur,0000374151,0006139514,250022384,"Deep Tubewell","Ground Water",NA,"Providing shelter to pure drinking water plant Thippur  habitation",2013-2014,5.33000,4.00000,"08 Nov 2013","31 Dec 2013",2024-06-07
Karnataka,"Bengaluru Urban","Bangalore South",Agara,Saladoddi,Saladoddi,0000374143,0006374253,250064923,"Deep Tubewell","Ground Water","Village limit","Revival of MWS Scheme",2013-2014,6.00000,5.81836,"27 Apr 2014","18 Feb 2015",2024-06-07
Karnataka,"Bengaluru Urban","Bangalore South",Chikkanahalli,Dodderi,"Dodderi Jhc",0000374477,0006374258,250034763,"Deep Tubewell","Ground Water","Village limit","Revival of MWS Scheme",2013-2014,6.00000,5.41668,"24 Apr 2014","31 Oct 2014",2024-06-07
Karnataka,"Bengaluru Urban","Bangalore South",Chikkanahalli,Gollahalli,"S. Gollahalli",0000374475,0006374261,250034765,"Deep Tubewell","Ground Water","Village limit","Revival of MWS Scheme",2013-2014,6.00000,5.33195,"27 Apr 2014","21 Feb 2015",2024-06-07
Karnataka,"Bengaluru Urban","Bangalore South",Chikkanahalli,Chikkanahalli,Chikkanahalli,0000374222,0006374263,250034766,"Deep Tubewell","Ground Water","Village limit","Revival of MWS Scheme",2013-2014,6.00000,5.60159,"25 Apr 2014","10 Feb 2015",2024-06-07
Karnataka,"Bengaluru Urban","Bangalore South",Ajjanahalli,Huluvenahalli,Kudusiddanapalya,0000374464,0006374264,250034767,"Deep Tubewell","Ground Water","Village limit","Revival of MWS Scheme",2013-2014,6.00000,5.46352,"28 Apr 2014","09 Sep 2014",2024-06-07
Karnataka,"Bengaluru Urban","Bangalore South",Ajjanahalli,Madapatna,Vasanthanapalya,0000374470,0006374266,250034769,"Deep Tubewell","Ground Water","Village limit","Revival of MWS Scheme",2013-2014,6.00000,5.45497,"25 Apr 2014","31 Oct 2014",2024-06-07
Karnataka,"Bengaluru Urban","Bangalore South",Chunchanakuppe,"Koluru Thandya","Kolur Thandya",0000374445,0006374281,250034781,"Deep Tubewell","Ground Water","Village limit","G Revival of MWS Scheme",2013-2014,6.00000,6.44287,"27 Apr 2014","31 Mar 2015",2024-06-07
Karnataka,"Bengaluru Urban","Bangalore South",Chunchanakuppe,Lakshmipura,Lakshmipura,0000374444,0006374283,250034782,"Deep Tubewell","Ground Water","Village limit","G Revival of MWS Scheme",2013-2014,6.00000,5.63422,"28 Apr 2014","05 Jan 2015",2024-06-07
Karnataka,"Bengaluru Urban","Bangalore South","H. Gollahalli",Katanayakanapura,Katanayakanapura,0000374116,0006374291,250034788,"Deep Tubewell","Ground Water","Village limit","Revival of MWS Scheme",2013-2014,6.00000,5.82375,"27 Apr 2014","09 Sep 2014",2024-06-07
Karnataka,"Bengaluru Urban","Bangalore South",Kaggalipura,Kaggalipura,Kaggalipura,0000374057,0006374293,250034790,"Deep Tubewell","Ground Water","Village limit","Revival of MWS Scheme",2013-2014,6.00000,5.99908,"29 Apr 2014","02 Jul 2014",2024-06-07
Karnataka,"Bengaluru Urban","Bangalore South","K. Golahalli",Gangasandra,Lakshmipura,0000374163,0006374298,250034795,"Deep Tubewell","Ground Water","Village limit","G Revival of MWS Scheme",2013-2014,6.00000,6.11235,"28 Apr 2014","01 Nov 2015",2024-06-07
Karnataka,"Bengaluru Urban","Bangalore South",Sullikere,Sulikerepalya,Sullikerepalya,0000374212,0003926615,3795317,"Deep Tubewell","Ground Water","Towards Village Limits","Revival of MWS",2011-2012,5.00000,0.00000,"21 Aug 2011","25 Jan 2012",2024-06-07
Karnataka,"Bengaluru Urban","Bangalore South","K. Golahalli",Devegere,Nityanandanagara,0000374170,0004768520,4697350,"Deep Tubewell","Ground Water","Near Village Road","MWS at Nityanandanagar",2011-2012,5.00000,4.99000,"31 Dec 2011","31 Mar 2012",2024-06-07
Karnataka,"Bengaluru Urban","Bangalore South",Agara,Agara,Agara,0000374137,0004856671,4783735,"Deep Tubewell","Ground Water","Near Main Road","Providing Piped Water Supply Scheme",2012-2013,25.00000,0.00000,"03 Sep 2012","05 Feb 2014",2024-06-07
Karnataka,"Bengaluru Urban","Bangalore South","Konappana Agrahara","Konappana Agrahara","Konappana Agrahara",0000373978,0004861561,4788550,"Deep Tubewell","Ground Water","Towards Extension Area","Revival of PWS Scheme",2012-2013,15.00000,0.00000,"22 Aug 2012","25 Feb 2013",2024-06-07
Karnataka,"Bengaluru Urban","Bangalore South",Cholanayakanahalli,Cholanayakanahalli,Cholanayakanahalli,0000374414,0004863493,4790469,"Deep Tubewell","Ground Water","Right side of Main Road","Revival of PWS Scheme",2012-2013,5.00000,4.99502,"15 Sep 2012","20 Mar 2013",2024-06-07
Karnataka,"Bengaluru Urban","Bangalore South",Cholanayakanahalli,Marenahalli,Marenahalli,0000374426,0004863526,4790499,"Deep Tubewell","Ground Water","Right side of the Village road","Revival of MWS Scheme",2012-2013,2.00000,0.00000,"12 Sep 2012","20 Feb 2013",2024-06-07
Karnataka,"Bengaluru Urban","Bangalore South",Cholanayakanahalli,Bychaguppe,"Lakshmipura Bychaguppe",0000374408,0004863556,4790528,"Deep Tubewell","Ground Water","Left side of Village Road","Revival of MWS Scheme",2012-2013,5.00000,4.99982,"15 Sep 2012","23 Mar 2013",2024-06-07
Karnataka,"Bengaluru Urban","Bangalore South",Chikkanahalli,Sulivara,Sulivara,0000374473,0004863597,4790568,"Deep Tubewell","Ground Water","Tank Bed","Revival of MWS Scheme",2012-2013,4.50000,0.00000,"22 Sep 2012","20 Mar 2013",2024-06-07
Karnataka,"Bengaluru Urban","Bangalore South",Ajjanahalli,Byalalu,Byalalu,0000374474,0004863630,4790601,"Deep Tubewell","Ground Water","Right side of Main Road","Revival of MWS Scheme",2012-2013,5.00000,4.99815,"20 Sep 2012","25 Feb 2013",2024-06-07
Karnataka,"Bengaluru Urban","Bangalore South",Ajjanahalli,Hunnigere,Unnigere,0000374461,0004863639,4790608,"Deep Tubewell","Ground Water","Right side of Main Road","Revival of MWS Scheme",2012-2013,5.00000,4.99988,"12 Sep 2012","02 Jan 2013",2024-06-07
Karnataka,"Bengaluru Urban","Bangalore South",Ajjanahalli,Ajjanahalli,Ajjanahalli,0000374455,0004863664,4790629,"Deep Tubewell","Ground Water","Right side of Main Road","Revival of MWS Scheme",2012-2013,3.00000,0.00000,"08 Sep 2012","15 Feb 2013",2024-06-07
Karnataka,"Bengaluru Urban","Bangalore South",Tavarekere,Basavanapalya,Basavanapalya,0000374384,0004864771,4791625,"Deep Tubewell","Ground Water","Village Limit","Revival of MWS Scheme",2012-2013,5.00000,4.99436,"14 Sep 2012","23 Mar 2013",2024-06-07
Karnataka,"Bengaluru Urban","Bangalore South",Channenahalli,Honnaganahatti,Honnaganahatti,0000374398,0004864799,4791650,"Deep Tubewell","Ground Water","Yelachaguppe Road","Revival of MWS Scheme",2012-2013,5.00000,4.99998,"17 Sep 2012","15 Mar 2013",2024-06-07
Karnataka,"Bengaluru Urban","Bangalore South",Chunchanakuppe,Subbarayappanapalya,"Subbarayappanapalya A",0000374452,0007150218,4791713,"Deep Tubewell","Ground Water","Village Limit","G BESCOM  Revival of MWS Scheme",2015-2016,0.38000,0.00000,"25 Oct 2015","31 Mar 2016",2024-06-07
Karnataka,"Bengaluru Urban","Bangalore South",Chunchanakuppe,Kolur,"Kolur Shed",0000374442,0006686505,250073747,"Deep Tubewell","Ground Water","At Kolur Colony","Drilling of Borewell",2014-2015,1.65000,1.48118,"19 Jul 2014","05 Jan 2015",2024-06-07
Karnataka,"Bengaluru Urban","Bangalore South",Chunchanakuppe,Chikkelur,Chikkelur,0000374450,0007574077,250170822,"Deep Tubewell","Ground Water","Village limit","TFC221116 Redrilling of Borewell at Chikkelluru habitation, Chunchanaguppe GP, Bangalore South Taluk",2016-2017,1.50000,1.49652,"15 Jan 2017","28 Feb 2018",2024-06-07
Karnataka,"Bengaluru Urban","Bangalore South",Cholanayakanahalli,Ganakal,Ganakal,0000374418,0007574091,250170831,"Deep Tubewell","Ground Water","Village limit","TFC221116 Providing Additional Pipeline to Ganakal habitation, Cholanayakanahalli GP, Bangalore South Taluk",2016-2017,3.00000,2.99781,"15 Jan 2017","28 Feb 2019",2024-06-07
Karnataka,"Bengaluru Urban","Bangalore South","K. Golahalli",Tagachaguppe,Ramaiahanapalya,0000374176,0007637241,250185479,"Deep Tubewell","Ground Water","Colony Limit","TFC220217 Drilling of Borewell at kodigehalli Habitation, kodigehalli GP, Bangalore North Taluk",2016-2017,3.65000,0.00000,"05 May 2017","03 May 2023",2024-06-07
Karnataka,"Bengaluru Urban","Bangalore South","K. Golahalli",Tagachaguppe,Ramaiahanapalya,0000374176,0007637245,250185480,"Deep Tubewell","Ground Water","Colony Limit","TFC220217 Drilling of Borewell at Ramaiahnapalya Habitation, K Gollahalli GP, Bangalore South Taluk",2016-2017,3.65000,0.00000,"05 May 2017","03 May 2023",2024-06-07
Karnataka,"Bengaluru Urban","Bangalore South","K. Golahalli",Chinnakurchi,Chinnakurchi,0000374147,0007637274,250185488,"Deep Tubewell","Ground Water","Near Sanjeevaiah Land","TFC220217 Drilling of Borewell at Chinnakuchi Habitation, K Gollahalli GP, Bangalore South Taluk",2016-2017,1.90000,1.89160,"05 May 2017","28 Feb 2019",2024-06-07
Karnataka,"Bengaluru Urban","Bangalore South",Channenahalli,Honnaganahatti,Honnaganahatti,0000374398,0007637303,250185494,"Deep Tubewell","Ground Water","Village limit","TFC220217 Drilling of Borewell at Honaganahatti Habitation, Channenahalli GP, Bangalore South Taluk",2016-2017,1.80000,1.78735,"05 May 2017","28 Feb 2019",2024-06-07
Karnataka,"Bengaluru Urban","Bangalore South","H. Gollahalli","H. Gollahalli","H. Gollahalli",0000374115,0007639268,250185841,"Deep Tubewell","Ground Water","New extension","TFC220217 Providing and Erection of Pump and Motor to the Borewell in H. Gollahalli Habitation, H. Gollahalli GP, Bangalore South Taluk",2016-2017,2.00000,1.99992,"05 May 2017","28 Feb 2019",2024-06-07
Karnataka,"Bengaluru Urban","Bangalore South",Ajjanahalli,Prasannacharipalya,Prasannacharipalya,0000374462,0007639328,250185851,"Deep Tubewell","Ground Water","Village limit","TFC220217 Providing and Erection of Pump and Motor to the Borewell in Prasannacharipalya Habitation, Cholanayakanahalli GP, Bangalore South Taluk",2016-2017,2.80000,2.77502,"05 May 2017","28 Feb 2019",2024-06-07
Karnataka,"Bengaluru Urban","Bangalore South",Nelaguli,Bolaare,Bolare,0000374085,0007706010,250196513,"Deep Tubewell","Ground Water","Village limit","TFC170417 Drilling of Borewell at Bolare Habitation, Nelagulli GP, Bangalore South Taluk",2017-2018,1.92000,1.87786,"10 Jul 2017","31 Mar 2019",2024-06-07
Karnataka,"Bengaluru Urban","Bangalore South",Taralu,Thattaguppe,Thattaguppe,0000374077,0007706054,250196515,"Deep Tubewell","Ground Water","Village limit","TFC170417 Drilling of Borewell at Thattaguppe Habitation, Taralu GP, Bangalore South Taluk",2017-2018,1.27000,1.26772,"10 Jul 2017","31 Mar 2019",2024-06-07
Karnataka,"Bengaluru Urban","Bangalore South","K. Golahalli",Gudimavu,Gudimavu,0000374173,0007706135,250196522,"Deep Tubewell","Ground Water","Village Limit","TFC170417 Drilling of Borewell at Gudimavu Habitation, K. Gollahalli GP, Bangalore South Taluk",2017-2018,1.30000,1.29845,"10 Jul 2017","31 Mar 2019",2024-06-07
Karnataka,"Bengaluru Urban","Bangalore South",Kumbalagodu,Kumbalagodu,Kumbalagodu,0000374184,0007739543,250205283,"Deep Tubewell","Ground Water","village limit","WPP12 Gen (3000 Series) Kumbalagodu near Basavakendra Habitation, Kumbalagodu G.P, Bangalore SouthTaluk, Bangalore Urban District",2017-2018,12.00000,9.63303,"25 Nov 2017","31 Mar 2019",2024-06-07
Karnataka,"Bengaluru Urban","Bangalore South",Sullikere,Sullikere,Sullikere,0000374211,0007739544,250205284,"Deep Tubewell","Ground Water","village limit","WPP13 SCP (3000 Series) Sullikere Habitation, Sullikere G.P, Bangalore SouthTaluk, Bangalore Urban District",2017-2018,12.00000,9.63235,"25 Nov 2017","31 Mar 2019",2024-06-07
Karnataka,"Bengaluru Urban","Bangalore South",Chikkanahalli,Chikkanahalli,Chikkanahalli,0000374222,0007739547,250205285,"Deep Tubewell","Ground Water","village limit","WPP14 Gen (3000 Series) Chikkanahalli Habitation, Sullikere G.P, Bangalore South Taluk, Bangalore Urban District",2017-2018,12.00000,9.63208,"25 Nov 2017","31 Mar 2019",2024-06-07
Karnataka,"Bengaluru Urban","Bangalore South","K. Golahalli",Gudimavu,Gudimavu,0000374173,0007739809,250205372,"Deep Tubewell","Ground Water","village limit","WPP30 Gen (3000 Series) Gudimavu Habitation, K Gollahalli G.P, Bangalore SouthTaluk, Bangalore Urban District",2017-2018,12.00000,9.70976,"25 Nov 2017","31 Mar 2019",2024-06-07
Karnataka,"Bengaluru Urban","Bangalore South","K. Golahalli",Hampapura,Hampapura,0000374156,0007528178,250143611,"Deep Tubewell","Ground Water","village limit","G Revival of MWS scheme at Hampapura Habitation,K Gollahalli GP, Bangalore south taluk",2016-2017,10.00000,0.00000,"01 Sep 2016","03 May 2023",2024-06-07
Karnataka,"Bengaluru Urban","Bangalore South",Channenahalli,Yelachaguppe,Yelachaguppe,0000374392,0007528283,250143704,"Deep Tubewell","Ground Water","Near Lake","SCP Providing Piped water Supply Scheme(Construction of OHT and House Hold Connection HH 40) at Yalaguppe Habitation, Tavarekere GP, Bangalore South Taluk.",2016-2017,30.00000,24.07419,"30 Sep 2016","03 May 2023",2024-06-07
Karnataka,"Bengaluru Urban","Bangalore South",Sullikere,Ramasandra,Ramasandra,0000374214,0007528585,250143942,"Deep Tubewell","Ground Water","village limit","G Revival of PWS scheme at Ramasandra Habitation,Sulikere GP, Bangalore south taluk",2016-2017,10.00000,7.66532,"01 Sep 2016","31 Mar 2018",2024-06-07
Karnataka,"Bengaluru Urban","Bangalore South",Kaggalipura,"A K Colony","Kaggalipura Akc",0000374060,0007528586,250143943,"Deep Tubewell","Ground Water","Near Lake","G Providing Piped water Supply Scheme(Construction of OHT) at  Kaggalipura AKC Habitation, Kaggalipura GP, Bangalore South Taluk.",2016-2017,25.00000,12.40155,"30 Sep 2016","03 May 2023",2024-06-07
Karnataka,"Bengaluru Urban","Bangalore South",Kumbalagodu,Hosapalya,Hosapalya,0000374179,0007528628,250143984,"Deep Tubewell","Ground Water","Near Village main road","G Providing Piped water Supply Scheme(Construction of OHT) at  Hosapalya Habitation, Kumbalagodu GP, Bangalore South Taluk.",2016-2017,25.00000,11.50056,"30 Sep 2016","03 May 2023",2024-06-07
Karnataka,"Bengaluru Urban","Bangalore South",Chunchanakuppe,Karekalpalya,Karekalpalya,0000374402,0007528673,250144026,"Deep Tubewell","Ground Water","Near Lake","G Providing Piped water Supply Scheme(Construction of OHT) at  Karekalpalya Habitation, Chunchanakuppe GP, Bangalore South Taluk.",2016-2017,25.00000,23.81460,"30 May 2016","03 May 2023",2024-06-07
Karnataka,"Bengaluru Urban","Bangalore South",Agara,Lakshmipura,Lakshmipura,0000374142,0007528981,250144314,"Deep Tubewell","Ground Water","Near Lake","SCP Revival of MWS Scheme and House Hold Connection(HH 30) at Lakshmipura Habitation, Agara GP, Bangalore South",2016-2017,6.00000,4.75367,"30 Sep 2016","03 May 2023",2024-06-07
Karnataka,"Bengaluru Urban","Bangalore South",Chunchanakuppe,Kethohalli,Kethohalli,0000374433,0007529017,250144348,"Deep Tubewell","Ground Water","Near Lake","SCP Revival of PWS Scheme  at Kethohalli Habitation,Chunchanakuppe GP, Bangalore South",2016-2017,6.00000,4.87797,"30 Sep 2016","03 May 2023",2024-06-07
Karnataka,"Bengaluru Urban","Bangalore South",Kaggalipura,Pattareddipalya,Pattareddypalya,0000374058,0007530044,250145422,"Deep Tubewell","Ground Water","village limit","G Revival of MWS scheme at Pattareddypalya Habitation,Kaggalipura GP, Bangalore south taluk",2016-2017,7.00000,5.29000,"01 Sep 2016","03 May 2023",2024-06-07
Karnataka,"Bengaluru Urban","Bangalore South",Ramohalli,Challaghatta,Challaghatta,0000374189,0007530063,250145442,"Deep Tubewell","Ground Water","village limit","G Revival of PWS scheme at Challaghatta Habitation,Ramohalli GP, Bangalore south taluk",2016-2017,7.00000,6.52546,"01 Sep 2016","31 Mar 2018",2024-06-07
Karnataka,"Bengaluru Urban","Bangalore South",Ajjanahalli,Madapatna,Vasanthanapalya,0000374470,0007531666,250146911,"Deep Tubewell","Ground Water","Near lake","TSP Revival of MWS Scheme and House Hold Connection(HH 15) at Vasanthanapalya Habitation, Chikkanahalli G.P.,Bangalore South Taluk.",2016-2017,5.50000,4.45851,"30 Sep 2016","31 Dec 2018",2024-06-07
Karnataka,"Bengaluru Urban","Bangalore South",Sullikere,Kenchanapura,Kenchanapura,0000374213,0007532036,250147225,"Deep Tubewell","Ground Water","village limit","G Revival of MWS scheme at Kenchanapura Habitation,Sulikere GP, Bangalore south taluk",2016-2017,8.00000,7.47490,"01 Sep 2016","28 Feb 2019",2024-06-07
Karnataka,"Bengaluru Urban","Bangalore South",Kumbalagodu,Kumbalagodu,Kumbalagodu,0000374184,0007532677,250147823,"Treated Surface Water","Surface Water","Water from Manchanabele Dam","G MVS Preparation DPR for Providing MVS Scheme to Kumbalagodu and other 32 Villages in Bangalore South Taluk, Bangalore urban District",2016-2017,10.00000,7.91365,"30 Sep 2016","03 May 2023",2024-06-07
Karnataka,"Bengaluru Urban","Bangalore South",Taralu,Gulakamale,Gulakamale,0000374066,0007532740,250147890,"Deep Tubewell","Ground Water","Near Village road","SCP Revival of MWS Scheme at Gulakamale Habitation, Taralu G P, Bangalore South",2016-2017,6.00000,4.24814,"30 Sep 2016","31 Jan 2019",2024-06-07
Karnataka,"Bengaluru Urban","Bangalore South",Nelaguli,Gudipalya,Gudipalya,0000374097,0007573561,250170407,"Deep Tubewell","Ground Water","Village limit","TFC221116 Drilling of Borewell at Gudipalya habitation, Somanahalli GP, Bangalore South Taluk",2016-2017,1.12000,1.11809,"15 Jan 2017","28 Feb 2018",2024-06-07
Karnataka,"Bengaluru Urban","Bangalore South",Taralu,Thattaguppe,Thattaguppe,0000374077,0007573585,250170429,"Deep Tubewell","Ground Water","Village limit","TFC221116 Drilling of Borewell at Thattaguppe habitation, Tharalu GP, Bangalore South Taluk",2016-2017,1.81000,1.80828,"15 Jan 2017","28 Feb 2018",2024-06-07
Karnataka,"Bengaluru Urban","Bangalore South","K. Golahalli",Kullegowdanapalya,Srinivasapura,0000374168,0007573665,250170507,"Deep Tubewell","Ground Water","Village limit","TFC221116 Drilling of Borewell at Srinivasapura habitation, K Gollahalli GP, Bangalore South Taluk",2016-2017,1.66000,1.65750,"15 Jan 2017","28 Feb 2018",2024-06-07
Karnataka,"Bengaluru Urban","Bangalore South",Kaggalipura,Dinnepalya,Dinnepalya,0000374055,0007573733,250170559,"Deep Tubewell","Ground Water","Village limit","TFC221116 Drilling of Borewell at Dinnepalya habitation, Kaggalipura GP, Bangalore South Taluk",2016-2017,2.20000,2.19410,"15 Jan 2017","28 Feb 2018",2024-06-07
Karnataka,"Bengaluru Urban","Bangalore South",Ramohalli,Maragondanahalli,Maragondanahalli,0000374200,0007573931,250170710,"Deep Tubewell","Ground Water","village limit","TFC221116 Drilling of Borewell at Maragondanahalli habitation, Ramohalli GP, Bangalore South Taluk",2016-2017,1.64000,1.63795,"15 Jan 2017","28 Feb 2018",2024-06-07
Karnataka,"Bengaluru Urban","Bangalore South",Kaggalipura,Baadekatte,Baddekate,0000374056,0006999863,250083752,"Deep Tubewell","Ground Water","Near Main Road","G TFC050515 Drilling of Borewell 2 at Badhekatte Habitation, Kaggalipura G.P",2015-2016,2.00000,1.99988,"21 Jul 2015","31 Mar 2016",2024-06-07
Karnataka,"Bengaluru Urban","Bangalore South",Agara,Hosapalya,Hosapalya,0000374146,0007151387,250090934,"Deep Tubewell","Ground Water",village,"SC COLONY  Revival of  MWS Scheme",2015-2016,8.00000,0.00000,"25 Oct 2015","31 Mar 2016",2024-06-07
Karnataka,"Bengaluru Urban","Bangalore South","Dodda Thogur","Dodda Thogur","Dodda Thogur",0000373963,0007163814,250093267,"Deep Tubewell","Ground Water",village,"SC COLONY Revival of  MWS Scheme",2015-2016,10.00000,0.00000,"25 Oct 2015","31 Mar 2016",2024-06-07
Karnataka,"Bengaluru Urban","Bangalore South","Dodda Thogur",Homadevanahalli,Homadevanahalli,0000373972,0007163831,250093275,"Deep Tubewell","Ground Water",village,"SC COLONY Revival of  MWS Scheme",2015-2016,8.00000,0.00000,"25 Oct 2015","31 Mar 2016",2024-06-07
Karnataka,"Bengaluru Urban","Bangalore South",Sullikere,Kenchanapura,Kenchanapura,0000374213,0007167729,250093349,"Deep Tubewell","Ground Water",village,"SC COLONY  Providing Piped water supply scheme",2015-2016,20.00000,0.00000,"25 Oct 2015","31 Mar 2016",2024-06-07
Karnataka,"Bengaluru Urban","Bangalore South",Channenahalli,Honnaganahatti,Honnaganahatti,0000374398,0007208743,250098169,"Deep Tubewell","Ground Water",village,"QA Drilling of BW,Errection of Pumpset with Pipe line and Energisation",2015-2016,10.00000,0.00000,"25 Oct 2015","31 Mar 2016",2024-06-07
Karnataka,"Bengaluru Urban","Bangalore South",Agara,Byrasandra,Byrasandra,0000374144,0007232901,250101963,"Deep Tubewell","Ground Water",village,"SC COLONY Providing piped water supply scheme",2015-2016,15.00000,0.00000,"25 Oct 2015","31 Mar 2016",2024-06-07
Karnataka,"Bengaluru Urban","Bangalore South",Agara,Hosapalya,Hosapalya,0000374146,0007406998,250121116,"Deep Tubewell","Ground Water","village limit","TFC190316 Drilling of Borewell  at Hosapalya Habitation Agara GP Bangalore South Taluk",2016-2017,2.14000,2.14000,"12 Apr 2016","28 Feb 2018",2024-06-07
Karnataka,"Bengaluru Urban","Bangalore South",Chikkanahalli,Chikkanahalli,Chikkanahalli,0000374222,0007407011,250121125,"Deep Tubewell","Ground Water",Mayasandra,"TFC19.03.2016 Drilling of Borewell at Mayasandra Habitation in Chikkanahalli G.P. Bangalore SouthTaluk.",2016-2017,1.60000,0.00000,"12 Apr 2016","03 May 2023",2024-06-07
Karnataka,"Bengaluru Urban","Bangalore South",Chikkanahalli,Chikkanahalli,Chikkanahalli,0000374222,0007407043,250121142,"Deep Tubewell","Ground Water",NA,"TFC190316 Drilling of Borewell at Mayasandra Habitation,Chikkanahalli GP, Bangalore South Taluk",2016-2017,1.60000,0.00000,"12 Apr 2016","03 May 2023",2024-06-07
Karnataka,"Bengaluru Urban","Bangalore South",Chunchanakuppe,Chunchanakuppe,Chunchanakuppe,0000374434,0007407216,250121239,"Deep Tubewell","Ground Water","Village limit","TFC190316 Drilling of Borewell  at Jaypura Habitation Chunchanakuppe GP Bangalore South Taluk",2016-2017,1.53000,1.53000,"12 Apr 2016","28 Feb 2018",2024-06-07
Karnataka,"Bengaluru Urban","Bangalore South",Chunchanakuppe,Chunchanakuppe,Chunchanakuppe,0000374434,0007407228,250121257,"Deep Tubewell","Ground Water","kanakanagar colony","TFC190316 Drilling of Borewell at Kanakanagar colony Chunchuguppe GP Bangalore South Taluk",2016-2017,1.63000,1.63000,"12 Apr 2016","02 Sep 2016",2024-06-07
Karnataka,"Bengaluru Urban","Bangalore South","Konappana Agrahara",Govindashettipalya,Govindashettipalya,0000373979,0007407281,250121286,"Deep Tubewell","Ground Water","Near KIADB Park","TFC190316 Drilling of Borewell at Govindashettypalya Habitation, KonapanaAgarahara GP, South Taluk",2016-2017,2.40000,2.36000,"12 Apr 2016","02 Sep 2016",2024-06-07
Karnataka,"Bengaluru Urban","Bangalore South","Dodda Thogur",Bettadasanapura,Bettadasanapura,0000373960,0007407299,250121296,"Deep Tubewell","Ground Water","village limit","TFC190316 Drilling of Borewell at BettaDasanapura Habitation, Dodda thoguru GP, South Taluk",2016-2017,4.30000,4.28000,"12 Apr 2016","02 Sep 2016",2024-06-07
Karnataka,"Bengaluru Urban","Bangalore South","Dodda Thogur",Homadevanahalli,Homadevanahalli,0000373972,0007407304,250121300,"Deep Tubewell","Ground Water","village limit","TFC190316 Drilling of Borewell at HommaDevanahalli Habitation, DoddaThoguru GP, South Taluk",2016-2017,3.30000,3.29000,"12 Apr 2016","02 Sep 2016",2024-06-07
Karnataka,"Bengaluru Urban","Bangalore South",Taralu,Gulakamale,Gulakamale,0000374066,0007525885,250141649,"Deep Tubewell","Ground Water","Village Limit","SCP Revival of MWS Scheme  At Gulakamale Village, Taralu GP, Bangalore South",2016-2017,7.00000,0.00000,"01 Sep 2016","03 May 2023",2024-06-07
Karnataka,"Bengaluru Urban","Bangalore South",Channenahalli,Puttaiahnapalya,Puttaiahanapalya,0000374382,0007526096,250141848,"Deep Tubewell","Ground Water","Near lake","G Revival of MWS scheme at Puttaiahanapalya Habitation,Tavarekere GP, Bangalore south taluk",2016-2017,7.00000,7.58761,"01 Sep 2016","31 Jan 2019",2024-06-07
Karnataka,"Bengaluru Urban","Bangalore South",Channenahalli,Yelachaguppe,Yelachaguppe,0000374392,0006848581,250075566,"Deep Tubewell","Ground Water","Near Tank","TFC 20.10.2014 Drilling of Borewell in YELACHAGUPPE Habitation",2014-2015,1.32000,1.30711,"10 Dec 2014","26 Mar 2015",2024-06-07
Karnataka,"Bengaluru Urban","Bangalore South",Nelaguli,Nelaguli,Nelaguli,0000374103,0006848596,250075577,"Deep Tubewell","Ground Water","Near Nala","TFC 20.10.2014 Drilling of Borewell in NELAGULI Habitation",2014-2015,1.42000,1.41987,"10 Dec 2014","26 Mar 2015",2024-06-07
Karnataka,"Bengaluru Urban","Bangalore South",Somanahalli,Somanahalli,Somanahalli,0000374089,0006848598,250075578,"Deep Tubewell","Ground Water","Near main Road","TFC 20.10.2014 Drilling of Borewell-1No in SOMANAHALL Habitation",2014-2015,1.90000,1.68765,"10 Dec 2014","09 Feb 2015",2024-06-07
Karnataka,"Bengaluru Urban","Bangalore South",Taralu,Taralu,Taralu,0000374070,0006849049,250075803,"Deep Tubewell","Ground Water","Near nala","TFC 20.10.2014 Drilling of Borewell-1No in TARALU Habitation",2014-2015,1.50000,1.22570,"10 Dec 2014","09 Feb 2015",2024-06-07
Karnataka,"Bengaluru Urban","Bangalore South",Taralu,Taralu,Taralu,0000374070,0006849053,250075805,"Deep Tubewell","Ground Water","Near nala","TFC 20.10.2014 Drilling of Borewell-2 Nos TARALU Habitation",2014-2015,1.60000,1.37345,"10 Dec 2014","09 Feb 2015",2024-06-07
Karnataka,"Bengaluru Urban","Bangalore South",Taralu,"Nallakana Doddi",Nalakaiahanadoddi,0000374068,0006849059,250075808,"Deep Tubewell","Ground Water","Near nala","TFC 20.10.2014 Drilling of Borewell in NALAKAIAHANADODDI Habitation",2014-2015,1.50000,1.43284,"10 Dec 2014","09 Feb 2015",2024-06-07
Karnataka,"Bengaluru Urban","Bangalore South",Ajjanahalli,Hunnigere,Unnigere,0000374461,0006849437,250075881,"Deep Tubewell","Ground Water","Near Bellappa Field","TFC 20.10.2014 Drilling of Borewell in UNNIGERE Habitation",2014-2015,1.60000,1.03963,"10 Dec 2014","16 Feb 2015",2024-06-07
Karnataka,"Bengaluru Urban","Bangalore South",Chikkanahalli,Chikkanahalli,Shanthinagara,0000374223,0006849456,250075885,"Deep Tubewell","Ground Water","Near tank bed","TFC 20.10.2014 Drilling of Borewell",2014-2015,1.80000,0.00000,"10 Dec 2014","10 Feb 2015",2024-06-07
Karnataka,"Bengaluru Urban","Bangalore South",Chunchanakuppe,Doddamaranahalli,Doddamaranahalli,0000374401,0006849549,5592996,"Deep Tubewell","Ground Water","Village limit","TFC 20.10.2014 Errection of Pumpset with Pipe line and Energisation to revival of MWS in DODDAMARANAHALLI Habitation",2014-2015,3.80000,3.38036,"10 Dec 2014","09 Mar 2015",2024-06-07
Karnataka,"Bengaluru Urban","Bangalore South","H. Gollahalli","H. Gollahalli","H. Gollahalli",0000374115,0006849560,250075903,"Deep Tubewell","Ground Water","Near Gurumurthy House","G TFC 20.10.2014 Errection of Pumpset with Pipe line and Energisation to revival of PWS in H. GOLLAHALLI Habitation",2014-2015,3.50000,3.14279,"10 Dec 2014","01 Aug 2015",2024-06-07
Karnataka,"Bengaluru Urban","Bangalore South",Cholanayakanahalli,Cholanayakanahalli,Cholanayakanahalli,0000374414,0006849599,250075906,"Deep Tubewell","Ground Water","Near  chikkanana temple","G TFC 20.10.2014 Errection of Pumpset with Pipe line and Energisation to revival of MWS in CHOLANAYAKANAHALLI	 Habitation",2014-2015,3.40000,5.09315,"10 Dec 2014","30 Nov 2015",2024-06-07
Karnataka,"Bengaluru Urban","Bangalore South","Dodda Thogur","Dodda Thogur","Dodda Thogur",0000373963,0006849605,250075962,"Deep Tubewell","Ground Water","Near nala","G TFC 20.10.2014 Drilling of Borewell in DODDA THOGUR Habitation",2014-2015,2.30000,2.15576,"10 Dec 2014","01 Aug 2015",2024-06-07
Karnataka,"Bengaluru Urban","Bangalore South",Taralu,Guttepalya,Guttepalya,0000374071,0006942160,5457460,"Deep Tubewell","Ground Water","Near existing Mini tank","G TFC130315 Providing  Erection of Pumpset with Pipe line to Borewell at Guttepalya Habitaion Taralu GP  Bangalore South Taluk",2014-2015,4.50000,4.34974,"20 Apr 2015","30 Nov 2015",2024-06-07
Karnataka,"Bengaluru Urban","Bangalore South","Dodda Thogur","Dodda Thogur","Dodda Thogur",0000373963,0006943827,250080224,"Deep Tubewell","Ground Water","Near Burial Ground","G TFC130315 Drilling of Borewell at  Doddathogur  Habitaion, Doddathogur GP, Bangalore South Taluk",2014-2015,2.25000,1.99131,"20 Apr 2015","01 Aug 2015",2024-06-07
Karnataka,"Bengaluru Urban","Bangalore South","Konappana Agrahara","Dodda Nagamangala","Dodda Nagamangala",0000373977,0006999404,250083701,"Deep Tubewell","Ground Water","Near Doddanagamangala Main Road","G TFC050515 Drilling of Borewell 2 at Doddanagamangala Habitation, Konappana Agrahara G.P",2015-2016,0.85000,0.84908,"21 Jul 2015","31 Mar 2016",2024-06-07
Karnataka,"Bengaluru Urban","Bangalore South","Dodda Thogur","Dodda Thogur","Dodda Thogur",0000373963,0006999427,250083704,"Deep Tubewell","Ground Water","Near Village Main Road","G TFC050515 Drilling of Borewell with Electrification at Doddathoguru Habitation, Doddathoguru G.P",2015-2016,2.20000,0.00000,"21 Jul 2015","31 Jan 2016",2024-06-07
Karnataka,"Bengaluru Urban","Bangalore South",Kumbalagodu,Gerupalya,Gerupalya,0000374186,0006999594,250083720,"Deep Tubewell","Ground Water","Near Road","G TFC050515 Drilling of Borewell 1 at Gerupalya Habitation, Kumbalagodu G.P",2015-2016,1.74000,1.73894,"21 Jul 2015","31 Mar 2016",2024-06-07
Karnataka,"Bengaluru Urban","Bangalore South",Somanahalli,Somanahalli,Somanahalli,0000374089,0006999716,250083744,"Deep Tubewell","Ground Water","Near Main Road","G TFC050515 Drilling of Borewell 2 at Somanahalli Habitation, Somanahalli G.P",2015-2016,1.95000,1.94552,"21 Jul 2015","01 Dec 2015",2024-06-07
Karnataka,"Bengaluru Urban","Bangalore South",Kaggalipura,"Saalu Hunase",Salahunse,0000374063,0006999723,250083745,"Deep Tubewell","Ground Water","Near Colony","G TFC050515 Drilling of Borewell  at Saluhunase Habitation, Kaggalipura G.P",2015-2016,1.24000,1.23269,"21 Jul 2015","30 Oct 2015",2024-06-07
