"id","url","name","posted_date","amenities","price","price_per_sq_ft","currency","description","seo_description","landmark_details","landmark_details/0","landmark_details/1","landmark_details/2","landmark_details/3","landmark_details/4","landmark_details/5","landmark_details/6","landmark_details/7","landmark","location","owner_name","company_name","carpet_area","land_area_unit","balconies","bathrooms","facing","floors","city_name","bedrooms","address","covered_area","carp_area_unit","cov_area_unit","operating_since","image_url"
"81312827","20500-Sq-ft-Commercial-Office-Space-FOR-Sale-whitefield-in-Bangalore&id=4d423831333132383237"," Commercial Office Space for Resale in Whitefield","2025-09-10T11:19:55.000Z","Air Conditioned,Internet/Wi-Fi Connectivity,RO Water System,Service/Goods Lift,Visitor Parking,Wheelchair Accessibility,Conference Room,Fire Sprinklers","246000000","12000","₹","Premium commercial office space with toptier amenities, located in a prime tech park addressperfect for modern businesses.","Business cum office space is available for sale on a good deal in whitefield with different 20500 square feet options and at a competitive ?24.60 Cr. With the right fit, the positioning of the 1 floors of the building suits your business needs. Making it comfortable for each office space unit holder, it offers 2 washrooms. An extra benefit is a Wet Pantry/Cafeteria area that comes as an addition to the offerings. This office space has 13 covered parking spaces for you to comfortably place your vehicles.",,"19201|Fitness Furniture","19201|Green City - Super Market","19202|Holy Cross School","19202|Chrysalis High","19203|Vydehi Hospital Multi Speciality","19203|Sri Sathya Sai Super Speciality Hospital","19210|Hope Farm Circle Bus Stop","19210|Kadugodi Bus Stop","Kundanahalli Metro station","12.9680475,77.739097","Fidelitus Corp",,"16400",,,"2","North - East","4","Bangalore",,"Bangalore, Karnataka",,,"12800",,"https://img.staticmb.com/mbphoto/property/cropped_images/2025/Sep/10/Photo_h180_w240/81312827_2_hatsAppImage20250910at4.47.09PM_180_240.jpeg"
"79581819","4500-Sq-ft-Commercial-Office-Space-FOR-Sale-Mahatma-Gandhi-Road-in-Bangalore&id=4d423739353831383139"," Commercial Office Space for Resale in Mahatma Gandhi Road","2025-09-08T23:45:30.000Z","Internet/Wi-Fi Connectivity,RO Water System,Service/Goods Lift,Visitor Parking,Intercom Facility,Wheelchair Accessibility,Fire Sprinklers","90000000","20000","₹","Commercial Office Space for sale at MG Road Bangalore Central Multistoried Commercial Complex 4315 Sq.ft Un Furnished with 6 Reserved Car parking in basement with Lift, 100 percent Back up Generator, CCTV Cameras, Price 9 Crs plus Car park Excluding Registration  We also have office spaces of different sizes furnished unfurnished plug and Play at different locations to suit your requirements across Bangalore call us for complete commercial real estate solutions in Bangalore.  Regal Property Serviceswww.regalpropertyservices.in","At a competitive ₹9 Cr, this office space is on sale with a decent 4500 square feet in the Mahatma Gandhi Road. By paying the Rs 5000000 you can easily block your office space. With the right fit, the positioning of the 10 floors of the building suits your business needs. The office space offers about 3 washrooms. Additionally, the office space also offers a Wet Pantry/Cafeteria area. For the convenience of the users, this office space comes with ample 6 covered parking spaces.",,"19201|Prestige  Meridian","19202|Moulana Azad Model School","19202|St Joseph s College of Business Administration","19203|Geriatric Care","19210|Trinity Metro Station, Bangalore","19210|MG Road Metro Station, Bangalore",,,"Close to Mg Road Metro statin Bangalore Central","12.97467669,77.61000455","Regal Property Services","Regal Property Services","4315","12850",,"3","East","10","Bangalore",,"Bangalore, Karnataka","4500",,"12800","1999","https://img.staticmb.com/mbphoto/property/cropped_images/2025/May/28/Photo_h180_w240/79581819_4_000147494_180_240.jpg"
"81083921","9000-Sq-ft-Commercial-Office-Space-FOR-Sale-HAL-Old-Airport-Road-in-Bangalore&id=4d423831303833393231"," Commercial Office Space for Resale in HAL Old Airport Road","2025-08-25T13:53:43.000Z","Service/Goods Lift,Visitor Parking,Conference Room","112500000","12500","₹","Its a commercial bareshell office space available in old aiport road. The unit is available in 3rd and 4th floor and has a lift with security. This office is well suitable for companies.","A well known office space is located in the prime area of HAL Old Airport Road and spread across a 9000 square feet and at a right ₹11.25 Cr fit. One can book this space by paying a minimum Rs 1000000. The office is located on a premium floor 4 of the structure. Making it comfortable for each office space unit holder, it offers 6 washrooms. An extra benefit is a Assured Returns of 5% per annum area that comes as an addition to the offerings. This office space has 4 covered parking spaces for you to comfortably place your vehicles.",,"19202|Bharati Vidyalaya Day Care",,,,,,,,,"12.95713316,77.67437979","Infimax Advisors ","Infimax Advisors Pvt. Ltd","7200","12850",,"6","West","4","Bangalore",,"Bangalore, Karnataka","9000",,"12800","2009","https://img.staticmb.com/mbphoto/property/cropped_images/2025/Aug/25/Photo_h180_w240/81083921_3_d7bbedfc36240d5b013d3a1850282cf.v1_180_240.jpg"
"80633525","4400-Sq-ft-Commercial-Office-Space-FOR-Sale-Domlur-in-Bangalore&id=4d423830363333353235"," Commercial Office Space for Resale in Vaswani Augusta at Domlur, Domlur","2025-07-25T05:20:00.000Z",,"110000000","25000","₹","Tenanted Commercial Office space in the Heart of the City of Bangalore with rental returns4400sft fetching 5.79 lakhs rent per month","Business cum office space is available for sale on a good deal in Domlur with different 4400 square feet options and at a competitive ₹11 Cr. This office space is located in a well known commercial complex named Vaswani Augusta. One can book this space by paying a minimum Rs 1000000. The office is located on floor 1 of the structure. The office space offers about 4 washrooms. For your ease, a Assured Returns of 10% per annum area in this office space offering value benefits. With multiple parking options, you can easily park your vehicle nearby as there are 3 covered parking slots.",,"19202|Sheila Kothavala Institute for the Deaf","19202|Mainpal University","19203|Apollo 27 Hospital","19203|Xeviar Dental Clinic","19210|Dr BR Ambedkar Bus Terminal Domlur Bus Stop",,,,"near EGL Domlur","12.96100799,77.63889862","Thyagaraj","Sand Rock","4100","12850",,"4","North","8","Bangalore",,"Bangalore, Karnataka","4400",,"12800",,"https://img.staticmb.com/mbphoto/property/cropped_images/2025/Jul/25/Photo_h180_w240/80633525_3_a1_180_240.jpeg"
"80638883","3215-Sq-ft-Commercial-Office-Space-FOR-Sale-Marathahalli-in-Bangalore&id=4d423830363338383833"," Commercial Office Space for New Property in Marathahalli","2025-09-07T23:45:30.000Z","Air Conditioned,Internet/Wi-Fi Connectivity,RO Water System,Service/Goods Lift,Visitor Parking,Intercom Facility,Wheelchair Accessibility,Conference Room,Fire Sprinklers","51400000","15988","₹","Project Overview Premium Grade A commercial property located in Marathahalli, Bangalore, offering fully managed preleased office spaces designed for steady rental income and longterm growth. Ideal for investors looking for lowrisk commercial real estate with guaranteed returns. Property Type Preleased commercial office spaces under a fully managed investment model. Key Investment Highlights Assured rental income with 9.75 percent annual ROI and 15 percent rental escalation every 3 years. Preleased to reputed corporate clients, ensuring stability Zero maintenance cost","A well known office space is located in the prime area of Marathahalli and spread across a 3215 square feet and at a right ₹5.14 Cr fit. To initiate the purchase of the office space you need to only pay a booking fee of Rs 1000000. With the right fit, the positioning of the 5 floors of the building suits your business needs. Conveniently crafted and positioned there are about 4 washrooms in this office space. As a part of additional amenities, there is a Assured Returns of 9.5% per annum area in this office as well. With about 4 covered parking slots, this office space offers ease for its users to park their vehicles.",,"19201|Intel Technology India Pvt Ltd","19201|MiAMi Super Market","19202|NPS School","19202|Hal Gnanajyoti School","19203|Jeevika Hospital","19203|MGA Hospital","19210|Bellandur Road Railway Station","19210|Marathahalli Bridge","Just 200 meters from upcoming Marathahalli Metro Station ORR Metro","12.9579717,77.6914752","Aryan Realtor","Aryan Realtor",,,,"4","East","5","Bangalore",,"Bangalore, Karnataka","3215",,"12800",,"https://img.staticmb.com/mbphoto/property/cropped_images/2025/Jul/25/Photo_h180_w240/80638883_2_2_180_240.jpg"
"81202833","600-Sq-ft-Commercial-Office-Space-FOR-Sale-Vijayanagar-Stage-1-in-Bangalore&id=4d423831323032383333"," Commercial Office Space for Resale in Stage 1 Vijayanagar","2025-09-03T11:31:32.000Z",,"6000000","10000","₹","  Commercial Office Space is available for Sale in Stage 1 Vijayanagar, Bangalore for 60.0 Lac(s)","This office space is for sale in Vijayanagar Stage 1, is positioned across a sizable portion of 600 square feet, and is listed at a competitive price of ₹60 Lac. Conveniently crafted and positioned there are about 1 washrooms in this office space.",,"19202|New Cambridge High School","19203|Manasa Hospital",,,,,,,,"12.97198911,77.54263139","Rachanamadhyastha ",,"600",,,"1","South","2","Bangalore",,"Bangalore, Karnataka","600",,"12800",,"https://img.staticmb.com/mbphoto/property/cropped_images/2025/Sep/03/Photo_h180_w240/81202833_7_1756899111515-4078_180_240.jpg"
"80027719","16000-Sq-ft-Commercial-Office-Space-FOR-Sale-Hebbal-in-Bangalore&id=4d423830303237373139"," Commercial Office Space for Resale in Umiya Velociti at Hebbal","2025-08-24T23:35:09.000Z","Air Conditioned,Internet/Wi-Fi Connectivity,RO Water System,Service/Goods Lift,Visitor Parking,Intercom Facility,Wheelchair Accessibility,Conference Room,Fire Sprinklers","176000000","11000","₹","Excellent property for investment with the great connectivity.","A well known office space is located in the prime area of Hebbal and spread across a 16000 square feet and at a right ₹17.60 Cr fit. This office is strategically located in the prominent commercial complex of Umiya Velociti. One can book this space by paying a minimum Rs 2500000. The office is located on floor 1 of the structure. Ample of > 10 washrooms are available in this office space. In addition, there is a Assured Returns of 5% per annum area in this office which is an added benefit. To comfortably park your vehicles ample 10 covered parking spaces are available here.",,"19201|Brigade Opus","19202|Kidzee","19202|Ses High School","19203|Medax Hospitals","19203|Bangalore Baptist Hospital","19210|Bhuvaneshwari Bus Stop","19210|Kanaka Nagar Bus Stop",,,"13.0349961,77.5981732","Santosh","S2 Milkyway Links","15500","12850",,,"North - East","6","Bangalore",,"Bangalore, Karnataka",,,"12800",,"https://img.staticmb.com/mbimages/project/Photo_h310_w462/2021/12/31/Project-Photo-1-Umiya-Velociti-Bangalore-5130519_1125_2000_310_462.jpg"
"78981169","8874-Sq-ft-Commercial-Office-Space-FOR-Sale-Richmond-Town-in-Bangalore&id=4d423738393831313639"," Commercial Office Space for Resale in Richmond Town, Richmond Town","2025-07-12T23:45:27.000Z","RO Water System,Visitor Parking,Fire Sprinklers","200000000","22538","₹","A prime investment in the heart of Bangalores CBDthis rare ground floor unit in a landmark building comes with a signed tenant, interiors underway, and rent starting July 1st. With 5 annual escalation, strong visibility, and high footfall, it promises steady income and excellent appreciation potential.","At a competitive ₹20 Cr, this office space is on sale with a decent 8874 square feet in the Richmond Town. By paying the Rs 200000000 you can easily block your office space. For your business, this office space is the best place as it is positioned on the 1 floors of the building. The office space offers about 4 washrooms. For your ease, a Property Currently Leased Out area in this office space offering value benefits. With multiple parking options, you can easily park your vehicle nearby as there are 5 covered parking slots.",,"19202|Jain University School Of Sciences","19202|WLC College India","19203|Sankarambal Nursing Home","19203|Dentizz Hospital.","19210|Baiyyappanahali Railway Station",,,,"Close to Richmond Town","12.962554,77.604187","Sevenraj","Sevenrajs Estate Agency","6478",,,"4","North","7","Bangalore",,"Bangalore, Karnataka","8874",,"12800",,
"73920929","2832-Sq-ft-Commercial-Office-Space-FOR-Sale-Hoodi-Main-Road-in-Bangalore&id=4d423733393230393239"," Commercial Office Space for New Property in Hoodi Main Road","2025-09-06T22:30:36.000Z","Air Conditioned,Internet/Wi-Fi Connectivity,RO Water System,Visitor Parking,Wheelchair Accessibility,Conference Room","29000000","10240","₹","Office space with rental income of 1.5L  3 Years contact with 1 year Lockin . Assured returns on your rental investment","Situated in the commercial hub of Hoodi Main Road, this prime office space has a ample of 2832 square feet and ₹2.90 Cr options to choose from. While one would like to book an office space, a minimum booking fee of Rs 50000 to be shell out. A decent number of 4 washrooms are available in this workplace space. For your convenience, a Virtual Space Option area in this office space is another value add.",,"19203|Meghana Nursing Home Hospital",,,,,,,,"Hoodi Railway Station","12.99200612,77.71569216","Prasad",,"2650","12850",,"4","East","3","Bangalore",,"Bangalore, Karnataka","2832",,"12800",,"https://img.staticmb.com/mbphoto/property/cropped_images/2025/Mar/14/Photo_h180_w240/73920929_13_PropertyImage1741961747946_180_240.jpg"
"69023089","2084-Sq-ft-Commercial-Office-Space-FOR-Sale-Shanti-Nagar-in-Bangalore&id=4d423639303233303839"," Commercial Office Space for Resale in Shanti Nagar","2025-09-09T17:35:01.000Z","Air Conditioned,Internet/Wi-Fi Connectivity,Intercom Facility,Conference Room","26800000","12860","₹","Discover an incredible opportunity to elevate your business in the heart of Bangalore. This office space, located in the prestigious Shanti Nagar area, offers a prime location for your business needs. With modern amenities, convenient access, and a thriving business environment, this office space is your gateway to success. Don't miss out on this rare chance to secure your place in this thriving business district.Property SpecificationsSpanning an impressive super area of 2084 square feet, this meticulously designed office space is ready to accommodate your business needs in style. The carpet area of 1600 square feet ensures efficient utilization of space while maintaining a comfortable and spacious ambiance. Fully furnished, this office space caters to your diverse requirements. It boasts 4 private cabins, 3 open cabins, a well-appointed boardroom, a dedicated discussion room, a convenient wet pantry for refreshments, 2 washrooms, and even a store room for your storage needs. That is not all, there are 8 workstations and an inviting reception cum waiting area. Comfort is paramount with 6 separate air conditioning units, including 3 two-ton and 3 one-and-a-half-ton ACs, ensuring climate control tailored to your preferences. The vitrified tile flooring throughout the office uplifts the overall proficient look, while two meeting rooms feature carpet flooring, for a touch of sophistication.This office space is best suited for a regional office, offering the ideal environment for your business to thrive in the bustling Shanti Nagar area of Bangalore.FacilitiesParking is hassle-free with 2 dedicated spaces and the property is also supported by 24 hour water supply, DG set for power backup, and security personnel to keep a close watch on/around the premises. Also, a lift is present to help people access the floors without any hassle.LocalityThis office space in Shanti Nagar, Bangalore, is conveniently located near the HDFC Bank (Shantinagar) and the KSRTC Corporate Office. You'll find hospitals, malls, restaurants, and major banks like HDFC, ICICI, Kotak, and Axis Bank in the vicinity. Public transport is efficient with a nearby bus stop, KSRTC Depot, and a metro station within a 2-kilometer radius. The closest railway station is the Majestic Railway Station in Central Bangalore, ensuring excellent connectivity for your business needs.","Business cum office space is available for sale on a good deal in Shanti Nagar with different 2084 square feet options and at a competitive ₹2.68 Cr. Ample of 2 washrooms are available in this office space. An extra benefit is a Wet Pantry/Cafeteria area that comes as an addition to the offerings.",,"19202|Egment International Pre School","19202|Nirmala Girls High School","19203|Amma Hospital And Dental Care","19203|Yellamma Dasappa Hospital","19210|Langford Town Metro Station",,,,,"12.95612448,77.59931028","GEORGE JOHN",,"1532",,,"2","East","4","Bangalore",,"Bangalore, Karnataka","2084",,"12800",,"https://img.staticmb.com/mbphoto/property/cropped_images/2023/Sep/15/Photo_h180_w240/69023089_16_iuresh13_180_240.jpg"
"52251687","2900-Sq-ft-Commercial-Office-Space-FOR-Sale-Peenya-Industrial-Area-Phase-2-in-Bangalore&id=4d423532323531363837"," Commercial Office Space for Resale in Phase 2 Peenya","2025-09-08T17:35:02.000Z","Bar/Lounge,Visitor Parking","25000000","8621","₹","Expediently located in Peenya Industrial Area, Bangalore is a commercial office space of 2900 sqft that is open to investment options. If you are an investor that looks at the bigger picture, then this investment promises a stable recurring income when given on rent and can even generate a greater resale value. With the coming of age of rapidly growing industries, it is rest assured that this office space will be occupied in no time. So hurry, cash in and book it soon to bear the tasteful fruits of this worthy investment. Note: This property is up for sale as well as available on a rental basis. Property specifications and facilities Located on the 1st floor of a single storey building, this commercial space is furnished to your advantage, adding more value to your investment since settling in would be faster than usual. The office space features 7 cabins, an AC for a cool ambience, a reception area with seating arrangements and can accommodate 80 workstations. Chairs and tables are also available and moreover, this is a plug and play office which makes installation process easier and quicker. There are 2 neatly maintained washrooms available and apart from that, this east facing property is best suitable for setting up any commercial office. Furthermore, to enhance the look of the office space, vitrified tiles have been used for the flooring. There is a covered parking space to safely park vehicles and other facilities like round the clock water supply, 100% power backup, security with the help of CCTV and 1 lift have been provided. This ensures you have a smooth functioning and safe living environment. LocalityTo cater to any medical needs or emergencies, the hospital is located at a distance of 7km from the property. Any kind of shopping requirements can also be fulfilled with the Orion Mall being 7km away as well. Banks and ATMs as well as public transports are easily available within the vicinity whereas the metro station is 3km away and the railway station is 5km away.","At a competitive ₹2.50 Cr, this office space is on sale with a decent 2900 square feet in the Peenya Industrial Area Phase 2. By paying a booking fee of Rs 0, you can purchase this office space. There are about 2 washrooms in this workplace space. For your ease, a 1 Covered ,5 Open Parking(s) area in this office space offering value benefits. To comfortably park your vehicles ample 1 covered, 5 open parking spaces are available here.",,"19210|Peeny Industry (Green Line) Metro Station",,,,,,,,"Near  Kotak Mahindra Bank","13.0349164,77.522796","Naveen",,"2610",,,"2","North - East","1","Bangalore",,"Bangalore, Karnataka","2900",,"12800",,"https://img.staticmb.com/mbphoto/property/cropped_images/2020/Nov/30/Photo_h180_w240/52251687_12_PropertyImage1606735750661_180_240.jpg"
"75874815","2800-Sq-ft-Commercial-Office-Space-FOR-Sale-4th-T-Block-East-in-Bangalore&id=4d423735383734383135"," Commercial Office Space for Resale in 4th T Block East Jayanagar","2025-09-09T17:35:02.000Z",,"30000000","10714","₹","  Commercial Office Space is available for Sale in 4th T Block East Jayanagar, Bangalore for 3.0 Crore(s)","Situated in the commercial hub of 4th T Block East, this prime office space has a ample of 2800 square feet and ₹3 Cr options to choose from. This office space is positioned on the 4 floor of the building. A decent number of 3 washrooms are available in this workplace space.",,"19202|National Public School","19203|Ramakrishna Hospital",,,,,,,,"12.92600335,77.59159844","Uday Kumar",,,,,"3",,"4","Bangalore",,"Bangalore, Karnataka","2800",,"12800",,"https://img.staticmb.com/mbphoto/property/cropped_images/2024/Nov/08/Photo_h180_w240/75874815_4_9f3f1ee53634df29dc0e594d06151ef_180_240.jpg"
"74850013","945-Sq-ft-Commercial-Office-Space-FOR-Sale-GD-Layout-in-Bangalore&id=4d423734383530303133"," Commercial Office Space for Resale in Gd Layout, Vidyaranyapura","2025-09-01T17:35:01.000Z","Internet/Wi-Fi Connectivity","15500000","16402","₹","Unlock the potential of your business with this prime Office Space available for sale GD Layout, Vidyaranyapura, Bangalore. This spacious, well-designed office comes with modern facilities and ample parking space, ensuring a comfortable work environment. Surrounded by a thriving residential and commercial neighborhood, this office is your gateway to success in one of Bangalore’s up-and-coming business areas. Don’t miss this chance—schedule a site visit today!Property Specifications Spanning an impressive super built-up area of 945 sq ft, this ground-floor property in a single-storeyed building offers an open hall layout, making it the ideal canvas for your commercial vision. This freehold office space is thoughtfully designed to provide a versatile environment for various commercial purposes. The open hall format allows for flexible configuration, enabling you to tailor the layout to suit your business needs. With an east-facing orientation, the office receives ample natural light throughout the day, creating an inviting atmosphere. A dedicated washroom ensures convenience for staff and visitors alike, making this office space both practical and appealing. The property features vitrified tile flooring, enhancing both aesthetics and functionality. With its unfurnished state, you have the freedom to design the interior to reflect your brand and operational needs.Facilities This property is equipped with essential amenities that cater to modern business requirements. Open parking is available, providing hassle-free access for both employees and clients. The office space benefits from a reliable water supply and a 100% power backup facility, ensuring uninterrupted operations. Security is prioritized with the installation of CCTV cameras, offering peace of mind in this bustling area. Locality This office space is located at the rear end of the Anjaneya Temple which serves as the nearest landmark. Moreover, the surrounding area is well-developed, with some of the well-known schools, and prominent hospitals dotted at 1km. Additionally, there are many famous shopping malls, and supermarkets all within a short distance, making it convenient for employees and clients. Public transport options are readily available, enhancing connectivity to various parts of the city. Additionally, the Kodigehalli Railway Station is just 1 km away, further facilitating easy commutes.","This office space is for sale in GD Layout, is positioned across a sizable portion of 945 square feet, and is listed at a competitive price of ₹1.55 Cr. The office space offers about 1 washrooms.",,,,,,,,,,,"13.0716388,77.56259464","vivek",,"1080",,,"1","East","1","Bangalore",,"Bangalore, Karnataka","945",,"12800",,"https://img.staticmb.com/mbphoto/property/cropped_images/2024/Sep/16/Photo_h180_w240/74850013_1_IMG20180207WA00031_180_240.jpg"
"43799577","2720-Sq-ft-Commercial-Office-Space-FOR-Sale-Lal-Bagh-Main-Road-in-Bangalore&id=4d423433373939353737"," Commercial Office Space for Resale in Lal Bagh Main Road","2025-09-08T17:35:02.000Z",,"17000000","6250","₹"," This Commercial Office Space is located at 4th floor in a building of total 4 floors. The Commercial Office Space construction is above 20 years. ","Situated in the commercial hub of Lal Bagh Main Road, this prime office space has a ample of 2720 square feet and ₹1.70 Cr options to choose from. The office space offers about 3 washrooms.",,"19202|Al Ameen College",,,,,,,,,"12.95915273,77.58687485","D V Prabhu",,,,,"3",,"4","Bangalore",,"Bangalore, Karnataka","2720",,"12800",,"https://img.staticmb.com/mbphoto/property/cropped_images/2023/Feb/15/Photo_h180_w240/c0c8022-4846-46e3-837c-6a12135866d6_43799577_180_240.jpg"
"59758491","11000-Sq-ft-Commercial-Office-Space-FOR-Sale-Yelachenahalli-in-Bangalore&id=4d423539373538343931"," Commercial Office Space for Resale in Yelachenahalli, Kumaraswamy Layout, Kanakapura Road","2025-09-07T17:35:01.000Z","Visitor Parking","40000000","3636","₹","Up for sale in the prime commercial areas of Bangalore is a massive commercial office space. This property is near J P Nagar 6 th Phase, Kanakapura Main Road and ideal for setting up ventures related to garments, IT or any other industries.  So, if you have been planning to start your own business and seeking an ideal destination for the same, then this property is the one you should definitely go for.Property SpecificationsOccupying a super area of 11000 sqft and a carpet area of 3550 sqft, this commercial office space is on the 3rd floor of a 3-storey building. Facing the south-west direction, this property is built as per the vaastu rules to ensure financial prosperity and overall growth.Strategically located, this office space features an open hall which can be tailored as per one’s business requirements, which is an added advantage. Also, there is a dry pantry and 10 washrooms for the ease of the staff. To offer a cool working ambience in all seasons, 4 ACs are installed.To give this office space a neat and proficient look; superior quality vitrified tiles are covered on the flooring of the entire premises.FacilitiesVehicles can be parked at ease as 2-3 open parking spaces are available for the same. There is a lift to access respective floors without any hassle.LocalitySited just 500m from Yelachenahalli Metro Station, this commercial property is 10km from Bangalore Railway Station. Public transport regularly ply to/from this area so commuting will not be a concern for the people working here.Other amenities like hospitals, hotels and restaurants are within 500m and Metro Cash and Carry is at a distance of 1km. Banking and financial services can be availed quickly as leading banks/ATMs are within the vicinity.","A well known office space is located in the prime area of Yelachenahalli and spread across a 11000 square feet and at a right ₹4 Cr fit. By paying the Rs 1000000 you can easily block your office space. Making it comfortable for each office space unit holder, it offers 10 washrooms.",,"19202|Narayana E","19210|Yelachenahalli Metro Station, Bangalore",,,,,,,"Hdfc bank","12.9004281,77.570505","Sai Kumar",,"9000",,,"10","South -West","3","Bangalore",,"Bangalore, Karnataka",,,"12800",,"https://img.staticmb.com/mbphoto/property/cropped_images/2022/Mar/09/Photo_h180_w240/59758491_4_PropertyImage1646826317532_180_240.jpg"
"73921383","2878-Sq-ft-Commercial-Office-Space-FOR-Sale-Industrial-Area-in-Bangalore&id=4d423733393231333833"," Commercial Office Space for Resale in Ardente Office One at Industrial Area Hoodi","2025-09-07T17:35:01.000Z","Air Conditioned,Internet/Wi-Fi Connectivity,RO Water System,Service/Goods Lift,Visitor Parking,Intercom Facility,Wheelchair Accessibility,Conference Room,Fire Sprinklers","375000008","130299","₹","we are excited to inform you about an opportunity to acquire a fully furnished office space within our premises. This space is perfectly suited for businesses, offering a plugandplay setup with a capacity of up to 50 seats.Key FeaturesLocation Ardente office One, Tower B, 1st Floor.Area BuiltUp Area 2,898 Sq.Ft, Carpet Area 2,500 Sq.FtFurnishing Fully FurnishedSeating Capacity Up to 50 seatsFacilities Power Backup, DG Backup, Lift, Shared Washrooms, Water Storage, SecurityParking Reserved 1 SlotOwnership FreeholdAvailability Ready to occupy from July 11, 2024","At a competitive ₹37.50 Cr, this office space is on sale with a decent 2878 square feet in the Industrial Area. This office is strategically located in the prominent commercial complex of Ardente Office One. By paying a booking fee of Rs 50000, you can purchase this office space. A decent number of 3 washrooms are available in this workplace space. As a part of additional amenities, there is a Virtual Space Option area in this office as well. This office space has 1 covered, 10 open parking spaces for you to comfortably place your vehicles.",,,,,,,,,,"Hoodi Bus stand","12.99048458,77.70985226","Prasad",,"2500",,,"3","East","3","Bangalore",,"Bangalore, Karnataka","2878",,"12800",,"https://img.staticmb.com/mbphoto/property/cropped_images/2024/Jul/19/Photo_h180_w240/73921383_4_NM0449_180_240.JPG"
"69437291","2937-Sq-ft-Commercial-Office-Space-FOR-Sale-JP-Nagar-in-Bangalore&id=4d423639343337323931"," Commercial Office Space for Resale in J P Nagar","2025-09-05T17:35:02.000Z",,"43500000","14811","₹","This property located in peaceful and prime area","Situated in the commercial hub of JP Nagar, this prime office space has a ample of 2937 square feet and ?4.35 Cr options to choose from. By paying the Rs 4000000 you can easily block your office space. A decent number of 2 washrooms are available in this workplace space. As a part of additional amenities, there is a 1 Covered ,1 Open Parking(s) area in this office as well. With multiple parking options, you can easily park your vehicle nearby as there are 1 covered, 1 open parking slots.",,"19201|FRESHCO SUPER MARKET","19201|Reliance Smart Bazaar","19202|Frank Public School","19202|Jain Public School","19203|ULBA Hospital","19203|South Tower Hospital","19210|Sarakki Signal Bus Stop","19210|Green Line Jaya Prakash Nagar Metro Station","Indian oil petrol bunk","12.90369008,77.58574868","Narendra",,"2540",,,"2","West","4","Bangalore",,"Bangalore, Karnataka","2937",,"12800",,"https://img.staticmb.com/mbphoto/property/cropped_images/2023/Oct/17/Photo_h180_w240/69437291_5_PropertyImage1697555606917_180_240.jpg"
"76848989","2750-Sq-ft-Commercial-Office-Space-FOR-Sale-Electronic-City-Phase-2-in-Bangalore&id=4d423736383438393839"," Commercial Office Space for Resale in Oraiyan Luxury Villas at Phase 2 Electronic City","2025-09-04T17:35:01.000Z",,"33000000","12000","₹","Commercial office space is available for sale. It covered area of 2750 sq-ft, it is a good location property. Please contact for more details.","Business cum office space is available for sale on a good deal in Electronic City Phase 2 with different 2750 square feet options and at a competitive ₹3.30 Cr. This office is strategically located in the prominent commercial complex of Oraiyan Luxury Villas. In case you wish to purchase this office space you just need to pay the Rs 100000.",,"19201|Bommasandra Industrail Area","19210|Huskur Gate",,,,,,,,"12.84681621,77.68222508","sagar",,,,,,"North","1","Bangalore",,"Bangalore, Karnataka","2750",,"12800",,"https://img.staticmb.com/mbphoto/property/cropped_images/2025/Jan/03/Photo_h180_w240/76848989_1_PropertyImage412-67402994736125_180_240.jpg"
"77638665","5000-Sq-ft-Commercial-Office-Space-FOR-Sale-HSR-Layout-in-Bangalore&id=4d423737363338363635"," Commercial Office Space for Resale in BDA complex HSR Layout at Hsr Layout","2025-08-01T14:41:20.000Z","Air Conditioned,Internet/Wi-Fi Connectivity,RO Water System,Service/Goods Lift,Visitor Parking,Conference Room","75000000","15000","₹","commercial building for sale in very prime location in HSR Layout sector 6 behind BDA complex very close to outer ring road ground and 4 floors rental income around 3.3 lakh per month with power backup lift security and water please do contact for more details Nine Nine Seven Two Five Five Six Six Seven Seven","Business cum office space is available for sale on a good deal in HSR Layout with different 5000 square feet options and at a competitive ₹7.50 Cr. Having great prominence, this office space is located in the famous commercial complex Bda Complex Hsr Layout. To initiate the purchase of the office space you need to only pay a booking fee of Rs 100000. The office space offers about 4 washrooms. As a part of additional amenities, there is a Property Currently Leased Out area in this office as well. With multiple parking options, you can easily park your vehicle nearby as there are 2 open parking slots.",,"19201|Global Techonology Park","19201|Star Bazaar","19202|Vs International Preschool","19202|Cambridge Public School","19203|Narayana Multispeciality Hospital, Hsr Layout","19203|DermaZeal Clinic","19210|HSR Layout Metro Station","19210|Mangammanapalya Bus Stop","Empire Hotel","12.9114311,77.6445763","Mohan",,"4500","12850",,"4","South","5","Bangalore",,"Bangalore, Karnataka","5000",,"12800",,"https://img.staticmb.com/mbimages/project/Photo_h310_w462/2021/11/16/Project-Photo-7-BDA-complex-HSR-Layout-Bangalore-5035457_1000_2000_310_462.jpg"
"77956569","6400-Sq-ft-Commercial-Office-Space-FOR-Sale-Kengeri-in-Bangalore&id=4d423737393536353639"," Commercial Office Space for Resale in Kengeri","2025-08-26T17:35:01.000Z",,"42500000","6641","₹","Commercial office space is available for sale. It has covered area of 6400 sq-ft, it is a good location property. Please contact for more details.","A well known office space is located in the prime area of Kengeri and spread across a 6400 square feet and at a right ₹4.25 Cr fit. The office is located on floor 5 of the structure. Ample of 5 washrooms are available in this office space. As a part of additional amenities, there is a Assured Returns of 5% per annum area in this office as well.",,"19202|National Public School","19202|Mahan Anjanadri Vidya Kendra","19203|H.K. Hospital","19203|Kengeri Government Hospital","19210|Kengeri Police Station Bus Stop",,,,,"12.90266259,77.48123034","ASHOK KUMAR",,"6000",,,"5",,"5","Bangalore",,"Bangalore, Karnataka","6400",,"12800",,"https://img.staticmb.com/mbphoto/property/cropped_images/2025/Feb/24/Photo_h180_w240/77956569_5_hatsAppImage20250221at9.39.48AM_180_240.jpeg"
"81081941","1000-Sq-ft-Office-in-IT-Park-SEZ-FOR-Sale-Ramagondanahalli-Whitefield-in-Bangalore&id=4d423831303831393431"," Office in IT Park/ SEZ for Resale in Ramagondanahalli-Whitefield, Whitefield","2025-08-25T11:18:26.000Z",,"13500000",,"₹","Office in IT park is available for sale. It is a good location property. Please contact for more details.","The office space is located on the 11 floor of the building. This IT Park SEZ office space for sale is located at Ramagondanahalli Whitefield, Bangalore - East, Karnataka.",,"19203|Siddhanth Hospital",,,,,,,,,"12.9556131,77.7412929","Prateek Prateek Gupta",,"1000",,,"4",,"11","Bangalore",,"Bangalore, Karnataka",,,,,"https://img.staticmb.com/mbphoto/property/cropped_images/2025/Sep/06/Photo_h180_w240/81081941_8_PropertyImage449-1645811493502_180_240.jpg"
"59830529","2400-Sq-ft-Commercial-Office-Space-FOR-Sale-A-Narayanapura-in-Bangalore&id=4d423539383330353239"," Commercial Office Space for Resale in A Narayanapura, Mahadevapura","2025-09-07T17:35:01.000Z",,"19000000","7917","₹","  Commercial Office Space is available for Sale in A Narayanapura, Bangalore for 1.9 Crore(s)","This office space is for sale in A Narayanapura, is positioned across a sizable portion of 2400 square feet, and is listed at a competitive price of ₹1.90 Cr. For your ease, a Zone:Free Trade Zone area in this office space offering value benefits.",,"19202|Capital Public School","19202|Pragathi Tthe School","19203|Slv Speciality Clinic",,,,,,,"12.99316837,77.67313601","Babu CL",,,,,,"North - East",,"Bangalore",,"Bangalore, Karnataka","2400",,"12800",,"https://img.staticmb.com/mbphoto/property/cropped_images/2022/Mar/10/Photo_h180_w240/59830529_12_bba0b90-e6bc-40da-bc1d-92519412d39e_180_240.jpg"
"73676109","9000-Sq-ft-Commercial-Office-Space-FOR-Sale-Banjara-Layout-in-Bangalore&id=4d423733363736313039"," Commercial Office Space for Resale in Banjara Layout","2025-09-05T17:35:02.000Z","Air Conditioned","59500000","6611","₹","1year old 4 floors building in 3550 sft plot size 50x71, House will be sold with 90 of complete furnishing and electrical items, Expected rental with basement and Ground floor office with 1RK is 1100001, Semi Ground floor for rent space with 1600sft, with 1RK n bathroom, Rent expected 400002, Ground floor with furnished office space with pantry n 2 bathroom, and external 1RK. Rent expected 70K  8k.3, 1st n 2nd floor 4bhk complete Marble flooring house, all doors teak wood including bathroom doors, Main door with 10ft height.3 car park and two wheelers parking, House control5","This office space is for sale in Banjara Layout, is positioned across a sizable portion of 9000 square feet, and is listed at a competitive price of ₹5.95 Cr. There are about 5 washrooms in this workplace space. Additionally, the office space also offers a Personal Pantry/Cafeteria area. For the convenience of the users, this office space comes with ample 3 covered parking spaces.",,"19201|Bagmane Tech Park (","19202|Vibgyor High School, Horamavu","19202|Sunshine School","19203|Pranav Diagnostic Centre","19210|Baiyyappanahalli Cabin Railway Station",,,,"Opp Spoorthy Sagarika school Horamavu","13.034068,77.667165","Chethan",,"8500","12850",,"5","North","4","Bangalore",,"Bangalore, Karnataka","9000",,"12800",,"https://img.staticmb.com/mbphoto/property/cropped_images/2024/Jul/05/Photo_h180_w240/73676109_8_IMG_1378_180_240.jpg"
"79923193","5500-Sq-ft-Commercial-Office-Space-FOR-Sale-Ashok-Nagar-in-Bangalore&id=4d423739393233313933"," Commercial Office Space for Resale in Ashok Nagar","2025-08-09T17:35:02.000Z","Air Conditioned,Internet/Wi-Fi Connectivity","40000000","7273","₹","  Commercial Office Space is available for Sale in Ashok Nagar, Bangalore for 4.0 Crore(s)","This office space is for sale in Ashok Nagar, is positioned across a sizable portion of 5500 square feet, and is listed at a competitive price of ₹4 Cr. Ample of 4 washrooms are available in this office space.",,"19201|UB City","19201|Garuda Mall","19202|St. Josephs Indian Primary School","19202|St. Joseph?s Pre-University College","19203|Mallya Hospital","19210|Vellara Junction Metro Station","19210|Bishop Cotton Boys School Bus Stop",,,"12.9715826,77.60222617","Priyanshu",,"2000",,,"4","North","2","Bangalore",,"Bangalore, Karnataka","5500",,"12800",,"https://img.staticmb.com/mbphoto/property/cropped_images/2025/Jun/09/Photo_h180_w240/79923193_1_PropertyImage63-5702868570156_180_240.jpg"
"40061623","1908-Sq-ft-Commercial-Office-Space-FOR-Sale-Infantry-Road-in-Bangalore&id=4d423430303631363233"," Commercial Office Space for Resale in Infantry Road","2025-07-26T17:35:02.000Z","Air Conditioned,Internet/Wi-Fi Connectivity,Service/Goods Lift,Intercom Facility,Conference Room,Fire Sprinklers","25000000","13103","₹","Up for sale, this professionally designed commercial office space located on the Infantry Road – one of the highly sought after commercial hubs of Bangalore and is absolutely worth investing a lump-sum amount on at a time. High-in-demand, this commercial property enjoys high appreciation in terms of location as well as finance due to its close proximity to the MG Road (500m), Brigade Road, and Cubbon Park Metro Station.Property SpecificationsSpread across a considerable carpet area of 1450 sqft, this fully furnished commercial office space is located on the 2nd floor and encompasses an attractive reception cum waiting area, 4 well-furnished private cabins, 22 functional workstations (seats), and well-designed conference room with the capacity of 10 people. In addition, a sizable dry pantry and 2 private washrooms are available here for the convenience of the working staff.Well-lit and well-ventilated, this office space provides an outstanding working environment for the staff. The flooring is adorned with flawless vitrified tile flooring, which not only enhances the overall visual appeal of this premise, but also attracts the instant attention of the business clients. The efficient LAN connectivity has been provided which assists in sharing common resources such as printers, internet, memory, etc.Vaastu-compliant, this north facing office space assures healthier financial activities and is best suitable for IT/ITES associated business venture.FacilitiesReady-to-move-in, this commercial office space is up-to-date with basic and essential facilities like round the clock water supply, 100% power backup, 24 hours tight security, and 2 covered parking slots. Also, utility service providers are readily accessible in this locality.LocalityWell-positioned on the main road, this commercial office space is benefited with excellent connectivity as well as good accessibility. The availability of public transport facilities is outstanding is this locality which facilitates hassle-free commuting across the city.For significant banking and financial services, numerous leading banks and ATMs are accessible within the close vicinity. In case of any medical emergency, several Government as well as private hospitals/clinics are easily reachable from this complex.  So, seize this fantastic investment opportunity and establish an advantageous business venture without making any further delay!!!","Business cum office space is available for sale on a good deal in Infantry Road with different 1908 square feet options and at a competitive ₹2.50 Cr. The office space offers about 2 washrooms. An extra benefit is a Dry Pantry/Cafeteria area that comes as an addition to the offerings.",,"19203|Sita Bhateja Speciality Hospital",,,,,,,,"jam plaza second floor s 10 1616 infantr road banglore 1secona plaza","12.98135156,77.60108213","Anand Shenoy",,"1450",,,"2",,"3","Bangalore",,"Bangalore, Karnataka","1908",,"12800",,"https://img.staticmb.com/mbphoto/property/cropped_images/2019/Mar/09/Photo_h180_w240/40061623_2_IMAG0074_180_240.jpg"
"71719913","1000-Sq-ft-Commercial-Office-Space-FOR-Sale-Sahakara-Nagar-in-Bangalore&id=4d423731373139393133"," Commercial Office Space for Resale in Sahakar Nagar","2025-07-26T17:35:02.000Z","Conference Room","15000000","15000","₹","Commercial office space is available for sale. It is a good location property. Please contact for more details.","In this budding Sahakara Nagar this office space is on sale at a competitive ₹1.50 Cr and is available in varied 1000 square feet. Making it comfortable for each office space unit holder, it offers 1 washrooms.",,"19202|Silicon Valley School,Kodigehalli","19202|Impact College Of Engineering And Applied Sciences","19203|Joshi Andrology and Neurology Central","19203|Ortho Tech","19210|Kodigehalli Railway Station","19210|Sahakara Nagara Police Station Bus Stop",,,,"13.06522033,77.58650156","madhu",,,,,"1","East","4","Bangalore",,"Bangalore, Karnataka","1000",,"12800",,"https://img.staticmb.com/mbphoto/property/cropped_images/2024/Mar/06/Photo_h180_w240/71719913_11_20240113161537_180_240.jpg"
"63515149","4000-Sq-ft-Commercial-Office-Space-FOR-Sale-Doopanahalli-in-Bangalore&id=4d423633353135313439"," Commercial Office Space for Resale in Doopanahalli, Indira nagar","2025-08-04T17:35:02.000Z","Air Conditioned,Internet/Wi-Fi Connectivity,RO Water System,Visitor Parking","40000000","10000","₹","Property Ideal for Office first Floor and warehouse in Ground Floor with Service app on 2nd Floor Multipurpose","At a competitive ₹4 Cr, this office space is on sale with a decent 4000 square feet in the Doopanahalli. One can book this space by paying a minimum Rs 1000000. A decent number of 6 washrooms are available in this workplace space. For your ease, a Assured Returns of 10% per annum area in this office space offering value benefits. With about 1 open parking slots, this office space offers ease for its users to park their vehicles.",,,,,,,,,,"Off Nishant Enclave","12.96749968,77.63934487","Manpreet",,"3200",,,"6","North","3","Bangalore",,"Bangalore, Karnataka","4000",,"12800",,"https://img.staticmb.com/mbphoto/property/cropped_images/2022/Oct/06/Photo_h180_w240/63515149_2_4121907_180_240.jpg"
"73993481","1233-Sq-ft-Commercial-Office-Space-FOR-Sale-Mahatma-Gandhi-Road-in-Bangalore&id=4d423733393933343831"," Commercial Office Space for Resale in Manipal Center Apartments at Mahatma Gandhi Road","2025-07-17T22:30:23.000Z","Visitor Parking,Fire Sprinklers","21000000","17032","₹","I want to sale my proprty on good price becound i need the urgent money. It covered area of 1233 sq-ft, it is a good location property. Please contact for more details.","In this budding Mahatma Gandhi Road this office space is on sale at a competitive ₹2.10 Cr and is available in varied 1233 square feet. Having great prominence, this office space is located in the famous commercial complex Manipal Center Apartments. Conveniently crafted and positioned there are about 2 washrooms in this office space. As a part of additional amenities, there is a Wet Pantry/Cafeteria area in this office as well.",,"19201|Prestige  Meridian","19202|St Joseph s College of Business Administration","19202|Rbanms Middle School","19203|Geriatric Care","19210|Mahatma Gandhi Road Metro Station","19210|Trinity Metro Station, Bangalore",,,"This proprty near by metro and good connectivity of transport","12.97467669,77.61000455","anurag",,,,,"2",,"7","Bangalore",,"Bangalore, Karnataka","1233",,"12800",,"https://img.staticmb.com/mbphoto/property/cropped_images/2024/Jul/24/Photo_h180_w240/73993481_7_hatsAppImage20240724at2.49.14PM1_180_240.jpeg"
"78426179","1650-Sq-ft-Commercial-Office-Space-FOR-Sale-Avenue-Road-in-Bangalore&id=4d423738343236313739"," Commercial Office Space for Resale in Avenue Road","2025-09-09T23:40:37.000Z","Visitor Parking","190000000","115152","₹","Discover the business potential trapped in this big office space available for sale in the center of the commercial area of Bangalores Avenue Road area. With its prime location and flexible plan, this building is perfectly suited for a guesthouse, and thus it is the ideal investment spot for investors to reap the benefits of the flourishing hospitality industry.Property SpecificationsIt spans an incredible 1650 sq ft of super area and boasts a ground floor and three additional floors out of four total floors. It features a humongous hall, 25 well-designed rooms, and 7 commercial shops within it, providing ample room for residential purposes as well as business dealings. It has 25 washrooms within the building, making it quite convenient for guests and visitors to use. With lovely marble flooring all over and an East-facing orientation, the room not only looks lovely but also benefits from ample sunlight. In addition to this, it is Vaastu compliant, which means it provides a smooth and friendly atmosphere for guests.FacilitiesThis office accommodation is inclusive of basic amenities that make it functional and secure. Guests have open parking available to them, and the property enjoys 24-hour water supply. Security is not neglected with CCTV cameras fitted across the premises, allowing both the guests and management to feel secure.LocalityLocated strategically near big landmarks such as City Market and K R Market, the building has better visibility and accessibility. A combination of hospitals such as Victoria and Vani Vilas, are easily found within a radius of 500 meters and are appropriate for guests requiring medical facilities. Various banks and ATMs are also available within the same radius for convenient access.Public transport facilities abound, with varying modes of transport within easy reach. Bangalore Central Railway Station is 3 km from here, and City Market Metro Station is only 500 meters from the premises, ensuring that connectivity for guests as well as employees is easy.","A well known office space is located in the prime area of Avenue Road and spread across a 1650 square feet and at a right ?19 Cr fit. While one would like to book an office space, a minimum booking fee of Rs 500000 to be shell out. For your business, this office space is the best place as it is positioned on the 4 floors of the building. A decent number of 10 washrooms are available in this workplace space. An extra benefit is a 1 Covered ,1 Open Parking(s) area that comes as an addition to the offerings. You can easily park your vehicle near the office as there are 1 covered, 1 open parking spaces available.",,,,,,,,,,"K R  Market","12.96798485,77.57869403","MbUser",,"1300",,,"10","North - East","4","Bangalore",,"Bangalore, Karnataka","1650",,"12800",,"https://img.staticmb.com/mbphoto/property/cropped_images/2025/Apr/24/Photo_h180_w240/78426179_5_PropertyImage1745455922410_180_240.jpg"
"74066849","24000-Sq-ft-Commercial-Office-Space-FOR-Sale-Nagasandra-in-Bangalore&id=4d423734303636383439"," Commercial Office Space for Resale in Nagasandra","2025-08-28T23:32:00.000Z","Internet/Wi-Fi Connectivity,Visitor Parking,Conference Room","130500000","5438","₹","A 170 bed 87 double and single bath attached rooms PGHostel for RENT or SALE near Christ University Campus, Nagasandra, Yeswanthpur, Bangalore. Brand new building with excellent amenities, ample parking, accessibility, sports and swimming poolnext bldg, etc. Furnished or unfurnished options available.Excellent opportunity to be filled with upper crest Christ students, Peenya industrial executives, etc.Reception, lift, Gym, kitchen, dining, heat pump, ground water and Kaveri water, 350sqft commercial space, etc.WhatsAppcall  91 944 797 8080","At a competitive ₹13.05 Cr, this office space is on sale with a decent 24000 square feet in the Nagasandra. Conveniently crafted and positioned there are about > 10 washrooms in this office space. Additionally, the office space also offers a Assured Returns of 50% per annum area.",,"19201|Grand Super Market","19210|Nagasandra Metro Station",,,,,,,"Between Christ University Campus and Nagasandra Metro Station","13.04175845,77.50058208","Joe",,,,,,"West","7","Bangalore",,"Bangalore, Karnataka",,,"12800",,"https://img.staticmb.com/mbphoto/property/cropped_images/2024/Jul/29/Photo_h180_w240/74066849_4_9254068b-c80a-4bfa-b1cc-87cfd5c991a0_180_240.jpeg"
"78426179","1650-Sq-ft-Commercial-Office-Space-FOR-Sale-Avenue-Road-in-Bangalore&id=4d423738343236313739"," Commercial Office Space for Resale in Avenue Road","2025-09-09T23:40:37.000Z","Visitor Parking","190000000","115152","₹","Discover the business potential trapped in this big office space available for sale in the center of the commercial area of Bangalores Avenue Road area. With its prime location and flexible plan, this building is perfectly suited for a guesthouse, and thus it is the ideal investment spot for investors to reap the benefits of the flourishing hospitality industry.Property SpecificationsIt spans an incredible 1650 sq ft of super area and boasts a ground floor and three additional floors out of four total floors. It features a humongous hall, 25 well-designed rooms, and 7 commercial shops within it, providing ample room for residential purposes as well as business dealings. It has 25 washrooms within the building, making it quite convenient for guests and visitors to use. With lovely marble flooring all over and an East-facing orientation, the room not only looks lovely but also benefits from ample sunlight. In addition to this, it is Vaastu compliant, which means it provides a smooth and friendly atmosphere for guests.FacilitiesThis office accommodation is inclusive of basic amenities that make it functional and secure. Guests have open parking available to them, and the property enjoys 24-hour water supply. Security is not neglected with CCTV cameras fitted across the premises, allowing both the guests and management to feel secure.LocalityLocated strategically near big landmarks such as City Market and K R Market, the building has better visibility and accessibility. A combination of hospitals such as Victoria and Vani Vilas, are easily found within a radius of 500 meters and are appropriate for guests requiring medical facilities. Various banks and ATMs are also available within the same radius for convenient access.Public transport facilities abound, with varying modes of transport within easy reach. Bangalore Central Railway Station is 3 km from here, and City Market Metro Station is only 500 meters from the premises, ensuring that connectivity for guests as well as employees is easy.","A well known office space is located in the prime area of Avenue Road and spread across a 1650 square feet and at a right ?19 Cr fit. While one would like to book an office space, a minimum booking fee of Rs 500000 to be shell out. For your business, this office space is the best place as it is positioned on the 4 floors of the building. A decent number of 10 washrooms are available in this workplace space. An extra benefit is a 1 Covered ,1 Open Parking(s) area that comes as an addition to the offerings. You can easily park your vehicle near the office as there are 1 covered, 1 open parking spaces available.",,,,,,,,,,"K R  Market","12.96798485,77.57869403","MbUser",,"1300",,,"10","North - East","4","Bangalore",,"Bangalore, Karnataka","1650",,"12800",,"https://img.staticmb.com/mbphoto/property/cropped_images/2025/Apr/24/Photo_h180_w240/78426179_5_PropertyImage1745455922410_180_240.jpg"
"74066849","24000-Sq-ft-Commercial-Office-Space-FOR-Sale-Nagasandra-in-Bangalore&id=4d423734303636383439"," Commercial Office Space for Resale in Nagasandra","2025-08-28T23:32:00.000Z","Internet/Wi-Fi Connectivity,Visitor Parking,Conference Room","130500000","5438","₹","A 170 bed 87 double and single bath attached rooms PGHostel for RENT or SALE near Christ University Campus, Nagasandra, Yeswanthpur, Bangalore. Brand new building with excellent amenities, ample parking, accessibility, sports and swimming poolnext bldg, etc. Furnished or unfurnished options available.Excellent opportunity to be filled with upper crest Christ students, Peenya industrial executives, etc.Reception, lift, Gym, kitchen, dining, heat pump, ground water and Kaveri water, 350sqft commercial space, etc.WhatsAppcall  91 944 797 8080","At a competitive ₹13.05 Cr, this office space is on sale with a decent 24000 square feet in the Nagasandra. Conveniently crafted and positioned there are about > 10 washrooms in this office space. Additionally, the office space also offers a Assured Returns of 50% per annum area.",,"19201|Grand Super Market","19210|Nagasandra Metro Station",,,,,,,"Between Christ University Campus and Nagasandra Metro Station","13.04175845,77.50058208","Joe",,,,,,"West","7","Bangalore",,"Bangalore, Karnataka",,,"12800",,"https://img.staticmb.com/mbphoto/property/cropped_images/2024/Jul/29/Photo_h180_w240/74066849_4_9254068b-c80a-4bfa-b1cc-87cfd5c991a0_180_240.jpeg"
"81203119","500-Sq-ft-Commercial-Office-Space-FOR-Sale-Tasker-Town-in-Bangalore&id=4d423831323033313139"," Commercial Office Space for Resale in Redifice Signature at Tasker Town, Shivaji Nagar","2025-09-03T11:40:20.000Z",,"9500000","19000","₹","Commercial office space is available for sale. It is a good location property. Please contact for more details.","A well known office space is located in the prime area of Tasker Town and spread across a 500 square feet and at a right ₹95 Lac fit. This office space is located in a well known commercial complex named Redifice Signature. The office is located on a premium floor 5 of the structure. Ample of 1 washrooms are available in this office space. Additionally, the office space also offers a Property Currently Leased Out area.",,,,,,,,,,,"12.9806619,77.6065476","AAMIRA",,"450",,,"1",,"5","Bangalore",,"Bangalore, Karnataka","500",,"12800",,
"81261601","42-Sq-ft-Commercial-Office-Space-FOR-Sale-Mysore-Road-in-Bangalore&id=4d423831323631363031"," Commercial Office Space for Resale in Mysore Road","2025-09-07T08:25:52.000Z",,"5000000","119048","₹","  Commercial Office Space is available for Sale in Mysore Road, Bangalore for 50.0 Lac(s)","In this budding Mysore Road this office space is on sale at a competitive ₹50 Lac and is available in varied 42 square feet. The office space offers about 2 washrooms.",,"19202|Rv Engineering College","19202|Mandya Institute Of Medical Sciences","19210|Bangalore University Metro Station",,,,,,,"12.90917257,77.47885648","Basavaraj Dappure",,"30",,,"2",,"1","Bangalore",,"Bangalore, Karnataka","42",,"12800",,
"80459051","7447-Sq-ft-Commercial-Office-Space-FOR-Sale-Vibhutipura-in-Bangalore&id=4d423830343539303531"," Commercial Office Space for Resale in Vibhutipura","2025-09-10T00:03:59.000Z",,"95000000","12757","₹","Presenting a prime commercial office space for sale in VDB Touchdown, located in the well-connected and rapidly developing area of Vibhutipura and located on Old airport road next to HAL Aerospace museum ,Bangalore. This ready-to-occupy unit is ideal for businesses looking to establish themselves in a thriving commercial hub with excellent infrastructure and connectivity.Property specifications and facilitiesSet across 0.5 acres, VDB Touchdown comprises a single commercial tower offering flexible office configurations to suit a range of business needs. The project holds approvals from leading financial institutions such as HDFC and the State Bank of India, ensuring both credibility and ease of financing.The development is designed to meet the demands of modern professionals, offering features such as 24/7 power backup,  two high-speed elevators, reserved parking, and a comprehensive fire safety system. Its well-planned layout and access to essential services make it a reliable and efficient space for business operations. A standout offering within the project is about 7,500 sq. ft. fully furnished, plug-and-play office space located on MG Road on the 3rd floor of a G+3 storied building with great views looking onto the HAL airport runway.This  workspace is equipped with around 100 workstations, a dedicated reception area, four private cabins, a large conference room, two discussion rooms, a server room, a storage area, and a  cafeteria. The space also includes  3 washrooms, centralized air conditioning, DG backup,  2 lifts, and parking for seven cars, along with ample space for two-wheelers-making it ideal for an immediate business setup.LocalityThe project occupies a total area of 0.51 acres across four floors and enjoys excellent proximity to  Indiranagar , HAL 2 nd/3rd stage and major IT parks, including Anjaneya Techno Park at 4.7 kilometers, Prestige Tech Park II at 4.8 kilometers, and Bagmane Tech Park at 5.1 kilometers and various other commercial  properties on the outer ring road around Marthahalli  area.This strategic location makes it particularly appealing to companies operating within Bangalore's tech ecosystem.Access to healthcare is convenient, with Venus Hospital located 2.1 kilometers away, New Akshay Mallya Hospital at 2.2 kilometers, and Cloudnine Hospital within 2.7 kilometers. Educational institutions such as Srinivasa Vidyanikethan KHPS are also nearby, at just 2.8 kilometers.Connectivity is another key advantage of this location. HAL East Vimanapura and HAL West Vimanapura are just 2 and 2.3 kilometers away, respectively.","Business cum office space is available for sale on a good deal in Vibhutipura with different 7447 square feet options and at a competitive ?9.50 Cr. The office is located on a premium floor 1 of the structure. There are about 3 washrooms in this workplace space. Additionally, the office space also offers a Dry Pantry/Cafeteria area.",,"19201|Lenskart","19203|Ashwini Clinic",,,,,,,,"12.967957,77.6847955","Venkat J",,,,,"3",,"3","Bangalore",,"Bangalore, Karnataka","7447",,"12800",,"https://img.staticmb.com/mbphoto/property/cropped_images/2025/Jul/14/Photo_h180_w240/80459051_5_WhatsApp-Image-2025-07-14-at-12-19-05-PM_180_240.jpeg"
"78968899","11000-Sq-ft-Commercial-Office-Space-FOR-Sale-KIADB-Industrial-Area-in-Bangalore&id=4d423738393638383939"," Commercial Office Space for New Property in KIADB Industrial Area","2025-09-08T12:35:00.000Z","Bar/Lounge,Banquet Hall,Jogging and Strolling Track,Outdoor Tennis Courts,Laundry Service,Intercom Facility","60000000","5455","₹","  Commercial Office Space is available for Sale in KIADB Industrial Area, Bangalore for 6.0 Crore(s)","At a competitive ₹6 Cr, this office space is on sale with a decent 11000 square feet in the KIADB Industrial Area. While one would like to book an office space, a minimum booking fee of Rs 500000 to be shell out. A decent number of 3 washrooms are available in this workplace space.",,,,,,,,,,,"12.79851735,77.65840053","RR Realtors",,"10000",,,"3","East","2","Bangalore",,"Bangalore, Karnataka",,,"12800",,
"80938267","8000-Sq-ft-Commercial-Office-Space-FOR-Sale-HSR-Layout-Sector-2-in-Bangalore&id=4d423830393338323637"," Commercial Office Space for New Property in Sector 2 HSR Layout","2025-08-15T03:23:06.000Z","Air Conditioned,RO Water System","140000000","17500","₹","hsr layout rental income brand new property lift balcony and parking sequrity cctv ner hsr club","In this budding HSR Layout Sector 2 this office space is on sale at a competitive ₹14 Cr and is available in varied 8000 square feet. To initiate the purchase of the office space you need to only pay a booking fee of Rs 100000. Conveniently crafted and positioned there are about 5 washrooms in this office space.",,"19202|Cambridge Kids International Preschool",,,,,,,,"ner hsr bda complex","12.90899741,77.64727907","Sandesh","Rise Reality HSR layout","2400",,,"5",,"5","Bangalore",,"Bangalore, Karnataka","8000",,"12800",,
"79644811","10000-Sq-ft-Commercial-Office-Space-FOR-Sale-Bannerghatta-Main-Road-in-Bangalore&id=4d423739363434383131"," Commercial Office Space for New Property in Bannerghatta Main Road","2025-07-22T17:35:02.000Z",,"150000000",,"₹","  Commercial Office Space is available for Sale in Bannerghatta Main Road, Bangalore for 15.0 Crore(s)","A decent number of 3 washrooms are available in this workplace space. An extra benefit is a Dry Pantry/Cafeteria area that comes as an addition to the offerings.",,"19201|IBC Knowledge Park","19201|Billekahalli Industrial Area","19202|Amc Engineering College","19202|Royal English High School","19203|Fortis Hospital, Bannerghatta Main","19203|Apollo Sugar Clinics & Hospital | Best Endocrinologiest","19210|Upcoming Pink Line: Gottigere (Kalena Agrahara) ? Nagawara",,,"12.87052719,77.59332459","Harish M",,"10000",,,"3","East","3","Bangalore",,"Bangalore, Karnataka",,,,,
"81271205","1140-Sq-ft-Commercial-Office-Space-FOR-Sale-Arekempanahalli-in-Bangalore&id=4d423831323731323035"," Commercial Office Space for Resale in Arekempanahalli","2025-09-08T06:42:15.000Z","Visitor Parking","11900000","10439","₹","This is our Commercial property office space on 3rd floor with balcony facing main Hosur Road  , 1140 sft 3 room semi commercial office space with 2 balconies facing Hosur Road in close proximity  1 km to Lal Bagh main  Gate","At a competitive ₹1.19 Cr, this office space is on sale with a decent 1140 square feet in the Arekempanahalli. To initiate the purchase of the office space you need to only pay a booking fee of Rs 200000. For your business, this office space is the best place as it is positioned on the 4 floors of the building. There are about 2 washrooms in this workplace space. An extra benefit is a Property Currently Leased Out area that comes as an addition to the offerings. This office space has 1 covered parking spaces for you to comfortably place your vehicles.",,"19203|Brains Super Speciality Hospital",,,,,,,,"Close to Lalbagh main gate","12.94655305,77.59318907","SATYA",,"1000",,,"2",,"4","Bangalore",,"Bangalore, Karnataka","1140",,"12800",,
"72709669","2500-Sq-ft-Commercial-Office-Space-FOR-Sale-HAL-Old-Airport-Road-in-Bangalore&id=4d423732373039363639"," Commercial Office Space for Resale in Oxford Tower at HAL Old Airport Road","2025-09-08T17:35:02.000Z",,"18500000","7400","₹","Commercial office space is available for sale. It is a good location property. Please contact for more details.","At a competitive ?1.85 Cr, this office space is on sale with a decent 2500 square feet in the HAL Old Airport Road. This office is strategically located in the prominent commercial complex of Oxford Tower. Conveniently crafted and positioned there are about 2 washrooms in this office space.",,"19202|Bharati Vidyalaya Day Care",,,,,,,,,"12.95713316,77.67437979","maya",,,,,"2",,"8","Bangalore",,"Bangalore, Karnataka","2500",,"12800",,"https://img.staticmb.com/mbimages/project/Photo_h310_w462/2020/08/11/Project-Photo-1-Oxford-Tower-Bangalore-5087344_864_1152_310_462.jpg"
"80326431","9000-Sq-ft-Commercial-Office-Space-FOR-Sale-whitefield-in-Bangalore&id=4d423830333236343331"," Commercial Office Space for Resale in Whitefield","2025-09-05T12:17:24.000Z","Service/Goods Lift,Visitor Parking,Conference Room,Fire Sprinklers","72000000","8000","₹","A premium, fully furnished commercial office space is now for sale in Whitefield, Bengalurufeaturing an eastfacing layout and designed to accommodate a seating capacity of 50. The space offers a thoughtfully curated interior with modular workstations, private cabins, meeting rooms, and modern furnishings that ensure a moveinready setup. Natural light floods the area from the east, creating a bright, energizing work environment. Located in a thriving tech and business hub, this office combines strategic connectivity, contemporary amenities.","This office space is for sale in whitefield, is positioned across a sizable portion of 9000 square feet, and is listed at a competitive price of ₹7.20 Cr. One can book this space by paying a minimum Rs 500000. The office is located on floor 2 of the structure. There are about 4 washrooms in this workplace space. For your convenience, a Wet Pantry/Cafeteria area in this office space is another value add. You can easily park your vehicle near the office as there are 4 covered, 1 open parking spaces available.",,"19201|Park Square Mall","19201|Fitness Furniture","19202|Inteb High School","19202|Vedavihaan The Global School","19203|Sri Sathya Sai Super Speciality Hospital Registration Block","19203|Sri Satya Sai Hospital","19210|Hope Farm Circle Bus Stop","19210|Hope Farm Circle Bus Stop","Virginia Mall","12.9680475,77.739097","Pradeep Indiassetz","Indiassetz Infra Services Pvt. Ltd",,,,"4","East","10","Bangalore",,"Bangalore, Karnataka","9000",,"12800","2016","https://img.staticmb.com/mbphoto/property/cropped_images/2025/Jul/11/Photo_h180_w240/80326431_5_hatsAppImage20240814at12.37.10PM_180_240.jpeg"
"81118645","6700-Sq-ft-Commercial-Office-Space-FOR-Sale-Marathahalli-in-Bangalore&id=4d423831313138363435"," Commercial Office Space for Resale in Marathahalli","2025-09-08T05:38:34.000Z","Air Conditioned,Internet/Wi-Fi Connectivity,Service/Goods Lift,Visitor Parking,Intercom Facility,Wheelchair Accessibility,Conference Room,Fire Sprinklers","107200000","16000","₹","Excellent investment for assured returns for 5 years with a fantastic yield of nearly 8 per cent. Leased to a MNC with a confirmed lock in of 5 years. The building is modern and futuristic and located in the heart of the IT corridor. Please call for further details. And yes it has an A khata with OC","Situated in the commercial hub of Marathahalli, this prime office space has a ample of 6700 square feet and ₹10.72 Cr options to choose from. While one would like to book an office space, a minimum booking fee of Rs 100000 to be shell out. The office is located on a premium floor 5 of the structure. A decent number of 2 washrooms are available in this workplace space. As a part of additional amenities, there is a Assured Returns of 7.75% per annum area in this office as well. With about 10 covered parking slots, this office space offers ease for its users to park their vehicles.",,"19201|MiAMi Super Market","19201|Intel Technology India Pvt Ltd","19202|NPS School","19202|Vatsalya Hal School For Special Education","19203|Jeevika Hospital","19203|MGA Hospital","19210|Bellandur Road Railway Station","19210|Marathahalli Bridge","The property is close to the Upcoming metro station","12.9579717,77.6914752","Ram Rajpal","Prime Properties","420069","12850",,"2",,"5","Bangalore",,"Bangalore, Karnataka","6700",,"12800",,"https://img.staticmb.com/mbphoto/property/cropped_images/2025/Aug/28/Photo_h180_w240/81118645_2_MG20161217WA0007_180_240.jpg"
"81203775","1670-Sq-ft-Commercial-Office-Space-FOR-Sale-Infantry-Road-in-Bangalore&id=4d423831323033373735"," Commercial Office Space for Resale in Infantry Road","2025-09-03T11:54:20.000Z","Air Conditioned,Internet/Wi-Fi Connectivity,RO Water System,Service/Goods Lift,Visitor Parking,Intercom Facility,Wheelchair Accessibility,Conference Room,Fire Sprinklers","30000000","17964","₹","Presenting a commercial office space for rent, measuring 1,670 sq. ft., ready for immediate occupancy. Located in the heart of the city, this Eastfacing office as per Vastu offers excellent connectivity, being just minutes away from a metro station. It comes with 2 dedicated basement car parks, power backup, lift access, and essential infrastructure, making it ideal for CA firms, legal offices, backend operations, and other professional setups. Additionally, we have a commercial property for sale on Infantry Road, one of Bangalores most prestigious and strategic business locations.","In this budding Infantry Road this office space is on sale at a competitive ₹3 Cr and is available in varied 1670 square feet. To initiate the purchase of the office space you need to only pay a booking fee of Rs 500000. This office space is positioned on the 5 floor of the building. Ample of 2 washrooms are available in this office space. For your convenience, a Assured Returns of 7% per annum area in this office space is another value add. With multiple parking options, you can easily park your vehicle nearby as there are 2 covered parking slots.",,"19203|Sita Bhateja Speciality Hospital",,,,,,,,"Infantry Road Bangalore","12.98135156,77.60108213","Tauseef","Infinite Realty","1670",,,"2","East","5","Bangalore",,"Bangalore, Karnataka","1670",,"12800",,"https://img.staticmb.com/mbphoto/property/cropped_images/2025/Sep/03/Photo_h180_w240/81203775_2_P3_180_240.jpeg"
"73620465","7911-Sq-ft-Commercial-Office-Space-FOR-Sale-Richmond-Town-in-Bangalore&id=4d423733363230343635"," Commercial Office Space for Resale in Richmond Town, Richmond Town","2025-09-09T18:38:34.000Z","Air Conditioned,Internet/Wi-Fi Connectivity,RO Water System,Service/Goods Lift,Visitor Parking,Intercom Facility,Wheelchair Accessibility,Conference Room,Fire Sprinklers","76000000","9607","₹","Central Bangalore Richmond Road Independent Building Fully furnished office space for SALEArea 7911 sq ft approx Basement plus Ground Floor plus 1st plus 2nd plus 3rd plus terrace. Plot area 2650 sqft, Sale Price 7.5 Crores. Two wheeler and  car parks available. Metro Station is close by to this property.For inspection  further details of the property please call We also have offices Furnished Unfurnished of multiple sizes across Bangalore.","Situated in the commercial hub of Richmond Town, this prime office space has a ample of 7911 square feet and ?7.64 Cr options to choose from. In case you wish to purchase this office space you just need to pay the Rs 50000. Conveniently crafted and positioned there are about 9 washrooms in this office space. For your convenience, a Assured Returns of 7% per annum area in this office space is another value add.",,"19202|Sn English High School","19202|WLC College India","19203|Sankarambal Nursing Home","19203|Dentizz Hospital.","19210|Baiyyappanahali Railway Station",,,,"Close to Metro Station and all amenities nearby","12.962554,77.604187","Mohammed Zain Zain","Z Corp Estates and Properties","7910","12850",,"9","North - East","3","Bangalore",,"Bangalore, Karnataka","7911",,"12800",,"https://img.staticmb.com/mbphoto/property/cropped_images/2024/Jul/03/Photo_h180_w240/73620465_5_creenshot20221205163951_180_240.jpg"
"80298787","1300-Sq-ft-Commercial-Office-Space-FOR-Sale-RPC-Layout-in-Bangalore&id=4d423830323938373837"," Commercial Office Space for Resale in Rpc Layout, Vijayanagar, West Of Chord Road","2025-09-09T04:13:11.000Z",,"21450000","16500","₹","A wellDesigned and spacious ready to move office in rpc layout, bangalore west is available for sale. The super built up area is 1300 sq.Ft. This commercial space is in the commercial zone. This commercial property boasts of 10 seats as minimum capacity and accommodates 2 cabins and has 2 meeting rooms. This commercial property has 2 private washrooms. The ready to move office has several facilities such furnishing, central air conditioning, oxygen duct and ups. This ready to move property is on the 2nd floor of a 4 floors building. Price Rs 2.15 Crores","At a competitive ₹2.14 Cr, this office space is on sale with a decent 1300 square feet in the RPC Layout. To initiate the purchase of the office space you need to only pay a booking fee of Rs 100000. The office is located on floor 1 of the structure. A decent number of 2 washrooms are available in this workplace space. As a part of additional amenities, there is a Property Currently Leased Out area in this office as well. To comfortably park your vehicles ample 1 covered parking spaces are available here.",,"19201|Prathik Tech Park","19202|Kvv Public School","19210|Bangalore City Juncion Railway Station",,,,,,"Opposite  to Vijayanagar Club House,","12.9609596,77.53547414","Hasta global",,,"12850",,"2","East","5","Bangalore",,"Bangalore, Karnataka","1300",,"12800",,"https://img.staticmb.com/mbphoto/property/cropped_images/2025/Jul/03/Photo_h180_w240/80298787_2_hatsAppImage20250703at4.31.24PM_180_240.jpeg"
"65183177","1875-Sq-ft-Commercial-Office-Space-FOR-Sale-Cunningham-Road-in-Bangalore&id=4d423635313833313737"," Commercial Office Space for Resale in Imperial Court Apartments at Cunningham Road","2025-08-30T17:35:01.000Z","Air Conditioned,Internet/Wi-Fi Connectivity,Intercom Facility,Conference Room","40000000","21333","₹","Step into the epitome of business sophistication with this impeccable office space for sale in Imperial Court Apartments, Cunningham Road, Bangalore! Spanning a super area of 1875 sqft on the first floor of a 7-story building, this semi-furnished space is meticulously designed to meet all your commercial needs.Property specifications and facilitiesThe office features a well-thought-out layout, including 5 cabins, 30 workstations, a welcoming reception area, a comfortable waiting area, and a fully-equipped conference room. Additional amenities include a dry pantry, two washrooms, and the convenience of 2 split ACs. The flooring, adorned with vitrified tiles, adds a touch of elegance, creating an ideal ambiance for productivity.With its North-East facing orientation, the office enjoys natural light and ventilation, providing an excellent working environment. The property is strategically positioned, main road-facing, making it easily accessible. Vaastu compliant and suitable for any commercial office, this space is a canvas waiting for your professional touch.Facilities abound in this office space, with 24-hour water supply, 100% power backup, security guard services, and CCTV surveillance. The building is equipped with two lifts for added convenience. Reserved parking, air conditioning, intercom facility, internet/Wi-Fi connectivity, conference room, tea/coffee facilities, printer, and whiteboard further enhance the functionality of this workspace.LocalitySituated in the heart of Cunningham Road with the Indian Express Building as its landmark, the office is surrounded by numerous hospitals, including Fortis Hospital just 100 meters away. Malls, supermarkets, and public transport are within a 1 km radius, ensuring connectivity and convenience. The SBI is close by, and a metro station is within 1 km, adding an extra layer of accessibility.Seize the opportunity to elevate your business presence with this office space – a perfect blend of style, functionality, and strategic location in the bustling city of Bangalore!","This office space is for sale in Cunningham Road, is positioned across a sizable portion of 1875 square feet, and is listed at a competitive price of ₹4 Cr. This office is a part of a renowned commercial complex named Imperial Court Apartments. Making it comfortable for each office space unit holder, it offers 2 washrooms. As a part of additional amenities, there is a Personal Pantry/Cafeteria area in this office as well.",,"19203|Fortis Hospital","19203|Al-Ameen Hospital",,,,,,,"Indian Express Building","12.98974418,77.59270094","Ashfaq",,,,,"2","North - East","7","Bangalore",,"Bangalore, Karnataka","1875",,"12800",,"https://img.staticmb.com/mbphoto/property/cropped_images/2023/Jan/23/Photo_h180_w240/65183177_3_WhatsApp-Image-2023-01-21-at-10-28-17-AM--1-_180_240.jpeg"
"62478537","5000-Sq-ft-Commercial-Office-Space-FOR-Sale-Banaswadi-in-Bangalore&id=4d423632343738353337"," Commercial Office Space for New Property in Banaswadi","2025-08-31T17:35:02.000Z","Visitor Parking","43000000","8600","₹","Facing the main road, this west facing commercial office space is available for sale. Situated in Banaswadi, Bangalore, this office space is totally vaastu compliant and is best suitable for office space, showroom, hotel or restaurant. Note The entire building of 3 floors is available for sale where each floor spreads across an area of 1800 sqft. Property Specifications This commercial office space is unfurnished and allows the tenant to design it according to his needs and preferences. Spread across a super area of 5000 sq ft and a carpet area of 1800 sqft, this office space is blessed with ample natural sunlight and ventilation. This office space is inclusive of an open hall, dry pantry, 2 common washrooms on each floor and provision for air conditioners. Lastly, this office is entirely covered with long lasting and durable concrete flooring. Facilities This office space is facilitated with prime amenities such as open parking space for cars, round the clock water supply, 100 power backup and CCTV cameras. Locality This property is located close to the Fire Station and is just 1km from the Ring Road. Baiyappanahalli Metro Station is dotted at a distance of 3km whereas Vishveshvaraiah Railway Station is located at a distance of 1km. Other public transport facilities are also available that help you travel across the city with greater ease. Within the distance of 400meters, you will find reputed hospitals, hotels and cafes whereas malls are situated at a distance of 1.5km. To accomplish your banking needs and services, nationalized banks and ATMs are present in the vicinity.","Situated in the commercial hub of Banaswadi, this prime office space has a ample of 5000 square feet and ₹4.30 Cr options to choose from. To initiate the purchase of the office space you need to only pay a booking fee of Rs 0. A decent number of 4 washrooms are available in this workplace space. As a part of additional amenities, there is a Personal Pantry/Cafeteria area in this office as well. You can easily park your vehicle near the office as there are 1 open parking spaces available.",,"19201|Axis Bank","19201|All Market","19202|CMR Institute of Management studies","19202|New Shores International College","19203|Sree Srinivasa Eye Hospital","19203|Sree Narayana Hospital","19210|Banasvadi Railway Station","19210|Banasawadi Fire Station Bus Stop","Near Banaswadi Fire Station","13.00968902,77.64597674","Ramachandran",,"4500","12850",,"4","West","3","Bangalore",,"Bangalore, Karnataka","5000",,"12800",,"https://img.staticmb.com/mbphoto/property/cropped_images/2022/Sep/26/Photo_h180_w240/62478537_9_PropertyImage1664178064108_180_240.jpg"
"70653365","1350-Sq-ft-Commercial-Office-Space-FOR-Sale-Malleshwaram-in-Bangalore&id=4d423730363533333635"," Commercial Office Space for Resale in Malleshwaram","2025-08-27T17:35:01.000Z",,"35000000","25926","₹","  Commercial Office Space is available for Sale in Malleshwaram, Bangalore for 3.5 Crore(s)","Business cum office space is available for sale on a good deal in Malleshwaram with different 1350 square feet options and at a competitive ₹3.50 Cr. The office space offers about 3 washrooms.",,"19201|Mantri Square Mall","19201|Tynimo","19202|University College for Women","19202|MES Kishore Kendra","19203|Narayana Super Specialty Hospital","19203|Manipal North Side Hospital","19210|Malleswaram 18th Cross Bus Station","19210|8th Cross Malleshwaram (8th Main KBS)",,"13.00727301,77.56915504","Shravan",,,,,"3",,"4","Bangalore",,"Bangalore, Karnataka","1350",,"12800",,"https://img.staticmb.com/mbphoto/property/cropped_images/2023/Dec/27/Photo_h180_w240/70653365_1_IMG20200418134957_180_240.jpg"
"62796089","1500-Sq-ft-Commercial-Office-Space-FOR-Sale-Halasuru-in-Bangalore&id=4d423632373936303839"," Commercial Office Space for Resale in Halasuru","2025-08-29T14:04:11.000Z","Air Conditioned,Internet/Wi-Fi Connectivity,RO Water System,Service/Goods Lift,Visitor Parking,Conference Room,Fire Sprinklers","200000","133","₹","located in busy area with hotels and restaurants","In this budding Halasuru this office space is on sale at a competitive ₹2 Lac and is available in varied 1500 square feet. There are about 2 washrooms in this workplace space. For your convenience, a Virtual Space Option area in this office space is another value add. To comfortably park your vehicles ample 3 covered parking spaces are available here.",,"19201|1 MG - Lido Mall","19201|Kancheepuram S.M. Silks","19202|St Annes Degree College For Women","19202|Auro Mirra International School","19203|Uvincare Hospital","19203|Manjushree Multispeciality Hospital","19210|Halasuru Metro Station","19210|Trinity Circle","property is close to trinity metro station and many bus stops","12.9811674,77.623892","meera",,"1200",,,"2","North","2","Bangalore",,"Bangalore, Karnataka","1500",,"12800",,"https://img.staticmb.com/mbphoto/property/cropped_images/2022/Aug/25/Photo_h180_w240/62796089_4_hatsAppImage2022-08-25at12.57.32PM(1)_180_240.jpeg"
"59699585","2400-Sq-ft-Commercial-Office-Space-FOR-Sale-Kottigepalya-in-Bangalore&id=4d423539363939353835"," Commercial Office Space for Resale in Kottigepalya, Nagarbhavi","2025-08-27T17:35:01.000Z",,"40000000","16667","₹","  Commercial Office Space is available for Sale in Kottigepalya, Bangalore for 4.0 Crore(s)","Situated in the commercial hub of Kottigepalya, this prime office space has a ample of 2400 square feet and ₹4 Cr options to choose from. There are about 2 washrooms in this workplace space.",,"19202|Gayathri College Of Nursing",,,,,,,,,"12.9854729,77.512568","Bhushan",,"2400",,,"2",,"3","Bangalore",,"Bangalore, Karnataka","2400",,"12800",,"https://img.staticmb.com/mbphoto/property/cropped_images/2022/Feb/25/Photo_h180_w240/59699585_1_hatsAppImage2022-02-25at3.21.02PM_180_240.jpeg"
"77488351","1588-Sq-ft-Commercial-Office-Space-FOR-Sale-in-Bangalore&id=4d423737343838333531"," Commercial Office Space for Resale in ","2025-08-30T22:30:36.000Z",,"41288000","26000","₹","It is commercial property, any body purchased this site u got more rent","At a competitive ₹4.12 Cr, this office space is on sale with a decent 1588 square feet in the Fourth phase Yelahanka new town Bangalore. Ample of 1 washrooms are available in this office space. Additionally, the office space also offers a 2 Covered ,1 Open Parking(s) area. With multiple parking options, you can easily park your vehicle nearby as there are 2 covered, 1 open parking slots.",,,,,,,,,,"near mrp 4th phase Yelahanka new town",,"jagadish halakatti",,"1000",,,"1","North","1","Bangalore",,"Bangalore, Karnataka","1588",,"12800",,"https://img.staticmb.com/mbphoto/property/cropped_images/2025/May/08/Photo_h180_w240/946921b1-cb46-43b5-8dd6-657716ce0d9e_77488351_180_240.jpg"
"80501079","5000-Sq-ft-Commercial-Office-Space-FOR-Sale-Jayanagar-in-Bangalore&id=4d423830353031303739"," Commercial Office Space for Resale in Jayanagar","2025-09-09T23:36:04.000Z","Visitor Parking","95000000","19000","₹","Commercial Office Space for sale in the prime locality of Jayanagar East Bangalore  a perfect blend of elegance functionality and strategic location. Designed to cater to modern business needs this premium workspace offers a sophisticated setting that enhances your brand image while providing a comfortable and productive environment. This fully furnished commercial office space spans a super area of 5000 sq.ft. and is spread across G2 floors offering a wellplanned layout ideal for business operations. The property is thoughtfully designed with eastfacing alignment ensuring abundant natural light and ventilation throughout the premises. It is also Vaastu compliant adding to its appeal for businesses that value positive energy flow. The ground floor currently houses a dental clinic while the first and second floorseach covering 2000 sq.ft.feature manager cabins boardrooms and open areas that can comfortably accommodate up to 20 people per floor. Each floor is equipped with 2 wellmaintained washrooms and the interiors are finished with modern vinyl flooring. Located on the main road this space ensures excellent visibility and accessibility making it highly suitable for a wide range of commercial offices. Open parking available with 24hour water supply ensured for uninterrupted convenience. Conveniently located behind Jayanagar Swimming Pool with hospitals malls supermarkets metro station and banksATMs all within walking distance public transport including buses and autos is easily available","In this budding Jayanagar this office space is on sale at a competitive ?9.50 Cr and is available in varied 5000 square feet. By paying a booking fee of Rs 20000000, you can purchase this office space. Well located on the 1 floor of the building, this office space is worth to opt for. Ample of 5 washrooms are available in this office space. As a part of additional amenities, there is a Personal Pantry/Cafeteria area in this office as well. You can easily park your vehicle near the office as there are 2 covered, 1 open parking spaces available.",,"19201|Unique Collection","19201|Btm Tech Park","19202|National Public School","19202|Vijaya PU Evening College","19203|Ramakrishna Hospital","19203|Shanthi Hospital","19210|Sri Raghavendra Swamy Temple Bus Stop","19210|Tata Silk Farm Bus Stop","Jayanagar Swimming Pool","12.9314714,77.5871096","ashok",,"4500",,,"5","North","3","Bangalore",,"Bangalore, Karnataka","5000",,"12800",,"https://img.staticmb.com/mbphoto/property/cropped_images/2025/Aug/04/Photo_h180_w240/80501079_10_PropertyImage1754299335710_180_240.jpg"
"81202587","1450-Sq-ft-Commercial-Office-Space-FOR-Sale-Tasker-Town-in-Bangalore&id=4d423831323032353837"," Commercial Office Space for Resale in Tasker Town, Shivaji Nagar","2025-09-03T11:18:51.000Z","Air Conditioned,Visitor Parking,Conference Room","28500000","19655","₹"," Premium Property for Sale  Infantry RoadStrategically located in one of the citys most soughtafter areas, only for commercial use. Serious inquiries only  contact for details and viewing appointments.","A well known office space is located in the prime area of Tasker Town and spread across a 1450 square feet and at a right ₹2.85 Cr fit. In case you wish to purchase this office space you just need to pay the Rs 100000. With the right fit, the positioning of the 4 floors of the building suits your business needs. There are about 2 washrooms in this workplace space. Additionally, the office space also offers a Virtual Space Option area. To comfortably park your vehicles ample 2 covered parking spaces are available here.",,,,,,,,,,"MG Road Metro Station","12.9806619,77.6065476","FEROZES ESTATE AGENCY","Ferozes Estate Agency","1450","12850",,"2","North - East","10","Bangalore",,"Bangalore, Karnataka","1450",,"12800",,"https://img.staticmb.com/mbphoto/property/cropped_images/2025/Sep/03/Photo_h180_w240/81202587_2_hatsAppImage20250903at16.29.05_180_240.jpeg"
"81257433","12000-Sq-ft-Commercial-Office-Space-FOR-Sale-Yeswanthpur-in-Bangalore&id=4d423831323537343333"," Commercial Office Space for New Property in Brigade Twin Towers at Yeswanthpur","2025-09-06T17:23:13.000Z",,"130000000","10833","₹","  Commercial Office Space is available for Sale in Yeswanthpur, Bangalore for 13.0 Crore(s)","A well known office space is located in the prime area of Yeswanthpur and spread across a 12000 square feet and at a right ₹13 Cr fit. This office is strategically located in the prominent commercial complex of Brigade Twin Towers. While one would like to book an office space, a minimum booking fee of Rs 1300000 to be shell out. Conveniently crafted and positioned there are about 2 washrooms in this office space.",,"19201|ICT Service Management Solutions Private Limited","19201|A One Super Market","19202|Elite Public School","19202|New Carmel English School","19203|People Tree Hospital","19203|Health Unit Hospital","19210|Bus Stop","19210|Yeshwanthpur Railway Station",,"13.027758,77.5454695","Bell Estate","Bell Estate",,,,"2","East","16","Bangalore",,"Bangalore, Karnataka",,,"12800",,"https://img.staticmb.com/mbimages/project/Photo_h310_w462/2025/05/06/Project-Photo-4-Brigade-Twin-Towers-Bangalore-5431299_372_750_310_462.jpg"
"58830607","6000-Sq-ft-Commercial-Office-Space-FOR-Sale-Bedarahalli-in-Bangalore&id=4d423538383330363037"," Commercial Office Space for Resale in Bedarahalli, Magadi Road","2025-09-02T17:35:02.000Z","Visitor Parking","25000000","4167","₹","Exclusively designed for any commercial office, here is a professionally crafted East facing Commercial Office Space up for sale in Bedarahalli, Bangalore. This main road faces property. I.e; 2nd building from the main road is completely Vastu compliant is a perfect place to start your business and enjoy maximum profits and success in your venture. Property SpecificationsOccupying the ground plus four floors, this office space with the carpet area of 4500 sq ft, features an unfurnished open hall, 4 attached washrooms, and 4 common washrooms on each floor. Fully ventilated, this well-lit office space with vitrified tiles flooring serves the best working ambiance. Well-maintained, this office space designed thoughtfully for a comfortable and convenient working is one-of-its-kind property. So, what are you waiting for?? FacilitiesFor a better and more convenient working environment, a couple of prime facilities such as an open parking space for your vehicles, a 100% power backup facility with a UPS is available, 24 hours water supply, round the clock CCTV surveillance, and a lift is also available at this office space. LocalityThis office space in Bedarahalli is ideally nestled in the vicinity of many famous hospitals, malls, supermarkets, leading banks, ATM centers, taxis, and autos, while the bus stop is at the 10m range. ","In this budding Bedarahalli this office space is on sale at a competitive ₹2.50 Cr and is available in varied 6000 square feet. In case you wish to purchase this office space you just need to pay the Rs 1000000. Making it comfortable for each office space unit holder, it offers 8 washrooms. For your convenience, a Assured Returns of 5% per annum area in this office space is another value add.",,"19202|Milind Public School","19202|Kidz School",,,,,,,"Near Bedarahalli college stop.","12.9777452,77.48519694","Narayana",,"4500",,,"8","East","5","Bangalore",,"Bangalore, Karnataka","6000",,"12800",,"https://img.staticmb.com/mbphoto/property/cropped_images/2022/Feb/14/Photo_h180_w240/58830607_4_PropertyImage1644864422022_180_240.jpg"
"75252677","2780-Sq-ft-Commercial-Office-Space-FOR-Sale-Brigade-Road-in-Bangalore&id=4d423735323532363737"," Commercial Office Space for Resale in Brigade Towers at Brigade Road","2025-08-31T17:35:02.000Z","Visitor Parking","40000000","14388","₹","Brigade Towers on Brigade Road offers a prime office space for sale, strategically located in one of Bangalore's bustling commercial hubs. This well-designed workspace provides a professional environment ideal for businesses looking to thrive in a vibrant area. With easy access to major transportation links and amenities, the property promises both convenience and prestige, making it a perfect investment for companies seeking to enhance their presence in the city.Property SpecificationsThis expansive 2,780 sq. ft. office space on the ground floor of Brigade Towers is an excellent opportunity for businesses seeking a prime location in Bangalore. The open hall layout offers flexibility for various configurations, accommodating different business needs. With common washrooms available, the space provides essential amenities for employees and clients alike.Facing the main road, this office enjoys ample visibility and accessibility, making it an ideal choice for commercial offices. Large windows allow for abundant natural light and ventilation, creating a bright and inviting atmosphere. The vitrified flooring adds a touch of elegance while ensuring durability. This unfurnished space offers a blank canvas for customization, allowing you to design the perfect office environment tailored to your business vision.FacilitiesThe property features both covered and open parking options, ensuring convenience for tenants and visitors. With 24-hour water supply and power backup, businesses can operate smoothly without interruptions. Security is a priority, with a dedicated guard on duty and CCTV cameras installed for enhanced safety. The building includes one lift for easy access, and maintenance staff is readily available to address any needs.LocalityStrategically located opposite Brigade Tower, this office space benefits from its proximity to essential amenities, including hospitals and malls/supermarkets within 1 km. Public transportation options, such as buses and auto-rickshaws, are easily accessible, enhancing connectivity. Banks and ATMs are also conveniently located nearby, while an upcoming metro station just 500 meters will further improve accessibility to the area.","At a competitive ₹4 Cr, this office space is on sale with a decent 2780 square feet in the Brigade Road. Having great prominence, this office space is located in the famous commercial complex Brigade Towers. In case you wish to purchase this office space you just need to pay the Rs 500000. Making it comfortable for each office space unit holder, it offers 1 washrooms. As a part of additional amenities, there is a 1 Open Parking(s) area in this office as well. You can easily park your vehicle near the office as there are 1 open parking spaces available.",,,,,,,,,,"Brigade tower","12.9713803,77.6070207","Syed Mohammed Bahauddin",,"2700",,,"1","East","5","Bangalore",,"Bangalore, Karnataka","2780",,"12800",,"https://img.staticmb.com/mbphoto/property/cropped_images/2024/Oct/07/Photo_h180_w240/75252677_2_PropertyImage1728306427744_180_240.jpg"
"49746302","1645-Sq-ft-Commercial-Office-Space-FOR-Sale-HAL-Old-Airport-Road-in-Bangalore&id=4d423439373436333032"," Commercial Office Space for Resale in Oxford Towers 1 at HAL Old Airport Road","2025-08-28T17:35:01.000Z","Air Conditioned,RO Water System,Service/Goods Lift,Conference Room","13982500","8500","₹","Very nice office building especially for startups and new age companies.Very well located. Helps in creating a strong brand for your company","In this budding HAL Old Airport Road this office space is on sale at a competitive ₹1.39 Cr and is available in varied 1645 square feet. A well positioned office space in a popular commercial complex Oxford Towers 1. Ample of 1 washrooms are available in this office space. An extra benefit is a Wet Pantry/Cafeteria area that comes as an addition to the offerings.",,"19202|Bharati Vidyalaya Day Care",,,,,,,,"Next to Diamond district, Leela Palace hotel, Royal Orchid Hotel, KGA","12.95713316,77.67437979","Aziz Qader",,,,,"1","West","8","Bangalore",,"Bangalore, Karnataka","1645",,"12800",,"https://img.staticmb.com/mbphoto/property/cropped_images/2020/Jul/07/Photo_h180_w240/49746302_6_7_180_240.jpeg"
"78078885","900-Sq-ft-Office-in-IT-Park-SEZ-FOR-Sale-Thanisandra-Main-Road-in-Bangalore&id=4d423738303738383835"," Office in IT Park/ SEZ for Resale in Thanisandra Main Road","2025-09-02T17:35:02.000Z",,"14000000","15556","₹","  Office in IT Park/ SEZ is available for Sale in Thanisandra Main Road, Bangalore for 1.4 Crore(s)","Check out this IT Park SEZ office available for sale in Thanisandra Main Road which is spread over a super area of 900 square feet at an affordable price of ₹1.40 Cr. The address of the office space located in IT Park SEZ is Thanisandra Main Road, Bangalore - North, Karnataka.",,"19201|Bhaartiya City Tech Park","19201|Kiadb Devenahalli It Park","19202|Sofia Public School","19202|Curious School","19203|Avani Clinic - Women & Child Care","19210|Thanisandra Railway Station",,,,"13.07709976,77.63375253","geeta",,,,,"1",,"3","Bangalore",,"Bangalore, Karnataka","900",,"12800",,"https://img.staticmb.com/mbphoto/property/cropped_images/2025/Mar/03/Photo_h180_w240/78078885_3_kitc_180_240.jpeg"
"69350841","1600-Sq-ft-Commercial-Office-Space-FOR-Sale-JP-Nagar-Phase-7-in-Bangalore&id=4d423639333530383431"," Commercial Office Space for Resale in Sai Sumukha Classic Apartment at Phase 7 JP Nagar","2025-09-02T17:35:02.000Z",,"17000000","10625","₹","fully furnished,  22 seater workstation.","At a competitive ₹1.70 Cr, this office space is on sale with a decent 1600 square feet in the JP Nagar Phase 7. This office is strategically located in the prominent commercial complex of Sai Sumukha Classic Apartment. The office space offers about 1 washrooms.",,"19202|Green Valley English School","19202|Capitol Public School","19203|Supra South City Hospital",,,,,,"brigade millenium","12.8900549,77.57681388","rajkumar",,"1600",,,"1",,"3","Bangalore",,"Bangalore, Karnataka","1600",,"12800",,"https://img.staticmb.com/mbphoto/property/cropped_images/2023/Oct/06/Photo_h180_w240/69350841_14_PropertyImage915-3716971809437_180_240.jpg"
"76821387","13350-Sq-ft-Commercial-Office-Space-FOR-Sale-Teachers-Colony-HSR-Layout-in-Bangalore&id=4d423736383231333837"," Commercial Office Space for Resale in Italix Ozone Chambers at Teachers Colony -Hsr Layout, HSR Layout","2025-09-03T17:35:02.000Z",,"210000000","15730","₹","Embraced by residential, retail complexes, commercial establishments and banks, the micro market is buzzing with business activities. The latest amenities and Grade A infrastructure ensure that Ozone Chambers will stand out and most certainly meet all the criteria for bluechip tenants with the added advantages of scalability and sustainability. The spectacular biophilic design ensures that all floors get aesthetic, habitable and environmentally responsible spaces with a breathtaking view of the city. The modular design with total development size of about 1.6 million sqft.","At a competitive ₹21 Cr, this office space is on sale with a decent 13350 square feet in the Teachers Colony HSR Layout. This office space is located in a well known commercial complex named Italix Ozone Chambers. For your business, this office space is the best place as it is positioned on the 15 floors of the building. The office space offers about 4 washrooms. In addition, there is a 18 Covered Parking(s) area in this office which is an added benefit. With multiple parking options, you can easily park your vehicle nearby as there are 18 covered parking slots.",,"19202|Grammar Public School",,,,,,,,,"12.91973237,77.6350582","Tharique",,,,,"4",,"15","Bangalore",,"Bangalore, Karnataka",,,"12800",,"https://img.staticmb.com/mbphoto/property/cropped_images/2025/Jan/02/Photo_h180_w240/76821387_6_0230525_180_240.jpg"
